CASE_ID,ACCIDENT_YEAR,PROC_DATE,JURIS,COLLISION_DATE,COLLISION_TIME,OFFICER_ID,REPORTING_DISTRICT,DAY_OF_WEEK,CHP_SHIFT,POPULATION,CNTY_CITY_LOC,SPECIAL_COND,BEAT_TYPE,CHP_BEAT_TYPE,CITY_DIVISION_LAPD,CHP_BEAT_CLASS,BEAT_NUMBER,PRIMARY_RD,SECONDARY_RD,DISTANCE,DIRECTION,INTERSECTION,WEATHER_1,WEATHER_2,STATE_HWY_IND,CALTRANS_COUNTY,CALTRANS_DISTRICT,STATE_ROUTE,ROUTE_SUFFIX,POSTMILE_PREFIX,POSTMILE,LOCATION_TYPE,RAMP_INTERSECTION,SIDE_OF_HWY,TOW_AWAY,COLLISION_SEVERITY,NUMBER_KILLED,NUMBER_INJURED,PARTY_COUNT,PRIMARY_COLL_FACTOR,PCF_CODE_OF_VIOL,PCF_VIOL_CATEGORY,PCF_VIOLATION,PCF_VIOL_SUBSECTION,HIT_AND_RUN,TYPE_OF_COLLISION,MVIW,PED_ACTION,ROAD_SURFACE,ROAD_COND_1,ROAD_COND_2,LIGHTING,CONTROL_DEVICE,CHP_ROAD_TYPE,PEDESTRIAN_ACCIDENT,BICYCLE_ACCIDENT,MOTORCYCLE_ACCIDENT,TRUCK_ACCIDENT,NOT_PRIVATE_PROPERTY,ALCOHOL_INVOLVED,STWD_VEHTYPE_AT_FAULT,CHP_VEHTYPE_AT_FAULT,COUNT_SEVERE_INJ,COUNT_VISIBLE_INJ,COUNT_COMPLAINT_PAIN,COUNT_PED_KILLED,COUNT_PED_INJURED,COUNT_BICYCLIST_KILLED,COUNT_BICYCLIST_INJURED,COUNT_MC_KILLED,COUNT_MC_INJURED,PRIMARY_RAMP,SECONDARY_RAMP,LATITUDE,LONGITUDE,COUNTY,CITY,POINT_X,POINT_Y
6854391,2014,2015-04-28,9265,2014-11-27,0136,19657,,4,3,9,3900,0,1,3,,1,061,"RT 26","THOMPSON RD",346.00,W,N,A,-,Y,SJ,10,26,-,-,5.970,H,-,E,Y,1,1,0,1,A,-,01,23152,A,N,E,I,A,A,H,-,D,D,0,,,,,Y,Y,D,22,0,0,0,0,0,0,0,0,0,"- ","- ",37.99579,-121.16461,"SAN JOAQUIN",UNINCORPORATED,-121.16439594000001,37.995765310000003
6989589,2015,2015-07-17,3906,2015-06-30,2019,1376,30,2,5,5,3906,0,0,0,,0,002,"SYCAMORE PKWY","DOVE DR",363.00,N,N,A,-,N,,,,,,,,,,Y,2,0,1,1,A,-,03,22350,,N,E,I,A,A,H,-,B,D,0,,,Y,,Y,,C,02,1,0,0,0,0,0,0,0,1,"- ","- ",,,"SAN JOAQUIN",TRACY,-121.43947804,37.716193050000001
9727891,2024,2024-08-23,3903,2024-06-06,1657,3929,,4,5,4,3903,0,0,0,,0,,"MAIN ST","LATHROP RD",450.00,S,N,A,-,N,,,,,,,,,,Y,2,0,2,1,A,-,03,22350,,N,E,I,A,A,H,-,A,D,0,,,Y,,Y,,C,02,1,1,0,0,0,0,0,0,2,"- ","- ",37.826419830322266,-121.21877288818359,"SAN JOAQUIN",MANTECA,-121.21851348876953,37.825477600097656
84726153,2025,2025-06-16,3905,2025-05-08,1446,3115,,4,5,6,3905,0,0,0,,0,,"WAKEMAN DR","HOLMAN RD",307.00,E,N,A,-,N,,,,,,,,,,N,2,0,1,1,A,-,03,22350,,N,H,A,A,A,G,-,A,D,0,,Y,,,Y,,M,91,1,0,0,0,0,0,1,0,0,"- ","- ",38.023941040039062,-121.27150726318359,"SAN JOAQUIN",STOCKTON,-121.27034759521484,38.023796081542969
90937926,2019,2019-03-01,9265,2019-02-27,0300,020651,,3,3,9,3900,0,3,5,,2,010,"HENRY RD","SANTA FE RD",0.00,,Y,C,-,N,,,,,,,,,,Y,2,0,3,2,A,-,01,23152,A,N,D,C,A,B,H,-,D,A,0,,,,Y,Y,Y,A,01,1,0,2,0,0,0,0,0,0,"- ","- ",37.7470703125,-120.94097137451172,"SAN JOAQUIN",UNINCORPORATED,-120.94097137451172,37.747020721435547
90953428,2019,2019-04-11,9265,2019-02-06,0533,020513,,3,3,6,3905,0,1,1,,2,503,"I-5 N/B","8TH ST",1310.00,N,N,A,-,Y,,,5,,,,,,N,Y,1,2,0,1,A,-,01,23152,G,N,E,I,A,A,H,-,D,D,0,,,,,Y,Y,A,01,0,0,0,0,0,0,0,0,0,"- ","- ",37.930438995361328,-121.29551696777344,"SAN JOAQUIN",STOCKTON,-121.29564666748047,37.930393218994141
91322162,2020,2020-10-12,9265,2020-09-27,0845,015756,,7,1,9,3900,0,3,5,,2,010,"LONE TREE RD","SEXTON RD",3907.00,E,N,A,-,N,,,,,,,,,,Y,2,0,1,1,A,-,08,22107,,N,D,I,A,A,H,-,A,D,0,,,,,Y,,A,01,1,0,0,0,0,0,0,0,0,"- ","- ",37.5277099609375,-121.02192687988281,"SAN JOAQUIN",UNINCORPORATED,-121.02120971679688,37.827659606933594
91358297,2020,2020-12-03,9265,2020-09-18,2144,019413,,5,2,2,3920,0,1,3,,2,025,"SR-120 E/B","YOSEMITE AVE",1003.00,W,N,A,-,Y,,,120,,,,,,E,N,1,1,0,3,A,-,11,21954,A,F,G,B,E,A,H,-,D,D,0,Y,,,,Y,Y,N,60,0,0,0,1,0,0,0,0,0,"- ","- ",37.789859771728516,-121.29055023193359,"SAN JOAQUIN",LATHROP,-121.29055023193359,37.789894104003906
91663383,2021,2021-12-28,9265,2021-11-06,2215,021661,,6,3,9,3900,0,2,4,,1,053,"WILSON WAY","VAIL AVE",207.00,N,N,A,-,N,,,,,,,,,,N,1,1,0,2,A,-,03,22350,,N,G,B,D,A,H,-,C,D,0,Y,,,,Y,Y,A,08,0,0,0,1,0,0,0,0,0,"- ","- ",37.984649658203125,-121.27063751220703,"SAN JOAQUIN",UNINCORPORATED,-121.27057647705078,37.984619140625
92243142,2023,2023-11-22,9265,2023-10-20,"557 ",015629,,5,3,9,3900,0,1,3,,1,067,"STATE ROUTE 88","STATE ROUTE 12",0.00,,Y,A,-,Y,SJ,,88," "," ",19.176,H,,R,Y,1,1,2,2,A,-,09,21453,C,N,D,C,A,A,H,-,C,A,0,,,,,Y,,A,01,1,0,1,0,0,0,0,0,0,"- ","- ",38.197868347167969,-121.06816864013672,"SAN JOAQUIN",UNINCORPORATED,-121.06816101074219,38.197868347167969
6732429,2014,2015-01-20,9265,2014-11-09,1735,018511,,7,2,9,3900,0,3,5,,2,060,"NORTH CHEROKEE WY","E JAHANT RD",450.00,N,N,A,-,N,,,,,,,,,,Y,2,0,1,1,A,-,01,23152,A,N,E,I,A,A,H,-,C,D,0,,,,,Y,Y,A,01,1,0,0,0,0,0,0,0,0,"- ","- ",38.205190000000002,-121.26172,"SAN JOAQUIN",UNINCORPORATED,-121.26157360000001,38.20502424
8288518,2015,2017-02-28,3905,2015-07-11,0057,2411,VAL,6,5,6,3905,0,0,0,,0,,"HAMMERTOWN DR","MONTAUBAN AV",28.00,W,N,A,-,N,,,,,,,,,,N,2,0,1,2,A,-,03,22350,,F,G,G,A,A,H,-,C,D,0,,Y,,,Y,Y,A,01,1,0,0,0,0,0,1,0,0,"- ","- ",,,"SAN JOAQUIN",STOCKTON,-121.28905709,38.016596399999997
8997027,2019,2020-06-03,3905,2019-10-23,0721,2994,LAK,3,5,6,3905,0,0,0,,0,,"MARCH LN","RT 5",13.00,S,N,A,-,Y,SJ,10,5,-,-,29.882,R,3,S,N,2,0,1,2,A,-,05,21650,1,N,H,G,A,A,H,-,A,A,0,,Y,,,Y,,L,04,1,0,0,0,0,0,1,0,0,"- ",SO,37.984920501708984,-121.34378051757812,"SAN JOAQUIN",STOCKTON,-121.34295654296875,37.982860565185547
9060791,2020,2020-07-03,3905,2020-02-01,0607,1315,PAR,6,5,6,3905,0,0,0,,0,,"8TH ST","NIGHTINGALE AV",355.00,W,N,B,E,N,,,,,,,,,,Y,2,0,1,2,A,I,"- ",,,N,D,E,A,B,H,-,C,D,0,,,,Y,Y,,G,27,1,0,0,0,0,0,0,0,0,"- ","- ",37.936531066894531,-121.24459075927734,"SAN JOAQUIN",STOCKTON,-121.24555206298828,37.936435699462891
9390755,2021,2022-01-21,3903,2021-11-24,2359,2588,,3,5,4,3903,0,0,0,,0,,"W WOODWARD AV","SOUTH MAIN ST",0.00,,Y,B,-,N,,,,,,,,,,Y,2,0,1,2,A,-,12,22450,,F,D,C,A,A,H,-,C,A,0,,,Y,,Y,,A,01,1,0,0,0,0,0,0,0,0,"- ","- ",37.775699615478516,-121.2156982421875,"SAN JOAQUIN",MANTECA,-121.21572875976562,37.775699615478516
9763272,2024,2025-02-12,3901,2024-11-28,1639,L46,,4,5,2,3901,0,0,0,,0,,"RT 120","BRENNAN AV",0.00,,Y,A,-,Y,SJ,10,120,-,-,15.860,I,5,W,Y,2,0,1,2,A,-,09,21804,,N,H,C,A,A,H,-,A,D,0,,,,,Y,,A,01,1,0,0,0,0,0,0,0,0,"- ","- ",37.798549652099609,-121.01497650146484,"SAN JOAQUIN",ESCALON,-121.01502990722656,37.798538208007812
91331962,2020,2020-10-27,9265,2020-10-25,1600,017439,,7,2,4,3903,0,1,3,,2,025,"SR-120 E/B","MAIN ST.",1056.00,E,N,A,-,Y,,,120,,,,,,E,Y,2,0,7,4,A,-,01,23152,A,N,C,C,A,A,H,-,A,D,0,,,,,Y,Y,D,22,3,3,1,0,0,0,0,0,0,"- ","- ",37.783229827880859,-121.21015930175781,"SAN JOAQUIN",MANTECA,-121.21015930175781,37.783203125
91473553,2021,2021-05-14,9265,2021-04-30,0815,018836,,5,1,9,3900,0,1,3,,1,066,SR-26,"SHELLEY RD",4118.00,E,N,A,-,Y,,,26,,,,,,,Y,2,0,3,2,A,-,05,21460,C,N,A,C,A,A,H,-,A,A,0,,,,,Y,,A,01,1,1,1,0,0,0,0,0,0,"- ","- ",38.089881896972656,-120.95157623291016,"SAN JOAQUIN",UNINCORPORATED,-120.95156860351562,38.089866638183594
91633225,2021,2021-11-23,9265,2021-11-16,2140,021781,,2,2,9,3900,0,1,3,,2,003,"SR-99 S/B","FRENCH CAMP RD",1056.00,N,N,A,-,Y,,,99,,,,,,S,N,2,0,1,1,A,-,01,23152,A,N,E,I,A,A,H,-,D,D,0,,,,,Y,Y,A,07,1,0,0,0,0,0,0,0,0,"- ","- ",37.864910125732422,-121.21903228759766,"SAN JOAQUIN",UNINCORPORATED,-121.21902465820312,37.864910125732422
91689582,2021,2022-01-31,9265,2021-12-15,1946,021644,,3,2,9,3900,0,3,5,,2,030,"GOLDEN GATE AVE","SECTION AVE",581.00,N,N,B,G,N,,,,,,,,,,Y,2,0,1,1,A,-,01,23152,A,N,E,I,A,A,H,-,D,D,0,,,,,Y,Y,A,01,1,0,0,0,0,0,0,0,0,"- ","- ",37.948028564453125,-121.24188232421875,"SAN JOAQUIN",UNINCORPORATED,-121.24176025390625,37.947978973388672
91764799,2022,2022-05-04,9265,2022-04-09,1800,021781,,6,2,9,3900,0,1,3,,2,025,"SR-120 E/B","SR-99 S/B",2640.00,W,N,A,-,Y,SJ,,120,,R,6.229,H,,R,N,2,0,1,2,A,-,07,21658,A,N,F,A,A,A,H,-,A,D,0,,,Y,,Y,,D,22,1,0,0,0,0,0,0,0,1,"- ","- ",37.783199310302734,-121.19907379150391,"SAN JOAQUIN",UNINCORPORATED,-121.19907379150391,37.783203125
92367118,2024,2024-04-17,9266,2024-04-05,1846,023624,,5,2,9,3900,0,1,3,,1,011,SR-4,"MIDDLE RIVER BRIDGE",11194.00,W,N,A,-,Y,SJ,,4," "," ",2.295,H,,R,Y,2,0,1,2,A,-,06,21755,,N,B,C,A,A,H,-,A,D,0,,,,,Y,,D,22,1,0,0,0,0,0,0,0,0,"- ","- ",37.890060424804688,-121.52880859375,"SAN JOAQUIN",UNINCORPORATED,-121.52880859375,37.89007568359375
90224403,2016,2016-07-18,9265,2016-07-08,2145,019136,,5,2,9,3900,0,3,5,,2,050,"FARMINGTON RD","SR-99 N/B",153.00,E,N,A,-,Y,,,,,,,,,,Y,2,0,3,2,A,-,05,21460,A,N,A,C,A,A,H,-,D,D,0,,,,,Y,,A,01,1,1,1,0,0,0,0,0,0,"- ","- ",37.941220000000001,-121.23423,"SAN JOAQUIN",UNINCORPORATED,,
90828114,2018,2018-10-03,9265,2018-09-12,1630,17405,,3,2,9,3900,0,1,3,,1,011,SR-120,"CALLA DR.",3062.00,E,N,A,-,Y,,,120,,,,,,,Y,2,0,4,4,A,-,09,21801,A,N,D,C,A,A,H,-,A,D,0,,,,,Y,,A,01,2,2,0,0,0,0,0,0,0,"- ","- ",37.797660827636719,-121.15531158447266,"SAN JOAQUIN",UNINCORPORATED,-121.15531158447266,37.797595977783203
90966885,2019,2019-04-12,9266,2019-03-28,1855,019532,,4,2,9,3900,0,1,3,,1,025,"SR-33 S/B","VERNALIS ROAD",12.00,N,N,C,-,Y,,,33,,,,,,S,Y,2,0,3,2,A,-,09,21801,A,N,D,C,A,B,H,-,D,D,0,,,,,Y,Y,A,08,1,2,0,0,0,0,0,0,0,"- ","- ",37.638641357421875,-121.29592132568359,"SAN JOAQUIN",UNINCORPORATED,-121.29599761962891,37.638553619384766
91150404,2019,2019-12-23,9265,2019-12-11,1535,020248,,3,2,9,3900,0,1,3,,1,063,"SR-12 (VICTOR RD)","BRUELLA RD",1690.00,E,N,C,-,Y,,,12,,,,,,,Y,2,0,2,2,A,-,03,22350,,N,C,C,A,B,H,-,A,D,0,,,,,Y,,D,22,1,1,0,0,0,0,0,0,0,"- ","- ",38.13800048828125,-121.20002746582031,"SAN JOAQUIN",UNINCORPORATED,-121.20002746582031,38.137996673583984
91288420,2020,2020-08-18,9265,2020-06-21,0144,021625,,7,3,9,3900,0,1,3,,1,041,"STATE ROUTE 4","WHISKEY SLOUGH ROAD",6600.00,E,N,A,-,Y,,,4,,,,,,,Y,1,1,1,2,A,-,01,23152,A,N,A,C,A,A,H,-,D,D,0,,,,,Y,Y,A,01,1,0,0,0,0,0,0,0,0,"- ","- ",37.9268798828125,-121.41438293457031,"SAN JOAQUIN",UNINCORPORATED,-121.41438293457031,37.926891326904297
91306001,2020,2020-09-16,9265,2020-07-21,2234,021537,,2,3,9,3900,0,2,4,,1,015,"SR-4 E/B","BUCKMAN RD",8184.00,E,N,A,-,Y,,,4,,,,,,E,Y,1,1,0,1,A,-,01,23152,A,N,F,A,A,A,H,-,D,D,0,,,,,Y,Y,D,22,0,0,0,0,0,0,0,0,0,"- ","- ",37.930438995361328,-120.94872283935547,"SAN JOAQUIN",UNINCORPORATED,-120.94873046875,37.930488586425781
6786976,2014,2016-04-09,9265,2014-12-14,0323,13193,,7,3,9,3900,0,1,1,,2,503,"RT 5","DOWNING AV",1584.00,N,N,A,-,Y,SJ,10,5,-,R,24.030,H,-,N,Y,2,0,2,1,A,-,01,23152,A,N,E,I,A,A,H,-,C,D,1,,,,,Y,Y,A,01,1,1,0,0,0,0,0,0,0,"- ","- ",37.91789,-121.29103000000001,"SAN JOAQUIN",UNINCORPORATED,-121.29121723999999,37.918109020000003
8707011,2018,2018-11-06,3905,2018-08-27,0653,1312,LAK,1,5,6,3905,0,0,0,,0,,"MARCH LN","RT 5",289.00,W,N,A,-,Y,SJ,10,5,-,-,29.807,R,4,N,Y,2,0,1,2,A,-,11,21955,,N,G,B,D,A,H,-,A,D,0,Y,,,,Y,,N,60,1,0,0,0,1,0,0,0,0,"- ",NO,37.985008239746094,-121.34233856201172,"SAN JOAQUIN",STOCKTON,-121.34220123291016,37.981906890869141
8734401,2018,2018-11-14,3906,2018-10-01,1701,9820,,1,5,5,3906,0,0,0,,0,,"9TH ST","E ST",0.00,,Y,A,-,N,,,,,,,,,,Y,2,0,1,2,A,-,09,21802,A,N,D,C,A,A,H,-,A,A,0,,,,,Y,,A,01,1,0,0,0,0,0,0,0,0,"- ","- ",,,"SAN JOAQUIN",TRACY,-121.423828125,37.737358093261719
9256467,2020,2021-08-12,3903,2020-10-27,1309,1751,,2,5,4,3903,0,0,0,,0,,"SUTTER ST","MAIN ST",0.00,,Y,A,-,N,,,,,,,,,,N,1,1,0,2,C,-,18,,,N,G,B,F,A,H,-,A,D,0,Y,,,,Y,,-,"- ",0,0,0,1,0,0,0,0,0,"- ","- ",,,"SAN JOAQUIN",MANTECA,-121.21669769287109,37.802810668945312
9367902,2021,2021-12-08,3906,2021-10-29,2257,1720,,5,5,5,3906,0,0,0,,0,004,"WEST GRANTLINE RD","JOE POMBO PKWY",11.00,E,N,A,-,N,,,,,,,,,,Y,2,0,1,2,A,-,08,22107,,N,D,C,A,A,H,-,C,A,0,,,Y,,Y,,C,02,1,0,0,0,0,0,0,0,1,"- ","- ",,,"SAN JOAQUIN",TRACY,-121.45911407470703,37.754039764404297
9664914,2024,2024-05-01,3902,2024-02-04,1825,113,HERIT,7,5,5,3902,0,0,0,,0,002,"CHEROKEE LN","HALE RD",159.00,N,N,A,-,N,,,,,,,,,,Y,2,0,2,1,A,-,01,23152,A,N,E,I,A,A,H,-,C,D,0,,,,,Y,Y,A,08,1,0,1,0,0,0,0,0,0,"- ","- ",38.125701904296875,-121.26039886474609,"SAN JOAQUIN",LODI,-121.26058959960938,38.126136779785156
92005284,2022,2023-02-28,9265,2022-09-14,1958,018289,,3,2,9,3900,0,1,3,,1,062,"STATE ROUTE 88","LIVE OAK ROAD",0.00,,Y,A,-,Y,SJ,,88,,,8.051,H,,R,Y,1,1,3,2,A,-,01,23152,A,N,D,C,A,A,H,-,D,A,0,,,,Y,Y,Y,D,22,2,1,0,0,0,0,0,0,0,"- ","- ",38.079841613769531,-121.18495941162109,"SAN JOAQUIN",UNINCORPORATED,-121.18495178222656,38.079837799072266
94744921,2025,2025-07-01,9265,2025-06-20,1640,024206,,5,2,3,3904,0,1,3,,2,001,"SR-99 N/B","MAIN ST",3168.00,S,N,A,-,Y,SJ,,99," "," ",0.217,H,,R,Y,2,0,1,3,A,-,07,21658,A,N,B,C,A,A,H,-,A,D,0,,,Y,,Y,,A,01,1,0,0,0,0,0,0,0,1,"- ","- ",37.732761383056641,-121.11277008056641,"SAN JOAQUIN",RIPON,-121.11275482177734,37.732772827148438
90313056,2016,2016-11-07,9265,2016-08-22,1428,019657,,1,2,6,3905,0,1,3,,1,042,"SR-4 E/B","FILBERT ST",325.00,W,N,A,-,Y,,,4,,,,,,E,Y,1,1,3,6,A,-,03,22350,,N,C,C,A,A,H,-,A,D,0,,,,Y,Y,,G,25,2,0,1,0,0,0,0,0,0,"- ","- ",37.959299999999999,-121.25485,"SAN JOAQUIN",STOCKTON,-121.25485558,37.959322020000002
90591693,2017,2017-11-09,9265,2017-08-18,0120,019888,,5,3,9,3900,0,3,5,,2,030,"LEO GIRON DR.","YETTNER RD",42.00,S,N,A,-,N,,,,,,,,,,N,1,1,0,2,A,-,11,21954,A,F,G,B,E,A,H,-,D,D,0,Y,,,,Y,Y,N,60,0,0,0,1,0,0,0,0,0,"- ","- ",37.894010000000002,-121.2833,"SAN JOAQUIN",UNINCORPORATED,-121.28329358000001,37.894047360000002
90728490,2018,2018-05-17,9265,2018-04-27,2215,019136,,5,3,9,3900,0,3,5,,2,050,"NEWTON RD","CHEROKEE RD",2040.00,N,N,A,-,N,,,,,,,,,,Y,2,0,2,2,A,-,01,23152,A,F,A,C,A,A,H,-,D,D,0,,,,,Y,Y,D,22,1,1,0,0,0,0,0,0,0,"- ","- ",37.994308471679688,-121.25762939453125,"SAN JOAQUIN",UNINCORPORATED,-121.25760650634766,37.9942626953125
90778615,2018,2018-07-27,9265,2018-07-17,1420,019885,,2,2,9,3900,0,1,3,,1,062,"WOODBRIDGE RD","HILDEBRAND RD",82.00,W,N,A,-,N,,,,,,,,,,Y,2,0,11,2,A,-,08,22107,,N,A,C,A,A,H,-,A,D,0,,,,,Y,,D,22,2,0,9,0,0,0,0,0,0,"- ","- ",38.160049438476562,-121.25038146972656,"SAN JOAQUIN",UNINCORPORATED,-121.25045776367188,38.160114288330078
91270368,2020,2020-07-17,9266,2020-07-16,0508,021241,,4,3,9,3900,0,3,5,,2,001,"LAMMERS ROAD","CORRAL HOLLOW ROAD",528.00,W,N,A,-,N,,,,,,,,,,Y,2,0,2,2,A,-,08,22107,,N,B,C,A,A,H,-,B,D,0,,,,,Y,,A,01,1,0,1,0,0,0,0,0,0,"- ","- ",37.790771484375,-121.45474243164062,"SAN JOAQUIN",UNINCORPORATED,-121.45528411865234,37.7904052734375
91962024,2022,2023-01-06,9265,2022-12-27,0740,015629,,2,1,9,3900,0,1,1,,2,505,"I-5 NORTHBOUND (N/B)",SR-12,2640.00,N,N,B,C,Y,SJ,,5,,,40.481,H,,R,Y,2,0,5,2,A,-,03,22350,,N,C,C,A,B,H,-,A,D,0,,,,Y,Y,,I,10,2,1,2,0,0,0,0,0,0,"- ","- ",38.128810882568359,-121.39969635009766,"SAN JOAQUIN",UNINCORPORATED,-121.39970397949219,38.128810882568359
6375288,2014,2016-01-15,9265,2014-01-20,0001,16581,,1,3,9,3900,0,1,1,,2,505,"RT 5","RT 12",10560.00,S,N,A,-,Y,SJ,10,5,-,-,37.570,H,-,N,Y,2,0,1,2,A,-,01,23152,A,N,B,I,A,A,H,-,D,D,1,,,,,Y,Y,A,01,1,0,0,0,0,0,0,0,0,"- ","- ",38.088639999999998,-121.38248,"SAN JOAQUIN",UNINCORPORATED,-121.38291415,38.08955624
6718029,2014,2015-01-20,3906,2014-11-16,0119,000916,60,7,5,5,3906,0,0,0,,0,003,"CORRAL HOLLOW RD","SCHULTE RD",110.00,S,N,B,-,N,,,,,,,,,,Y,1,1,0,1,A,-,01,23152,B,N,D,I,A,A,H,-,C,A,0,,,,,Y,Y,A,01,0,0,0,0,0,0,0,0,0,"- ","- ",,,"SAN JOAQUIN",TRACY,-121.45323628,37.728397889999997
6718398,2014,2015-03-23,9265,2014-10-31,1403,19803,,5,2,6,3905,0,1,1,,2,503,"RT 5","PERSHING AV",1000.00,S,N,C,-,Y,SJ,10,5,-,-,26.650,H,-,N,Y,1,1,0,3,A,-,03,22350,,N,B,C,A,B,D,-,A,D,1,,,,Y,Y,,G,26,0,0,0,0,0,0,0,0,0,"- ","- ",37.951900000000002,-121.3056,"SAN JOAQUIN",STOCKTON,-121.3073674,37.952508530000003
6897017,2015,2015-05-19,3902,2015-04-06,2200,71,,1,5,5,3902,0,0,0,,0,,"E LODI AV","MAIN ST",107.00,W,N,B,-,N,,,,,,,,,,N,2,0,1,2,A,-,04,21703,,N,C,C,A,A,H,-,C,D,0,,,Y,,Y,,C,02,1,0,0,0,0,0,0,0,1,"- ","- ",,,"SAN JOAQUIN",LODI,-121.2714611,38.130419379999999
7147380,2015,2016-01-04,3902,2015-11-20,0741,32,,5,5,5,3902,0,0,0,,0,,"SACRAMENTO ST","VINE ST",318.00,N,N,A,-,N,,,,,,,,,,N,2,0,1,2,A,-,11,21954,A,F,G,B,D,A,H,-,A,A,0,Y,,,,Y,,N,60,1,0,0,0,1,0,0,0,0,"- ","- ",,,"SAN JOAQUIN",LODI,-121.27311659,38.123572299999999
8025728,2016,2016-04-25,3903,2016-03-15,1737,1751,,2,5,4,3903,0,0,0,,0,,"WOODWARD AV","UNION RD",629.00,E,N,A,-,N,,,,,,,,,,Y,2,0,1,2,A,-,00,23103,A,N,C,C,A,A,H,-,A,D,0,,,Y,,Y,,C,02,1,0,0,0,0,0,0,0,1,"- ","- ",,,"SAN JOAQUIN",MANTECA,-121.23179361,37.77565001
92207044,2023,2023-10-24,9265,2023-10-06,1715,017439,,5,2,9,3900,0,3,5,,2,010,"FRENCH CAMP RD","CASTLE RD",2218.00,E,N,A,-,N,,,,,,,,,,N,2,0,2,2,A,-,01,23152,F,N,A,C,A,A,H,-,A,A,0,,,,,Y,,A,01,1,1,0,0,0,0,0,0,0,"- ","- ",37.85150146484375,-121.19521331787109,"SAN JOAQUIN",UNINCORPORATED,-121.19534301757812,37.851627349853516
91250418,2020,2020-06-10,9265,2020-05-29,2259,020071,,5,3,4,3903,0,1,3,,2,025,"SR-120 E/B","MAIN ST.",2112.00,W,N,A,-,Y,,,120,,,,,,E,Y,2,0,2,1,A,-,08,22107,,N,E,I,A,A,D,-,D,D,0,,,,,Y,,A,01,1,0,1,0,0,0,0,0,0,"- ","- ",37.783218383789062,-121.22444152832031,"SAN JOAQUIN",MANTECA,-121.22444152832031,37.783172607421875
91383625,2020,2021-01-07,9265,2020-11-24,0445,019307,,2,3,9,3900,0,2,4,,1,022,"UNION ROAD","LOVELACE ROAD",1124.00,S,N,A,-,N,,,,,,,,,,Y,1,1,1,1,A,-,01,23152,F,N,E,I,A,A,H,-,D,D,0,,,,,Y,,A,01,1,0,0,0,0,0,0,0,0,"- ","- ",37.504421234130859,-121.14122009277344,"SAN JOAQUIN",UNINCORPORATED,-121.23674011230469,37.84515380859375
91527509,2021,2021-07-23,9265,2021-07-14,1844,021284,,3,2,9,3900,0,2,4,,1,053,"2900 KENYON ST","MYRAN AVE",37.00,E,N,A,-,N,,,,,,,,,,N,2,0,1,1,A,-,08,22107,,M,A,I,A,A,H,-,A,D,0,,,Y,,Y,,C,02,1,0,0,0,0,0,0,0,1,"- ","- ",37.982521057128906,-121.25859832763672,"SAN JOAQUIN",UNINCORPORATED,-121.25868988037109,37.982570648193359
91597508,2021,2021-10-15,9265,2021-10-02,2335,021661,,6,3,6,3905,0,1,3,,1,042,"SR-4 W/B TO I-5 N/B","WEBER AVE",1272.00,S,N,A,-,Y,,,4,,,,R,,W,Y,2,0,1,1,A,-,01,23152,A,N,E,8,A,A,H,-,C,D,0,,,,,Y,,A,08,1,0,0,0,0,0,0,0,0,"- ","- ",37.949951171875,-121.30082702636719,"SAN JOAQUIN",STOCKTON,-121.30082702636719,37.949951171875
91876718,2022,2023-01-09,9265,2022-09-05,1120,015629,,1,1,6,3905,0,1,1,,2,503,"I-5 SOUTHBOUND (S/B)","CHARTER WAY",136.00,S,N,A,-,Y,SJ,,5,,,25.324,H,,L,Y,1,1,8,4,A,-,03,22350,,N,C,C,A,A,H,-,A,D,0,,,,,Y,,A,08,1,7,0,0,0,0,0,0,0,"- ","- ",37.936168670654297,-121.29756164550781,"SAN JOAQUIN",STOCKTON,-121.297607421875,37.936164855957031
92014036,2023,2023-03-09,9265,2023-02-28,"440 ",022123,,2,3,9,3900,0,1,3,,1,092,SR-12,"DAVIS RD.",0.00,,Y,B,-,Y,SJ,,12," "," ",13.658,H,,R,Y,2,0,2,2,A,-,12,21453,A,N,D,C,A,B,H,-,C,A,0,,,,,Y,,A,01,2,0,0,0,0,0,0,0,0,"- ","- ",38.115608215332031,-121.33409881591797,"SAN JOAQUIN",UNINCORPORATED,-121.33409881591797,38.115547180175781
84496188,2024,2024-12-11,3905,2024-05-29,2119,2747,,3,5,6,3905,0,0,0,,0,,"FREMONT ST","F ST",231.00,E,N,A,-,N,,,,,,,,,,N,1,1,0,2,A,-,11,21954,A,N,G,B,D,A,H,-,C,D,0,Y,,,,Y,,N,60,0,0,0,1,0,0,0,0,0,"- ","- ",37.964450836181641,-121.25803375244141,"SAN JOAQUIN",STOCKTON,-121.25749206542969,37.964977264404297
84569697,2024,2025-02-07,3905,2024-10-19,2044,2747,,6,5,6,3905,0,0,0,,0,,"TURNPIKE RD","THIRD ST",200.00,S,N,B,-,N,,,,,,,,,,Y,1,1,0,2,A,-,01,23152,A,N,D,E,A,A,H,-,C,D,0,,,,,Y,,A,01,0,0,0,0,0,0,0,0,0,"- ","- ",37.933418273925781,-121.29456329345703,"SAN JOAQUIN",STOCKTON,-121.29477691650391,37.932945251464844