CASE_ID,ACCIDENT_YEAR,PROC_DATE,JURIS,COLLISION_DATE,COLLISION_TIME,OFFICER_ID,REPORTING_DISTRICT,DAY_OF_WEEK,CHP_SHIFT,POPULATION,CNTY_CITY_LOC,SPECIAL_COND,BEAT_TYPE,CHP_BEAT_TYPE,CITY_DIVISION_LAPD,CHP_BEAT_CLASS,BEAT_NUMBER,PRIMARY_RD,SECONDARY_RD,DISTANCE,DIRECTION,INTERSECTION,WEATHER_1,WEATHER_2,STATE_HWY_IND,CALTRANS_COUNTY,CALTRANS_DISTRICT,STATE_ROUTE,ROUTE_SUFFIX,POSTMILE_PREFIX,POSTMILE,LOCATION_TYPE,RAMP_INTERSECTION,SIDE_OF_HWY,TOW_AWAY,COLLISION_SEVERITY,NUMBER_KILLED,NUMBER_INJURED,PARTY_COUNT,PRIMARY_COLL_FACTOR,PCF_CODE_OF_VIOL,PCF_VIOL_CATEGORY,PCF_VIOLATION,PCF_VIOL_SUBSECTION,HIT_AND_RUN,TYPE_OF_COLLISION,MVIW,PED_ACTION,ROAD_SURFACE,ROAD_COND_1,ROAD_COND_2,LIGHTING,CONTROL_DEVICE,CHP_ROAD_TYPE,PEDESTRIAN_ACCIDENT,BICYCLE_ACCIDENT,MOTORCYCLE_ACCIDENT,TRUCK_ACCIDENT,NOT_PRIVATE_PROPERTY,ALCOHOL_INVOLVED,STWD_VEHTYPE_AT_FAULT,CHP_VEHTYPE_AT_FAULT,COUNT_SEVERE_INJ,COUNT_VISIBLE_INJ,COUNT_COMPLAINT_PAIN,COUNT_PED_KILLED,COUNT_PED_INJURED,COUNT_BICYCLIST_KILLED,COUNT_BICYCLIST_INJURED,COUNT_MC_KILLED,COUNT_MC_INJURED,PRIMARY_RAMP,SECONDARY_RAMP,LATITUDE,LONGITUDE,COUNTY,CITY,POINT_X,POINT_Y
90743928,2018,2018-06-08,9265,2018-05-29,0640,019182,,2,1,9,3900,0,1,3,,1,011,"SR-120 E/B","SEXTON RD",229.00,E,N,A,-,Y,,,120,,,,,,E,Y,2,0,1,2,A,-,09,21802,A,F,E,I,A,A,H,-,A,A,0,,,,,Y,,A,01,1,0,0,0,0,0,0,0,0,"- ","- ",37.798568725585938,-121.03279113769531,"SAN JOAQUIN",UNINCORPORATED,-121.03279113769531,37.798587799072266
90914639,2019,2019-01-29,9265,2019-01-22,2045,018836,,2,2,9,3900,0,2,4,,1,093,"LOWER SACRAMENTO RD","MOKELUMNE ST",117.00,N,N,A,-,N,,,,,,,,,,Y,2,0,1,1,A,-,01,23152,A,N,E,I,A,A,H,-,C,D,0,,,,,Y,Y,D,22,1,0,0,0,0,0,0,0,0,"- ","- ",38.155471801757812,-121.30048370361328,"SAN JOAQUIN",UNINCORPORATED,-121.30049896240234,38.15533447265625
90953827,2019,2019-04-11,9265,2019-03-15,2024,019139,,5,2,9,3900,0,1,1,,2,502,"SR-4 W/B TO I-5 N/B","SR-4 W/B",800.00,N,N,A,-,Y,,,,,,,,,,Y,2,0,1,1,A,-,08,22107,,N,F,I,A,A,H,-,C,A,0,,,,,Y,,A,01,1,0,0,0,0,0,0,0,0,"- ","- ",37.950088500976562,-121.30132293701172,"SAN JOAQUIN",UNINCORPORATED,,
91228940,2020,2020-04-23,9265,2020-04-21,1139,019073,,2,1,9,3900,0,1,3,,2,001,"SR-99 N/B","VERIGAN RD",1617.00,N,N,A,-,Y,,,99,,,,,,N,Y,2,0,2,3,A,-,03,22350,,N,C,C,A,A,H,-,A,D,0,,,,Y,Y,,D,22,1,1,0,0,0,0,0,0,0,"- ","- ",37.843608856201172,-121.21793365478516,"SAN JOAQUIN",UNINCORPORATED,-121.21792602539062,37.843608856201172
8154777,2016,2016-10-31,3905,2016-10-10,1335,2463,CIV,1,5,6,3905,0,0,0,,0,,"PERSHING AV","MIDDLEFIELD AV",6.00,S,N,A,-,N,,,,,,,,,,Y,2,0,1,3,A,-,12,22450,A,N,H,G,A,A,H,-,A,A,0,,Y,,,Y,,L,04,1,0,0,0,0,0,1,0,0,"- ","- ",37.968159999999997,-121.31437,"SAN JOAQUIN",STOCKTON,-121.31458363,37.967954310000003
8465886,2019,2019-07-02,3905,2019-02-27,2012,2291,PAR,3,5,6,3905,0,0,0,,0,,"AIRPORT WY","9TH ST",74.00,S,N,B,-,N,,,,,,,,,,Y,1,1,0,2,A,-,11,21954,A,N,G,B,D,A,H,-,C,A,0,Y,,,,Y,,N,60,0,0,0,1,0,0,0,0,0,"- ","- ",37.930290222167969,-121.26683044433594,"SAN JOAQUIN",STOCKTON,-121.26659393310547,37.930244445800781
8648079,2018,2020-05-26,3905,2018-03-15,1520,1532,SEA,4,5,6,3905,0,0,0,,0,,"EL DORADO ST","IVY AV",942.00,S,N,B,-,N,,,,,,,,,,N,1,1,0,2,A,-,01,21200,5,N,H,G,A,A,H,-,A,A,0,,Y,,,Y,Y,L,04,0,0,0,0,0,1,0,0,0,"- ","- ",37.918891906738281,-121.27860260009766,"SAN JOAQUIN",STOCKTON,-121.27775573730469,37.916412353515625
8718003,2018,2018-10-17,3902,2018-09-12,1005,67,,3,5,5,3902,0,0,0,,0,,"W TRUNER RD","WOODHAVEN LN",0.00,,Y,B,-,N,,,,,,,,,,Y,2,0,3,2,A,-,12,21453,A,N,F,C,A,A,H,-,A,A,0,,,,,Y,,A,01,1,1,1,0,0,0,0,0,0,"- ","- ",,,"SAN JOAQUIN",LODI,-121.30665994,38.145620039999997
9148842,2020,2020-09-18,3902,2020-07-28,2252,KB76,,2,5,5,3902,0,0,0,,0,,"REYNOLDS RANCH PKWY","SCOTTSDALE RD",1319.00,N,N,A,-,N,,,,,,,,,,Y,2,0,1,1,A,-,03,22350,,N,E,I,A,A,H,-,C,D,0,,,Y,,Y,,C,02,1,0,0,0,0,0,0,0,1,"- ","- ",,,"SAN JOAQUIN",LODI,,
82146994,2023,2023-08-21,3906,2023-08-06,"141 ",1708,,7,5,5,3906,0,0,0,,0,006,"MAC ARTHUR DR","PESCADERO AVE",1026.00,N,N,A,-,Y,,,,,,,,,,Y,2,0,1,2,A,-,01,23152,A,N,C,C,A,A,H,-,C,A,0,,,,,Y,Y,A,01,1,0,0,0,0,0,0,0,0,"- ","- ",37.761398315429688,-121.4146728515625,"SAN JOAQUIN",TRACY,-121.41476440429688,37.764335632324219
6571830,2014,2016-04-29,9265,2014-07-07,2317,18850,,1,3,9,3900,0,1,1,,2,502,"RT 5","CARLTON AV",0.00,,Y,A,-,Y,SJ,10,5,-,-,27.670,H,-,S,Y,2,0,2,2,A,-,03,22350,,N,C,E,A,A,D,-,C,D,1,,,,,Y,,A,01,2,0,0,0,0,0,0,0,0,"- ","- ",37.956090000000003,-121.32505,"SAN JOAQUIN",UNINCORPORATED,-121.32488795,37.956101220000001
6625887,2014,2014-09-24,9265,2014-08-08,1520,014248,,5,2,9,3900,0,3,5,,2,060,"ALPINE RD","HARNEY LN",2640.00,N,N,A,-,N,,,,,,,,,,Y,2,0,1,1,A,-,01,23152,B,N,F,A,A,A,H,-,A,D,0,,,Y,,Y,Y,C,02,1,0,0,0,0,0,0,0,1,"- ","- ",38.107259999999997,-121.21505999999999,"SAN JOAQUIN",UNINCORPORATED,-121.21491389000001,38.108625609999997
6701950,2014,2014-12-09,9265,2014-10-19,1245,016581,,7,1,9,3900,0,3,5,,2,060,"ALPINE RD","EIGHT MILE RD",2112.00,N,N,A,-,N,,,,,,,,,,Y,2,0,2,1,A,-,08,22107,,N,E,I,A,A,H,-,A,D,0,,,,,Y,,A,01,2,0,0,0,0,0,0,0,0,"- ","- ",38.063450000000003,-121.21025,"SAN JOAQUIN",UNINCORPORATED,-121.21018183,38.063609659999997
8178884,2016,2017-02-16,3905,2016-10-12,2344,2784,SEA,3,5,6,3905,0,0,0,,0,,"MARTIN LUTHER KING BL","RT 15",36.00,N,N,A,-,Y,SJ,10,5,-,-,25.195,R,4,N,Y,2,0,2,2,A,-,08,22107,,F,A,C,A,A,H,-,C,A,0,,,,,Y,,A,01,1,1,0,0,0,0,0,0,0,"- ",NF,37.937080000000002,-121.29679,"SAN JOAQUIN",STOCKTON,-121.29696436,37.934359059999998
9211615,2020,2022-06-18,3906,2020-09-19,1913,1280,,6,5,5,3906,0,0,0,,0,002,"S MAC ARTHUR","EASTLAKE DR",0.00,,Y,A,-,N,,,,,,,,,,Y,1,1,0,2,A,-,12,21453,A,N,D,G,A,A,H,-,C,A,0,,Y,,,Y,Y,A,07,0,0,0,0,0,1,0,0,0,"- ","- ",,,"SAN JOAQUIN",TRACY,-121.41638946533203,37.716510772705078
82014448,2021,2023-03-10,3905,2021-05-14,0043,2133,CIV,5,5,6,3905,0,0,0,,0,,"EL DORADO ST","ALPINE AV",198.00,N,N,-,-,N,,,,,,,,,,N,1,1,1,1,A,-,03,22350,,N,E,I,A,A,H,-,C,D,0,,,,,Y,,A,01,0,0,1,0,0,0,0,0,0,"- ","- ",37.980098724365234,-121.29897308349609,"SAN JOAQUIN",STOCKTON,-121.29952239990234,37.980537414550781
90765224,2018,2018-07-09,9265,2018-06-16,0220,020785,,6,3,4,3903,0,1,3,,2,001,"SR-99 S/B","YOSEMITE AVE",410.00,N,N,A,-,Y,,,99,,,,,,S,Y,2,0,2,2,A,-,01,23152,A,N,C,C,A,A,H,-,D,D,0,,,,,Y,Y,A,01,1,1,0,0,0,0,0,0,0,"- ","- ",37.79669189453125,-121.19125366210938,"SAN JOAQUIN",MANTECA,-121.19118499755859,37.796707153320312
91034239,2019,2019-07-19,9265,2019-07-11,2250,019136,,4,3,9,3900,0,3,5,,2,060,"ACAMPO RD","DUSTIN RD",0.00,,Y,A,-,N,,,,,,,,,,Y,2,0,2,2,A,-,05,21460,C,N,D,C,A,A,H,-,D,D,0,,,,,Y,,A,01,1,0,1,0,0,0,0,0,0,"- ","- ",38.174671173095703,-121.22509765625,"SAN JOAQUIN",UNINCORPORATED,-121.22509765625,38.174640655517578
91034753,2019,2019-07-22,9265,2019-07-20,0150,020248,,6,3,9,3900,0,1,3,,2,004,"SR-99 N/B","ACAMPO RD",1109.00,S,N,A,-,Y,,,99,,,,,,N,Y,2,0,6,2,A,-,01,23152,A,N,C,C,A,A,H,-,C,D,0,,,,,Y,Y,A,01,3,3,0,0,0,0,0,0,0,"- ","- ",38.171550750732422,-121.26206207275391,"SAN JOAQUIN",UNINCORPORATED,-121.26206970214844,38.171550750732422
91398381,2021,2021-02-08,9265,2021-01-19,1055,013515,,2,1,9,3900,0,3,5,,2,060,"PELTIER ROAD","KENNEFICK ROAD",480.00,E,N,A,-,N,,,,,,,,,,Y,2,0,1,2,A,-,09,21801,A,N,D,C,A,A,H,-,A,D,0,,,Y,,Y,,D,23,1,0,0,0,0,0,0,0,1,"- ","- ",38.180931091308594,-121.24237060546875,"SAN JOAQUIN",UNINCORPORATED,-121.24236297607422,38.189041137695312
94513939,2024,2024-12-23,9265,2024-12-11,2030,022887,,3,2,9,3900,0,2,4,,1,072,"PERSHING AVE","PALOMA AVE",0.00,,Y,A,-,N,,,,,,,,,,N,2,0,1,2,A,-,17,24250,,N,D,C,A,A,H,-,C,D,0,,,Y,,Y,,C,02,1,0,0,0,0,0,0,0,1,"- ","- ",38.023960113525391,-121.33013153076172,"SAN JOAQUIN",UNINCORPORATED,-121.33003997802734,38.023948669433594
94784629,2025,2025-07-31,9265,2025-06-28,1815,023572,,6,2,9,3900,0,3,5,,2,010,"COPPEROPOLIS RD","WAVERLY RD",2640.00,E,N,A,-,N,,,,,,,,,,N,2,0,1,2,A,-,08,22107,,N,B,C,A,A,H,-,A,D,0,,,Y,,Y,,C,02,1,0,0,0,0,0,0,0,1,"- ","- ",37.973590850830078,-120.96933746337891,"SAN JOAQUIN",UNINCORPORATED,-120.9447021484375,37.973701477050781
82308513,2024,2024-02-08,3906,2024-01-13,1347,1442,,6,5,5,3906,0,0,0,,0,006,"NAGLEE RD","WEST VALLEY MALL",16.00,E,N,B,-,N,,,,,,,,,,Y,2,0,1,2,A,-,08,22107,,N,A,C,A,B,H,-,A,D,0,,,,,Y,,D,22,1,0,0,0,0,0,0,0,0,"- ","- ",,,"SAN JOAQUIN",TRACY,-121.46231842041016,37.758281707763672
90236256,2016,2016-08-18,9265,2016-07-01,1155,018590,,5,1,9,3900,0,1,3,,1,041,SR-4,"BACON ISLAND RD",2112.00,W,N,B,-,Y,,,4,,,,,,,Y,1,1,0,1,A,-,01,23152,E,N,F,A,A,A,H,-,A,D,0,,,,,Y,,A,01,0,0,0,0,0,0,0,0,0,"- ","- ",37.917270000000002,-121.44271999999999,"SAN JOAQUIN",UNINCORPORATED,-121.44271585,37.917263699999999
90578650,2017,2017-10-25,9265,2017-07-03,2018,019774,,1,2,9,3900,0,1,1,,2,505,"I-5 S/B FROM SR-12 E/B",SR-12,991.00,S,N,A,-,Y,,,5,,,,R,,S,Y,1,1,0,3,A,-,01,23152,G,N,H,C,A,A,H,-,A,D,0,,,,,Y,Y,D,22,0,0,0,0,0,0,0,0,0,"- ","- ",38.113300000000002,-121.39693,"SAN JOAQUIN",UNINCORPORATED,-121.39693,38.113300000000002
90641985,2017,2018-01-17,9265,2017-12-22,0730,019128,,5,1,2,3920,0,1,3,,2,025,"SR-120 E/B","GUTHMILLER ROAD",1584.00,W,N,B,-,Y,,,120,,,,,,E,Y,2,0,1,1,A,-,08,22107,,N,E,I,A,A,H,-,A,D,0,,,,,Y,,A,01,1,0,0,0,0,0,0,0,0,"- ","- ",37.78886,-121.29900000000001,"SAN JOAQUIN",LATHROP,-121.29902111,37.788914650000002
90672966,2018,2018-03-01,9265,2018-02-23,1925,019336,,5,2,9,3900,0,3,5,,2,060,"JACK TONE RD","LIVE OAK RD",0.00,,Y,A,-,N,,,,,,,,,,Y,2,0,3,2,A,-,09,21802,A,N,D,C,A,A,H,-,D,A,0,,,,,Y,,A,01,1,0,2,0,0,0,0,0,0,"- ","- ",38.080421447753906,-121.15090179443359,"SAN JOAQUIN",UNINCORPORATED,-121.15084838867188,38.080421447753906
90753948,2018,2018-06-22,9265,2018-04-20,0038,019073,,5,3,9,3900,0,1,1,,2,505,"I-5 S/B","EIGHT MILE RD",845.00,N,N,A,-,Y,,,5,,,,,,S,Y,1,1,0,1,A,-,01,23152,G,N,E,I,A,A,H,-,C,D,0,,,,,Y,Y,D,22,0,0,0,0,0,0,0,0,0,"- ","- ",38.060188293457031,-121.3734130859375,"SAN JOAQUIN",UNINCORPORATED,-121.37357330322266,38.060138702392578
8465892,2019,2019-07-02,3905,2019-02-10,2200,2626,LAK,7,5,6,3905,0,0,0,,0,,"MARCH LN","PRECISSI LN",0.00,,Y,A,-,N,,,,,,,,,,N,1,1,0,3,A,-,05,21202,A,F,H,G,A,A,H,-,D,A,0,,Y,,,Y,,L,04,0,0,0,0,0,1,0,0,0,"- ","- ",37.990718841552734,-121.31529998779297,"SAN JOAQUIN",STOCKTON,-121.31575012207031,37.990631103515625
8478248,2017,2017-11-01,3905,2017-08-22,0036,2802,PAR,2,5,6,3905,0,0,0,,0,,"MARTIN LUTHER KING BL","AURORA ST",0.00,,Y,A,-,N,,,,,,,,,,N,2,0,1,2,A,-,12,22450,,N,G,G,A,A,H,-,C,D,0,,Y,,,Y,,L,04,1,0,0,0,0,0,1,0,0,"- ","- ",37.940640000000002,-121.27573,"SAN JOAQUIN",STOCKTON,-121.27566992,37.940819959999999
8648682,2018,2019-03-06,3905,2018-12-20,1930,2021,CIV,4,5,6,3905,0,0,0,,0,,"CALIFORNIA ST","WALNUT ST",11.00,S,N,B,-,N,,,,,,,,,,N,1,1,0,2,A,-,12,21453,A,F,G,B,B,A,H,-,C,A,0,Y,,,,Y,,A,07,0,0,0,1,0,0,0,0,0,"- ","- ",37.970039367675781,-121.28884887695312,"SAN JOAQUIN",STOCKTON,-121.28903961181641,37.970020294189453
8939598,2019,2021-06-02,3905,2019-12-10,2045,2291,,2,5,6,3905,0,0,0,,0,,"CENTER ST","ACACIA ST",0.00,,Y,C,-,N,,,,,,,,,,Y,1,1,0,3,A,-,11,21456,B,N,G,B,B,B,H,-,C,A,0,Y,,,,Y,,N,60,0,0,0,1,0,0,0,0,0,"- ","- ",37.962409973144531,-121.29366302490234,"SAN JOAQUIN",STOCKTON,-121.29380035400391,37.962398529052734
9595286,2023,2023-07-24,3904,2023-06-22,2321,P112,4,4,5,3,3904,0,0,0,,0,00B,"EAST MAIN ST","NOURSE ST",0.00,,Y,A,-,N,,,,,,,,,,N,2,0,1,1,A,-,03,22350,,N,H,A,A,A,H,-,C,A,0,,,,,Y,Y,M,94,1,0,0,0,0,0,0,0,0,"- ","- ",37.739521026611328,-121.12330627441406,"SAN JOAQUIN",RIPON,-121.12310791015625,37.739368438720703
82141519,2023,2023-08-14,3905,2023-07-04,1832,2566,LAK,2,5,6,3905,0,0,0,,0,,"LOWER SACRAMENTO RD","PALOMA AV",32.00,N,N,A,-,N,,,,,,,,,,N,1,1,0,2,A,-,05,21202,A,N,D,G,A,A,H,-,A,D,0,,Y,,,Y,,L,04,0,0,0,0,0,1,0,0,0,"- ","- ",38.023891448974609,-121.3232421875,"SAN JOAQUIN",STOCKTON,-121.32299041748047,38.024318695068359
91567651,2021,2021-09-10,9266,2021-08-28,0545,018217,,6,3,9,3900,0,1,1,,2,024,"I-5 N/B FROM 11TH ST E/B","I-5 S/B",845.00,N,N,A,-,Y,,,5,,,,R,,N,Y,1,1,0,1,A,-,03,22350,,N,F,A,A,A,H,-,D,D,0,,,,,Y,,A,07,0,0,0,0,0,0,0,0,0,"- ","- ",37.760719299316406,-121.33885955810547,"SAN JOAQUIN",UNINCORPORATED,-121.33885955810547,37.760719299316406
91682030,2022,2022-01-20,9265,2022-01-09,1743,021644,,7,2,9,3900,0,3,5,,2,060,"SR-99 E FRONTAGE RD","ACAMPO RD",2112.00,S,N,A,-,N,,,,,,,,,,N,2,0,1,2,A,-,03,22350,,M,G,B,E,A,H,-,D,D,0,Y,,,,Y,Y,A,01,1,0,0,0,1,0,0,0,0,"- ","- ",38.168800354003906,-121.26180267333984,"SAN JOAQUIN",UNINCORPORATED,-121.26194763183594,38.168792724609375
91800060,2022,2022-06-21,9265,2022-06-13,1052,018850,,1,1,9,3900,0,3,5,,2,010,"STEINEGUL RD","DODDS RD",2781.00,S,N,A,-,N,,,,,,,,,,Y,2,0,1,1,A,-,08,22107,,N,F,A,A,A,H,-,A,D,0,,,,Y,Y,,F,76,1,0,0,0,0,0,0,0,0,"- ","- ",37.8489990234375,-120.96164703369141,"SAN JOAQUIN",UNINCORPORATED,-120.96165466308594,37.849056243896484
91964416,2022,2023-01-10,9265,2022-12-09,0525,022505,,5,3,9,3900,0,1,3,,1,062,SR-88,"N ALPINE ROAD",124.00,W,N,A,-,Y,SJ,,88,,,3.176,H,,R,Y,2,0,1,1,A,-,08,22107,,F,E,8,A,B,H,-,D,A,0,,,,,Y,,A,07,1,0,0,0,0,0,0,0,0,"- ","- ",38.015960693359375,-121.20758819580078,"SAN JOAQUIN",UNINCORPORATED,-121.20771789550781,38.016044616699219
92035505,2023,2023-04-03,9265,2023-03-19,1140,018836,,7,1,9,3900,0,2,4,,1,051,"WASHINGTON ST","GERTRUDE AVE",0.00,,Y,B,-,N,,,,,,,,,,Y,2,0,3,5,A,-,03,22350,,N,D,C,A,B,H,-,A,A,0,,,,,Y,,A,01,1,0,2,0,0,0,0,0,0,"- ","- ",37.963008880615234,-121.23580932617188,"SAN JOAQUIN",UNINCORPORATED,-121.23579406738281,37.962997436523438
92094816,2023,2023-06-15,9265,2023-06-03,1415,021781,,6,2,4,3903,0,1,3,,2,025,"SR-120 E/B","VAN RYN AVENUE",140.00,E,N,A,-,Y,SJ,,120," ",R,6.176,H,,R,N,2,0,4,3,A,-,03,22350,,N,C,C,A,A,H,-,A,D,0,,,,,Y,,D,22,2,1,1,0,0,0,0,0,0,"- ","- ",37.783191680908203,-121.20005798339844,"SAN JOAQUIN",MANTECA,-121.20005798339844,37.783206939697266
90016341,2015,2015-10-19,9265,2015-08-14,1400,017989,,5,2,9,3900,0,2,4,,1,074,"MICHIGAN AVE","PERSHING AVE",1056.00,W,N,A,-,N,,,,,,,,,,N,2,0,1,2,A,-,08,22107,,N,C,E,A,A,H,-,A,D,0,,Y,,,Y,,L,04,1,0,0,0,0,0,1,0,0,"- ","- ",37.971539999999997,-121.31956,"SAN JOAQUIN",UNINCORPORATED,-121.31984285999999,37.971484789999998
90108397,2015,2016-02-03,9265,2015-12-12,0750,17405,,6,1,9,3900,0,3,5,,2,010,"LONE TREE RD.","BRENNAN AVE.",178.00,W,N,E,-,N,,,,,,,,,,Y,2,0,4,2,A,-,09,21804,A,N,D,C,A,A,H,-,A,D,0,,,,,Y,,A,01,1,1,2,0,0,0,0,0,0,"- ","- ",37.827680000000001,-121.0166,"SAN JOAQUIN",UNINCORPORATED,-121.01656625,37.827624559999997
90880630,2018,2018-12-11,9266,2018-12-06,0625,013866,,4,1,9,3900,0,2,4,,2,020,"KASSON RD.","WRIGHT RD.",1604.00,S,N,B,-,N,,,,,,,,,,Y,2,0,3,1,A,-,08,22107,,N,E,I,A,A,H,-,B,D,0,,,,,Y,,A,01,1,2,0,0,0,0,0,0,0,"- ","- ",37.718990325927734,-121.31826019287109,"SAN JOAQUIN",UNINCORPORATED,-121.31820678710938,37.718799591064453
91003051,2019,2019-06-04,9265,2019-05-19,0517,019666,,7,3,9,3900,0,3,5,,2,050,"MCALLEN RD","WILSON WAY",585.00,E,N,B,-,N,,,,,,,,,,Y,2,0,2,2,A,-,01,23152,A,N,B,C,A,B,H,-,B,D,0,,,,,Y,Y,A,01,1,1,0,0,0,0,0,0,0,"- ","- ",38.000431060791016,-121.26242065429688,"SAN JOAQUIN",UNINCORPORATED,-121.26026916503906,38.000331878662109
91357109,2020,2020-12-02,9265,2020-11-20,1620,021787,,5,2,9,3900,0,1,3,,1,066,"SR-26 E/B","CENTERLINE PROLONGATION OF FLOOD ROAD",20.00,E,N,A,-,Y,,,26,,,,,,E,Y,2,0,1,2,A,-,09,21801,A,N,A,C,A,A,H,-,A,D,0,,,,,Y,,D,22,1,0,0,0,0,0,0,0,0,"- ","- ",38.023250579833984,-121.07720947265625,"SAN JOAQUIN",UNINCORPORATED,-121.07720184326172,38.023220062255859
91386021,2020,2021-01-12,9265,2020-12-14,1827,017439,,1,2,9,3900,0,2,4,,1,024,"AIRPORT WAY","DIVISION RD.",2817.00,N,N,A,-,N,,,,,,,,,,Y,1,1,0,1,A,-,08,22107,,N,E,I,A,A,H,-,D,D,0,,,,,Y,,A,01,0,0,0,0,0,0,0,0,0,"- ","- ",37.693679809570312,-121.24342346191406,"SAN JOAQUIN",UNINCORPORATED,-121.24329376220703,37.693904876708984
8911022,2020,2020-05-08,3905,2020-03-05,0229,2429,CIV,4,5,6,3905,0,0,0,,0,,"RIVER DR","MISSION RD",1242.00,E,N,A,-,N,,,,,,,,,,Y,1,1,0,1,A,-,01,23152,G,N,E,I,A,A,H,-,D,C,0,,,,,Y,Y,A,01,0,0,0,0,0,0,0,0,0,"- ","- ",37.980518341064453,-121.32956695556641,"SAN JOAQUIN",STOCKTON,-121.32459259033203,37.980838775634766
9180492,2020,2020-12-07,3905,2020-10-18,2158,2893,BEA,7,5,6,3905,0,0,0,,0,,"THORNTON RD","WAUDMAN AV",0.00,,Y,A,-,N,,,,,,,,,,Y,2,0,2,2,A,-,09,21804,A,N,D,C,A,A,H,-,C,A,0,,,,,Y,,A,01,1,0,1,0,0,0,0,0,0,"- ","- ",38.032661437988281,-121.33669281005859,"SAN JOAQUIN",STOCKTON,-121.33644104003906,38.032901763916016
9278701,2021,2021-07-15,3906,2021-06-08,1335,903,,2,5,5,3906,0,0,0,,0,006,"GRANT LINE RD","LINCOLN BL",330.00,W,N,A,-,N,,,,,,,,,,Y,2,0,1,2,A,-,03,22350,,N,C,C,A,A,H,-,A,D,0,,,,,Y,,A,01,1,0,0,0,0,0,0,0,0,"- ","- ",,,"SAN JOAQUIN",TRACY,-121.44467163085938,37.754081726074219
9479267,2022,2022-08-17,3906,2022-07-29,1652,1678,80,5,5,5,3906,0,0,0,,0,003,"11TH ST","CORRAL HOLLOW RD",0.00,,Y,A,-,N,,,,,,,,,,Y,2,0,2,2,A,-,12,21453,,N,D,C,A,A,H,-,A,A,0,,,Y,,Y,,A,01,1,0,1,0,0,0,0,0,1,"- ","- ",,,"SAN JOAQUIN",TRACY,-121.45321655273438,37.739410400390625
9520431,2022,2023-02-22,3906,2022-12-01,0546,1245,3906,4,5,5,3906,0,0,0,,0,001,"WEST 11TH ST","W 9TH ST",0.00,,Y,B,-,N,,,,,,,,,,N,1,1,0,2,A,-,10,21950,A,N,G,B,B,B,H,-,E,D,0,Y,,,,Y,,A,07,0,0,0,1,0,0,0,0,0,"- ","- ",,,"SAN JOAQUIN",TRACY,-121.43904113769531,37.739681243896484
9631641,2023,2023-12-05,3902,2023-08-23,"501 ",31,HERIT,3,5,5,3902,0,0,0,,0,002,"LOCKEFORD ST","CHURCH ST",125.00,E,N,A,-,N,,,,,,,,,,N,2,0,1,2,A,-,04,21703,,F,C,G,A,A,H,-,C,D,0,,Y,,,Y,,D,22,1,0,0,0,0,0,1,0,0,"- ","- ",38.137710571289062,-121.27474212646484,"SAN JOAQUIN",LODI,-121.27433013916016,38.137886047363281
92257144,2023,2023-12-08,9265,2023-11-18,1941,017439,,6,2,9,3900,0,3,5,,2,020,"10717 AIRPORT WAY","FISK RD.",739.00,S,N,B,C,N,,,,,,,,,,N,2,0,1,2,A,-,11,21954,A,N,G,B,D,B,H,-,D,D,0,Y,,,,Y,Y,N,60,1,0,0,0,1,0,0,0,0,"- ","- ",37.863239288330078,-121.25589752197266,"SAN JOAQUIN",UNINCORPORATED,-121.25589752197266,37.863262176513672
90997956,2019,2019-05-29,9265,2019-05-19,0700,017123,,7,1,9,3900,0,1,1,,2,505,"I-5 N/B","BARBER RD",1584.00,N,N,C,-,Y,,,5,,,,,,N,Y,2,0,1,1,A,-,08,22107,,N,E,I,A,B,H,-,A,D,0,,,,,Y,,A,01,1,0,0,0,0,0,0,0,0,"- ","- ",38.250110626220703,-121.44583892822266,"SAN JOAQUIN",UNINCORPORATED,-121.44588470458984,38.250091552734375
91203371,2020,2020-03-06,9265,2020-03-01,2239,018511,,7,3,9,3900,0,1,3,,1,062,"SR-88 W/B","VICTOR RD",1670.00,N,N,A,G,Y,,,88,,,,,,W,Y,2,0,3,2,A,-,01,23152,A,N,C,C,A,A,H,-,D,D,0,,,,,Y,Y,A,01,1,0,2,0,0,0,0,0,0,"- ","- ",38.143100738525391,-121.16049194335938,"SAN JOAQUIN",UNINCORPORATED,-121.16046905517578,38.143093109130859
91289756,2020,2020-08-20,9265,2020-08-10,1100,018511,,1,1,9,3900,0,2,4,,1,014,"JACK TONE RD","COPPEROPOLIS RD",1820.00,S,N,A,-,N,,,,,,,,,,Y,2,0,1,1,A,-,08,22107,,N,F,I,A,A,H,-,A,D,0,,,,,Y,,D,22,1,0,0,0,0,0,0,0,0,"- ","- ",37.965190887451172,-121.14862823486328,"SAN JOAQUIN",UNINCORPORATED,-121.14868927001953,37.970458984375
91437192,2020,2021-03-26,9265,2020-11-09,1210,019128,,1,1,9,3900,0,1,3,,2,003,"SR-99 N/B","ARCH ROAD",4023.00,S,N,A,-,Y,,,99,,,,,,N,Y,2,0,2,3,A,-,08,22107,,N,B,C,A,A,H,-,A,D,0,,,Y,,Y,,A,01,1,1,0,0,0,0,0,0,1,"- ","- ",37.893989562988281,-121.22023773193359,"SAN JOAQUIN",UNINCORPORATED,-121.22025299072266,37.893989562988281