CASE_ID,ACCIDENT_YEAR,PROC_DATE,JURIS,COLLISION_DATE,COLLISION_TIME,OFFICER_ID,REPORTING_DISTRICT,DAY_OF_WEEK,CHP_SHIFT,POPULATION,CNTY_CITY_LOC,SPECIAL_COND,BEAT_TYPE,CHP_BEAT_TYPE,CITY_DIVISION_LAPD,CHP_BEAT_CLASS,BEAT_NUMBER,PRIMARY_RD,SECONDARY_RD,DISTANCE,DIRECTION,INTERSECTION,WEATHER_1,WEATHER_2,STATE_HWY_IND,CALTRANS_COUNTY,CALTRANS_DISTRICT,STATE_ROUTE,ROUTE_SUFFIX,POSTMILE_PREFIX,POSTMILE,LOCATION_TYPE,RAMP_INTERSECTION,SIDE_OF_HWY,TOW_AWAY,COLLISION_SEVERITY,NUMBER_KILLED,NUMBER_INJURED,PARTY_COUNT,PRIMARY_COLL_FACTOR,PCF_CODE_OF_VIOL,PCF_VIOL_CATEGORY,PCF_VIOLATION,PCF_VIOL_SUBSECTION,HIT_AND_RUN,TYPE_OF_COLLISION,MVIW,PED_ACTION,ROAD_SURFACE,ROAD_COND_1,ROAD_COND_2,LIGHTING,CONTROL_DEVICE,CHP_ROAD_TYPE,PEDESTRIAN_ACCIDENT,BICYCLE_ACCIDENT,MOTORCYCLE_ACCIDENT,TRUCK_ACCIDENT,NOT_PRIVATE_PROPERTY,ALCOHOL_INVOLVED,STWD_VEHTYPE_AT_FAULT,CHP_VEHTYPE_AT_FAULT,COUNT_SEVERE_INJ,COUNT_VISIBLE_INJ,COUNT_COMPLAINT_PAIN,COUNT_PED_KILLED,COUNT_PED_INJURED,COUNT_BICYCLIST_KILLED,COUNT_BICYCLIST_INJURED,COUNT_MC_KILLED,COUNT_MC_INJURED,PRIMARY_RAMP,SECONDARY_RAMP,LATITUDE,LONGITUDE,COUNTY,CITY,POINT_X,POINT_Y
91823058,2022,2022-07-22,9265,2022-06-17,1814,018289,,5,2,9,3900,0,3,5,,2,060,"HARNEY LANE","BECKMAN ROAD",0.00,,Y,A,-,N,,,,,,,,,,Y,2,0,1,2,A,-,09,21801,A,N,D,C,A,A,H,-,A,D,0,,,,,Y,,A,07,1,0,0,0,0,0,0,0,0,"- ","- ",38.101539611816406,-121.25700378417969,"SAN JOAQUIN",UNINCORPORATED,-121.25700378417969,38.101554870605469
91927825,2022,2022-11-28,9265,2022-11-11,1250,015629,,5,1,9,3900,0,3,5,,2,090,"PELTIER ROAD EASTBOUND (E/B)","DAVIS ROAD",1000.00,W,N,A,-,N,,,,,,,,,,Y,2,0,1,1,A,-,01,23152,A,N,E,I,A,A,H,-,A,D,0,,,,,Y,Y,D,22,1,0,0,0,0,0,0,0,0,"- ","- ",38.189178466796875,-121.33786010742188,"SAN JOAQUIN",UNINCORPORATED,-121.33907318115234,38.189220428466797
84638866,2025,2025-04-07,3905,2025-02-28,1830,7323,,5,5,6,3905,0,0,0,,0,,"LINCOLN ST","ROSE ST",58.00,N,N,A,-,N,,,,,,,,,,N,2,0,1,2,A,-,11,21956,,F,G,B,E,A,H,-,D,D,0,Y,,,,Y,,N,60,1,0,0,0,1,0,0,0,0,"- ","- ",37.963310241699219,-121.30069732666016,"SAN JOAQUIN",STOCKTON,-121.30085754394531,37.963386535644531
90035762,2015,2015-10-21,9265,2015-07-31,1505,017989,,5,2,9,3900,0,1,1,,2,505,"I-5 SOUTHBOUND","PELTIER RD",1056.00,N,N,A,-,Y,,,5,,,,,,S,Y,1,1,0,2,A,-,03,22350,,N,C,C,A,A,H,-,A,D,0,,,,,Y,,A,07,0,0,0,0,0,0,0,0,0,"- ","- ",38.20693,-121.41753,"SAN JOAQUIN",UNINCORPORATED,-121.41747228,38.206970949999999
90074722,2015,2016-01-25,9265,2015-12-03,1500,016639,,4,2,9,3900,0,3,5,,2,020,"MCKINLEY AVE","WYMAN RD",500.00,N,N,C,-,N,,,,,,,,,,N,2,0,1,2,A,-,03,22350,,F,G,B,E,B,H,-,A,D,0,Y,,,,Y,,A,01,1,0,0,0,1,0,0,0,0,"- ","- ",37.873980000000003,-121.27418,"SAN JOAQUIN",UNINCORPORATED,-121.27418935999999,37.87388318
90098215,2015,2016-01-19,9265,2015-12-19,0350,019752,,6,3,5,3902,0,1,3,,2,006,"SR-99 N/B","KETTLEMAN LN",1056.00,N,N,C,-,Y,,,,,,,,,,Y,2,0,1,1,A,-,03,22350,,N,E,I,A,B,H,-,D,D,0,,,,,Y,,A,01,1,0,0,0,0,0,0,0,0,"- ","- ",38.071820000000002,-121.15431,"SAN JOAQUIN",LODI,-121.2572152,38.119157280000003
90183614,2016,2016-05-20,9265,2016-05-11,1618,013515,,3,2,9,3900,0,2,4,,1,051,"ORO AVENUE","HORNER AVENUE",528.00,S,N,A,-,N,,,,,,,,,,Y,2,0,1,3,A,-,08,22107,,N,A,E,A,A,H,-,A,D,0,,,,,Y,,D,22,1,0,0,0,0,0,0,0,0,"- ","- ",37.956620000000001,-121.23545,"SAN JOAQUIN",UNINCORPORATED,-121.23526921,37.956372160000001
90436357,2017,2017-04-18,9265,2017-04-12,1748,019885,,3,2,9,3900,0,3,5,,2,060,"MARIPOSA RD","CARPENTER RD",0.00,,Y,A,-,N,,,,,,,,,,Y,2,0,2,2,A,-,09,21804,A,N,D,C,A,A,H,-,A,A,0,,,,Y,Y,,A,08,1,0,1,0,0,0,0,0,0,"- ","- ",37.928179999999998,-121.21675999999999,"SAN JOAQUIN",UNINCORPORATED,-121.21670999,37.92814989
6290397,2014,2014-05-14,9265,2014-01-18,0211,18661,,6,3,9,3900,0,3,5,,2,010,"VAN ALLEN RD","DODDS RD",600.00,S,N,A,-,N,,,,,,,,,,Y,1,1,0,1,A,-,01,23152,B,N,E,I,A,A,H,-,D,D,0,,,,,Y,Y,D,22,0,0,0,0,0,0,0,0,0,"- ","- ",37.85472,-121.05401000000001,"SAN JOAQUIN",UNINCORPORATED,-121.05390452,37.854783380000001
6292211,2015,2017-04-25,9265,2015-03-17,1845,13539,,2,2,6,3905,0,1,1,,2,503,"RT 5","8TH ST",315.00,S,N,A,-,Y,SJ,10,5,-,-,24.580,H,-,S,Y,1,1,0,2,A,-,07,21658,A,N,B,C,A,A,H,-,A,D,1,,,Y,,Y,Y,-,"- ",0,0,0,0,0,0,0,1,0,"- ","- ",37.9236,-121.29367000000001,"SAN JOAQUIN",STOCKTON,-121.2942942,37.925708960000001
6292340,2015,2015-07-06,3905,2015-01-24,0657,2021,VAL,6,5,6,3905,0,0,0,,0,,"BIANCHI RD","TENNALINDE LN",84.00,S,N,E,G,N,,,,,,,,,,Y,1,1,2,1,A,-,03,22350,,N,E,I,A,B,H,-,C,D,0,,,,,Y,,A,07,1,1,0,0,0,0,0,0,0,"- ","- ",,,"SAN JOAQUIN",STOCKTON,-121.28404999999999,38.001459310000001
6292528,2015,2015-08-25,3905,2015-04-28,1034,2021,PAR,2,5,6,3905,0,0,0,,0,,"FILBERT ST","MYRTLE ST",0.00,,Y,A,B,N,,,,,,,,,,Y,1,1,4,2,A,-,01,23152,A,N,D,C,A,A,H,-,A,A,0,,,,,Y,,A,07,1,0,3,0,0,0,0,0,0,"- ","- ",,,"SAN JOAQUIN",STOCKTON,-121.25415995,37.960879949999999
6998904,2015,2015-07-20,9266,2015-06-24,1025,013668,,3,1,9,3900,0,2,4,,2,018,"VON SOSTEN RD","BYRON RD",2112.00,W,N,A,-,N,,,,,,,,,,Y,2,0,1,1,A,-,08,22107,,N,E,I,A,A,H,-,A,D,0,,,,,Y,,A,01,1,0,0,0,0,0,0,0,0,"- ","- ",37.73997,-121.49252,"SAN JOAQUIN",UNINCORPORATED,-121.48672394,37.750646240000002
7198093,2016,2016-04-23,3905,2016-01-23,1841,2764,BEA,6,5,6,3905,0,0,0,,0,,"LOWER SACRAMENTO RD","PALOMA AV",45.00,S,N,B,-,N,,,,,,,,,,N,1,1,0,2,A,-,11,21955,,N,G,B,D,A,H,-,C,D,0,Y,,,,Y,,N,60,0,0,0,1,0,0,0,0,0,"- ","- ",38.024430000000002,-121.32316,"SAN JOAQUIN",STOCKTON,-121.32299431,38.024106459999999
91489943,2021,2021-06-04,9266,2021-05-15,2115,019012,,6,2,9,3900,0,2,4,,2,032,"BYRON ROAD","MOUNTAIN HOUSE PARKWAY",56.00,E,N,A,-,N,,,,,,,,,,Y,2,0,1,3,A,-,01,23152,A,N,C,C,A,A,H,-,D,A,0,,,Y,,Y,Y,C,02,1,0,0,0,0,0,0,0,1,"- ","- ",37.782138824462891,-121.53035736083984,"SAN JOAQUIN",UNINCORPORATED,-121.53065490722656,37.782138824462891
91852289,2022,2022-08-29,9265,2022-08-17,1250,015629,,3,1,9,3900,0,1,1,,2,504,"I-5 SOUTHBOUND (S/B) TO HAMMER LANE","HAMMER LANE",6.00,N,N,A,-,Y,,,,,,,,,,N,2,0,1,2,A,-,12,21453,A,F,D,G,A,A,H,-,A,A,0,,Y,,,Y,,-,99,1,0,0,0,0,0,1,0,0,"- ","- ",38.021530151367188,-121.35954284667969,"SAN JOAQUIN",UNINCORPORATED,-121.35905456542969,38.021453857421875
94458259,2024,2024-11-05,9265,2024-10-13,"50  ",023223,,7,3,9,3900,0,2,4,,1,015,"ESCALON BELLOTA RD","LONE TREE RD",2300.00,N,N,A,-,N,,,,,,,,,,Y,2,0,1,1,A,-,01,23152,A,N,E,I,A,A,H,-,D,D,0,,,Y,,Y,Y,C,02,1,0,0,0,0,0,0,0,1,"- ","- ",37.833759307861328,-120.99774169921875,"SAN JOAQUIN",UNINCORPORATED,-120.99789428710938,37.833988189697266
90186169,2016,2016-05-24,9265,2016-05-21,2205,017021,,6,3,2,3920,0,1,3,,2,025,SR-120,"I-5 N/B",634.00,E,N,A,-,Y,,,,,,,,,,Y,2,0,1,1,A,-,01,23152,A,N,E,J,A,A,H,-,C,D,0,,,,,Y,Y,A,01,1,0,0,0,0,0,0,0,0,"- ","- ",38.287759999999999,-121.73676,"SAN JOAQUIN",LATHROP,,
90553824,2017,2017-09-22,9265,2017-09-15,0430,019888,,5,3,3,3904,0,1,3,,2,001,"SR-99 N/B","JACK TONE RD",950.00,S,N,A,-,Y,,,99,,,,,,N,Y,2,0,1,2,A,-,07,21658,A,N,E,I,A,A,H,-,C,D,0,,,Y,,Y,,-,99,1,0,0,0,0,0,0,0,1,"- ","- ",37.751190000000001,-121.13958,"SAN JOAQUIN",RIPON,-121.13965640000001,37.751105440000003
90806774,2018,2018-09-06,9265,2018-08-25,0835,017989,,6,1,9,3900,0,2,4,,1,074,"BENJAMIN HOLT DR","GETTYSBURG PL",305.00,E,N,A,-,N,,,,,,,,,,Y,2,0,1,2,A,-,09,21804,A,N,D,C,A,A,H,-,A,D,0,,,Y,,Y,,C,02,1,0,0,0,0,0,0,0,1,"- ","- ",38.010349273681641,-121.35594177246094,"SAN JOAQUIN",UNINCORPORATED,-121.32296752929688,38.010402679443359
91296312,2020,2020-09-01,9265,2020-07-08,2350,021163,,3,3,9,3900,0,3,5,,2,010,"LONE TREE RD","SEXTON RD",1584.00,E,N,A,-,N,,,,,,,,,,Y,2,0,2,2,A,-,03,22350,,N,C,C,A,A,H,-,D,D,0,,,,,Y,,D,22,1,0,1,0,0,0,0,0,0,"- ","- ",37.827678680419922,-121.02906799316406,"SAN JOAQUIN",UNINCORPORATED,-121.02925872802734,37.827705383300781
91409311,2021,2021-02-16,9265,2021-02-12,0223,021537,,5,3,9,3900,0,3,5,,2,030,"ARCH AIRPORT RD","FRENCH CAMP RD",528.00,E,N,B,-,Y,,,,,,,,,,Y,2,0,1,2,A,-,01,23152,A,N,A,C,A,B,H,-,C,D,0,,,,Y,Y,Y,A,01,1,0,0,0,0,0,0,0,0,"- ","- ",37.895389556884766,-121.27789306640625,"SAN JOAQUIN",UNINCORPORATED,-121.27812957763672,37.895511627197266
91467814,2021,2021-05-07,9266,2021-03-14,0317,019717,,7,3,9,3900,0,1,1,,2,024,"I-5 S/B","STEWART ROAD",2376.00,S,N,A,-,Y,,,5,,,,,,S,Y,1,1,0,2,A,-,01,23152,A,N,C,C,A,A,H,-,C,D,0,,,,Y,Y,Y,A,01,0,0,0,0,0,0,0,0,0,"- ","- ",37.775051116943359,-121.32138061523438,"SAN JOAQUIN",UNINCORPORATED,-121.32133483886719,37.774990081787109
9505224,2022,2022-10-11,3902,2022-05-21,1909,54,HERIT,6,5,5,3902,0,0,0,,0,002,"CHEROKEE LN","MAPLE ST",123.00,S,N,A,-,N,,,,,,,,,,N,2,0,1,2,A,-,11,21954,A,N,G,B,D,A,H,-,A,D,0,Y,,,,Y,,N,60,1,0,0,0,1,0,0,0,0,"- ","- ",38.125240325927734,-121.26039886474609,"SAN JOAQUIN",LODI,-121.26056671142578,38.124893188476562
82090857,2023,2023-06-12,3905,2023-04-27,1112,7254,VAL,4,5,6,3905,0,0,0,,0,,"TOWNSHEND CI","CROSBY DR",120.00,S,N,A,-,N,,,,,,,,,,Y,2,0,1,3,A,-,03,22350,,N,G,B,F,A,H,-,A,D,0,Y,,,,Y,,A,01,1,0,0,0,1,0,0,0,0,"- ","- ",38.024818420410156,-121.27021789550781,"SAN JOAQUIN",STOCKTON,-121.27013397216797,38.024696350097656
82321188,2024,2024-02-23,3905,2024-01-07,"658 ",3196,,7,5,6,3905,0,0,0,,0,,"WHISTLER WY","WINDMILL PARK DR",0.00,,Y,B,-,N,,,,,,,,,,N,2,0,1,2,A,-,11,21954,A,N,G,B,D,A,H,-,A,A,0,Y,,,,Y,,N,60,1,0,0,0,1,0,0,0,0,"- ","- ",38.047119140625,-121.32472229003906,"SAN JOAQUIN",STOCKTON,-121.32469940185547,38.046897888183594
84560807,2024,2025-02-03,3902,2024-09-26,1953,113,,4,5,5,3902,0,0,0,,0,005,"LODI AVE","CENTRAL AVE",0.00,N,-,A,-,N,,,,,,,,,,N,2,0,1,2,A,-,00,21760,D,F,H,G,A,A,H,-,C,A,0,,Y,,,Y,,D,22,1,0,0,0,0,0,1,0,0,"- ","- ",,,"SAN JOAQUIN",LODI,-121.26519775390625,38.130767822265625
90108932,2016,2016-02-04,9265,2016-01-17,1819,015174,,7,2,9,3900,0,2,4,,1,053,"WATERLOO RD","SIERRA LN",7.00,W,N,B,-,N,,,,,,,,,,N,2,0,1,2,A,-,10,21950,A,N,G,B,B,B,H,-,C,D,0,Y,,,,Y,,A,01,1,0,0,0,1,0,0,0,0,"- ","- ",37.975369999999998,-121.26434999999999,"SAN JOAQUIN",UNINCORPORATED,-121.26432880999999,37.975397839999999
90120291,2015,2016-02-22,9265,2015-11-25,1612,013465,,3,2,9,3900,0,1,3,,2,003,"SR-99 N/B","ARCH RD",779.00,S,N,A,-,Y,,,99,,,,,,N,Y,1,1,2,4,A,-,03,22350,,N,C,C,A,A,H,-,A,D,0,,,,Y,Y,,G,25,0,0,2,0,0,0,0,0,0,"- ","- ",37.902639999999998,-121.22190999999999,"SAN JOAQUIN",UNINCORPORATED,-121.22192475999999,37.902634030000002
8296976,2017,2017-03-01,3905,2017-01-12,0208,2723,VAL,4,5,6,3905,0,0,0,,0,,"MONTAUBAN AV","HAMMER LN",273.00,S,N,B,-,N,,,,,,,,,,Y,2,0,1,1,A,-,01,23152,A,N,E,I,A,A,H,-,C,D,0,,,,,Y,Y,A,01,1,0,0,0,0,0,0,0,0,"- ","- ",38.020940000000003,-121.29018000000001,"SAN JOAQUIN",STOCKTON,-121.28979950999999,38.020305919999998
8834563,2019,2019-04-15,3900,2019-03-13,2358,161247,3900,3,5,2,3920,0,0,0,,0,009,"EAST LOUISE AV","MCKINLEY AV",0.00,,Y,A,-,N,,,,,,,,,,Y,2,0,2,2,A,-,12,21453,A,N,D,C,A,A,H,-,C,A,0,,,,,Y,,A,01,1,0,1,0,0,0,0,0,0,"- ","- ",,,"SAN JOAQUIN",LATHROP,-121.27143096923828,37.811851501464844
8891191,2019,2019-07-22,3905,2019-06-15,2120,2909,SEA,6,5,6,3905,0,0,0,,0,,"SUTTER ST","JEFFERSON ST",0.00,,Y,A,-,N,,,,,,,,,,N,2,0,1,2,A,-,03,22350,,F,H,G,A,A,H,-,D,D,0,,Y,,,Y,,-,99,1,0,0,0,0,0,1,0,0,"- ","- ",37.942451477050781,-121.28301239013672,"SAN JOAQUIN",STOCKTON,-121.28295135498047,37.942489624023438
8911222,2020,2022-06-18,3900,2020-03-03,0744,7688,LATHR,2,5,2,3920,0,0,0,,0,,"LAKESIDE DR","PATRIOT WY",0.00,,Y,A,-,N,,,,,,,,,,Y,1,1,0,2,A,-,10,21950,A,N,G,B,B,A,H,-,A,D,0,Y,,,,Y,,A,07,0,0,0,1,0,0,0,0,0,"- ","- ",,,"SAN JOAQUIN",LATHROP,-121.31576,37.791069999999998
9205809,2020,2021-01-19,3903,2020-11-15,0012,2588,,7,5,4,3903,0,0,0,,0,003,"MAIN ST","WOODWARD AVE",0.00,,Y,B,-,N,,,,,,,,,,N,2,0,1,2,A,-,12,22450,,F,D,C,A,A,H,-,C,A,0,,,,,Y,Y,A,07,1,0,0,0,0,0,0,0,0,"- ","- ",37.775699615478516,-121.21549224853516,"SAN JOAQUIN",MANTECA,-121.21572875976562,37.775699615478516
9465118,2022,2023-01-13,3901,2022-11-10,1750,L15,,4,5,2,3901,0,0,0,,0,,"MCHENRY AV","CLOUGH AV",0.00,N,N,A,-,N,,,,,,,,,,N,2,0,3,4,A,-,03,22350,,N,C,C,A,A,H,-,D,D,0,,,,,Y,,A,01,1,1,1,0,0,0,0,0,0,"- ","- ",37.780319213867188,-120.99623870849609,"SAN JOAQUIN",ESCALON,-120.99620819091797,37.778453826904297
6390068,2014,2014-06-20,9265,2014-02-15,1545,19139,,6,2,9,3900,0,3,5,,2,010,"CLARK DR","RT 99",5280.00,E,N,B,-,N,,,,,,,,,,N,2,0,1,3,A,-,01,23152,B,N,A,C,A,D,B,-,A,D,0,,,Y,,Y,Y,C,06,1,0,0,0,0,0,0,0,1,"- ","- ",,,"SAN JOAQUIN",UNINCORPORATED,,
7190409,2016,2016-09-21,3905,2016-06-24,2015,1532,LAK,5,5,6,3905,0,0,0,,0,,"PERSHING AV","BROOKSIDE RD",189.00,S,N,A,-,N,,,,,,,,,,Y,1,1,1,2,A,-,01,23152,A,N,D,C,A,A,H,-,A,A,0,,,,,Y,Y,A,01,0,0,1,0,0,0,0,0,0,"- ","- ",37.982190000000003,-121.31862,"SAN JOAQUIN",STOCKTON,-121.31876991999999,37.981498379999998
8404676,2017,2018-05-23,3905,2017-10-07,2112,2021,SEA,6,5,6,3905,0,0,0,,0,,"EL DORADO ST","7TH ST",10.00,S,N,A,-,N,,,,,,,,,,N,1,1,0,2,A,-,10,21954,B,F,G,B,D,A,H,-,C,A,0,Y,,,,Y,Y,-,99,0,0,0,1,0,0,0,0,0,"- ","- ",37.929839999999999,-121.28339,"SAN JOAQUIN",STOCKTON,-121.28316933000001,37.929853870000002
9520281,2022,2023-02-01,3906,2022-07-12,0344,1280,,2,5,5,3906,0,0,0,,0,007,"W SCHULTE RD","SCHULTE CT",0.00,,Y,A,-,N,,,,,,,,,,Y,1,1,0,2,A,-,12,21453,A,N,D,C,A,A,H,-,C,A,0,,,Y,,Y,,-,"- ",0,0,0,0,0,0,0,1,0,"- ","- ",37.721931457519531,-121.52645111083984,"SAN JOAQUIN",TRACY,-121.52649688720703,37.721881866455078
9546855,2022,2023-02-24,3903,2022-12-30,1712,5070,,5,5,4,3903,0,0,0,,0,,BROOKDALE,"COTTAGE AV",14.00,E,N,C,-,N,,,,,,,,,,N,2,0,1,2,D,-,00,,,F,G,B,B,B,H,-,C,D,0,Y,,,,Y,Y,-,"- ",1,0,0,0,1,0,0,0,0,"- ","- ",37.810501098632812,-121.19869232177734,"SAN JOAQUIN",MANTECA,-121.19869232177734,37.810489654541016
82235158,2023,2023-11-14,3906,2023-11-01,"447 ",1803,,3,5,5,3906,0,0,0,,0,004,"GRANT LINE RD","O HARA DR",40.00,S,N,A,-,N,,,,,,,,,,Y,2,0,1,1,C,-,18,,,N,E,I,A,A,H,-,C,D,0,,,,,Y,,-,"- ",1,0,0,0,0,0,0,0,0,"- ","- ",37.753681182861328,-121.43831634521484,"SAN JOAQUIN",TRACY,-121.43853759765625,37.754161834716797
92416285,2024,2024-06-17,9265,2024-06-06,"730 ",021781,,4,1,9,3900,0,1,3,,1,042,"SR-4 E/B","FILBERT STREET",2640.00,E,N,A,-,Y,SJ,,4," ",R,19.398,H,,R,N,2,0,3,1,A,-,08,22107,,N,E,8,A,A,H,-,A,D,0,,,,,Y,,A,01,2,0,1,0,0,0,0,0,0,"- ","- ",37.961399078369141,-121.24243927001953,"SAN JOAQUIN",UNINCORPORATED,-121.24246978759766,37.96142578125
92418516,2023,2024-06-19,9265,2023-03-31,"28  ",020071,,5,3,9,3900,0,1,3,,2,001,"SR-99 N/B","LATHROP RD",1766.00,N,N,A,-,Y,SJ,,99," "," ",9.448,H,,R,Y,1,4,0,3,A,-,01,23152,A,N,A,C,A,A,H,-,C,D,0,,,,,Y,Y,A,01,0,0,0,0,0,0,0,0,0,"- ","- ",37.830440521240234,-121.2174072265625,"SAN JOAQUIN",UNINCORPORATED,-121.21734619140625,37.830440521240234
6290455,2014,2014-05-12,9265,2014-04-08,1610,18836,,2,2,9,3900,0,1,1,,2,505,"RT 5","RT 12",3221.00,N,N,A,-,Y,SJ,10,5,-,-,40.200,H,-,S,Y,1,1,0,2,A,-,07,21658,A,N,B,C,A,A,H,-,A,D,1,,,,,Y,,A,07,0,0,0,0,0,0,0,0,0,"- ","- ",38.124690000000001,-121.40067999999999,"SAN JOAQUIN",UNINCORPORATED,-121.40069662000001,38.124689080000003
6292009,2014,2015-03-07,3905,2014-03-07,0719,2021,SEA,5,5,6,3905,0,0,0,,0,,"EL DORADO ST","SONORA ST",0.00,,Y,A,-,N,,,,,,,,,,Y,1,1,0,2,A,-,01,23152,A,F,G,B,B,A,H,-,A,A,0,Y,,,,Y,Y,D,22,0,0,0,1,0,0,0,0,0,"- ","- ",,,"SAN JOAQUIN",STOCKTON,-121.28871995999999,37.948809969999999
6292175,2015,2015-05-20,9265,2015-03-18,0736,17405,,3,1,4,3903,0,1,3,,2,025,"RT 120","MAIN ST",910.00,W,N,A,-,Y,SJ,10,120,-,R,5.140,H,-,E,Y,1,1,0,2,A,-,03,22350,,N,C,C,A,A,H,-,A,A,1,,,Y,,Y,,C,02,0,0,0,0,0,0,0,1,0,"- ","- ",37.783160000000002,-121.21906,"SAN JOAQUIN",MANTECA,-121.21899544,37.783191549999998
6292199,2015,2015-06-08,9265,2015-02-21,1015,13444,,6,1,9,3900,0,1,3,,1,062,"RT 88","HARNEY LN",3168.00,E,N,A,-,Y,SJ,10,88,-,-,10.210,H,-,W,Y,1,1,3,3,A,-,01,23152,E,N,A,C,A,A,H,-,A,D,0,,,,,Y,,A,08,1,1,1,0,0,0,0,0,0,"- ","- ",38.110889999999998,-121.17552999999999,"SAN JOAQUIN",UNINCORPORATED,-121.17589396,38.110197049999996
6292534,2015,2015-09-01,9265,2015-04-10,0636,17405,,5,1,9,3900,0,1,3,,1,092,"RT 12","PEATLAND RD",2112.00,E,N,A,-,Y,SJ,10,12,-,-,7.380,H,-,W,Y,1,1,1,2,A,-,08,22107,,N,A,C,A,A,H,-,B,D,0,,,,,Y,,A,01,0,1,0,0,0,0,0,0,0,"- ","- ",38.115290000000002,-121.44871000000001,"SAN JOAQUIN",UNINCORPORATED,-121.44898376,38.115411369999997
6389990,2014,2014-03-17,9265,2014-01-13,0638,18289,,1,1,9,3900,0,3,5,,2,030,"FRENCH CAMP RD","RT 99 W FR RD",0.00,,Y,A,-,Y,SJ,10,99,-,-,11.620,R,4,S,Y,1,1,0,2,A,-,09,21801,A,F,D,C,A,A,D,-,D,D,1,,,Y,Y,Y,,F,26,0,0,0,0,0,0,0,1,0,"- ","- ",37.860219999999998,-121.21998000000001,"SAN JOAQUIN",UNINCORPORATED,-121.21888537,37.86177507
6401540,2014,2014-06-06,9265,2014-01-21,1355,018590,,2,1,9,3900,0,3,5,,2,020,"AIRPORT WY","MC MULLIN RD",29.00,S,N,B,-,N,,,,,,,,,,Y,2,0,2,1,A,-,08,22107,,N,E,I,A,A,H,-,A,D,0,,,,,Y,,A,01,2,0,0,0,0,0,0,0,0,"- ","- ",37.735810000000001,-121.25246,"SAN JOAQUIN",UNINCORPORATED,-121.25213037,37.735680350000003
6434165,2014,2016-02-24,9265,2014-03-24,2334,15174,,1,3,9,3900,0,1,3,,1,061,"RT 26","CARDINAL AV",8.00,W,N,A,-,Y,SJ,10,26,-,-,1.880,H,-,E,Y,2,0,1,1,A,-,01,23152,A,N,E,I,A,A,H,-,C,D,0,,,,,Y,Y,A,01,1,0,0,0,0,0,0,0,0,"- ","- ",37.973779999999998,-121.23269999999999,"SAN JOAQUIN",UNINCORPORATED,-121.23243767,37.97388462
6437191,2014,2016-01-15,9265,2014-02-08,1953,018955,,6,2,9,3900,0,1,1,,2,505,"RT 5","THORNTON RD",6336.00,N,N,B,C,Y,SJ,10,5,-,-,48.900,H,-,N,Y,2,0,2,2,A,-,08,22107,,N,D,C,A,B,H,-,D,D,1,,,,,Y,,A,01,1,1,0,0,0,0,0,0,0,"- ","- ",38.24165,-121.44159999999999,"SAN JOAQUIN",UNINCORPORATED,-121.44213185,38.242304509999997
6444306,2014,2016-01-29,9265,2014-03-20,2045,18784,,4,2,9,3900,0,1,3,,1,062,"RT 88","OVERHISER RD",165.00,E,N,A,-,Y,SJ,10,88,-,-,1.280,H,-,E,Y,2,0,2,2,A,-,09,21801,A,F,A,C,A,A,H,-,D,D,0,,,Y,,Y,Y,A,01,1,1,0,0,0,0,0,0,1,"- ","- ",37.995899999999999,-121.2329,"SAN JOAQUIN",UNINCORPORATED,-121.23189701,37.996390949999999
6503697,2014,2014-07-26,9265,2014-05-01,2215,18955,,4,3,9,3900,0,2,4,,1,072,"EL CAMINO AV","PERSHING AV",0.00,,Y,A,-,N,,,,,,,,,,Y,2,0,1,2,A,-,01,23152,A,N,D,C,A,A,H,-,C,A,0,,,,,Y,Y,A,07,1,0,0,0,0,0,0,0,0,"- ","- ",38.132399999999997,-121.19801,"SAN JOAQUIN",UNINCORPORATED,-121.3299999,38.022039960000001
6531072,2014,2014-08-09,3906,2014-06-03,2202,00916,,2,5,5,3906,0,0,0,,0,006,"TRACY BL","SUGAR RD",188.00,S,N,A,-,N,,,,,,,,,,Y,2,0,1,2,A,-,11,21956,,N,G,B,E,A,H,-,D,D,0,Y,,,,Y,Y,N,60,1,0,0,0,1,0,0,0,0,"- ","- ",,,"SAN JOAQUIN",TRACY,-121.43511603,37.773403649999999
6561453,2014,2014-08-28,3906,2014-07-08,1641,1195,,2,5,5,3906,0,0,0,,0,004,"NAGLEE RD",PAVILION,15.00,W,N,A,-,N,,,,,,,,,,Y,2,0,1,1,A,-,08,22107,,N,H,J,A,A,H,-,A,D,0,,,Y,,Y,,C,02,1,0,0,0,0,0,0,0,1,"- ","- ",,,"SAN JOAQUIN",TRACY,-121.46338655,37.756381789999999
6606108,2014,2015-12-29,9265,2014-05-02,2050,19136,,5,2,6,3905,0,1,1,,2,503,"RT 5","DOWNING AV",738.00,S,N,A,-,Y,SJ,10,5,-,R,23.490,R,2,N,Y,1,1,0,2,A,-,11,21954,A,N,G,B,D,A,D,-,D,D,1,Y,,,,Y,Y,N,60,0,0,0,1,0,0,0,0,0,TO,"- ",37.911009999999997,-121.28843999999999,"SAN JOAQUIN",STOCKTON,-121.28849231,37.910572000000002