CASE_ID,ACCIDENT_YEAR,PROC_DATE,JURIS,COLLISION_DATE,COLLISION_TIME,OFFICER_ID,REPORTING_DISTRICT,DAY_OF_WEEK,CHP_SHIFT,POPULATION,CNTY_CITY_LOC,SPECIAL_COND,BEAT_TYPE,CHP_BEAT_TYPE,CITY_DIVISION_LAPD,CHP_BEAT_CLASS,BEAT_NUMBER,PRIMARY_RD,SECONDARY_RD,DISTANCE,DIRECTION,INTERSECTION,WEATHER_1,WEATHER_2,STATE_HWY_IND,CALTRANS_COUNTY,CALTRANS_DISTRICT,STATE_ROUTE,ROUTE_SUFFIX,POSTMILE_PREFIX,POSTMILE,LOCATION_TYPE,RAMP_INTERSECTION,SIDE_OF_HWY,TOW_AWAY,COLLISION_SEVERITY,NUMBER_KILLED,NUMBER_INJURED,PARTY_COUNT,PRIMARY_COLL_FACTOR,PCF_CODE_OF_VIOL,PCF_VIOL_CATEGORY,PCF_VIOLATION,PCF_VIOL_SUBSECTION,HIT_AND_RUN,TYPE_OF_COLLISION,MVIW,PED_ACTION,ROAD_SURFACE,ROAD_COND_1,ROAD_COND_2,LIGHTING,CONTROL_DEVICE,CHP_ROAD_TYPE,PEDESTRIAN_ACCIDENT,BICYCLE_ACCIDENT,MOTORCYCLE_ACCIDENT,TRUCK_ACCIDENT,NOT_PRIVATE_PROPERTY,ALCOHOL_INVOLVED,STWD_VEHTYPE_AT_FAULT,CHP_VEHTYPE_AT_FAULT,COUNT_SEVERE_INJ,COUNT_VISIBLE_INJ,COUNT_COMPLAINT_PAIN,COUNT_PED_KILLED,COUNT_PED_INJURED,COUNT_BICYCLIST_KILLED,COUNT_BICYCLIST_INJURED,COUNT_MC_KILLED,COUNT_MC_INJURED,PRIMARY_RAMP,SECONDARY_RAMP,LATITUDE,LONGITUDE,COUNTY,CITY,POINT_X,POINT_Y
6625795,2014,2016-04-28,9265,2014-08-20,2245,019341,,3,3,9,3900,0,1,3,,1,092,"RT 12","DEVRIES RD",135.00,E,N,A,-,Y,SJ,10,12,-,-,12.690,H,-,E,Y,2,0,2,2,A,-,03,22350,,N,C,C,A,A,H,-,D,D,0,,,,,Y,,A,01,1,0,1,0,0,0,0,0,0,"- ","- ",38.655999999999999,-121.21599999999999,"SAN JOAQUIN",UNINCORPORATED,-121.35191944,38.115736060000003
6629039,2014,2016-04-28,9265,2014-08-24,1658,018047,,7,2,9,3900,0,1,3,,1,092,"RT 12","MOKELUMNE RIVER",7392.00,E,N,A,-,Y,SJ,10,12,-,-,1.560,H,-,W,Y,2,0,1,1,A,-,08,22107,,N,F,A,A,A,D,-,A,D,0,,,,,Y,,A,01,1,0,0,0,0,0,0,0,0,"- ","- ",38.116680000000002,-121.55898000000001,"SAN JOAQUIN",UNINCORPORATED,-121.55459718,38.114890590000002
6634119,2014,2014-11-03,9265,2014-09-10,1005,018955,,3,1,9,3900,0,3,5,,2,060,"ARCHERDALE RD","BAKER RD",0.00,,Y,A,-,N,,,,,,,,,,Y,2,0,1,2,A,-,09,21802,A,N,D,C,A,A,H,-,A,A,0,,,,,Y,,A,01,1,0,0,0,0,0,0,0,0,"- ","- ",38.030140000000003,-121.10504,"SAN JOAQUIN",UNINCORPORATED,-121.10501988,38.030159939999997
6650885,2014,2014-10-09,3906,2014-09-14,1102,1372,,7,5,5,3906,0,0,0,,0,003,"BYRON RD","LANDERSHIRE DR",2112.00,E,N,A,-,N,,,,,,,,,,Y,2,0,1,2,A,-,09,21801,A,N,A,C,A,A,H,-,A,D,0,,,Y,,Y,,A,01,1,0,0,0,0,0,0,0,1,"- ","- ",,,"SAN JOAQUIN",TRACY,-121.46372795000001,37.744877700000004
6686409,2014,2014-12-09,9266,2014-10-29,1855,018330,,3,2,9,3900,0,1,1,,2,014,"RT 205","MOUNTAIN HOUSE PKWY",734.00,W,N,A,-,Y,,,205,,,,,,,Y,2,0,1,1,A,-,01,23152,A,N,F,A,A,A,H,-,C,D,0,,,,,Y,Y,D,22,1,0,0,0,0,0,0,0,0,TO,"- ",37.741799999999998,-121.53388,"SAN JOAQUIN",UNINCORPORATED,-121.53383288000001,37.742544680000002
6786436,2014,2015-05-20,9265,2014-12-18,1157,18784,,4,1,9,3900,0,1,3,,1,062,"RT 88","ASHLEY LN",0.00,,Y,A,-,Y,,,88,,,,,,,Y,2,0,1,2,A,-,01,23152,A,N,A,C,A,A,H,-,A,D,0,,,,,Y,Y,A,01,1,0,0,0,0,0,0,0,0,"- ","- ",38.007680000000001,-121.21682,"SAN JOAQUIN",UNINCORPORATED,-121.21678987,38.007646129999998
6820935,2014,2015-03-09,9265,2014-12-31,0700,019182,,3,1,9,3900,0,1,3,,1,092,"RT 12","GUARD RD",2112.00,W,N,A,-,Y,,,12,,,,,,,Y,2,0,3,3,A,-,03,22350,,N,C,C,A,A,H,-,B,D,0,,,,,Y,,D,22,1,0,2,0,0,0,0,0,0,"- ","- ",38.115499999999997,-121.4302,"SAN JOAQUIN",UNINCORPORATED,-121.43019842,38.115482909999997
6865860,2015,2015-04-09,9265,2015-03-04,1540,13444,,3,2,9,3900,0,3,5,,2,060,"LIBERTY RD","JACK TONE RD",750.00,W,N,A,-,N,,,,,,,,,,Y,2,0,4,2,A,-,08,22107,,N,B,C,A,A,H,-,A,D,0,,,,,Y,,A,01,1,0,3,0,0,0,0,0,0,"- ","- ",38.234740000000002,-121.15635,"SAN JOAQUIN",UNINCORPORATED,-121.15565119999999,38.23468974
6916995,2015,2016-11-15,3901,2015-04-04,2000,L5,,6,5,2,3901,0,0,0,,0,,"RT 120","BRENNAN AV",0.00,,Y,A,-,Y,SJ,10,120,-,-,15.860,I,5,E,Y,2,0,1,2,A,-,09,21802,,N,D,D,A,A,H,-,C,A,0,,,,,Y,,D,82,1,0,0,0,0,0,0,0,0,"- ","- ",,,"SAN JOAQUIN",ESCALON,-121.01498807,37.798526870000003
6960369,2015,2016-11-05,9265,2015-05-09,2252,15174,,6,3,9,3900,0,1,3,,1,063,"RT 12","LOCUST TREE RD",311.00,E,N,A,-,Y,SJ,10,12,-,-,21.450,H,-,W,N,2,0,1,2,A,-,11,21954,A,N,G,B,E,A,H,-,D,D,0,Y,,,,Y,Y,N,60,1,0,0,0,1,0,0,0,0,"- ","- ",38.138500000000001,-121.19396999999999,"SAN JOAQUIN",UNINCORPORATED,-121.19574894,38.138026070000002
6969066,2015,2016-12-07,9265,2015-05-21,0355,019341,,4,3,2,3920,0,1,1,,2,502,"RT 5","RT 120",2175.00,N,N,A,-,Y,SJ,10,5,-,R,15.310,H,-,S,N,2,0,1,2,A,-,08,22107,,F,G,B,E,A,H,-,D,D,1,Y,,,,Y,,-,99,1,0,0,0,1,0,0,0,0,"- ","- ",37.795229999999997,-121.30104,"SAN JOAQUIN",LATHROP,-121.30094411,37.795376210000001
6971927,2015,2016-12-05,9265,2015-05-22,0007,018955,,5,3,6,3905,0,1,1,,2,504,"RT 5","MOSHER SLOUGH",144.00,N,N,A,-,Y,SJ,10,5,-,-,33.550,H,-,S,Y,2,0,1,1,A,-,01,23152,A,N,E,I,A,A,H,-,D,D,1,,,,,Y,Y,A,07,1,0,0,0,0,0,0,0,0,"- ","- ",38.033070000000002,-121.36467,"SAN JOAQUIN",STOCKTON,-121.36480532,38.033118459999997
7006241,2015,2015-11-17,9265,2015-05-07,0742,17405,,4,1,4,3903,0,1,3,,2,025,"RT 120","MAIN ST",2.00,E,N,A,-,Y,SJ,10,120,-,R,5.310,H,-,E,Y,1,1,2,5,A,-,03,22350,,N,C,C,A,A,H,-,A,D,1,,,,Y,Y,,G,27,1,1,0,0,0,0,0,0,0,"- ","- ",37.783299999999997,-121.215,"SAN JOAQUIN",MANTECA,-121.21589772,37.78320978
7006781,2015,2017-04-11,3902,2015-07-18,1315,16,,6,5,5,3902,0,0,0,,0,,"SOUTH CHEROKEE LN","VINE ST",137.00,S,N,A,-,N,,,,,,,,,,Y,1,1,0,1,A,-,08,22107,,N,E,I,A,A,H,-,A,D,0,,,Y,,Y,,C,02,0,0,0,0,0,0,0,1,0,"- ","- ",,,"SAN JOAQUIN",LODI,-121.26055796,38.123033880000001
7045969,2015,2015-09-18,3900,2015-08-22,0715,7634,LATHR,6,5,2,3920,0,0,0,,0,009,"MCKINLEY AV","LOUISE AV",1320.00,S,N,A,-,N,,,,,,,,,,Y,2,0,1,2,A,-,01,23153,A,N,A,C,A,A,H,-,A,D,0,,,,,Y,Y,D,22,1,0,0,0,0,0,0,0,0,"- ","- ",,,"SAN JOAQUIN",LATHROP,-121.27117831,37.80823058
7175033,2015,2017-01-28,3905,2015-11-12,2226,2682,SEA,4,5,6,3905,0,0,0,,0,,"RT 5","W CHARTER WY",0.00,,Y,A,-,Y,SJ,10,5,-,-,25.496,R,1,S,Y,2,0,2,2,A,-,03,22350,,F,C,C,A,A,H,-,C,A,0,,,,,Y,,A,01,2,0,0,0,0,0,0,0,0,SF,"- ",37.933059999999998,-121.31233,"SAN JOAQUIN",STOCKTON,-121.29799088,37.938633350000003
7175803,2015,2016-03-25,3905,2015-12-04,1338,2063,PAR,5,5,6,3905,0,0,0,,0,,"PINCHOT ST","AIRPORT WY",17.00,E,N,A,-,N,,,,,,,,,,N,1,1,0,2,A,-,08,22107,,N,G,B,F,A,H,-,A,A,0,Y,,,,Y,,A,01,0,0,0,1,0,0,0,0,0,"- ","- ",37.968429999999998,-121.27755000000001,"SAN JOAQUIN",STOCKTON,-121.27769264,37.968470859999996
7176747,2015,2016-02-10,3905,2015-11-17,1246,2463,CIV,2,5,6,3905,0,0,0,,0,,"MINER AV","HUNTER ST",0.00,,Y,A,-,N,,,,,,,,,,Y,2,0,1,2,A,-,09,21801,A,F,D,C,A,A,H,-,A,A,0,,,Y,,Y,,D,22,1,0,0,0,0,0,0,0,1,"- ","- ",37.955930000000002,-121.28925,"SAN JOAQUIN",STOCKTON,-121.28932992999999,37.955899969999997
7192348,2016,2016-03-17,3900,2016-02-05,1821,152605,,5,5,2,3920,0,0,0,,0,009,"HARLAN RD","SLATE ST",0.00,,Y,A,-,N,,,,,,,,,,Y,2,0,1,2,A,-,09,21802,A,N,A,C,A,B,H,-,C,A,0,,,,,Y,,A,01,1,0,0,0,0,0,0,0,0,"- ","- ",,,"SAN JOAQUIN",LATHROP,-121.28499995999999,37.840969909999998
7192702,2016,2017-02-11,3902,2016-01-26,1613,90,,2,5,5,3902,0,0,0,,0,,"RT 12","S WASHINGTON ST",83.00,W,N,A,-,Y,SJ,10,12,-,-,17.530,H,-,W,Y,2,0,2,4,A,-,01,23152,A,N,C,C,A,A,H,-,A,D,0,,,,,Y,Y,D,22,1,1,0,0,0,0,0,0,0,"- ","- ",,,"SAN JOAQUIN",LODI,-121.26795838,38.115976930000002
7199482,2015,2016-03-21,3903,2015-09-25,0846,1751,,5,5,4,3903,0,0,0,,0,,"EDISON ST","LINCOLN AV",8.00,E,N,A,-,N,,,,,,,,,,N,1,1,0,2,A,-,10,21950,A,N,G,B,B,A,H,-,A,A,0,Y,,,,Y,,A,01,0,0,0,1,0,0,0,0,0,"- ","- ",,,"SAN JOAQUIN",MANTECA,-121.21402231,37.806530119999998
7200123,2017,2019-04-08,3905,2017-02-09,1914,2133,PAR,4,5,6,3905,0,0,0,,0,,"WILSON WY","ACACIA ST",96.00,N,N,C,-,N,,,,,,,,,,N,1,1,0,2,A,-,11,21955,,F,G,B,D,B,H,-,C,A,0,Y,,,,Y,,N,60,0,0,0,1,0,0,0,0,0,"- ","- ",37.965589999999999,-121.27408,"SAN JOAQUIN",STOCKTON,-121.27429368,37.965947120000003
7200238,2017,2017-07-13,3905,2017-03-13,0609,2424,PAR,1,5,6,3905,0,0,0,,0,,"AIRPORT WY","INDUSTRIAL DR",320.00,N,N,A,-,N,,,,,,,,,,Y,1,1,0,1,A,-,07,21658,A,N,E,I,A,A,H,-,C,D,0,,,,,Y,,A,01,0,0,0,0,0,0,0,0,0,"- ","- ",37.910879999999999,-121.25845,"SAN JOAQUIN",STOCKTON,-121.25891022,37.911813879999997
7208592,2016,2016-03-25,3905,2016-02-19,0210,2681,,5,5,6,3905,0,0,0,,0,,"MARCH LN","GROUSE RUN DR",714.00,W,N,A,-,N,,,,,,,,,,N,2,0,1,1,A,-,03,22350,,N,E,I,A,A,H,-,C,D,0,,,,,Y,,D,22,1,0,0,0,0,0,0,0,0,"- ","- ",37.987490000000001,-121.32879,"SAN JOAQUIN",STOCKTON,-121.33156724,37.986676119999998
8003102,2015,2016-08-31,3902,2015-10-28,0656,23,,3,5,5,3902,0,0,0,,0,,"LOWER SACRAMENTO RD","KETTLEMAN LN",678.00,S,N,A,-,N,,,,,,,,,,Y,1,1,0,2,A,-,09,21804,A,N,D,C,A,B,H,-,B,A,0,,,Y,,Y,,A,01,0,0,0,0,0,0,0,1,0,"- ","- ",,,"SAN JOAQUIN",LODI,-121.30660951999999,38.113638420000001
8046992,2016,2016-05-18,3902,2016-03-02,1257,NG35,,3,5,5,3902,0,0,0,,0,,"W CENTURY BL","S LOWER SACRAMENTO RD",0.00,,Y,A,-,N,,,,,,,,,,Y,2,0,5,2,D,-,00,,,N,A,C,A,A,H,-,A,A,0,,,,,Y,,-,"- ",1,0,4,0,0,0,0,0,0,"- ","- ",,,"SAN JOAQUIN",LODI,-121.30631993999999,38.108240000000002
8125252,2016,2016-11-22,3900,2016-08-18,2205,152605,,4,5,2,3920,0,0,0,,0,009,"HARLAN RD","SLATE ST",0.00,,Y,A,-,N,,,,,,,,,,Y,2,0,2,3,A,-,"- ",,,N,D,C,A,A,H,-,C,A,0,,,Y,,Y,,C,02,1,0,1,0,0,0,0,0,1,"- ","- ",,,"SAN JOAQUIN",LATHROP,-121.28499995999999,37.840969909999998
8148556,2016,2016-10-21,3903,2016-09-10,0123,3580,,6,5,4,3903,0,0,0,,0,,"EL PORTAL AV","VIRGINIA ST",100.00,N,N,A,-,N,,,,,,,,,,N,2,0,1,2,A,-,01,23153,A,F,G,B,E,A,H,-,C,D,0,Y,,,,Y,Y,D,22,1,0,0,0,1,0,0,0,0,"- ","- ",37.796080000000003,-121.2325,"SAN JOAQUIN",MANTECA,-121.23240493,37.796224389999999
8157398,2016,2016-11-03,3906,2016-10-20,0558,1056,123,4,5,5,3906,0,0,0,,0,006,"GRANT LINE RD","JOE POMBO",124.00,E,N,A,-,N,,,,,,,,,,N,2,0,1,2,A,-,11,21954,A,N,G,B,D,A,H,-,C,A,0,Y,,,,Y,,N,60,1,0,0,0,1,0,0,0,0,"- ","- ",,,"SAN JOAQUIN",TRACY,-121.45872106,37.754201549999998
8166683,2016,2017-02-02,3905,2016-09-15,1422,2015,VAL,4,5,6,3905,0,0,0,,0,,"HOLMAN RD","DELFINA WY",0.00,,Y,A,-,N,,,,,,,,,,Y,1,1,1,2,A,-,12,21453,A,N,D,C,A,A,H,-,A,A,0,,,,,Y,,A,07,1,0,0,0,0,0,0,0,0,"- ","- ",38.041429999999998,-121.26988,"SAN JOAQUIN",STOCKTON,-121.26968999,38.041599959999999
8167238,2018,2020-05-21,3906,2018-04-21,0129,1052,,6,5,5,3906,0,0,0,,0,001,"MACARTHUR DR","SCHULTE RD",141.00,N,N,A,-,N,,,,,,,,,,N,1,1,0,2,A,-,05,21650,,F,B,B,E,A,H,-,C,D,0,Y,,,,Y,Y,A,01,0,0,0,1,0,0,0,0,0,"- ","- ",,,"SAN JOAQUIN",TRACY,-121.41648101806641,37.725536346435547
81674123,2021,2022-01-10,3905,2021-09-21,1156,2762,CIV,2,5,6,3905,0,0,0,,0,,"EL DORADO ST","JAMESTOWN ST",337.00,S,N,A,-,N,,,,,,,,,,Y,1,1,0,1,A,-,01,23152,A,N,E,I,A,A,H,-,A,D,0,,,,,Y,,A,01,0,0,0,0,0,0,0,0,0,"- ","- ",37.993621826171875,-121.30429840087891,"SAN JOAQUIN",STOCKTON,-121.30442810058594,37.992908477783203
81725800,2021,2022-03-17,3905,2021-10-16,2309,2747,BEA,6,5,6,3905,0,0,0,,0,,"HAMMER LN","THORNTON RD",0.00,,Y,B,-,N,,,,,,,,,,Y,1,1,4,4,A,-,12,21453,A,N,D,C,A,A,H,-,C,A,0,,,,,Y,Y,A,01,0,1,3,0,0,0,0,0,0,"- ","- ",38.020790100097656,-121.32563781738281,"SAN JOAQUIN",STOCKTON,-121.32518768310547,38.021041870117188
81726022,2022,2022-03-17,3905,2022-01-25,1828,3020,CIV,2,5,6,3905,0,0,0,,0,,"WEST LN","ENTERPRISE ST",560.00,N,N,A,-,N,,,,,,,,,,Y,2,0,1,2,A,-,03,22350,,N,C,C,A,A,H,-,C,D,0,,,,,Y,,A,01,1,0,0,0,0,0,0,0,0,"- ","- ",37.989639282226562,-121.28685760498047,"SAN JOAQUIN",STOCKTON,-121.28671264648438,37.991630554199219
81752173,2022,2022-04-20,3905,2022-03-09,2242,3015,BEA,3,5,6,3905,0,0,0,,0,,"RIO BLANCO RD","EIGHT MILE RD",560.00,S,N,A,-,N,,,,,,,,,,N,2,0,1,1,A,-,01,23152,A,N,E,J,A,A,H,-,D,D,0,,,,,Y,Y,A,01,1,0,0,0,0,0,0,0,0,"- ","- ",38.058719635009766,-121.41761016845703,"SAN JOAQUIN",STOCKTON,-121.41773223876953,38.05682373046875
81777181,2022,2022-05-23,3905,2022-04-10,0115,3137,VAL,7,5,6,3905,0,0,0,,0,,"HAMMER LN","HOLMAN RD",0.00,,Y,A,-,Y,,,,,,,,,,Y,2,0,1,2,A,-,12,21453,A,N,B,C,A,A,H,-,C,A,0,,,,,Y,,A,01,1,0,0,0,0,0,0,0,0,"- ","- ",38.020980834960938,-121.27191162109375,"SAN JOAQUIN",STOCKTON,-121.271728515625,38.021076202392578
81890184,2022,2022-10-14,3905,2022-09-13,0100,3131,SEA,2,5,6,3905,0,0,0,,0,,"HAZELTON AV","SUTTER ST",0.00,,Y,A,-,N,,,,,,,,,,Y,2,0,3,5,A,-,03,22350,,F,D,C,A,A,H,-,C,A,0,,,,,Y,,A,01,1,0,2,0,0,0,0,0,0,"- ","- ",37.946880340576172,-121.28553009033203,"SAN JOAQUIN",STOCKTON,-121.28427886962891,37.94744873046875
81914442,2022,2022-11-10,3905,2022-09-03,0447,2788,VAL,6,5,6,3905,0,0,0,,0,,"WEST LN","SWAIN RD",0.00,,Y,A,-,N,,,,,,,,,,Y,2,0,2,2,A,-,01,23152,A,N,D,C,A,A,H,-,C,A,0,,,,,Y,Y,A,01,1,0,1,0,0,0,0,0,0,"- ","- ",38.010341644287109,-121.29467010498047,"SAN JOAQUIN",STOCKTON,-121.29428100585938,38.010879516601562
81938064,2022,2022-12-09,3905,2022-11-06,0106,3099,CIV,7,5,6,3905,0,0,0,,0,,"HARDING WY","WOOD LN",34.00,E,N,B,-,N,,,,,,,,,,N,2,0,1,1,C,-,18,,,N,E,I,A,A,H,-,C,D,0,,,,,Y,,-,"- ",1,0,0,0,0,0,0,0,0,"- ","- ",37.967548370361328,-121.29139709472656,"SAN JOAQUIN",STOCKTON,-121.29027557373047,37.9681396484375
81948842,2022,2022-12-22,3905,2022-06-07,0445,2718,VAL,2,5,6,3905,0,0,0,,0,,"WEST LN","KNICKERBOCKER DR",394.00,S,N,A,-,N,,,,,,,,,,N,1,1,0,2,A,-,11,21955,,F,G,B,E,A,H,-,C,A,0,Y,,,,Y,,N,60,0,0,0,1,0,0,0,0,0,"- ","- ",38.024238586425781,-121.29518890380859,"SAN JOAQUIN",STOCKTON,-121.29501342773438,38.023159027099609
81990404,2022,2023-02-09,3905,2022-11-13,1809,2785,LAK,7,5,6,3905,0,0,0,,0,,"PERSHING AV","MARCH LN",256.00,N,N,A,-,N,,,,,,,,,,Y,1,1,0,2,A,-,11,21954,A,N,G,B,E,A,H,-,C,D,0,Y,,,,Y,,N,60,0,0,0,1,0,0,0,0,0,"- ","- ",37.989238739013672,-121.32156372070312,"SAN JOAQUIN",STOCKTON,-121.32222747802734,37.989765167236328
81997909,2022,2023-02-20,3905,2022-10-04,0607,2718,SEA,2,5,6,3905,0,0,0,,0,,"CENTER ST","SECOND ST",183.00,S,N,A,-,N,,,,,,,,,,N,1,1,0,2,A,-,11,21954,A,N,G,B,E,A,H,-,C,D,0,Y,,,,Y,Y,N,60,0,0,0,1,0,0,0,0,0,"- ","- ",37.936260223388672,-121.28624725341797,"SAN JOAQUIN",STOCKTON,-121.28584289550781,37.935810089111328
82193938,2023,2023-10-09,3905,2023-09-05,"658 ",2463,CIV,2,5,6,3905,0,0,0,,0,,"HARDING WY","SUNNYSIDE AV",19.00,E,N,A,-,N,,,,,,,,,,Y,2,0,1,1,A,-,03,22350,,N,E,I,A,A,H,-,A,A,0,,,,,Y,,A,07,1,0,0,0,0,0,0,0,0,"- ","- ",37.971248626708984,-121.27100372314453,"SAN JOAQUIN",STOCKTON,-121.27115631103516,37.971385955810547
82240138,2023,2023-11-20,3906,2023-11-07,1511,1824,259,2,5,5,3906,0,0,0,,0,002,"CORIANDER ST","SACRAMENTO DR",0.00,,Y,A,-,N,,,,,,,,,,N,2,0,1,2,A,-,08,22107,,N,G,B,B,A,H,-,A,D,0,Y,,,,Y,,A,01,1,0,0,0,1,0,0,0,0,"- ","- ",37.679450988769531,-121.45847320556641,"SAN JOAQUIN",TRACY,-121.4576416015625,37.679786682128906
82270659,2023,2023-12-26,3905,2023-11-20,1115,7034,CIV,1,5,6,3905,0,0,0,,0,,"FLORA ST","NB I5 OFF RAMP",0.00,,Y,A,-,N,,,,,,,,,,Y,2,0,2,2,A,-,09,21802,A,N,D,C,A,A,H,-,A,A,0,,,,,Y,,A,01,1,0,1,0,0,0,0,0,0,"- ","- ",37.957550048828125,-121.31130218505859,"SAN JOAQUIN",STOCKTON,,
82311000,2023,2024-02-12,3905,2023-12-18,1342,7034,PAR,1,5,6,3905,0,0,0,,0,,"WILSON WY","PARK ST",3.00,S,N,B,-,N,,,,,,,,,,N,2,0,1,2,A,-,10,21950,A,F,G,B,B,A,H,-,A,A,0,Y,,,,Y,,A,01,1,0,0,0,1,0,0,0,0,"- ","- ",37.962680816650391,-121.27333068847656,"SAN JOAQUIN",STOCKTON,-121.2734375,37.962783813476562
82314563,2023,2024-02-15,3905,2023-12-29,1931,2994,CIV,5,5,6,3905,0,0,0,,0,,"FREMONT ST","LINCOLN ST",0.00,,Y,C,-,N,,,,,,,,,,Y,2,0,3,2,A,-,05,21651,B,F,A,C,A,B,H,-,C,A,0,,,,,Y,,A,01,1,1,1,0,0,0,0,0,0,"- ","- ",37.955909729003906,-121.30010986328125,"SAN JOAQUIN",STOCKTON,-121.29898071289062,37.956401824951172
82318993,2023,2024-02-21,3905,2023-03-18,"648 ",2949,,6,5,6,3905,0,0,0,,0,,"MARIPOSA RD","EIGHTH ST",770.00,S,N,A,-,N,,,,,,,,,,N,2,0,1,2,A,-,11,21954,A,F,G,B,D,A,H,-,C,D,0,Y,,,,Y,Y,N,60,1,0,0,0,1,0,0,0,0,"- ","- ",37.937931060791016,-121.24295806884766,"SAN JOAQUIN",STOCKTON,-121.24060821533203,37.937091827392578
82336571,2024,2024-03-12,3924,2024-03-01,1743,1334,,5,5,2,3920,0,0,0,,0,00H,"HARLAN RD","WARREN AVE",358.00,N,-,C,-,N,,,,,,,,,,Y,2,0,2,2,A,-,01,23152,F,N,A,C,A,B,H,-,A,D,0,,,,,Y,Y,A,01,1,1,0,0,0,0,0,0,0,"- ","- ",37.833900451660156,-121.28665161132812,"SAN JOAQUIN",LATHROP,-121.28668975830078,37.833759307861328
82358098,2024,2024-07-11,3905,2024-03-02,"317 ",3214,,6,5,6,3905,0,0,0,,0,,"PARK ST","STANISLAUS ST",62.00,E,N,C,-,N,,,,,,,,,,N,2,0,1,2,A,-,11,21954,A,F,G,B,E,B,H,-,C,D,0,Y,,,,Y,,N,60,1,0,0,0,1,0,0,0,0,"- ","- ",37.960411071777344,-121.28497314453125,"SAN JOAQUIN",STOCKTON,-121.28363037109375,37.961036682128906
82360618,2024,2024-04-11,3905,2024-03-06,2223,3045,PAR,3,5,6,3905,0,0,0,,0,,"WEST LN","ALPINE AV",0.00,,Y,A,-,N,,,,,,,,,,N,2,0,1,2,A,-,11,21956,,N,G,B,D,A,G,-,D,D,0,Y,,,,Y,,N,60,1,0,0,0,1,0,0,0,0,"- ","- ",37.983940124511719,-121.28349304199219,"SAN JOAQUIN",STOCKTON,-121.28391265869141,37.983959197998047
82408340,2024,2024-06-07,3906,2024-05-26,"240 ",1865,,7,5,5,3906,0,0,0,,0,003,"ELEVENTH ST","JEFFERSON PKWY",127.00,E,N,A,-,Y,,,,,,,,,,Y,2,0,1,1,A,-,08,22107,,N,E,I,A,A,H,-,C,D,0,,,,,Y,,A,01,1,0,0,0,0,0,0,0,0,"- ","- ",37.739299774169922,-121.46939086914062,"SAN JOAQUIN",TRACY,-121.46891784667969,37.7393798828125
82421117,2024,2024-06-24,3905,2024-05-20,1242,7273,,1,5,6,3905,0,0,0,,0,,ALLEY,"FIRST ST (1)",18.00,N,N,A,-,N,,,,,,,,,,N,2,0,1,2,A,-,11,21954,A,N,G,B,E,A,H,-,A,A,0,Y,,,,Y,Y,N,60,1,0,0,0,1,0,0,0,0,"- ","- ",37.936958312988281,-121.28771209716797,"SAN JOAQUIN",STOCKTON,-122.90589141845703,38.246345520019531
82425748,2024,2024-06-28,3905,2024-05-25,2315,3165,,6,5,6,3905,0,0,0,,0,,"EL DORADO ST","ALPINE AV",95.00,N,N,A,-,N,,,,,,,,,,N,2,0,1,1,A,-,03,22350,,N,E,I,A,A,H,-,C,D,0,,,Y,,Y,,C,02,1,0,0,0,0,0,0,0,1,"- ","- ",37.980098724365234,-121.29897308349609,"SAN JOAQUIN",STOCKTON,-121.29941558837891,37.980266571044922
8288136,2015,2017-01-21,3905,2015-12-03,1309,1295,SEA,4,5,6,3905,0,0,0,,0,,"CENTER ST","SONORA ST",42.00,N,N,C,-,N,,,,,,,,,,Y,2,0,1,2,A,-,11,21955,,N,G,B,D,B,H,-,A,D,0,Y,,,,Y,,N,60,1,0,0,0,1,0,0,0,0,"- ","- ",37.94858,-121.29004999999999,"SAN JOAQUIN",STOCKTON,-121.29006055000001,37.948712780000001
8288215,2015,2017-01-20,3905,2015-01-14,1039,3452,PAR,3,5,6,3905,0,0,0,,0,,"AIRPORT WY","WASHINGTON ST",0.00,,Y,E,-,N,,,,,,,,,,N,2,0,1,2,D,-,00,,,F,D,G,A,A,H,-,A,D,0,,Y,,,Y,,-,"- ",1,0,0,0,0,0,1,0,0,"- ","- ",,,"SAN JOAQUIN",STOCKTON,-121.27364993,37.953409899999997
8288233,2015,2017-01-23,3905,2015-01-07,2207,2682,PAR,3,5,6,3905,0,0,0,,0,,"WILSON WY","ACACIA ST",249.00,N,N,A,-,N,,,,,,,,,,N,2,0,1,2,A,-,11,21954,A,F,G,B,D,A,H,-,C,D,0,Y,,,,Y,Y,N,60,1,0,0,0,1,0,0,0,0,"- ","- ",,,"SAN JOAQUIN",STOCKTON,-121.27441112,37.966356900000001
8303088,2017,2017-02-10,3905,2017-01-05,1600,2736,PAR,4,5,6,3905,0,0,0,,0,,"AIRPORT WAY","PARK ST",0.00,,Y,A,-,N,,,,,,,,,,Y,2,0,2,2,A,-,12,21453,A,N,D,C,A,A,H,-,A,A,0,,,,,Y,,-,"- ",1,0,1,0,0,0,0,0,0,"- ","- ",37.962240000000001,-121.27593,"SAN JOAQUIN",STOCKTON,-121.27607987,37.962319919999999
8303250,2016,2017-02-03,3905,2016-12-28,1636,2729,PAR,3,5,6,3905,0,0,0,,0,,"FREMONT ST","FILBERT ST",0.00,,Y,A,-,N,,,,,,,,,,N,2,0,1,2,A,-,11,21954,A,N,G,B,D,A,H,-,B,D,0,Y,,,,Y,,N,60,1,0,0,0,1,0,0,0,0,"- ","- ",37.96528,-121.25604,"SAN JOAQUIN",STOCKTON,-121.25621996,37.96550989
83491024,2024,2024-08-05,3905,2024-06-18,2216,3045,,2,5,6,3905,0,0,0,,0,,"BIEGHLE ST","NINTH ST",104.00,N,N,A,-,N,,,,,,,,,,Y,2,0,1,2,A,-,03,22350,,F,G,B,E,A,H,-,C,D,0,Y,,,,Y,,A,01,1,0,0,0,1,0,0,0,0,"- ","- ",37.931709289550781,-121.25904846191406,"SAN JOAQUIN",STOCKTON,-121.25928497314453,37.932159423828125