CASE_ID,ACCIDENT_YEAR,PROC_DATE,JURIS,COLLISION_DATE,COLLISION_TIME,OFFICER_ID,REPORTING_DISTRICT,DAY_OF_WEEK,CHP_SHIFT,POPULATION,CNTY_CITY_LOC,SPECIAL_COND,BEAT_TYPE,CHP_BEAT_TYPE,CITY_DIVISION_LAPD,CHP_BEAT_CLASS,BEAT_NUMBER,PRIMARY_RD,SECONDARY_RD,DISTANCE,DIRECTION,INTERSECTION,WEATHER_1,WEATHER_2,STATE_HWY_IND,CALTRANS_COUNTY,CALTRANS_DISTRICT,STATE_ROUTE,ROUTE_SUFFIX,POSTMILE_PREFIX,POSTMILE,LOCATION_TYPE,RAMP_INTERSECTION,SIDE_OF_HWY,TOW_AWAY,COLLISION_SEVERITY,NUMBER_KILLED,NUMBER_INJURED,PARTY_COUNT,PRIMARY_COLL_FACTOR,PCF_CODE_OF_VIOL,PCF_VIOL_CATEGORY,PCF_VIOLATION,PCF_VIOL_SUBSECTION,HIT_AND_RUN,TYPE_OF_COLLISION,MVIW,PED_ACTION,ROAD_SURFACE,ROAD_COND_1,ROAD_COND_2,LIGHTING,CONTROL_DEVICE,CHP_ROAD_TYPE,PEDESTRIAN_ACCIDENT,BICYCLE_ACCIDENT,MOTORCYCLE_ACCIDENT,TRUCK_ACCIDENT,NOT_PRIVATE_PROPERTY,ALCOHOL_INVOLVED,STWD_VEHTYPE_AT_FAULT,CHP_VEHTYPE_AT_FAULT,COUNT_SEVERE_INJ,COUNT_VISIBLE_INJ,COUNT_COMPLAINT_PAIN,COUNT_PED_KILLED,COUNT_PED_INJURED,COUNT_BICYCLIST_KILLED,COUNT_BICYCLIST_INJURED,COUNT_MC_KILLED,COUNT_MC_INJURED,PRIMARY_RAMP,SECONDARY_RAMP,LATITUDE,LONGITUDE,COUNTY,CITY,POINT_X,POINT_Y
8350880,2017,2018-03-20,3905,2017-04-20,0139,2723,VAL,4,5,6,3905,0,0,0,,0,,"EIGHT MILE RD","RT 99 W FR RD",0.00,,Y,C,-,N,,,,,,,,,,Y,2,0,1,3,A,-,01,23152,A,N,D,C,A,B,H,-,D,A,0,,,,,Y,Y,A,01,1,0,0,0,0,0,0,0,0,"- ","- ",38.057209999999998,-121.2612,"SAN JOAQUIN",STOCKTON,-121.261286,38.057406999999998
8351184,2017,2017-04-28,3905,2017-03-22,2033,2827,SEA,3,5,6,3905,0,0,0,,0,,"MARTIN LUTHER KING BL","LINCOLN ST",129.00,W,N,B,-,N,,,,,,,,,,N,2,0,1,2,A,-,11,21954,A,N,G,B,D,A,H,-,C,A,0,Y,,,,Y,Y,N,60,1,0,0,0,1,0,0,0,0,"- ","- ",37.937539999999998,-121.29397,"SAN JOAQUIN",STOCKTON,-121.2943179,37.937487590000003
8392672,2017,2017-06-22,3905,2017-05-15,1723,2463,PAR,1,5,6,3905,0,0,0,,0,,"FILBERT ST","MINER AV",0.00,,Y,A,-,N,,,,,,,,,,Y,2,0,1,2,A,-,12,22450,A,F,D,C,A,A,H,-,A,A,0,,,Y,,Y,,A,01,1,0,0,0,0,0,0,0,1,"- ","- ",37.962629999999997,-121.25487,"SAN JOAQUIN",STOCKTON,-121.25500998,37.962859899999998
8403483,2017,2017-07-17,3903,2017-05-19,0721,2916,,5,5,4,3903,0,0,0,,0,,"INDUSTRIAL PARK DR","BESSEMER AV",0.00,,Y,A,-,N,,,,,,,,,,N,2,0,1,2,A,-,09,21453,C,N,D,C,A,A,G,-,A,A,0,,,,Y,Y,,A,01,1,0,0,0,0,0,0,0,0,"- ","- ",37.78519,-121.2079,"SAN JOAQUIN",MANTECA,-121.20791989,37.785219920000003
8404563,2017,2019-04-09,3902,2017-04-02,0220,AB48,,7,5,5,3902,0,0,0,,0,,"LOWER SACRAMENTO RD","LODI AV",126.00,N,N,A,-,N,,,,,,,,,,N,1,1,0,2,A,-,11,21954,A,N,G,B,E,A,H,-,C,D,0,Y,,,,Y,,N,60,0,0,0,1,0,0,0,0,0,"- ","- ",,,"SAN JOAQUIN",LODI,-121.30678824,38.130405979999999
8404726,2017,2019-04-09,3906,2017-11-26,1751,1104,5,7,5,5,3906,0,0,0,,0,001,"11TH ST","MACARTHUR DR",600.00,E,N,C,-,N,,,,,,,,,,N,1,1,0,2,D,-,00,,,F,G,B,E,B,D,-,C,D,0,Y,,,,Y,Y,-,"- ",0,0,0,1,0,0,0,0,0,"- ","- ",,,"SAN JOAQUIN",TRACY,-121.41448668,37.739673420000003
8404903,2018,2018-07-11,3905,2018-03-06,1539,2424,SEA,2,5,6,3905,0,0,0,,0,,"CAROLYN WESTON BL","ISHI GOTO ST",68.00,W,N,A,-,N,,,,,,,,,,Y,1,1,0,2,A,-,11,21954,A,N,G,B,D,A,H,-,A,D,0,Y,,,,Y,,N,60,0,0,0,1,0,0,0,0,0,"- ","- ",37.912330627441406,-121.30818939208984,"SAN JOAQUIN",STOCKTON,-121.30850219726562,37.912178039550781
8404904,2018,2018-07-11,3905,2018-03-31,2302,2015,SEA,6,5,6,3905,0,0,0,,0,,"LINCOLN ST","SCOTTS AV",51.00,S,N,A,-,N,,,,,,,,,,Y,1,1,1,1,A,-,01,23152,F,N,E,I,A,A,H,-,C,D,0,,,,,Y,,A,01,0,1,0,0,0,0,0,0,0,"- ","- ",37.944511413574219,-121.29579162597656,"SAN JOAQUIN",STOCKTON,-121.29568481445312,37.944332122802734
8427435,2017,2017-08-16,3905,2017-07-17,0714,2860,CIV,1,5,6,3905,0,0,0,,0,,"LINDSAY ST","AURORA ST",368.00,E,N,A,-,N,,,,,,,,,,N,2,0,1,2,A,-,12,22451,B,N,D,F,A,A,H,-,A,A,0,,Y,,,Y,,L,04,1,0,0,0,0,0,1,0,0,"- ","- ",37.958669999999998,-121.27906,"SAN JOAQUIN",STOCKTON,-121.27922780999999,37.958716240000001
8432901,2017,2017-09-12,3905,2017-07-24,1936,2463,LAK,1,5,6,3905,0,0,0,,0,,"BRIDGEPORT CIR","PLYMOUTH RD",12851.00,E,N,A,-,N,,,,,,,,,,N,2,0,1,2,A,-,03,22350,,N,C,E,A,A,H,-,A,D,0,,,Y,,Y,,C,02,1,0,0,0,0,0,0,0,1,"- ","- ",38.012210000000003,-121.35298,"SAN JOAQUIN",STOCKTON,-121.35154,38.012865959999999
84368428,2024,2024-08-26,3905,2024-07-15,2046,3020,,1,5,6,3905,0,0,0,,0,,"ROOSEVELT ST","AIRPORT WY",0.00,,Y,A,-,N,,,,,,,,,,N,2,0,1,2,A,-,09,21802,A,N,D,G,A,A,H,-,D,D,0,,Y,,,Y,,L,04,1,0,0,0,0,0,1,0,0,"- ","- ",37.966800689697266,-121.27712249755859,"SAN JOAQUIN",STOCKTON,-121.27730560302734,37.966861724853516
84424073,2024,2024-10-09,3905,2024-08-22,2039,3144,,4,5,6,3905,0,0,0,,0,,"E ST","MARKET ST",71.00,N,N,A,-,N,,,,,,,,,,N,2,0,1,2,A,-,11,21954,A,F,G,B,E,A,H,-,C,D,0,Y,,,,Y,,N,60,1,0,0,0,1,0,0,0,0,"- ","- ",37.957931518554688,-121.25788879394531,"SAN JOAQUIN",STOCKTON,-121.258056640625,37.958324432373047
8446078,2017,2017-09-22,3905,2017-08-20,1612,2845,PAR,7,5,6,3905,0,0,0,,0,,"FREMONT ST","GOLDEN GATE AV W",0.00,,Y,A,-,N,,,,,,,,,,Y,2,0,1,2,A,-,09,21801,A,N,D,C,A,A,H,-,A,A,0,,,,,Y,,D,22,1,0,0,0,0,0,0,0,0,"- ","- ",37.967280000000002,-121.25134,"SAN JOAQUIN",STOCKTON,-121.25158991000001,37.967499959999998
84503948,2024,2024-12-16,3906,2024-10-10,"745 ",1245,,4,5,5,3906,0,0,0,,0,006,"LARCH RD","OF THE EAST CURB TO THE ENTRANCE OF THE TRACY WATE",178.00,E,N,A,-,N,,,,,,,,,,Y,2,0,1,1,A,-,03,22350,,N,A,I,A,A,H,-,A,D,0,,,,Y,Y,Y,F,26,1,0,0,0,0,0,0,0,0,"- ","- ",,,"SAN JOAQUIN",TRACY,,
84595359,2025,2025-03-04,3906,2025-02-14,1717,1920,,5,5,5,3906,0,0,0,,0,006,"CLOVER RD","TRACY BLVD",330.00,E,N,B,-,N,,,,,,,,,,N,2,0,1,2,-,-,"- ",,,F,G,B,D,A,H,-,A,A,0,Y,,,,Y,,-,"- ",1,0,0,0,1,0,0,0,0,"- ","- ",37.761459350585938,-121.43504333496094,"SAN JOAQUIN",TRACY,-121.43392181396484,37.761417388916016
84673959,2025,2025-05-05,3905,2025-03-15,2132,2915,,6,5,6,3905,0,0,0,,0,,"CENTER ST","SECOND ST",52.00,S,N,A,-,N,,,,,,,,,,N,2,0,1,2,A,-,09,21804,A,N,D,C,A,A,H,-,C,D,0,,,Y,,Y,,C,02,1,0,0,0,0,0,0,0,1,"- ","- ",37.936260223388672,-121.28624725341797,"SAN JOAQUIN",STOCKTON,-121.28602600097656,37.936138153076172
8480759,2017,2017-11-06,3905,2017-09-15,0910,2857,BEA,5,5,6,3905,0,0,0,,0,,"DAVIS RD","WAGNER HEIGHTS RD",0.00,,Y,A,-,N,,,,,,,,,,Y,2,0,1,2,A,-,12,21453,A,N,D,C,A,A,H,-,A,A,0,,,,,Y,,A,07,1,0,0,0,0,0,0,0,0,"- ","- ",38.035800000000002,-121.33198,"SAN JOAQUIN",STOCKTON,-121.33185,38.03551994
84815030,2025,2025-08-25,3905,2025-06-05,2100,3265,,4,5,6,3905,0,0,0,,0,,"MADISON ST","POPLAR ST",50.00,N,N,A,-,Y,,,,,,,,,,N,2,0,1,2,C,-,18,,,N,G,B,E,A,H,-,D,D,0,Y,,,,Y,,-,"- ",1,0,0,0,1,0,0,0,0,"- ","- ",37.961021423339844,-121.2960205078125,"SAN JOAQUIN",STOCKTON,-121.29618072509766,37.961105346679688
8483185,2017,2018-07-09,3902,2017-09-29,0017,MG44,,5,5,5,3902,0,0,0,,0,,"RT 12","SOUTH STOCKTON ST",135.00,E,N,A,-,Y,SJ,10,12,-,-,17.470,H,-,E,Y,2,0,1,2,A,-,01,23152,A,N,C,C,A,A,H,-,C,A,0,,,,,Y,Y,A,01,1,0,0,0,0,0,0,0,0,"- ","- ",,,"SAN JOAQUIN",LODI,-121.26905477,38.115805160000001
8584556,2018,2018-03-29,3905,2018-02-22,1800,3409,PAR,4,5,6,3905,0,0,0,,0,,"MARIPOSA RD","AUSTIN RD",2862.00,W,N,B,-,N,,,,,,,,,,N,2,0,4,3,A,-,03,22350,,N,D,C,A,A,H,-,D,D,0,,,,,Y,,A,01,1,1,2,0,0,0,0,0,0,"- ","- ",37.912818908691406,-121.18695068359375,"SAN JOAQUIN",STOCKTON,-121.19364929199219,37.918373107910156
8648693,2018,2019-03-12,3905,2018-10-10,1935,2902,PAR,3,5,6,3905,0,0,0,,0,,"RALPH AV","ZAMORA WY",231.00,W,N,A,-,N,,,,,,,,,,Y,1,1,1,2,A,-,03,22350,,F,C,C,A,A,H,-,B,D,0,,,,,Y,,A,07,0,1,0,0,0,0,0,0,0,"- ","- ",37.921749114990234,-121.25473785400391,"SAN JOAQUIN",STOCKTON,-121.25567626953125,37.921703338623047
8674910,2018,2018-10-09,3905,2018-08-01,0455,2798,CIV,3,5,6,3905,0,0,0,,0,,"HARDING WY","WILSON WY",0.00,,Y,A,-,N,,,,,,,,,,N,2,0,1,2,A,-,10,21950,A,N,G,B,B,A,H,-,C,A,0,Y,,,,Y,Y,A,01,1,0,0,0,1,0,0,0,0,"- ","- ",37.970531463623047,-121.27538299560547,"SAN JOAQUIN",STOCKTON,-121.27559661865234,37.970619201660156
8695261,2018,2018-09-19,3906,2018-06-08,2205,1280,,5,5,5,3906,0,0,0,,0,003,"CORRAL HOLLOW RD","TENNIS LN",0.00,,Y,A,-,N,,,,,,,,,,Y,2,0,2,2,A,-,09,21801,A,N,D,C,A,A,H,-,C,D,0,,,Y,,Y,,A,01,2,0,0,0,0,0,0,0,1,"- ","- ",,,"SAN JOAQUIN",TRACY,-121.45321655273438,37.731399536132812
8706169,2018,2018-10-11,3905,2018-08-15,2232,2885,VAL,3,5,6,3905,0,0,0,,0,,"EIGHT MILE RD","LOWER SACRAMENTO RD",0.00,,Y,A,-,N,,,,,,,,,,Y,2,0,1,3,A,-,12,21453,A,N,D,C,A,A,H,-,C,A,0,,,,,Y,Y,D,22,1,0,0,0,0,0,0,0,0,"- ","- ",38.057701110839844,-121.31050872802734,"SAN JOAQUIN",STOCKTON,-121.31057739257812,38.057609558105469
8740096,2018,2018-11-26,3905,2018-10-10,1956,2854,CIV,3,5,6,3905,0,0,0,,0,,"EL DORADO ST","WYANDOTTE ST",0.00,,Y,A,-,N,,,,,,,,,,Y,2,0,3,2,A,-,01,23153,A,N,D,C,A,A,H,-,C,A,0,,,,,Y,,A,01,1,0,2,0,0,0,0,0,0,"- ","- ",37.971599578857422,-121.29521942138672,"SAN JOAQUIN",STOCKTON,-121.29543304443359,37.971549987792969
8820564,2019,2019-03-18,3906,2019-02-27,1909,1441,,3,5,5,3906,0,0,0,,0,001,"N MACARTHUR DR","E 6TH ST",0.00,,Y,B,-,N,,,,,,,,,,Y,2,0,1,2,A,-,11,21950,B,N,G,B,D,A,H,-,C,D,0,Y,,,,Y,,N,60,1,0,0,0,1,0,0,0,0,"- ","- ",,,"SAN JOAQUIN",TRACY,-121.41657257080078,37.737388610839844
8820736,2019,2019-03-18,3902,2019-01-21,1552,ZO57,,1,5,5,3902,0,0,0,,0,,"NORTH CHEROKEE WY","E LOCKEFORD ST",10.00,S,N,A,-,N,,,,,,,,,,N,2,0,1,2,A,-,09,21801,A,N,D,G,A,A,H,-,A,A,0,,Y,,,Y,,A,01,1,0,0,0,0,0,1,0,0,"- ","- ",,,"SAN JOAQUIN",LODI,-121.26097869873047,38.138351440429688
8840944,2019,2019-04-22,3905,2019-02-23,2245,3034,PAR,6,5,6,3905,0,0,0,,0,,"SONORA ST","SIERRA NEVADA ST",78.00,E,N,A,-,N,,,,,,,,,,Y,2,0,2,1,A,-,03,22350,,N,E,I,A,A,H,-,C,D,0,,,,,Y,Y,A,01,1,1,0,0,0,0,0,0,0,"- ","- ",37.951560974121094,-121.27178192138672,"SAN JOAQUIN",STOCKTON,-121.27152252197266,37.951713562011719
8866502,2019,2019-05-24,3905,2019-03-29,1526,2759,PAR,5,5,6,3905,0,0,0,,0,,"UNION ST","PARK ST",0.00,,Y,A,-,N,,,,,,,,,,Y,2,0,2,2,A,-,12,22450,A,N,D,C,A,A,H,-,A,A,0,,,,,Y,,A,07,1,1,0,0,0,0,0,0,0,"- ","- ",37.961818695068359,-121.27852630615234,"SAN JOAQUIN",STOCKTON,-121.27867126464844,37.961891174316406
8911489,2020,2021-02-22,3905,2020-07-10,2346,2429,SEA,5,5,6,3905,0,0,0,,0,,"CAROLYN WESTON BL","QUEENSLAND CIR",13.00,S,N,A,-,N,,,,,,,,,,Y,1,1,0,1,A,-,01,23152,B,N,E,I,A,A,H,-,C,D,0,,,,,Y,Y,A,07,0,0,0,0,0,0,0,0,0,"- ","- ",37.911609649658203,-121.29621887207031,"SAN JOAQUIN",STOCKTON,-121.29635620117188,37.911468505859375
8911594,2020,2020-09-23,3902,2020-06-28,1307,58,,7,5,5,3902,0,0,0,,0,,"SOUTH HUTCHINS ST","W CENTURY BL",0.00,,Y,A,-,N,,,,,,,,,,Y,1,1,0,2,A,-,09,21453,C,N,H,G,A,A,H,-,A,A,0,,,Y,,Y,,O,05,0,0,0,0,0,0,0,1,0,"- ","- ",,,"SAN JOAQUIN",LODI,-121.27893829345703,38.107730865478516
8911996,2020,2021-01-14,3903,2020-03-15,0056,3768,,7,5,4,3903,0,0,0,,0,,"UNION RD","CLEARWATER CREEK BL",0.00,,Y,C,-,N,,,,,,,,,,Y,1,1,1,1,A,-,03,22350,,N,A,I,A,B,H,-,C,D,0,,,,,Y,,A,07,1,0,0,0,0,0,0,0,0,"- ","- ",37.831668853759766,-121.23629760742188,"SAN JOAQUIN",MANTECA,-121.23603820800781,37.831699371337891
8926420,2019,2019-08-23,3905,2019-06-25,0802,2741,CIV,2,5,6,3905,0,0,0,,0,,"EL DORADO ST","ROSE ST",89.00,S,N,A,-,N,,,,,,,,,,N,2,0,1,2,A,-,11,21954,A,F,G,B,D,A,H,-,A,D,0,Y,,,,Y,,N,60,1,0,0,0,1,0,0,0,0,"- ","- ",37.964580535888672,-121.29286956787109,"SAN JOAQUIN",STOCKTON,-121.29296875,37.964328765869141
8939496,2019,2021-05-24,3905,2019-09-18,2006,7053,PAR,3,5,6,3905,0,0,0,,0,,"AIRPORT WY","ANDERSON ST",305.00,N,N,A,-,N,,,,,,,,,,N,1,1,0,2,A,-,11,21954,A,F,G,B,D,A,H,-,C,A,0,Y,,,,Y,,N,60,0,0,0,1,0,0,0,0,0,"- ","- ",37.954341888427734,-121.27153015136719,"SAN JOAQUIN",STOCKTON,-121.27169036865234,37.946269989013672
8939606,2019,2021-05-24,3905,2019-09-25,1822,2291,CIV,3,5,6,3905,0,0,0,,0,,"HARDING WY","COMMERCE ST",0.00,,Y,A,-,N,,,,,,,,,,N,1,1,0,2,A,-,10,21954,B,F,G,B,B,A,H,-,A,A,0,Y,,,,Y,,A,01,0,0,0,1,0,0,0,0,0,"- ","- ",37.967128753662109,-121.29624938964844,"SAN JOAQUIN",STOCKTON,-121.29643249511719,37.967090606689453
8997392,2019,2020-02-08,3905,2019-09-26,0624,2675,VAL,4,5,6,3905,0,0,0,,0,,"MARCH LN","FRED RUSSO DR",0.00,,Y,A,-,N,,,,,,,,,,N,2,0,1,2,A,-,10,21950,A,F,G,B,B,A,H,-,B,A,0,Y,,,,Y,,-,99,1,0,0,0,1,0,0,0,0,"- ","- ",38.005458831787109,-121.27674102783203,"SAN JOAQUIN",STOCKTON,-121.27629089355469,38.005668640136719
90004728,2015,2015-10-19,9265,2015-06-30,1349,018477,,2,1,4,3903,0,1,3,,2,025,"SR-120 E/B","VAN RYN AVE",1185.00,W,N,A,-,Y,,,120,,,,,,E,Y,2,0,3,2,A,-,03,22350,,N,C,C,A,A,H,-,A,D,0,,,,Y,Y,,A,08,1,0,2,0,0,0,0,0,0,"- ","- ",37.783279999999998,-121.20483,"SAN JOAQUIN",MANTECA,-121.20483013,37.783205850000002
90018599,2015,2015-10-19,9265,2015-08-28,2230,019073,,5,3,6,3905,0,1,3,,2,003,"SR-99 N/B","ARCH RD",1320.00,N,N,A,-,Y,,,,,,,,,,Y,2,0,2,2,A,-,01,23152,A,N,E,I,A,A,H,-,C,D,0,,,,,Y,Y,A,01,1,0,1,0,0,0,0,0,0,"- ","- ",37.8979,-121.21111999999999,"SAN JOAQUIN",STOCKTON,-121.2242045,37.908302630000001
90037354,2015,2015-10-23,9266,2015-10-08,2245,017940,,4,3,9,3900,0,1,1,,1,015,"INTERSTATE 205 W/B","PARADISE ROAD",1584.00,W,N,A,-,Y,,,205,,,,,,W,Y,1,1,0,1,A,-,03,22350,,N,E,I,A,A,H,-,D,D,0,,,,,Y,,A,01,0,0,0,0,0,0,0,0,0,"- ","- ",37.765770000000003,-121.38243,"SAN JOAQUIN",UNINCORPORATED,-121.38242845000001,37.765059010000002
90039679,2015,2015-10-29,9265,2015-10-11,1330,019558,,7,1,9,3900,0,1,3,,2,004,"SR-99 N/B","FREMONT ST.",124.00,N,N,A,-,Y,,,,,,,,,,Y,2,0,1,2,A,-,03,22350,,N,C,C,A,A,H,-,A,D,0,,,,,Y,,A,01,1,0,0,0,0,0,0,0,0,"- ","- ",37.977029999999999,-121.24738000000001,"SAN JOAQUIN",UNINCORPORATED,-121.24585018000001,37.970341939999997
90040195,2015,2015-10-29,9265,2015-10-15,0748,015756,,4,1,9,3900,0,1,3,,2,004,"SR-99 N/B","MORADA LN",2640.00,N,N,A,-,Y,,,99,,,,,,N,Y,2,0,6,2,A,-,08,22107,,N,C,E,A,A,H,-,A,D,0,,,,,Y,,A,01,1,1,4,0,0,0,0,0,0,"- ","- ",38.0441,-121.25848000000001,"SAN JOAQUIN",UNINCORPORATED,-121.25847011,38.044100720000003
90057731,2015,2015-11-23,9265,2015-10-29,2250,019341,,4,3,9,3900,0,1,1,,2,502,"I-5 N/B","EL DORADO ST",1584.00,S,N,A,-,Y,,,,,,,,,,Y,2,0,2,2,A,-,03,22350,,N,C,C,A,A,H,-,D,D,0,,,,,Y,,A,07,1,1,0,0,0,0,0,0,0,"- ","- ",37.872549999999997,-121.26990000000001,"SAN JOAQUIN",UNINCORPORATED,-121.28967,37.93186
90067802,2015,2015-12-08,9266,2015-12-02,2250,018217,,3,3,9,3900,0,2,4,,2,027,"DURHAM FERRY ROAD","KOSTER ROAD",2112.00,E,N,B,-,N,,,,,,,,,,Y,2,0,1,1,A,-,01,23152,A,N,E,I,A,A,H,-,D,D,0,,,,,Y,Y,D,22,1,0,0,0,0,0,0,0,0,"- ","- ",37.66733,-121.31726,"SAN JOAQUIN",UNINCORPORATED,-121.31722293999999,37.66735268
90068727,2015,2015-12-09,9265,2015-11-12,1357,17405,,4,1,4,3903,0,1,3,,2,025,"SR-120 E/B","MAIN ST.",2904.00,E,N,A,-,Y,,,120,,,,,,E,Y,2,0,1,2,A,-,03,22350,,N,C,C,A,A,H,-,A,D,0,,,,,Y,,A,01,1,0,0,0,0,0,0,0,0,"- ","- ",37.783140000000003,-121.20569999999999,"SAN JOAQUIN",MANTECA,-121.20569989000001,37.783207310000002
90076351,2015,2015-12-17,9265,2015-12-04,2038,019991,,5,2,9,3900,0,1,3,,1,011,SR-120,"JACK TONE RD",3200.00,W,N,A,-,Y,,,120,,,,,,,Y,2,0,1,2,A,-,01,23152,A,N,B,C,A,A,H,-,D,D,0,,,,Y,Y,Y,A,01,1,0,0,0,0,0,0,0,0,"- ","- ",37.797580000000004,-121.15445,"SAN JOAQUIN",UNINCORPORATED,-121.15445003000001,37.797595960000002
90083866,2015,2016-02-22,9265,2015-12-19,2308,019996,,6,3,4,3903,0,1,3,,2,001,"SR-99 N/B","SR-120 (YOSEMITE AVE)",1100.00,S,N,A,-,Y,,,,,,,,,,Y,2,0,1,1,A,-,03,22350,,N,D,I,A,A,H,-,A,D,0,,,,,Y,,A,01,1,0,0,0,0,0,0,0,0,"- ","- ",37.465649999999997,-121.11145999999999,"SAN JOAQUIN",MANTECA,-121.18964147,37.79147966
90091078,2015,2016-01-08,9265,2015-11-12,1325,018784,,4,1,6,3905,0,1,3,,1,042,"SR-4 W/B","CENTER ST",1562.00,W,N,A,-,Y,,,4,,,,,,W,N,1,1,0,2,A,-,09,21804,A,N,D,G,A,A,H,-,A,D,0,,Y,,,Y,,L,04,0,0,0,0,0,1,0,0,0,"- ","- ",37.949629999999999,-121.29572,"SAN JOAQUIN",STOCKTON,-121.29565764,37.949273779999999
90100860,2015,2016-01-22,9265,2015-12-16,1745,013515,,3,2,9,3900,0,1,3,,1,013,"STATE ROUTE 4","BUCKMAN ROAD",3168.00,E,N,A,-,Y,,,4,,,,,,,Y,1,1,0,1,A,-,08,22107,,N,E,I,A,A,H,-,D,D,0,,,,,Y,,A,01,0,0,0,0,0,0,0,0,0,"- ","- ",37.930309999999999,-120.96572999999999,"SAN JOAQUIN",UNINCORPORATED,-120.96572985,37.93027755
90161680,2015,2016-04-20,9265,2015-09-20,2338,016661,,7,3,9,3900,0,3,5,,2,020,"MCKINLEY AVENUE","WYMAN ROAD",1584.00,N,N,A,-,N,,,,,,,,,,Y,1,4,0,1,A,-,01,23152,,N,F,A,A,A,H,-,D,D,0,,,,,Y,Y,A,07,0,0,0,0,0,0,0,0,0,"- ","- ",37.874670000000002,-121.27422,"SAN JOAQUIN",UNINCORPORATED,-121.27416628,37.876860229999998
9018542,2019,2020-01-22,3905,2019-11-18,1717,2429,CIV,1,5,6,3905,0,0,0,,0,,"EL DORADO ST","CHURCHILL ST",0.00,,Y,A,-,N,,,,,,,,,,N,2,0,1,2,A,-,01,23152,F,N,G,B,B,A,H,-,C,A,0,Y,,,,Y,,A,07,1,0,0,0,1,0,0,0,0,"- ","- ",37.985988616943359,-121.30132293701172,"SAN JOAQUIN",STOCKTON,-121.30171966552734,37.98590087890625
90194073,2016,2016-06-03,9266,2016-05-13,0355,018751,9266,5,3,9,3900,0,2,4,,2,013,"BYRON ROAD","WICKLUND ROAD",582.00,N,N,A,-,N,,,,,,,,,,Y,1,1,1,2,A,-,08,22107,,N,E,J,A,A,H,-,D,D,0,,,Y,,Y,,A,01,0,0,1,0,0,0,0,1,0,"- ","- ",37.77561,-121.5196,"SAN JOAQUIN",UNINCORPORATED,-121.51953936,37.77546384
90208972,2016,2016-06-24,9266,2016-05-26,1745,017920,,4,2,9,3900,0,2,4,,1,016,"GRANT LINE ROAD","G STREET",0.00,,Y,A,-,N,,,,,,,,,,Y,1,1,1,2,A,-,03,22350,,N,D,C,A,A,H,-,A,D,0,,,Y,,Y,,C,02,0,0,1,0,0,0,0,1,0,"- ","- ",37.754460000000002,-121.371,"SAN JOAQUIN",UNINCORPORATED,-121.37100995,37.754449899999997
90221327,2016,2016-07-19,9265,2016-07-07,1159,013444,,4,1,5,3902,0,1,3,,2,004,"SR-99 N/B TO CHEROKEE LANE","SR-99 N/B",338.00,S,N,A,-,Y,,,99,,,,R,,N,Y,2,0,2,2,A,-,01,23152,A,N,A,C,A,A,H,-,A,A,0,,,,,Y,Y,D,22,1,1,0,0,0,0,0,0,0,"- ","- ",38.107759999999999,-121.25888999999999,"SAN JOAQUIN",LODI,-121.25888999999999,38.107759999999999
90258387,2016,2016-08-31,9265,2016-08-16,0919,017856,,2,1,9,3900,0,1,1,,2,505,"I-5 S/B","WALNUT GROVE RD",4752.00,N,N,A,-,Y,,,5,,,,,,S,Y,2,0,2,1,A,-,08,22107,,N,F,A,A,A,H,-,A,D,0,,,,,Y,,A,01,1,0,1,0,0,0,0,0,0,"- ","- ",38.242890000000003,-121.44307000000001,"SAN JOAQUIN",UNINCORPORATED,-121.44299617999999,38.242944860000001
90267714,2016,2016-09-14,9266,2016-09-06,1715,012723,,2,2,9,3900,0,1,3,,1,025,"AHERN RD","BIRD RD",0.00,,Y,A,-,N,,,,,,,,,,Y,2,0,1,2,A,-,09,21802,A,N,D,C,A,A,H,-,A,D,0,,,Y,,Y,,C,02,1,0,0,0,0,0,0,0,1,"- ","- ",37.764719999999997,-121.37372999999999,"SAN JOAQUIN",UNINCORPORATED,-121.36121989,37.698419950000002
90269531,2016,2016-09-19,9265,2016-08-22,0315,018511,,1,3,9,3900,0,1,3,,2,006,"SR-99 N/B","PELTIER RD",528.00,S,N,B,-,Y,,,99,,,,,,N,Y,2,0,1,1,A,-,08,22107,,N,E,I,A,A,H,-,C,D,0,,,Y,,Y,,C,02,1,0,0,0,0,0,0,0,1,"- ","- ",38.187339999999999,-121.26237999999999,"SAN JOAQUIN",UNINCORPORATED,-121.26252156,38.18733641
90309591,2016,2016-11-02,9265,2016-10-23,0340,019246,,7,3,4,3903,0,2,4,,1,022,"AUSTIN RD","LATHROP RD",103.00,S,N,A,-,N,,,,,,,,,,Y,2,0,1,1,A,-,08,22107,,N,F,I,A,A,H,-,D,A,0,,,,,Y,,D,22,1,0,0,0,0,0,0,0,0,"- ","- ",37.826430000000002,-121.18129,"SAN JOAQUIN",MANTECA,-121.18567,37.826549999999997
90331731,2016,2016-11-29,9265,2016-11-18,0330,019341,,5,3,6,3905,0,1,3,,2,004,"SR-99 N/B","HAMMER LN",2139.00,N,N,A,-,Y,,,99,,,,,,N,Y,2,0,2,2,A,-,01,23152,A,N,C,C,A,A,H,-,D,D,0,,,,Y,Y,Y,A,01,1,1,0,0,0,0,0,0,0,"- ","- ",38.025469999999999,-121.25818,"SAN JOAQUIN",STOCKTON,-121.25816899,38.02546959