CASE_ID,ACCIDENT_YEAR,PROC_DATE,JURIS,COLLISION_DATE,COLLISION_TIME,OFFICER_ID,REPORTING_DISTRICT,DAY_OF_WEEK,CHP_SHIFT,POPULATION,CNTY_CITY_LOC,SPECIAL_COND,BEAT_TYPE,CHP_BEAT_TYPE,CITY_DIVISION_LAPD,CHP_BEAT_CLASS,BEAT_NUMBER,PRIMARY_RD,SECONDARY_RD,DISTANCE,DIRECTION,INTERSECTION,WEATHER_1,WEATHER_2,STATE_HWY_IND,CALTRANS_COUNTY,CALTRANS_DISTRICT,STATE_ROUTE,ROUTE_SUFFIX,POSTMILE_PREFIX,POSTMILE,LOCATION_TYPE,RAMP_INTERSECTION,SIDE_OF_HWY,TOW_AWAY,COLLISION_SEVERITY,NUMBER_KILLED,NUMBER_INJURED,PARTY_COUNT,PRIMARY_COLL_FACTOR,PCF_CODE_OF_VIOL,PCF_VIOL_CATEGORY,PCF_VIOLATION,PCF_VIOL_SUBSECTION,HIT_AND_RUN,TYPE_OF_COLLISION,MVIW,PED_ACTION,ROAD_SURFACE,ROAD_COND_1,ROAD_COND_2,LIGHTING,CONTROL_DEVICE,CHP_ROAD_TYPE,PEDESTRIAN_ACCIDENT,BICYCLE_ACCIDENT,MOTORCYCLE_ACCIDENT,TRUCK_ACCIDENT,NOT_PRIVATE_PROPERTY,ALCOHOL_INVOLVED,STWD_VEHTYPE_AT_FAULT,CHP_VEHTYPE_AT_FAULT,COUNT_SEVERE_INJ,COUNT_VISIBLE_INJ,COUNT_COMPLAINT_PAIN,COUNT_PED_KILLED,COUNT_PED_INJURED,COUNT_BICYCLIST_KILLED,COUNT_BICYCLIST_INJURED,COUNT_MC_KILLED,COUNT_MC_INJURED,PRIMARY_RAMP,SECONDARY_RAMP,LATITUDE,LONGITUDE,COUNTY,CITY,POINT_X,POINT_Y
90364359,2016,2017-01-09,9265,2016-10-16,0113,019888,,7,3,9,3900,0,1,1,,2,502,"I-5 S/B","ROTH RD.",1090.00,N,N,C,-,Y,,,5,,,,,,S,Y,1,1,0,1,A,-,01,23152,F,N,E,I,A,B,H,-,C,D,0,,,,,Y,Y,A,01,0,0,0,0,0,0,0,0,0,"- ","- ",37.858640000000001,-121.28173,"SAN JOAQUIN",UNINCORPORATED,-121.28144267,37.85856355
90365059,2016,2017-01-10,9265,2016-12-31,1418,019657,,6,2,9,3900,0,1,1,,2,502,"I-5 N/B","ROTH RD",4224.00,S,N,B,-,Y,,,,,,,,,,Y,2,0,1,1,A,-,08,22107,,N,F,I,A,B,H,-,A,D,0,,,,,Y,,A,01,1,0,0,0,0,0,0,0,0,"- ","- ",37.839419999999997,-121.28993,"SAN JOAQUIN",UNINCORPORATED,-121.28467138000001,37.844133900000003
90371787,2017,2017-01-18,9265,2017-01-10,2030,019307,,2,2,6,3905,0,1,1,,2,503,"I-5 S/B","CARLTON AVE",870.00,S,N,C,-,Y,,,,,,,,,,Y,2,0,2,1,A,-,03,22350,,N,E,I,A,B,H,-,D,D,0,,,,,Y,,A,07,1,0,1,0,0,0,0,0,0,"- ","- ",37.955829999999999,-121.35955,"SAN JOAQUIN",STOCKTON,-121.325,37.956099999999999
90430729,2017,2017-04-10,9265,2017-03-14,0615,019413,,2,1,9,3900,0,1,3,,1,013,SR-4,"STANLEY RD",240.00,E,N,A,-,Y,,,4,,,,,,,Y,1,1,1,2,A,-,08,22107,,N,A,C,A,A,H,-,D,D,0,,,,,Y,,D,22,1,0,0,0,0,0,0,0,0,"- ","- ",37.929679999999998,-121.02709,"SAN JOAQUIN",UNINCORPORATED,-121.02709028,37.929716599999999
90461587,2017,2017-05-23,9265,2017-05-15,1110,019182,,1,1,9,3900,0,1,3,,1,013,"SR-4 E/B","HEWITT RD",550.00,E,N,A,-,N,,,4,,,,,,E,Y,2,0,1,1,A,-,03,22350,,N,F,A,A,A,H,-,A,D,0,,,Y,,Y,,C,02,1,0,0,0,0,0,0,0,1,"- ","- ",37.929600000000001,-121.03619999999999,"SAN JOAQUIN",UNINCORPORATED,-121.03619978,37.929666349999998
90471492,2017,2017-06-06,9265,2017-05-25,2007,019795,,4,2,9,3900,0,2,4,,1,093,"ARMSTRONG RD","LOWER SACRAMENTO RD",1000.00,E,N,A,-,N,,,,,,,,,,Y,2,0,1,1,A,-,01,23152,A,N,E,I,A,A,H,-,A,D,0,,,,,Y,Y,A,01,1,0,0,0,0,0,0,0,0,"- ","- ",38.086509999999997,-121.30691,"SAN JOAQUIN",UNINCORPORATED,-121.30697524,38.08652172
90472869,2017,2017-06-07,9265,2017-05-29,1927,020513,,1,2,9,3900,0,3,5,,2,010,"LOUISE AVE","PRESCOTT RD",1910.00,E,N,A,-,N,,,,,,,,,,Y,2,0,2,2,A,-,01,23153,A,N,A,C,A,A,H,-,A,D,0,,,,,Y,Y,A,01,2,0,0,0,0,0,0,0,0,"- ","- ",37.81212,-121.16001,"SAN JOAQUIN",UNINCORPORATED,-121.16003825999999,37.812130609999997
90554156,2017,2017-09-22,9265,2017-07-06,1401,019128,,4,2,9,3900,0,1,1,,2,505,"INTERSTATE 5 SOUTHBOUND",SR-12,11088.00,S,N,A,-,Y,,,5,,,,,,S,Y,1,2,3,1,A,-,08,22107,,N,F,A,A,A,H,-,A,D,0,,,,,Y,,A,08,1,2,0,0,0,0,0,0,0,"- ","- ",38.087800000000001,-121.3823,"SAN JOAQUIN",UNINCORPORATED,-121.38238683,38.087758559999997
90558317,2017,2017-09-28,9265,2017-08-25,1638,016639,,5,2,9,3900,0,1,1,,2,505,"I-5 N/B","WALNUT GROVE RD",1000.00,S,N,A,-,Y,,,,,,,,,,Y,2,0,2,1,A,-,08,22107,,N,F,A,A,A,H,-,A,D,0,,,,Y,Y,Y,F,26,1,1,0,0,0,0,0,0,0,"- ","- ",,,"SAN JOAQUIN",UNINCORPORATED,,
90568857,2017,2017-10-12,9265,2017-09-22,1145,015756,,5,1,9,3900,0,3,5,,2,030,"SR-99 WEST FRONTAGE ROAD","LOOMIS RD",0.00,,Y,A,-,N,,,,,,,,,,Y,2,0,1,2,A,-,09,21802,B,N,D,C,A,A,H,-,A,D,0,,,,Y,Y,,A,01,1,0,0,0,0,0,0,0,0,"- ","- ",37.856679999999997,-121.04183999999999,"SAN JOAQUIN",UNINCORPORATED,-121.23410998999999,37.931439939999997
90575001,2017,2017-10-20,9265,2017-10-10,1450,016479,,2,2,9,3900,0,1,3,,2,003,"SR-99 N/B","MAIN STREET",1700.00,N,N,A,-,Y,,,99,,,,,,N,Y,2,0,2,4,A,-,03,22350,,N,C,C,A,A,H,-,A,D,0,,,,,Y,,A,01,1,0,1,0,0,0,0,0,0,"- ","- ",37.956769999999999,-121.24005,"SAN JOAQUIN",UNINCORPORATED,-121.24003135,37.956776490000003
90576198,2017,2017-10-23,9265,2017-06-25,2258,019996,,7,3,9,3900,0,1,3,,2,001,"SR-99 N/B TO LATHROP ROAD","LATHROP ROAD",1019.00,S,N,A,-,Y,,,99,,,,R,,N,Y,1,1,0,2,A,-,01,23152,A,F,B,E,A,A,H,-,D,D,0,,,,,Y,Y,D,22,0,0,0,0,0,0,0,0,0,"- ","- ",37.82385,-121.21637,"SAN JOAQUIN",UNINCORPORATED,-121.21637,37.82385
90585799,2017,2017-11-02,9265,2017-10-14,0230,018784,,6,3,9,3900,0,3,5,,2,090,"EMPIRE TRACT RD","EIGHT MILE RD",2112.00,S,N,A,-,N,,,,,,,,,,Y,1,1,1,1,A,-,01,23152,A,N,E,I,A,A,H,-,D,D,0,,,,,Y,Y,A,01,0,1,0,0,0,0,0,0,0,"- ","- ",38.05471,-121.49942,"SAN JOAQUIN",UNINCORPORATED,-121.49946076000001,38.054702890000002
90593719,2017,2017-11-14,9265,2017-11-03,0300,019073,,5,3,9,3900,0,1,3,,2,006,"SR-99 S/B","WOODBRIDGE RD",435.00,N,N,B,-,Y,,,99,,,,,,S,Y,2,0,1,2,A,-,01,23152,A,N,C,C,A,A,H,-,C,D,0,,,,Y,Y,Y,A,01,1,0,0,0,0,0,0,0,0,"- ","- ",38.162089999999999,-121.26191,"SAN JOAQUIN",UNINCORPORATED,-121.26193295,38.162089510000001
90595494,2017,2017-11-16,9265,2017-10-28,2300,019341,,6,3,9,3900,0,1,3,,1,062,SR-88,"VICTOR RD",1437.00,W,N,A,-,Y,,,,,,,,,,Y,2,0,5,2,A,-,05,21650,,N,A,C,A,A,H,-,D,D,0,,,,,Y,,A,01,1,2,2,0,0,0,0,0,0,"- ","- ",38.080399999999997,-121.095,"SAN JOAQUIN",UNINCORPORATED,-121.16394369,38.134967250000003
90598359,2017,2017-11-20,9266,2017-11-15,1105,013650,,3,1,9,3900,0,3,5,,2,001,"HOWARD ROAD","WING LEVEE ROAD",4224.00,W,N,A,-,N,,,,,,,,,,Y,2,0,2,1,A,-,08,22107,,N,E,I,A,A,H,-,A,D,0,,,,,Y,,A,01,2,0,0,0,0,0,0,0,0,"- ","- ",37.875799999999998,-121.40194,"SAN JOAQUIN",UNINCORPORATED,-121.39862553,37.877110139999999
90626205,2017,2017-12-26,9265,2017-12-15,0200,020550,,5,3,9,3900,0,2,4,,1,024,"MC MULLIN RD","AIRPORT WAY",61.00,E,N,A,-,N,,,,,,,,,,Y,2,0,1,1,A,-,01,23152,A,N,E,I,A,A,H,-,D,A,0,,,,,Y,Y,D,22,1,0,0,0,0,0,0,0,0,"- ","- ",37.735759999999999,-121.25197,"SAN JOAQUIN",UNINCORPORATED,-121.25212999999999,37.735759999999999
90642573,2017,2018-01-18,9265,2017-12-08,0937,013444,,5,1,9,3900,0,1,3,,2,003,"SR-99 S/B TO SR-4 W/B","MYRTLE STREET",22.00,S,N,A,-,Y,,,99,,,,R,,S,Y,1,1,3,2,A,-,08,22107,,N,D,C,A,A,H,-,A,D,0,,,,,Y,,A,08,0,3,0,0,0,0,0,0,0,"- ","- ",37.964370000000002,-121.24335000000001,"SAN JOAQUIN",UNINCORPORATED,-121.24335000000001,37.964370000000002
90685500,2018,2018-03-20,9265,2018-03-11,2315,019774,,7,3,9,3900,0,3,5,,2,010,"MCHENRY AVE","RIVER RD",0.00,,Y,B,-,N,,,,,,,,,,Y,2,0,1,1,A,-,01,23152,A,N,E,I,A,A,H,-,C,A,0,,,Y,,Y,Y,C,02,1,0,0,0,0,0,0,0,1,"- ","- ",37.761318206787109,-120.99593353271484,"SAN JOAQUIN",UNINCORPORATED,-120.99575805664062,37.760799407958984
90687475,2018,2018-03-22,9265,2018-01-25,1914,019073,,4,2,4,3903,0,1,3,,2,025,"SR-120 W/B","UNION RD",1320.00,E,N,B,-,Y,,,120,,,,,,W,N,1,1,0,2,A,-,11,21954,A,F,G,B,E,A,H,-,C,D,0,Y,,,,Y,Y,N,60,0,0,0,1,0,0,0,0,0,"- ","- ",37.783409118652344,-121.22976684570312,"SAN JOAQUIN",MANTECA,-121.22976684570312,37.78350830078125
90717985,2018,2018-05-02,9265,2018-04-16,0445,020539,,1,3,2,3920,0,1,1,,2,502,"I-5 N/B","LOUISE AVE",1070.00,S,N,A,-,Y,,,5,,,,,,N,Y,2,0,1,1,A,-,08,22107,,N,E,I,A,A,H,-,D,D,0,,,,,Y,,A,01,1,0,0,0,0,0,0,0,0,"- ","- ",37.809200286865234,-121.29659271240234,"SAN JOAQUIN",LATHROP,-121.29639434814453,37.809131622314453
90738146,2018,2018-05-31,9265,2018-05-21,0655,019182,,1,1,9,3900,0,1,3,,1,013,"SR-4 W/B","HEWITT RD",140.00,E,N,A,-,N,,,4,,,,,,W,Y,2,0,1,1,A,-,01,23152,A,N,E,I,A,A,H,-,A,D,0,,,,,Y,Y,D,22,1,0,0,0,0,0,0,0,0,"- ","- ",37.929771423339844,-121.03765869140625,"SAN JOAQUIN",UNINCORPORATED,-121.03763580322266,37.929851531982422
90740648,2017,2018-06-07,9265,2017-06-05,1050,019558,,1,1,9,3900,0,1,3,,1,092,SR-12,"TOWER PARK BRIDGE",328.00,W,N,A,-,Y,,,12,,,,,,,Y,1,1,0,1,C,-,18,,,N,E,I,A,A,D,-,A,D,0,,,,,Y,,-,"- ",0,0,0,0,0,0,0,0,0,"- ","- ",38.114469999999997,-121.50144,"SAN JOAQUIN",UNINCORPORATED,-121.50145516000001,38.114560060000002
90748019,2018,2018-06-14,9266,2018-06-08,1550,018711,,5,2,9,3900,0,1,3,,1,011,"SR-4 W/B","MIDDLE RIVER BRIDGE",1543.00,E,N,A,-,Y,,,4,,,,,,W,N,2,0,1,1,A,-,08,22107,,N,F,A,A,A,H,-,A,D,0,,,,,Y,,A,07,1,0,0,0,0,0,0,0,0,"- ","- ",37.889739990234375,-121.56221771240234,"SAN JOAQUIN",UNINCORPORATED,-121.56221771240234,37.890003204345703
90760920,2018,2018-07-02,9266,2018-06-22,0620,021975,,5,1,9,3900,0,2,4,,1,016,"GRANT LINE ROAD","7TH ST",0.00,,Y,A,-,N,,,,,,,,,,N,2,0,1,2,A,-,10,21950,A,N,G,B,B,A,H,-,A,A,0,Y,,,,Y,,A,01,1,0,0,0,1,0,0,0,0,"- ","- ",37.754501342773438,-121.37287902832031,"SAN JOAQUIN",UNINCORPORATED,-121.37294006347656,37.7547607421875
90775902,2018,2018-07-25,9265,2018-07-14,1420,020785,,6,2,9,3900,0,1,3,,1,062,"SR-88 W/B","LIVE OAK RD",2107.00,S,N,A,-,Y,,,88,,,,,,W,Y,2,0,2,1,A,-,08,22107,,N,F,J,A,A,H,-,A,D,0,,,,,Y,,D,22,1,1,0,0,0,0,0,0,0,"- ","- ",38.076629638671875,-121.18595123291016,"SAN JOAQUIN",UNINCORPORATED,-121.18594360351562,38.076625823974609
90789193,2018,2018-08-13,9265,2018-07-16,2105,020539,,1,2,9,3900,0,1,3,,1,063,"SR-12 E/B",SR-88,23.00,W,N,A,-,Y,,,12,,,,,,E,Y,2,0,2,2,A,-,03,22350,,N,C,C,A,A,H,-,D,A,0,,,,,Y,,A,01,1,0,1,0,0,0,0,0,0,"- ","- ",38.115180969238281,-121.46119689941406,"SAN JOAQUIN",UNINCORPORATED,-121.46119689941406,38.115383148193359
90792278,2018,2018-08-16,9266,2018-08-14,0555,014808,,2,3,9,3900,0,1,1,,2,021,"I-580 W/B","CORRAL HOLLOW RD",4752.00,E,N,A,-,Y,,,580,,,,,,W,Y,2,0,1,3,A,-,03,22350,,N,C,C,A,A,H,-,A,D,0,,,,,Y,,A,01,1,0,0,0,0,0,0,0,0,"- ","- ",37.664169311523438,-121.442138671875,"SAN JOAQUIN",UNINCORPORATED,-121.44252777099609,37.663520812988281
90795518,2018,2018-08-22,9265,2018-08-10,2500,015490,,5,4,9,3900,0,2,4,,1,064,"SR-99 E FRONTAGE RD","CORA POST RD",1584.00,N,N,A,-,N,,,99,,,,,,,Y,2,0,1,1,A,-,08,22107,,N,E,I,A,A,H,-,D,D,0,,,,,Y,,A,01,1,0,0,0,0,0,0,0,0,"- ","- ",38.074748992919922,-121.25942993164062,"SAN JOAQUIN",UNINCORPORATED,-121.25972747802734,38.074745178222656
90805590,2018,2018-09-05,9265,2018-08-23,1015,017123,,4,1,9,3900,0,1,3,,1,041,SR-4,"BACON ISLAND RD",1320.00,W,N,A,-,Y,,,4,,,,,,,Y,2,0,1,1,A,-,08,22107,,N,E,I,A,A,H,-,A,D,0,,,,,Y,,A,01,1,0,0,0,0,0,0,0,0,"- ","- ",37.919689178466797,-121.439208984375,"SAN JOAQUIN",UNINCORPORATED,-121.43923950195312,37.919731140136719
90810306,2018,2018-09-11,9265,2018-08-19,0045,019666,,7,3,9,3900,0,3,5,,2,020,"PERRIN RD","AIRPORT WAY",237.00,E,N,A,-,N,,,,,,,,,,Y,2,0,1,1,A,-,08,22107,,N,E,I,A,A,H,-,D,D,0,,,,,Y,,D,22,1,0,0,0,0,0,0,0,0,"- ","- ",37.724960327148438,-121.25131988525391,"SAN JOAQUIN",UNINCORPORATED,-121.25135803222656,37.724899291992188
90814913,2018,2018-09-25,9265,2018-08-15,1956,17405,,3,2,9,3900,0,1,3,,1,016,SR-120,"STEINEGUL RD.",0.00,,Y,A,-,Y,,,120,,,,,,,Y,2,0,3,3,A,-,01,23152,A,N,D,C,A,A,H,-,D,A,0,,,,,Y,Y,A,07,2,0,1,0,0,0,0,0,0,"- ","- ",37.794010162353516,-120.95999145507812,"SAN JOAQUIN",UNINCORPORATED,-120.95999145507812,37.793998718261719
90817482,2018,2018-09-20,9265,2018-09-10,1210,013444,,1,1,9,3900,0,3,5,,2,090,"WOODBRIDGE ROAD","SR-99 W FRONTAGE RD",0.00,,Y,A,-,N,,,,,,,,,,Y,2,0,1,2,A,-,09,21802,A,N,D,C,A,A,H,-,A,A,0,,,Y,Y,Y,,C,02,1,0,0,0,0,0,0,0,1,"- ","- ",38.160198211669922,-121.26339721679688,"SAN JOAQUIN",UNINCORPORATED,-121.263395,38.160232000000001
90820093,2018,2018-09-24,9266,2018-09-16,1238,019012,,7,1,5,3906,0,1,1,,1,015,"I-205 W/B","HOLLY DR",1400.00,E,N,A,-,Y,,,205,,,,,,W,Y,2,0,2,2,A,-,03,22350,,N,C,C,A,A,H,-,A,D,0,,,Y,,Y,,C,02,2,0,0,0,0,0,0,0,2,"- ","- ",37.763339996337891,-121.42101287841797,"SAN JOAQUIN",TRACY,-121.42102813720703,37.763469696044922
90826266,2018,2018-10-02,9266,2018-09-23,0310,021956,,7,3,9,3900,0,2,4,,1,016,"11TH STREET","BIRD ROAD",3168.00,W,N,A,-,N,,,,,,,,,,Y,2,0,1,1,A,-,08,22107,,M,E,I,A,A,H,-,C,D,0,,,,,Y,Y,A,01,1,0,0,0,0,0,0,0,0,"- ","- ",37.739791870117188,-121.37026977539062,"SAN JOAQUIN",UNINCORPORATED,-121.36997985839844,37.740184783935547
90851492,2018,2019-01-10,9265,2018-02-18,1500,019489,,7,2,9,3900,0,2,4,,1,015,"ESCALON BELLOTA RD","E. FLOOD RD",54.00,N,N,A,-,N,,,,,,,,,,Y,1,1,0,1,A,-,08,22107,,N,E,I,A,A,H,-,A,D,0,,,,,Y,,A,07,0,0,0,0,0,0,0,0,0,"- ","- ",38.017551422119141,-121.00061798095703,"SAN JOAQUIN",UNINCORPORATED,-121.00038909912109,38.017261505126953
90863444,2018,2018-11-19,9265,2018-10-28,0205,019657,,7,3,9,3900,0,1,3,,1,011,SR-120,"N. RIPON ROAD",60.00,E,N,A,-,Y,,,120,,,,,,,Y,2,0,3,3,A,-,08,22107,,N,E,I,A,A,H,-,C,D,0,,,,,Y,,A,07,1,1,1,0,0,0,0,0,0,"- ","- ",37.79766845703125,-121.12545013427734,"SAN JOAQUIN",UNINCORPORATED,-121.12545013427734,37.797744750976562
90872682,2018,2019-09-18,9266,2018-11-04,0024,021241,,7,3,9,3900,0,3,5,,2,001,"BETHANY ROAD","SAN JOSE ROAD",467.00,W,N,A,-,N,,,,,,,,,,Y,1,1,0,1,A,-,01,23152,A,N,E,I,A,A,H,-,D,D,0,,,,,Y,Y,A,01,0,0,0,0,0,0,0,0,0,"- ","- ",37.780559539794922,-121.49240875244141,"SAN JOAQUIN",UNINCORPORATED,-121.49240875244141,37.780563354492188
90917261,2019,2019-02-01,9265,2019-01-25,2205,019073,,5,3,9,3900,0,2,4,,1,091,"EIGHT MILE RD","WEST LN",0.00,,Y,A,-,N,,,,,,,,,,Y,2,0,2,2,A,-,01,23152,A,N,D,C,A,A,H,-,D,A,0,,,,,Y,Y,A,01,1,1,0,0,0,0,0,0,0,"- ","- ",38.057430267333984,-121.296142578125,"SAN JOAQUIN",UNINCORPORATED,-121.29634094238281,38.057460784912109
90928261,2019,2019-02-22,9265,2019-02-03,0900,019128,,7,1,9,3900,0,1,1,,2,505,"I-5 S/B","WALNUT GROVE RD.",3168.00,S,N,C,G,Y,,,5,,,,,,S,Y,2,0,1,1,A,-,08,22107,,N,E,I,A,B,H,-,A,D,0,,,,,Y,,A,01,1,0,0,0,0,0,0,0,0,"- ","- ",38.218368530273438,-121.42575836181641,"SAN JOAQUIN",UNINCORPORATED,-121.42562866210938,38.218463897705078
90935509,2019,2019-02-27,9265,2019-02-17,1050,017405,,7,1,9,3900,0,1,3,,1,092,"SR-12 E/B","I-5 S/B OFF-RAMP TO SR-12",427.00,W,N,A,-,Y,,,12,,,,,,E,N,2,0,4,4,A,-,03,22350,,F,C,C,A,A,H,-,A,A,0,,,,,Y,,D,22,1,1,2,0,0,0,0,0,0,"- ","- ",38.115940093994141,-121.40238952636719,"SAN JOAQUIN",UNINCORPORATED,-121.40238952636719,38.115928649902344
9093650,2020,2020-06-05,3905,2020-04-02,2106,2932,PAR,4,5,6,3905,0,0,0,,0,,"WILSON WY","ANDERSON ST",23.00,N,N,A,-,N,,,,,,,,,,N,2,0,1,2,A,-,11,21955,,N,G,B,D,A,H,-,C,A,0,Y,,,,Y,Y,N,60,1,0,0,0,1,0,0,0,0,"- ","- ",37.94573974609375,-121.26891326904297,"SAN JOAQUIN",STOCKTON,-121.26886749267578,37.945960998535156
90941311,2019,2019-03-07,9265,2019-02-23,1740,013539,,6,2,9,3900,0,1,1,,2,502,"I-5 S/B","ROTH ROAD",150.00,N,N,A,-,Y,,,5,,,,,,S,Y,2,0,4,1,A,-,08,22107,,N,E,I,A,A,H,-,A,D,0,,,,,Y,,A,08,1,3,0,0,0,0,0,0,0,"- ","- ",37.855728149414062,-121.28225708007812,"SAN JOAQUIN",UNINCORPORATED,-121.28219604492188,37.855712890625
90948082,2019,2019-03-18,9265,2019-03-02,1946,020313,,6,2,6,3905,0,1,3,,2,004,"SR-99 S/B","WATERLOO RD",340.00,N,N,A,-,Y,,,,,,,,,,Y,2,0,1,1,A,-,08,22107,,N,E,I,A,A,H,-,D,D,0,,,,,Y,,A,01,1,0,0,0,0,0,0,0,0,"- ","- ",37.985111236572266,-121.25051879882812,"SAN JOAQUIN",STOCKTON,,
90949418,2019,2019-03-20,9265,2019-03-09,0636,017405,,6,1,2,3920,0,1,1,,2,502,"I-5 N/B","ROTH RD.",3326.00,S,N,B,-,Y,,,5,,,,,,N,N,2,0,2,1,A,-,08,22107,,N,E,I,A,A,H,-,A,D,0,,,,,Y,,A,01,1,1,0,0,0,0,0,0,0,"- ","- ",37.847080230712891,-121.2841796875,"SAN JOAQUIN",LATHROP,-121.28396606445312,37.847026824951172
90979956,2019,2019-05-01,9265,2019-04-23,0550,018694,,2,3,9,3900,0,3,5,,2,060,"COLLIER ROAD","DUSTIN ROAD",1584.00,W,N,A,-,N,,,,,,,,,,Y,2,0,3,3,A,-,03,22350,,N,G,B,E,A,H,-,B,D,0,Y,,,Y,Y,,A,01,1,0,2,0,1,0,0,0,0,"- ","- ",38.218299865722656,-121.23239898681641,"SAN JOAQUIN",UNINCORPORATED,-121.23204803466797,38.218292236328125
90990716,2019,2019-05-17,9266,2019-05-12,1035,014808,,7,1,9,3900,0,1,3,,1,025,SR-33,"DURHAM FERRY RD.",0.00,,Y,A,-,Y,,,33,,,,,,,N,2,0,1,2,A,-,12,22450,A,N,D,G,A,A,H,-,A,A,0,,Y,,,Y,,-,"- ",1,0,0,0,0,0,1,0,0,"- ","- ",37.667579650878906,-121.32772064208984,"SAN JOAQUIN",UNINCORPORATED,-121.32775115966797,37.667549133300781
9100499,2020,2020-06-12,3905,2020-02-29,1207,7035,LAK,6,5,6,3905,0,0,0,,0,,"PERSHING AV","MARCO POLO DR",62.00,N,N,A,-,N,,,,,,,,,,N,2,0,1,2,A,-,05,21651,B,N,D,G,A,A,H,-,A,D,0,,Y,,,Y,,L,04,1,0,0,0,0,0,1,0,0,"- ","- ",37.992801666259766,-121.32285308837891,"SAN JOAQUIN",STOCKTON,-121.32334136962891,37.992744445800781
91028876,2019,2019-07-11,9265,2019-07-02,0610,017123,,2,1,6,3905,0,1,1,,2,503,"I-5 S/B","8TH ST",2112.00,S,N,A,-,Y,,,5,,,,,,S,Y,2,0,1,2,A,-,03,22350,,N,C,C,A,A,H,-,A,D,0,,,Y,,Y,,D,22,1,0,0,0,0,0,0,0,1,"- ","- ",37.921131134033203,-121.29261016845703,"SAN JOAQUIN",STOCKTON,-121.29264068603516,37.921119689941406
91057439,2019,2019-08-22,9265,2019-08-15,1442,013539,,4,2,2,3920,0,1,1,,2,502,"I-5 N/B","SAN JOAQUIN RIVER",467.00,S,N,A,-,Y,,,5,,,,,,N,Y,2,0,4,4,A,-,03,22350,,N,C,C,A,A,H,-,A,D,0,,,,,Y,,A,01,1,1,2,0,0,0,0,0,0,"- ","- ",37.785350799560547,-121.30574798583984,"SAN JOAQUIN",LATHROP,-121.30580139160156,37.785430908203125
91068100,2019,2019-09-05,9265,2019-08-27,2110,018955,,2,2,9,3900,0,1,1,,2,503,"INLAND DR",SR-4,1436.00,N,N,A,-,N,,,,,,,,,,Y,2,0,1,1,A,-,01,23152,A,N,F,A,A,A,E,-,A,D,0,,,Y,,Y,Y,C,02,1,0,0,0,0,0,0,0,1,"- ","- ",37.930870056152344,-121.40084838867188,"SAN JOAQUIN",UNINCORPORATED,-121.399658203125,37.929969787597656
91121609,2019,2019-11-15,9265,2019-10-31,1840,020248,,4,2,6,3905,0,1,1,,2,503,"I-5 N/B","DOWNING AVE",450.00,S,N,A,-,Y,,,5,,,,,,N,Y,2,0,1,1,A,-,08,22107,,N,E,I,A,A,H,-,E,D,0,,,,,Y,,A,01,1,0,0,0,0,0,0,0,0,"- ","- ",37.912071228027344,-121.28896331787109,"SAN JOAQUIN",STOCKTON,-121.28902435302734,37.91204833984375
91141323,2019,2019-12-11,9265,2019-12-01,0105,022365,,7,3,9,3900,0,3,5,,2,010,"RIVER RD","BRENNAN RD",1056.00,W,N,C,-,Y,,,,,,,,,,Y,2,0,1,1,A,-,08,22107,,N,D,I,A,B,H,-,D,D,0,,,,,Y,,A,01,1,0,0,0,0,0,0,0,0,"- ","- ",37.755748748779297,-121.01866149902344,"SAN JOAQUIN",UNINCORPORATED,-121.01753234863281,37.756206512451172
91142353,2019,2019-12-12,9266,2019-11-16,0126,021241,,6,3,2,3920,0,1,1,,2,024,"I-5 NORTHBOUND","STEWART ROAD",765.00,N,N,A,-,Y,,,5,,,,,,N,Y,1,1,0,2,A,-,00,21960,A,N,G,B,D,A,H,-,D,D,0,Y,,,,Y,,N,60,0,0,0,1,0,0,0,0,0,"- ","- ",37.781021118164062,-121.3125,"SAN JOAQUIN",LATHROP,-121.31251525878906,37.781036376953125
91166303,2020,2020-01-15,9265,2020-01-03,2123,021246,,5,2,9,3900,0,1,3,,2,004,"SR-99 N/B","CALAVERAS OVERCROSSING",807.00,S,N,A,-,Y,,,99,,,,,,N,N,2,0,1,2,A,-,08,22107,,F,C,G,A,A,H,-,D,D,0,,Y,,,Y,,-,99,1,0,0,0,0,0,1,0,0,"- ","- ",38.004199981689453,-121.25734710693359,"SAN JOAQUIN",UNINCORPORATED,-121.25738525390625,38.004192352294922
91192411,2020,2020-02-24,9265,2020-02-16,2314,021440,,7,3,9,3900,0,1,1,,2,505,"I-5 N/B","BARBER RD",100.00,S,N,A,-,Y,,,5,,,,,,N,Y,2,0,1,1,A,-,01,23152,A,N,F,A,A,A,H,-,D,D,0,,,,,Y,Y,A,01,1,0,0,0,0,0,0,0,0,"- ","- ",38.245819091796875,-121.44405364990234,"SAN JOAQUIN",UNINCORPORATED,-121.44420623779297,38.245754241943359