CASE_ID,ACCIDENT_YEAR,PROC_DATE,JURIS,COLLISION_DATE,COLLISION_TIME,OFFICER_ID,REPORTING_DISTRICT,DAY_OF_WEEK,CHP_SHIFT,POPULATION,CNTY_CITY_LOC,SPECIAL_COND,BEAT_TYPE,CHP_BEAT_TYPE,CITY_DIVISION_LAPD,CHP_BEAT_CLASS,BEAT_NUMBER,PRIMARY_RD,SECONDARY_RD,DISTANCE,DIRECTION,INTERSECTION,WEATHER_1,WEATHER_2,STATE_HWY_IND,CALTRANS_COUNTY,CALTRANS_DISTRICT,STATE_ROUTE,ROUTE_SUFFIX,POSTMILE_PREFIX,POSTMILE,LOCATION_TYPE,RAMP_INTERSECTION,SIDE_OF_HWY,TOW_AWAY,COLLISION_SEVERITY,NUMBER_KILLED,NUMBER_INJURED,PARTY_COUNT,PRIMARY_COLL_FACTOR,PCF_CODE_OF_VIOL,PCF_VIOL_CATEGORY,PCF_VIOLATION,PCF_VIOL_SUBSECTION,HIT_AND_RUN,TYPE_OF_COLLISION,MVIW,PED_ACTION,ROAD_SURFACE,ROAD_COND_1,ROAD_COND_2,LIGHTING,CONTROL_DEVICE,CHP_ROAD_TYPE,PEDESTRIAN_ACCIDENT,BICYCLE_ACCIDENT,MOTORCYCLE_ACCIDENT,TRUCK_ACCIDENT,NOT_PRIVATE_PROPERTY,ALCOHOL_INVOLVED,STWD_VEHTYPE_AT_FAULT,CHP_VEHTYPE_AT_FAULT,COUNT_SEVERE_INJ,COUNT_VISIBLE_INJ,COUNT_COMPLAINT_PAIN,COUNT_PED_KILLED,COUNT_PED_INJURED,COUNT_BICYCLIST_KILLED,COUNT_BICYCLIST_INJURED,COUNT_MC_KILLED,COUNT_MC_INJURED,PRIMARY_RAMP,SECONDARY_RAMP,LATITUDE,LONGITUDE,COUNTY,CITY,POINT_X,POINT_Y
91203358,2020,2020-03-06,9265,2020-03-01,0326,022123,,7,3,5,3902,0,1,3,,2,006,"SR-99 N/B","E LOCKEFORD ST",1.00,N,N,B,-,Y,,,99,,,,,,N,Y,2,0,1,1,A,-,01,23152,F,N,E,I,A,A,H,-,C,D,0,,,,,Y,,A,01,1,0,0,0,0,0,0,0,0,"- ","- ",38.138328552246094,-121.25772857666016,"SAN JOAQUIN",LODI,-121.25782012939453,38.138290405273438
91204144,2020,2020-03-09,9265,2020-02-29,1955,018836,,6,2,9,3900,0,3,5,,2,090,"LOWER SACRAMENTO RD","JAHANT RD",325.00,S,N,A,-,N,,,,,,,,,,Y,2,0,1,2,A,-,01,23152,A,N,D,C,A,A,H,-,D,D,0,,,,,Y,Y,D,22,1,0,0,0,0,0,0,0,0,"- ","- ",38.200080871582031,-121.29489135742188,"SAN JOAQUIN",UNINCORPORATED,-121.29521942138672,38.202812194824219
9121611,2020,2020-09-14,3900,2020-06-12,2126,166835,,5,5,2,3920,0,0,0,,0,009,"S MANTHEY RD","DOS REIS RD",0.00,,Y,A,-,N,,,,,,,,,,N,2,0,1,2,A,-,08,22107,,N,B,C,A,A,H,-,D,D,0,,,,,Y,,A,01,1,0,0,0,0,0,0,0,0,"- ","- ",,,"SAN JOAQUIN",LATHROP,-121.28920745849609,37.830188751220703
91217929,2020,2020-03-27,9265,2020-02-25,0720,019182,,2,1,9,3900,0,1,3,,1,011,SR-120,"FRENCH CAMP RD",275.00,W,N,A,-,Y,,,120,,,,,,,Y,1,1,3,3,A,-,08,22107,,N,A,C,A,A,H,-,A,D,0,,,,Y,Y,,A,07,1,0,2,0,0,0,0,0,0,"- ","- ",37.798030853271484,-121.09307098388672,"SAN JOAQUIN",UNINCORPORATED,-121.09307098388672,37.798057556152344
91218626,2020,2020-04-24,9265,2020-02-23,0950,017405,,7,1,9,3900,0,3,5,,2,020,"HARLAN RD.","HOSPITAL RD.",0.00,,Y,A,-,N,,,,,,,,,,N,2,0,2,3,A,-,09,21802,A,N,B,C,A,A,H,-,A,A,0,,,Y,,Y,,D,22,1,1,0,0,0,0,0,0,2,"- ","- ",37.885730743408203,-121.27484130859375,"SAN JOAQUIN",UNINCORPORATED,-121.27479,37.885759999999998
91238188,2020,2020-05-15,9265,2020-05-08,2351,021537,,5,3,5,3902,0,1,3,,2,004,"SR-99 N/B","PELTIER RD",80.00,S,N,A,-,Y,,,,,,,,,,Y,2,0,1,1,A,-,01,23152,A,N,F,A,A,A,H,-,C,D,0,,,,,Y,Y,A,01,1,0,0,0,0,0,0,0,0,"- ","- ",38.188751220703125,-121.26249694824219,"SAN JOAQUIN",LODI,-121.26256561279297,38.188999176025391
91261052,2020,2020-06-30,9266,2020-05-18,2500,015029,,1,4,9,3900,0,1,3,,1,011,"STATE ROUTE 4","TRACY BOULEVARD",3696.00,W,N,B,-,Y,,,4,,,,,,,Y,1,1,0,1,A,-,01,23152,A,N,F,A,A,A,H,-,D,D,0,,,,,Y,Y,A,01,0,0,0,0,0,0,0,0,0,"- ","- ",37.897258758544922,-121.47757720947266,"SAN JOAQUIN",UNINCORPORATED,-121.47759246826172,37.897312164306641
91275733,2020,2020-07-28,9265,2020-07-17,1400,022365,,5,2,9,3900,0,1,3,,1,062,"WATERLOO RD","BAKER RD",898.00,W,N,A,-,N,,,,,,,,,,Y,2,0,2,2,A,-,01,23152,A,N,A,C,A,A,H,-,A,D,0,,,,,Y,Y,A,01,1,1,0,0,0,0,0,0,0,"- ","- ",38.027389526367188,-121.19512939453125,"SAN JOAQUIN",UNINCORPORATED,-121.19508361816406,38.0274658203125
91298945,2020,2020-09-04,9265,2020-08-29,1755,021644,,6,2,9,3900,0,1,3,,1,062,SR-88,"WALNUT ST",300.00,W,N,A,-,Y,,,88,,,,,,,Y,2,0,2,2,A,-,01,23152,A,N,E,I,A,A,H,-,A,D,0,,,Y,,Y,Y,C,02,2,0,0,0,0,0,0,0,2,"- ","- ",38.161388397216797,-121.15260314941406,"SAN JOAQUIN",UNINCORPORATED,-121.15252685546875,38.161350250244141
91302841,2020,2020-09-11,9266,2020-09-05,2229,021704,,6,3,9,3900,0,1,1,,2,014,"I-205 W/B","MOUNTAIN HOUSE PKWY",1500.00,E,N,A,-,Y,,,205,,,,,,W,Y,2,0,1,2,A,-,03,22350,,N,C,C,A,A,H,-,D,D,0,,,Y,,Y,,C,02,1,0,0,0,0,0,0,0,1,"- ","- ",37.742061614990234,-121.52681732177734,"SAN JOAQUIN",UNINCORPORATED,-121.52680969238281,37.742282867431641
91310386,2020,2020-09-24,9265,2020-09-17,1326,015630,,4,1,9,3900,0,3,5,,2,060,"KETTLEMAN LN","ALPINE AVE",2112.00,E,N,A,-,N,,,,,,,,,,Y,2,0,1,1,A,-,08,22107,,N,E,I,A,A,H,-,A,D,0,,,,,Y,,A,01,1,0,0,0,0,0,0,0,0,"- ","- ",38.065700531005859,-121.12200164794922,"SAN JOAQUIN",UNINCORPORATED,-121.20771026611328,38.116016387939453
91316098,2020,2020-10-01,9265,2020-09-23,1953,020313,,3,2,9,3900,0,2,4,,1,053,"WATERLOO ROAD","REPORT AVE",20.00,W,N,A,-,N,,,,,,,,,,N,2,0,1,2,A,-,10,21950,A,N,G,B,B,A,H,-,D,D,0,Y,,,,Y,,A,01,1,0,0,0,1,0,0,0,0,"- ","- ",37.981739044189453,-121.25453186035156,"SAN JOAQUIN",UNINCORPORATED,-121.25456237792969,37.981735229492188
91316893,2020,2020-10-02,9265,2020-09-24,1710,019182,,4,2,9,3900,0,3,5,,2,010,"RIVER RD","CARROLTON RD",227.00,E,N,A,-,N,,,,,,,,,,Y,2,0,2,1,A,-,01,23152,A,N,E,I,A,A,H,-,A,D,0,,,,,Y,Y,A,08,1,1,0,0,0,0,0,0,0,"- ","- ",37.758049011230469,-121.06845092773438,"SAN JOAQUIN",UNINCORPORATED,-121.06846618652344,37.758102416992188
91319601,2020,2020-10-07,9266,2020-09-26,1450,018888,,6,2,9,3900,0,1,1,,2,014,"I-205 E/B","MOUNTAIN HOUSE PKWY",528.00,W,N,A,-,Y,,,205,,,,,,E,Y,2,0,2,1,A,-,03,22350,,N,F,A,A,A,H,-,A,D,0,,,Y,,Y,,C,02,1,1,0,0,0,0,0,0,2,"- ","- ",37.742481231689453,-121.53383636474609,"SAN JOAQUIN",UNINCORPORATED,-121.53383636474609,37.742546081542969
91326534,2020,2021-02-03,9266,2020-09-19,0710,014717,,6,1,9,3900,0,1,1,,2,024,"I-5 S/B","CALIFORNIA AQUADUCT",664.00,N,N,A,-,Y,,,,,,,,,,Y,1,1,1,2,A,-,01,23152,A,N,C,C,A,A,H,-,A,D,0,,,,Y,Y,Y,A,07,0,1,0,0,0,0,0,0,0,"- ","- ",37.370998382568359,-121.20349884033203,"SAN JOAQUIN",UNINCORPORATED,,
91335843,2020,2020-10-30,9265,2020-10-21,1715,019413,,3,2,9,3900,0,2,4,,1,051,"HORNER AVE","OLIVE AVE",4.00,E,N,A,-,N,,,,,,,,,,N,2,0,1,2,A,-,12,22450,A,M,F,A,A,A,H,-,A,A,0,,,Y,,Y,,-,99,1,0,0,0,0,0,0,0,1,"- ","- ",37.957530975341797,-121.23677825927734,"SAN JOAQUIN",UNINCORPORATED,-121.23681640625,37.957504272460938
91344906,2020,2020-11-13,9265,2020-09-23,1600,017439,,3,2,4,3903,0,1,3,,2,025,"SR-120 E/B","VAN RYN AVE.",1475.00,W,N,A,-,Y,,,120,,,,,,E,Y,1,1,1,4,A,-,03,22350,,N,C,C,A,A,H,-,A,D,0,,,,Y,Y,,F,27,1,0,0,0,0,0,0,0,0,"- ","- ",37.783199310302734,-121.20584869384766,"SAN JOAQUIN",MANTECA,-121.20584869384766,37.783206939697266
91352530,2020,2021-01-20,9265,2020-11-17,1745,018694,,2,2,9,3900,0,3,5,,2,010,"NORTHLAND ROAD","CASTLE ROAD",1584.00,E,N,B,-,N,,,,,,,,,,N,2,0,1,2,A,-,08,22107,,F,G,B,E,B,H,-,D,D,0,Y,,,,Y,,D,22,1,0,0,0,1,0,0,0,0,"- ","- ",37.833850860595703,-121.19786834716797,"SAN JOAQUIN",UNINCORPORATED,-121.19869232177734,37.833805084228516
91386495,2021,2021-01-13,9265,2021-01-01,0220,021440,,5,3,9,3900,0,1,3,,2,001,"SR-99 S/B","MAIN ST",1478.00,N,N,A,-,Y,,,,,,,,,,Y,2,0,1,1,A,-,08,22107,,N,E,I,A,A,H,-,D,D,0,,,,,Y,,A,01,1,0,0,0,0,0,0,0,0,"- ","- ",37.741928100585938,-121.12561798095703,"SAN JOAQUIN",UNINCORPORATED,-121.21782684326172,37.827529907226562
91394703,2021,2021-01-26,9265,2021-01-18,1835,021644,,1,2,9,3900,0,3,5,,2,030,"SR-99 E FRONTAGE RD","CLARK DR",258.00,N,N,A,-,N,,,99,,,,,,,Y,2,0,1,2,A,-,09,21801,A,N,A,C,A,A,H,-,C,D,0,,,,Y,Y,,F,25,1,0,0,0,0,0,0,0,0,"- ","- ",37.92047119140625,-121.22885131835938,"SAN JOAQUIN",UNINCORPORATED,-121.22901916503906,37.920398712158203
91443026,2021,2021-04-05,9266,2021-03-25,1055,014717,,4,1,9,3900,0,2,4,,1,016,"11TH STREET","LOVELY ROAD",7.00,E,N,B,-,N,,,,,,,,,,Y,2,0,1,1,A,-,01,23152,A,N,E,J,A,A,H,-,A,D,0,,,,,Y,Y,A,01,1,0,0,0,0,0,0,0,0,"- ","- ",37.740150451660156,-121.36923217773438,"SAN JOAQUIN",UNINCORPORATED,-121.36932373046875,37.740489959716797
91447195,2021,2021-04-09,9265,2021-03-31,1440,013539,,3,2,4,3903,0,1,3,,2,025,"SR-120 W/B","AIRPORT WAY",521.00,W,N,A,-,Y,,,120,,,,,,W,Y,2,0,1,1,A,-,08,22107,,N,E,I,A,A,H,-,A,D,0,,,,,Y,,A,01,1,0,0,0,0,0,0,0,0,"- ","- ",37.783271789550781,-121.25405120849609,"SAN JOAQUIN",MANTECA,-121.25405120849609,37.783393859863281
91451339,2021,2021-04-15,9265,2021-03-06,2345,021401,,6,3,6,3905,0,1,1,,2,504,"I-5 N/B","MCAULIFFE RD",337.00,S,N,B,-,Y,,,5,,,,,,N,N,1,1,0,2,A,-,11,21954,A,N,G,B,D,A,H,-,D,D,0,Y,,,,Y,,N,60,0,0,0,1,0,0,0,0,0,"- ","- ",38.044330596923828,-121.36830139160156,"SAN JOAQUIN",STOCKTON,-121.36827087402344,38.044338226318359
91459639,2021,2021-04-27,9266,2021-04-23,2055,013650,,5,2,9,3900,0,1,1,,2,021,"I-580 E/B","CHRISMAN ROAD",5808.00,E,N,A,-,Y,,,580,,,,,,E,Y,2,0,2,1,A,-,01,23152,A,N,F,A,A,A,H,-,D,D,0,,,,,Y,Y,A,01,2,0,0,0,0,0,0,0,0,"- ","- ",37.626419067382812,-121.38188934326172,"SAN JOAQUIN",UNINCORPORATED,-121.38190460205078,37.626399993896484
91466512,2021,2021-05-27,9265,2021-04-26,1505,020785,,1,2,6,3905,0,1,1,,2,504,"I-5 N/B","BENJAMIN HOLT DR.",1275.00,N,N,A,-,Y,,,5,,,,,,N,Y,2,0,1,1,A,-,08,22107,,N,E,I,A,A,H,-,A,D,0,,,,,Y,,A,01,1,0,0,0,0,0,0,0,0,"- ","- ",38.001300811767578,-121.35019683837891,"SAN JOAQUIN",STOCKTON,-121.34989166259766,38.001419067382812
91481048,2021,2021-05-27,9266,2021-05-15,1205,015029,,6,1,9,3900,0,3,5,,2,002,"TRACY BLVD","LINNE ROAD",10560.00,S,N,A,-,N,,,,,,,,,,Y,2,0,2,2,A,-,06,21750,A,N,B,C,A,A,H,-,A,D,0,,,,,Y,,A,01,1,1,0,0,0,0,0,0,0,"- ","- ",37.665729522705078,-121.43434143066406,"SAN JOAQUIN",UNINCORPORATED,-121.43437194824219,37.667018890380859
91486401,2021,2021-06-01,9265,2021-03-11,2300,021537,,4,3,9,3900,0,1,1,,2,502,"I-5 N/B","ROTH RD",2377.00,N,N,A,-,Y,,,5,,,,,,N,Y,1,5,0,1,A,-,01,23152,F,N,E,I,A,A,H,-,D,D,0,,,,,Y,,A,01,0,0,0,0,0,0,0,0,0,"- ","- ",37.862068176269531,-121.28009033203125,"SAN JOAQUIN",UNINCORPORATED,-121.28013610839844,37.862083435058594
91503038,2021,2022-01-12,9265,2021-05-22,2218,021625,,6,3,9,3900,0,1,3,,1,062,"SR-88 (WATERLOO ROAD)","PICOLLI ROAD",43.00,W,N,A,-,Y,,,88,,,,,,,N,1,1,0,2,A,-,03,22350,,N,G,B,E,A,H,-,C,D,0,Y,,,,Y,,A,08,0,0,0,1,0,0,0,0,0,"- ","- ",37.98651123046875,-121.24716949462891,"SAN JOAQUIN",UNINCORPORATED,-121.24714660644531,37.986476898193359
91533797,2021,2021-07-30,9265,2021-06-18,2315,015756,,5,3,9,3900,0,1,3,,2,004,"SR-99 S/B","8 MILE",3854.00,S,N,A,-,Y,,,99,,,,,,S,N,2,0,1,1,A,-,08,22107,,N,F,J,A,A,H,-,C,D,0,,,,,Y,,A,07,1,0,0,0,0,0,0,0,0,"- ","- ",38.046539306640625,-121.25897979736328,"SAN JOAQUIN",UNINCORPORATED,-121.25883483886719,38.046550750732422
91540182,2021,2021-08-09,9265,2021-07-01,2216,019489,,4,3,9,3900,0,1,3,,1,041,"STATE ROUTE 4","BACON ISLAND RD",4963.00,W,N,A,-,Y,,,4,,,,,,,Y,1,1,0,1,A,-,01,23152,A,N,E,J,A,A,H,-,D,D,0,,,,,Y,Y,A,08,0,0,0,0,0,0,0,0,0,"- ","- ",37.912899017333984,-121.44944000244141,"SAN JOAQUIN",UNINCORPORATED,-121.44935607910156,37.912837982177734
91541776,2021,2021-08-10,9265,2021-05-28,0218,021787,,5,3,9,3900,0,1,3,,2,003,"SR-99 S/B","GOLDEN GATE AVENUE",482.00,N,N,A,-,Y,,,99,,,,,,S,N,1,1,0,2,A,-,11,21954,A,N,G,B,D,A,H,-,C,A,0,Y,,,Y,Y,Y,N,60,0,0,0,1,0,0,0,0,0,"- ","- ",37.945579528808594,-121.23583221435547,"SAN JOAQUIN",UNINCORPORATED,-121.23578643798828,37.945594787597656
91549277,2021,2021-09-07,9265,2021-07-31,1240,019182,,6,1,4,3903,0,1,3,,2,025,"SR-120 E/B","MAIN ST",1584.00,E,N,A,-,Y,,,120,,,,,,E,Y,2,0,5,7,A,-,08,22107,,F,B,C,A,A,H,-,A,D,0,,,Y,,Y,,C,02,1,3,1,0,0,0,0,0,5,"- ","- ",37.783199310302734,-121.21086883544922,"SAN JOAQUIN",MANTECA,-121.21086883544922,37.783206939697266
91630658,2021,2021-11-19,9265,2021-03-23,0229,018784,,2,3,9,3900,0,1,1,,2,505,"I-5 S/B","WALNUT GROVE ROAD",2640.00,S,N,A,-,Y,,,5,,,,,,S,Y,1,3,2,2,A,-,01,23152,G,N,C,E,A,A,H,-,D,D,0,,,,,Y,Y,A,07,2,0,0,0,0,0,0,0,0,"- ","- ",38.220901489257812,-121.42739105224609,"SAN JOAQUIN",UNINCORPORATED,-121.4273681640625,38.220912933349609
91632299,2021,2021-11-22,9266,2021-07-10,0835,020083,,6,1,9,3900,0,1,3,,1,011,"STATE ROUTE 4","MIDDLE RIVER BRIDGE",13728.00,W,N,A,-,Y,,,4,,,,,,,Y,1,1,0,1,A,-,08,22107,,N,F,A,A,A,H,-,A,D,0,,,,,Y,,A,01,0,0,0,0,0,0,0,0,0,"- ","- ",37.890159606933594,-121.53753662109375,"SAN JOAQUIN",UNINCORPORATED,-121.53753662109375,37.890071868896484
91676378,2022,2022-01-12,9265,2022-01-01,0050,021537,,6,3,9,3900,0,2,4,,1,074,"BENJAMIN HOLT DR","PERSHING AVE",0.00,,Y,A,-,N,,,,,,,,,,Y,2,0,2,2,A,-,01,23152,A,N,D,C,A,A,H,-,C,A,0,,,,,Y,Y,A,01,2,0,0,0,0,0,0,0,0,"- ","- ",38.008548736572266,-121.32929992675781,"SAN JOAQUIN",UNINCORPORATED,-121.32926177978516,38.008583068847656
91677360,2021,2022-01-13,9265,2021-12-22,0240,020071,,3,3,9,3900,0,2,4,,1,051,"MAIN ST","NEW WATER RD",380.00,W,N,C,-,N,,,,,,,,,,N,2,0,1,2,A,-,11,21954,A,N,G,B,E,B,H,-,D,D,0,Y,,,,Y,Y,N,60,1,0,0,0,1,0,0,0,0,"- ","- ",37.962291717529297,-121.20189666748047,"SAN JOAQUIN",UNINCORPORATED,-121.20185852050781,37.962318420410156
91696232,2021,2022-02-08,9265,2021-12-10,2220,021830,,5,3,6,3905,0,1,3,,1,042,"SR-4 W/B TO I-5 N/B","WEBER AVE",1240.00,S,N,B,-,Y,,,4,,,,R,,W,Y,1,1,1,2,A,-,01,23152,G,N,B,C,A,A,H,-,D,D,0,,,,,Y,Y,A,01,0,1,0,0,0,0,0,0,0,"- ","- ",37.949928283691406,-121.30104827880859,"SAN JOAQUIN",STOCKTON,-121.30104827880859,37.949928283691406
91696261,2022,2022-02-17,9265,2022-01-09,2500,019073,,7,4,9,3900,0,3,5,,2,090,"SR-99 W FRONTAGE RD","EIGHT MILE RD",887.00,N,N,E,-,N,,,,,,,,,,Y,1,1,0,1,A,-,01,23152,G,N,E,I,A,A,H,-,D,D,0,,,,,Y,Y,A,07,0,0,0,0,0,0,0,0,0,"- ","- ",38.060150146484375,-121.25990295410156,"SAN JOAQUIN",UNINCORPORATED,-121.25967407226562,38.060153961181641
91718925,2022,2022-03-10,9265,2022-01-16,0330,018784,,7,3,9,3900,0,2,4,,1,022,"LATHROP RD","AIRPORT WAY",1584.00,W,N,A,-,N,,,,,,,,,,Y,1,1,0,1,A,-,01,23152,F,N,E,I,A,A,H,-,C,D,0,,,,,Y,,D,22,0,0,0,0,0,0,0,0,0,"- ","- ",37.826450347900391,-121.25993347167969,"SAN JOAQUIN",UNINCORPORATED,-121.25926208496094,37.826438903808594
91731013,2022,2022-03-24,9265,2022-03-13,0530,021163,,7,3,9,3900,0,1,1,,2,505,"I-5 N/B","KINGDON RD.",597.00,S,N,A,-,Y,SJ,,5,,,38.523,H,,R,N,2,0,1,1,A,-,08,22107,,N,E,8,A,A,H,-,D,D,0,,,,,Y,,A,07,1,0,0,0,0,0,0,0,0,"- ","- ",38.102439880371094,-121.38932800292969,"SAN JOAQUIN",UNINCORPORATED,-121.3892822265625,38.102455139160156
91735094,2022,2022-03-28,9266,2022-03-16,0120,021704,,3,3,9,3900,0,1,1,,1,015,"I-205 E/B","EL RANCHO RD",2000.00,E,N,A,-,Y,SJ,,205,,R,10.880,H,,R,Y,2,0,2,2,A,-,08,22107,,F,C,2,A,A,H,-,D,D,0,,,,,Y,,-,99,1,1,0,0,0,0,0,0,0,"- ","- ",37.764839172363281,-121.36483001708984,"SAN JOAQUIN",UNINCORPORATED,-121.36483001708984,37.764785766601562
91757026,2022,2022-04-26,9265,2022-04-15,2015,022134,,5,2,9,3900,0,3,5,,2,090,"THORNTON RD","EIGHT MILE RD",2000.00,N,N,B,-,N,,,,,,,,,,Y,2,0,2,2,A,-,01,23152,A,N,A,C,A,A,H,-,D,D,0,,,,,Y,Y,A,01,1,1,0,0,0,0,0,0,0,"- ","- ",38.063419342041016,-121.35186767578125,"SAN JOAQUIN",UNINCORPORATED,-121.35182952880859,38.057659149169922
91763463,2022,2022-05-03,9265,2022-04-09,0050,022364,,6,3,9,3900,0,3,5,,2,010,"HARROLD AVE","JONES RD",105.00,S,N,A,-,N,,,,,,,,,,N,2,0,1,1,A,-,08,22107,,N,E,I,A,A,H,-,D,D,0,,,,,Y,,A,07,1,0,0,0,0,0,0,0,0,"- ","- ",37.773029327392578,-120.96871185302734,"SAN JOAQUIN",UNINCORPORATED,-120.96867370605469,37.772640228271484
91783431,2022,2022-05-27,9265,2022-05-13,1830,021781,,5,2,9,3900,0,2,4,,1,014,"MARIPOSA ROAD","CARROLTON ROAD",2640.00,W,N,A,-,N,,,,,,,,,,N,2,0,4,3,A,-,05,21460,A,N,A,C,A,A,H,-,A,D,0,,,,,Y,,A,01,1,1,2,0,0,0,0,0,0,"- ","- ",37.878639221191406,-121.08744049072266,"SAN JOAQUIN",UNINCORPORATED,-121.08075714111328,37.87542724609375
91786727,2022,2022-06-02,9265,2022-05-21,2140,022356,,6,2,9,3900,0,3,5,,2,020,"KRELL LN","PRIEST RD",120.00,W,N,A,-,N,,,,,,,,,,N,2,0,1,2,A,-,08,22107,,N,D,C,A,A,H,-,D,D,0,,,Y,,Y,,C,02,1,0,0,0,0,0,0,0,1,"- ","- ",37.863510131835938,-121.26886749267578,"SAN JOAQUIN",UNINCORPORATED,-121.26881408691406,37.863544464111328
91791059,2022,2022-06-08,9265,2022-05-28,2240,022072,,6,3,9,3900,0,2,4,,1,091,"WEST LANE","ENTERPRISE ST",528.00,N,N,A,-,N,,,,,,,,,,Y,2,0,3,2,A,-,01,23152,A,N,D,C,A,A,H,-,C,D,0,,,,,Y,Y,A,01,1,1,1,0,0,0,0,0,0,"- ","- ",37.991428375244141,-121.28646850585938,"SAN JOAQUIN",UNINCORPORATED,-121.28668212890625,37.991546630859375
91794049,2022,2022-06-13,9265,2022-05-24,0535,022072,,2,3,9,3900,0,3,5,,2,060,"COLLIER ROAD","N FUHRMAN RD",700.00,E,N,A,-,N,,,,,,,,,,Y,2,0,1,1,A,-,08,22107,,N,E,I,A,A,H,-,A,D,0,,,,,Y,,A,01,1,0,0,0,0,0,0,0,0,"- ","- ",38.220119476318359,-121.13720703125,"SAN JOAQUIN",UNINCORPORATED,-121.13641357421875,38.220069885253906
91801685,2022,2022-06-23,9265,2022-06-11,0040,022307,,6,3,9,3900,0,3,5,,2,020,"LONE TREE RD","FRENCH CAMP RD",0.00,,Y,A,-,N,,,,,,,,,,Y,2,0,1,1,A,-,01,23152,A,N,E,I,A,A,H,-,C,D,0,,,,,Y,Y,A,01,1,0,0,0,0,0,0,0,0,"- ","- ",37.989910125732422,-121.2459716796875,"SAN JOAQUIN",UNINCORPORATED,-121.144287109375,37.826793670654297
9180229,2020,2020-11-20,3905,2020-10-12,0002,2970,CIV,1,5,6,3905,0,0,0,,0,,"MONTE DIABLO AV","BANNER AV",155.00,W,N,A,-,N,,,,,,,,,,Y,2,0,1,1,A,-,01,23153,A,N,E,I,A,A,H,-,C,D,0,,,,,Y,Y,A,01,1,0,0,0,0,0,0,0,0,"- ","- ",37.956760406494141,-121.33467102050781,"SAN JOAQUIN",STOCKTON,-121.33528900146484,37.956169128417969
91819166,2022,2022-07-18,9266,2022-07-09,1200,020599,,6,1,9,3900,0,2,4,,2,027,"DURHAM FERRY RD","DETERMINATION RD",335.00,E,N,A,-,N,,,,,,,,,,N,2,0,1,1,A,-,01,23152,A,N,E,I,A,A,H,-,A,D,0,,,Y,,Y,Y,C,02,1,0,0,0,0,0,0,0,1,"- ","- ",37.668178558349609,-121.27790069580078,"SAN JOAQUIN",UNINCORPORATED,-121.27796173095703,37.668174743652344
91822079,2022,2022-07-21,9265,2022-07-09,1218,018694,,6,1,9,3900,0,2,4,,1,014,"JACK TONE ROAD","CLINTON SOUTH AVENUE",0.00,,Y,A,-,N,,,,,,,,,,N,2,0,1,2,A,-,03,22350,,N,C,C,A,A,H,-,A,D,0,,,Y,,Y,,C,02,1,0,0,0,0,0,0,0,1,"- ","- ",37.768558502197266,-121.14273071289062,"SAN JOAQUIN",UNINCORPORATED,-121.14271545410156,37.768562316894531
91835267,2022,2022-08-08,9265,2022-07-22,1430,022282,,5,2,9,3900,0,3,5,,2,080,"THORNTON ROAD","MACDUFF AVENUE",0.00,,Y,A,-,N,,,,,,,,,,Y,2,0,2,2,A,-,01,23152,A,N,D,C,A,A,H,-,A,A,0,,,,,Y,Y,A,01,1,0,1,0,0,0,0,0,0,"- ","- ",38.026058197021484,-121.32965087890625,"SAN JOAQUIN",UNINCORPORATED,-121.32973480224609,38.026027679443359
91848944,2022,2022-08-25,9265,2022-08-10,2040,022366,,3,2,9,3900,0,1,1,,2,504,"THORNTON ROAD SOUTHBOUND","PELTIER ROAD",6336.00,N,N,A,-,N,,,,,,,,,,Y,2,0,1,2,A,-,05,21460,A,F,C,C,A,A,H,-,D,D,0,,,Y,,Y,,C,02,1,0,0,0,0,0,0,0,1,"- ","- ",38.206119537353516,-121.40943908691406,"SAN JOAQUIN",UNINCORPORATED,-121.40943908691406,38.205249786376953
91855307,2022,2022-09-01,9265,2022-08-20,0955,021440,,6,1,9,3900,0,1,3,,2,004,"SR-99 S/B","MORADA LN",3590.00,N,N,A,-,Y,SJ,,99,,,24.713,H,,L,Y,2,0,4,1,A,-,08,22107,,N,F,A,A,A,H,-,A,D,0,,,,,Y,,A,01,1,3,0,0,0,0,0,0,0,"- ","- ",38.047130584716797,-121.259033203125,"SAN JOAQUIN",UNINCORPORATED,-121.25887298583984,38.047138214111328
91868981,2022,2022-09-20,9265,2022-09-09,1850,021968,,5,2,9,3900,0,1,1,,2,502,"I-5 SOUTHBOUND","FRENCH CAMP RD",40.00,S,N,A,-,Y,SJ,,5,,R,22.489,H,,L,Y,2,0,1,1,A,-,01,23152,A,N,E,I,A,A,H,-,A,D,0,,,,,Y,Y,A,07,1,0,0,0,0,0,0,0,0,"- ","- ",37.896858215332031,-121.28382873535156,"SAN JOAQUIN",UNINCORPORATED,-121.28388977050781,37.896846771240234