CASE_ID,ACCIDENT_YEAR,PROC_DATE,JURIS,COLLISION_DATE,COLLISION_TIME,OFFICER_ID,REPORTING_DISTRICT,DAY_OF_WEEK,CHP_SHIFT,POPULATION,CNTY_CITY_LOC,SPECIAL_COND,BEAT_TYPE,CHP_BEAT_TYPE,CITY_DIVISION_LAPD,CHP_BEAT_CLASS,BEAT_NUMBER,PRIMARY_RD,SECONDARY_RD,DISTANCE,DIRECTION,INTERSECTION,WEATHER_1,WEATHER_2,STATE_HWY_IND,CALTRANS_COUNTY,CALTRANS_DISTRICT,STATE_ROUTE,ROUTE_SUFFIX,POSTMILE_PREFIX,POSTMILE,LOCATION_TYPE,RAMP_INTERSECTION,SIDE_OF_HWY,TOW_AWAY,COLLISION_SEVERITY,NUMBER_KILLED,NUMBER_INJURED,PARTY_COUNT,PRIMARY_COLL_FACTOR,PCF_CODE_OF_VIOL,PCF_VIOL_CATEGORY,PCF_VIOLATION,PCF_VIOL_SUBSECTION,HIT_AND_RUN,TYPE_OF_COLLISION,MVIW,PED_ACTION,ROAD_SURFACE,ROAD_COND_1,ROAD_COND_2,LIGHTING,CONTROL_DEVICE,CHP_ROAD_TYPE,PEDESTRIAN_ACCIDENT,BICYCLE_ACCIDENT,MOTORCYCLE_ACCIDENT,TRUCK_ACCIDENT,NOT_PRIVATE_PROPERTY,ALCOHOL_INVOLVED,STWD_VEHTYPE_AT_FAULT,CHP_VEHTYPE_AT_FAULT,COUNT_SEVERE_INJ,COUNT_VISIBLE_INJ,COUNT_COMPLAINT_PAIN,COUNT_PED_KILLED,COUNT_PED_INJURED,COUNT_BICYCLIST_KILLED,COUNT_BICYCLIST_INJURED,COUNT_MC_KILLED,COUNT_MC_INJURED,PRIMARY_RAMP,SECONDARY_RAMP,LATITUDE,LONGITUDE,COUNTY,CITY,POINT_X,POINT_Y
91893282,2022,2022-10-18,9265,2022-08-10,0545,021440,,3,3,9,3900,0,3,5,,2,060,"BRANDT RD","CLEMENTS RD",0.00,,Y,A,-,N,,,,,,,,,,Y,1,1,2,2,A,-,08,22107,,N,D,C,A,A,H,-,D,A,0,,,,,Y,,A,01,2,0,0,0,0,0,0,0,0,"- ","- ",38.14801025390625,-121.07781982421875,"SAN JOAQUIN",UNINCORPORATED,-121.07780456542969,38.148021697998047
91897683,2022,2022-10-24,9265,2022-08-26,1625,022365,,5,2,9,3900,0,1,3,,2,006,"SR-99 N/B","LIBERTY ROAD",730.00,N,N,A,-,Y,SJ,,99,,,37.966,H,,R,Y,1,1,0,1,A,-,01,23152,G,N,F,0,A,A,H,-,A,D,0,,,,,Y,Y,A,07,0,0,0,0,0,0,0,0,0,"- ","- ",38.235179901123047,-121.28109741210938,"SAN JOAQUIN",UNINCORPORATED,-121.28122711181641,38.235130310058594
91919300,2022,2022-11-16,9265,2022-10-22,2500,019073,,6,4,4,3903,0,1,3,,2,025,"SR-120 W/B","MCKINLEY AVE",1040.00,E,N,A,-,Y,SJ,,120,,R,2.502,H,,L,N,1,1,0,2,A,-,11,21954,A,F,G,B,E,A,H,-,D,D,0,Y,,,,Y,,N,60,0,0,0,1,0,0,0,0,0,"- ","- ",37.784168243408203,-121.26701354980469,"SAN JOAQUIN",MANTECA,-121.26701354980469,37.784164428710938
91919313,2022,2022-11-16,9265,2022-10-28,1208,021440,,5,1,9,3900,0,1,3,,2,004,"SR-99 N/B","WATERLOO RD",640.00,S,N,A,-,Y,SJ,,99,,,20.215,H,,R,Y,2,0,1,2,A,-,03,22350,,N,C,C,A,A,H,-,A,D,0,,,Y,Y,Y,,C,02,1,0,0,0,0,0,0,0,1,"- ","- ",37.982891082763672,-121.2498779296875,"SAN JOAQUIN",UNINCORPORATED,-121.24998474121094,37.982883453369141
91934968,2022,2023-04-03,9265,2022-11-29,1710,022407,,2,2,9,3900,0,2,4,,1,051,"E. WASHINGTON ST","DAWES AVE",89.00,W,N,A,-,N,,,,,,,,,,N,2,0,1,2,A,-,03,22350,,F,A,B,E,A,H,-,B,D,0,Y,,,,Y,,-,99,1,0,0,0,1,0,0,0,0,"- ","- ",37.963909149169922,-121.23242950439453,"SAN JOAQUIN",UNINCORPORATED,-121.23237609863281,37.963912963867188
91941259,2022,2022-12-13,9265,2022-12-07,0605,018836,,3,1,9,3900,0,3,5,,2,030,"POCK LN","E 11TH ST",352.00,S,N,A,-,N,,,,,,,,,,Y,2,0,1,2,A,-,05,21650,,N,A,C,A,A,H,-,D,D,0,,,,,Y,,A,01,1,0,0,0,0,0,0,0,0,"- ","- ",37.930759429931641,-121.24556732177734,"SAN JOAQUIN",UNINCORPORATED,-121.24557495117188,37.930809020996094
9195144,2020,2021-01-05,3905,2020-10-29,1845,3001,PAR,4,5,6,3905,0,0,0,,0,,"AIRPORT WY","LAFAYETTE ST",0.00,,Y,A,-,N,,,,,,,,,,,2,0,1,2,A,-,12,22450,,N,D,G,A,A,H,-,C,A,0,,Y,,,Y,,L,04,1,0,0,0,0,0,1,0,0,"- ","- ",37.95233154296875,-121.27333831787109,"SAN JOAQUIN",STOCKTON,-121.27336883544922,37.952419281005859
91984267,2022,2023-02-01,9265,2022-12-27,1728,022217,,2,2,9,3900,0,1,3,,2,004,"SR-99 S/B","CHEROKEE RD",1000.00,S,N,B,-,Y,SJ,,99,,,20.679,H,,L,Y,1,1,1,2,A,-,01,23152,F,N,D,C,A,B,H,-,D,D,0,,,,,Y,Y,D,22,0,1,0,0,0,0,0,0,0,"- ","- ",37.989360809326172,-121.25161743164062,"SAN JOAQUIN",UNINCORPORATED,-121.25172424316406,37.989334106445312
91984321,2022,2023-02-01,9265,2022-10-29,2345,022072,,6,3,9,3900,0,3,5,,2,060,"TULLY RD","SHARON DR",710.00,N,N,A,-,N,,,,,,,,,,Y,1,2,0,1,A,-,01,23152,A,N,F,0,A,A,H,-,D,D,0,,,Y,,Y,Y,C,06,0,0,0,0,0,0,0,2,0,"- ","- ",38.159900665283203,-121.14627075195312,"SAN JOAQUIN",UNINCORPORATED,-121.14665222167969,38.160366058349609
91995206,2023,2023-02-15,9265,2023-02-10,2145,023098,,5,2,9,3900,0,3,5,,2,060,"ATKINSON RD","RUOTOLO LANE",74.00,E,N,A,-,N,,,,,,,,,,N,2,0,1,1,A,-,08,22107,,N,F,J,A,A,H,-,D,D,0,,,Y,,Y,,C,02,1,0,0,0,0,0,0,0,1,"- ","- ",38.090980529785156,-121.16200256347656,"SAN JOAQUIN",UNINCORPORATED,-121.16202545166016,38.090995788574219
92017777,2023,2023-03-14,9266,2023-03-04,1930,018888,,6,2,5,3906,0,1,1,,1,015,"I-205 W/B TO TRACY BLVD","TRACY BOULEVARD",150.00,E,N,A,-,Y,SJ,,205," ",R,7.069,H,,L,Y,2,0,5,3,A,-,03,22350,,N,C,C,A,A,H,-,C,A,0,,,,,Y,,A,01,1,0,4,0,0,0,0,0,0,"- ","- ",37.763320922851562,-121.43408203125,"SAN JOAQUIN",TRACY,-121.43408203125,37.763099670410156
9203318,2020,2021-01-06,3905,2020-10-23,0104,2987,SEA,5,5,6,3905,0,0,0,,0,,"AURORA ST","ANDERSON ST",0.00,,Y,A,-,N,,,,,,,,,,,2,0,2,3,A,-,03,22350,,F,G,B,E,A,H,-,C,A,0,Y,,,,Y,,A,01,2,0,0,0,2,0,0,0,0,"- ","- ",37.944488525390625,-121.27674865722656,"SAN JOAQUIN",STOCKTON,-121.27667999267578,37.944568634033203
92066881,2023,2023-05-11,9265,2023-04-27,1333,016382,,4,1,2,3920,0,1,1,,2,502,"I-5 S/B","LOUISE AVE",2048.00,S,N,A,-,Y,SJ,,5," ",R,16.088,H,,L,Y,2,0,1,1,A,-,08,22107,,N,F,A,A,A,H,-,A,D,0,,,Y,,Y,,C,02,1,0,0,0,0,0,0,0,1,"- ","- ",37.806308746337891,-121.29782104492188,"SAN JOAQUIN",LATHROP,-121.29774475097656,37.806293487548828
92095825,2023,2023-06-16,9266,2023-05-15,"705 ",019657,,1,1,9,3900,0,1,1,,2,014,"INTERSTATE 205 EASTBOUND","HANSEN ROAD",594.00,W,N,A,-,Y,SJ,,205," "," ",2.269,H,,R,Y,1,1,0,1,A,-,08,22107,,N,F,A,A,A,H,-,A,D,0,,,,,Y,,A,01,0,0,0,0,0,0,0,0,0,"- ","- ",37.741291046142578,-121.51532745361328,"SAN JOAQUIN",UNINCORPORATED,-121.51531982421875,37.741367340087891
92113038,2023,2023-07-10,9265,2023-04-09,"15  ",023261,,7,3,9,3900,0,1,3,,2,003,"SR-99 N/B TO/FROM FRENCH CAMP RD","FRENCH CAMP RD",0.00,,Y,A,-,Y,,,,,,,,,,N,2,0,1,3,A,-,03,22350,,F,B,2,E,A,H,-,C,D,0,Y,,,,Y,,-,"- ",1,0,0,0,1,0,0,0,0,"- ","- ",37.859348297119141,-121.21717071533203,"SAN JOAQUIN",UNINCORPORATED,-121.2852783203125,37.897136688232422
9211586,2020,2022-06-18,3905,2020-10-29,1718,2156,CIV,4,5,6,3905,0,0,0,,0,,"EL DORADO ST","FULTON ST",0.00,,Y,A,-,N,,,,,,,,,,N,1,1,0,2,A,-,09,21801,A,N,-,C,A,A,H,-,B,A,0,,,Y,,Y,,A,08,0,0,0,0,0,0,0,1,0,"- ","- ",37.983318328857422,-121.30024719238281,"SAN JOAQUIN",STOCKTON,-121.3006591796875,37.983318328857422
9211751,2020,2021-03-25,3905,2020-12-26,0045,2718,LAK,6,5,6,3905,0,0,0,,0,,"EL DORADO ST","LORETTA AV",188.00,N,N,A,B,N,,,,,,,,,,Y,1,1,0,1,A,-,01,23152,G,N,E,I,A,B,H,-,C,D,0,,,,,Y,Y,A,01,0,0,0,0,0,0,0,0,0,"- ","- ",38.01416015625,-121.30915832519531,"SAN JOAQUIN",STOCKTON,-121.30917358398438,38.014549255371094
92132328,2023,2023-08-17,9265,2023-07-21,2125,023098,,5,2,9,3900,0,1,3,,1,062,SR-88,"LIVE OAK RD",2835.00,W,N,A,-,N,,,,,,,,,,Y,2,0,3,3,A,-,05,21460,A,N,A,C,A,A,H,-,D,D,0,,,,Y,Y,,A,07,2,1,0,0,0,0,0,0,0,"- ","- ",38.072170257568359,-121.18733215332031,"SAN JOAQUIN",UNINCORPORATED,-121.18728637695312,38.072158813476562
92135519,2023,2023-08-03,9265,2023-07-21,2035,023156,,5,2,9,3900,0,1,3,,1,061,SR-26,"ALPINE RD",2640.00,W,N,A,-,Y,SJ,,26," "," ",3.603,H,,R,Y,2,0,2,2,A,-,01,23152,A,N,B,C,A,A,H,-,B,D,0,,,Y,,Y,Y,C,02,1,0,1,0,0,0,0,0,1,"- ","- ",37.981899261474609,-121.20252227783203,"SAN JOAQUIN",UNINCORPORATED,-121.20252990722656,37.981925964355469
92138483,2023,2023-08-08,9266,2023-07-30,1945,021677,,7,2,9,3900,0,1,1,,2,024,"I-5 N/B","STEWART ROAD UNDERCROSSING",2640.00,N,N,A,-,Y,SJ,,5," ",R,14.436,H,,R,Y,2,0,1,1,A,-,01,23152,A,N,F,A,A,A,H,-,A,D,0,,,Y,,Y,Y,C,02,1,0,0,0,0,0,0,0,1,"- ","- ",37.784458160400391,-121.30716705322266,"SAN JOAQUIN",UNINCORPORATED,-121.30723571777344,37.784526824951172
9216774,2020,2021-02-08,3903,2020-12-15,1811,3776,,2,5,4,3903,0,0,0,,0,,"AIRPORT WY","YOSEMITE AV",0.00,,Y,A,-,N,,,,,,,,,,N,2,0,1,2,A,-,12,21453,A,N,G,G,A,A,H,-,D,A,0,,Y,,,Y,,L,04,1,0,0,0,0,0,1,0,0,"- ","- ",37.797248840332031,-121.25232696533203,"SAN JOAQUIN",MANTECA,-121.25222015380859,37.797328948974609
92243158,2023,2023-11-22,9265,2023-10-11,1200,015629,,3,1,9,3900,0,1,3,,1,067,"STATE ROUTE-88 (SR-88)","COLLIER ROAD",0.00,,Y,A,-,Y,SJ,,88," "," ",20.265,H,,R,N,1,1,6,2,A,-,09,21802,A,N,D,C,A,A,H,-,A,A,0,,,,,Y,,A,08,3,3,0,0,0,0,0,0,0,"- ","- ",38.213649749755859,-121.06841278076172,"SAN JOAQUIN",UNINCORPORATED,-121.06839752197266,38.213649749755859
92246527,2023,2023-12-15,9265,2023-09-16,2235,023223,,6,3,9,3900,0,3,5,,2,060,SR-26,"PINASCO RD",600.00,E,N,A,-,Y,SJ,,26," "," ",5.513,H,,R,Y,2,0,2,1,A,-,01,23152,A,N,E,I,A,A,H,-,D,D,0,,,,,Y,Y,A,01,1,1,0,0,0,0,0,0,0,"- ","- ",37.993789672851562,-121.17221069335938,"SAN JOAQUIN",UNINCORPORATED,-121.17221832275391,37.993824005126953
92251940,2023,2023-12-04,9265,2023-11-18,1630,023096,,6,2,5,3902,0,1,3,,2,006,"SR-99 S/B FROM VICTOR ROAD","VICTOR RD",528.00,S,N,B,-,Y,SJ,,99," "," ",30.769,H,,L,Y,2,0,1,1,A,-,01,23152,A,N,E,I,A,B,H,-,A,D,0,,,,,Y,Y,D,22,1,0,0,0,0,0,0,0,0,"- ","- ",38.134559631347656,-121.25775909423828,"SAN JOAQUIN",LODI,-121.25762176513672,38.134559631347656
92266554,2023,2023-12-19,9265,2023-12-08,1700,019182,,5,2,9,3900,0,3,5,,2,060,"FINE RD","FLOOD RD",975.00,S,N,A,-,N,,,,,,,,,,Y,2,0,2,1,A,-,08,22107,,N,E,I,A,A,H,-,B,D,0,,,,,Y,Y,A,07,1,1,0,0,0,0,0,0,0,"- ","- ",38.014320373535156,-121.04988098144531,"SAN JOAQUIN",UNINCORPORATED,-121.04977416992188,38.014072418212891
9228441,2020,2021-02-23,3905,2020-12-24,1110,2542,LAK,4,5,6,3905,0,0,0,,0,,"PACIFIC AV","MARCH LN",0.00,,Y,B,-,N,,,,,,,,,,Y,2,0,3,2,A,-,12,21453,A,N,D,D,A,A,H,-,A,A,0,,,,,Y,,A,07,1,0,2,0,0,0,0,0,0,"- ","- ",37.990921020507812,-121.31345367431641,"SAN JOAQUIN",STOCKTON,-121.31282043457031,37.991420745849609
92290635,2024,2024-01-18,9265,2024-01-07,1150,021519,,7,1,9,3900,0,3,5,,2,010,"NORTH PATTON AVE","ADA AVE",10.00,S,N,A,-,N,,,,,,,,,,N,2,0,1,2,A,-,09,21802,A,N,D,C,A,A,H,-,A,D,0,,,Y,,Y,,A,01,1,0,0,0,0,0,0,0,1,"- ","- ",37.975601196289062,-121.17035675048828,"SAN JOAQUIN",UNINCORPORATED,-121.17037963867188,37.975624084472656
92293431,2023,2024-01-22,9265,2023-10-22,"200 ",023202,,7,3,9,3900,0,1,3,,2,001,"SR-99 S/B","AUSTIN RD",5808.00,S,N,B,-,Y,SJ,,99," "," ",3.813,H,,L,Y,1,2,0,1,A,-,01,23152,G,N,F,A,A,A,H,-,D,D,0,,,,,Y,Y,D,22,0,0,0,0,0,0,0,0,0,"- ","- ",37.764591217041016,-121.16419219970703,"SAN JOAQUIN",UNINCORPORATED,-121.16413879394531,37.764640808105469
92303044,2024,2024-02-01,9265,2024-01-22,"548 ",022407,,1,3,9,3900,0,1,3,,1,011,SR-120,"WAGNER RD",0.00,,Y,B,C,N,,,,,,,,,,Y,2,0,2,3,A,-,12,22450,A,N,D,C,A,B,H,-,C,D,0,,,,,Y,,A,07,1,0,1,0,0,0,0,0,0,"- ","- ",37.798099517822266,-121.08867645263672,"SAN JOAQUIN",UNINCORPORATED,-121.08869934082031,37.798099517822266
92339472,2024,2024-03-15,9265,2024-03-01,"235 ",022042,,5,3,9,3900,0,2,4,,1,052,"ROBINDALE AVE","SANGUINETTI LANE",0.00,,Y,B,-,N,,,,,,,,,,Y,2,0,3,1,A,-,01,23152,A,N,E,8,A,B,H,-,C,D,0,,,,,Y,Y,A,01,1,2,0,0,0,0,0,0,0,"- ","- ",37.982738494873047,-121.27114868164062,"SAN JOAQUIN",UNINCORPORATED,-121.27104187011719,37.982719421386719
92395310,2024,2024-05-21,9265,2024-04-27,1400,021364,,6,2,9,3900,0,1,1,,2,502,"I-5 N/B","FRENCH CAMP RD",210.00,S,N,A,-,Y,SJ,,5," ",R,22.457,H,,R,Y,2,0,1,2,A,-,03,22350,,N,C,C,A,A,H,-,A,D,0,,,,Y,Y,,A,01,1,0,0,0,0,0,0,0,0,"- ","- ",37.896411895751953,-121.28336334228516,"SAN JOAQUIN",UNINCORPORATED,-121.28338623046875,37.896404266357422
92418503,2023,2024-06-19,9265,2023-03-31,"29  ",020071,,5,3,9,3900,0,1,3,,2,001,"SR-99 N/B","LATHROP RD",1799.90,N,N,A,-,Y,SJ,,99," "," ",9.448,H,,R,Y,2,0,1,2,C,-,18,,,N,A,C,A,A,C,-,D,D,0,,,,,Y,Y,-,"- ",1,0,0,0,0,0,0,0,0,"- ","- ",37.830440521240234,-121.2174072265625,"SAN JOAQUIN",UNINCORPORATED,-121.21734619140625,37.830440521240234
9266744,2021,2021-06-15,3905,2021-05-09,2136,2680,SEA,7,5,6,3905,0,0,0,,0,,"EL DORADO ST","JEFFERSON ST",0.00,,Y,A,-,N,,,,,,,,,,N,2,0,2,3,A,-,03,22350,,N,D,E,A,A,H,-,C,A,0,,,,,Y,Y,A,01,1,0,1,0,0,0,0,0,0,"- ","- ",37.941810607910156,-121.28691864013672,"SAN JOAQUIN",STOCKTON,-121.28681945800781,37.941822052001953
9287027,2021,2021-08-10,3902,2021-06-13,1308,SS101,,7,5,5,3902,0,0,0,,0,,"S WASHINGTON ST","HILBORN ST",0.00,,Y,A,-,N,,,,,,,,,,Y,2,0,1,2,A,-,09,21801,A,N,A,C,A,A,H,-,A,D,0,,,,,Y,,A,01,1,0,0,0,0,0,0,0,0,"- ","- ",,,"SAN JOAQUIN",LODI,-121.2674560546875,38.129615783691406
9312775,2021,2022-09-26,3903,2021-07-20,2209,3769,,2,5,4,3903,0,0,0,,0,001,"MOFFAT BL","POWERS AV",0.00,,Y,A,-,N,,,,,,,,,,Y,2,0,3,2,A,-,03,22350,,N,D,C,A,A,H,-,C,D,0,,,,Y,Y,,A,01,1,2,0,0,0,0,0,0,0,"- ","- ",37.789241790771484,-121.2056884765625,"SAN JOAQUIN",MANTECA,-121.20565795898438,37.789253234863281
9321159,2022,2023-03-07,3905,2022-05-30,1018,2156,SEA,1,5,6,3905,0,0,0,,0,,"AIRPORT WY","SPERRY RD",0.00,,Y,A,-,N,,,,,,,,,,Y,1,1,2,4,A,-,12,21453,A,N,D,C,A,A,H,-,A,A,0,,,,,Y,,A,07,1,0,1,0,0,0,0,0,0,"- ","- ",37.901180267333984,-121.25655364990234,"SAN JOAQUIN",STOCKTON,-121.25485229492188,37.90191650390625
9359101,2021,2021-11-16,3905,2021-08-11,1033,7053,VAL,3,5,6,3905,0,0,0,,0,,"MONTAUBAN AV","HAMMER LN",0.00,,Y,A,-,,,,,,,,,,,N,2,0,1,2,A,-,17,21451,A,N,D,C,A,A,H,-,A,A,0,,,Y,,Y,,A,01,1,0,0,0,0,0,0,0,1,"- ","- ",38.020938873291016,-121.29017639160156,"SAN JOAQUIN",STOCKTON,-121.28990173339844,38.020858764648438
9366961,2021,2021-11-23,3905,2021-02-23,2242,018784,,2,5,6,3905,0,0,0,,0,,"FILBERT ST","MARKET ST",84.00,N,N,A,-,Y,SJ,10,4,-,R,18.887,R,4,E,Y,2,0,2,2,A,-,01,23152,A,N,F,A,A,A,H,-,C,A,0,,,Y,,Y,Y,C,02,1,0,1,0,0,0,0,0,1,"- ","- ",37.959510803222656,-121.25366973876953,"SAN JOAQUIN",STOCKTON,-121.25164794921875,37.960117340087891
93769322,2024,2024-08-08,9265,2024-06-05,"840 ",016382,,3,1,9,3900,0,2,4,,1,015,"COPPEROPOLIS ROAD","DRAIS ROAD",791.00,W,N,A,-,N,,,,,,,,,,Y,2,0,1,2,A,-,03,22350,,N,C,J,A,A,H,-,A,D,0,,,,,Y,,A,01,1,0,0,0,0,0,0,0,0,"- ","- ",37.972198486328125,-121.08863067626953,"SAN JOAQUIN",UNINCORPORATED,-121.08824157714844,37.972263336181641
9390653,2021,2022-01-21,3904,2021-10-23,0654,P109,3,6,5,3,3904,0,0,0,,0,00B,"W RIPON RD","S JACKTONE",202.00,W,N,A,-,N,,,,,,,,,,Y,2,0,1,1,A,-,08,22107,,N,E,I,A,A,H,-,C,D,0,,,,,Y,,A,01,1,0,0,0,0,0,0,0,0,"- ","- ",37.739509582519531,-121.14219665527344,"SAN JOAQUIN",RIPON,-121.14292144775391,37.739521026611328
94364050,2024,2024-08-21,9265,2024-08-05,2310,023156,,1,3,9,3900,0,3,5,,2,060,"SR-99 E FRONTAGE RD","TUDOR ROSE GLEN",297.00,S,N,A,-,N,,,,,,,,,,N,2,0,1,2,A,-,05,21650,,N,H,G,A,A,H,-,D,D,0,,Y,,,Y,,L,04,1,0,0,0,0,0,1,0,0,"- ","- ",38.051609039306641,-121.25872802734375,"SAN JOAQUIN",UNINCORPORATED,,
94373553,2024,2024-08-28,9265,2024-08-13,"435 ",022282,,2,3,9,3900,0,1,3,,1,092,SR-12,"JOHNSON WAY",250.00,W,N,A,-,Y,SJ,,12," ",M,4.906,H,,R,Y,2,0,5,3,A,-,05,21460,A,N,B,2,A,A,H,-,C,D,0,,,,,Y,,A,01,2,1,2,0,0,0,0,0,0,"- ","- ",38.115211486816406,-121.49443054199219,"SAN JOAQUIN",UNINCORPORATED,-121.49443054199219,38.115238189697266
94400747,2024,2024-09-19,9265,2024-09-08,"615 ",023746,,7,1,9,3900,0,1,3,,1,041,"STATE ROUTE 4","WHISKEY SLOUGH ROAD",2707.00,E,N,A,-,Y,SJ,,4," "," ",9.238,H,,R,Y,2,0,2,2,A,-,01,23152,A,N,A,C,A,A,H,-,B,D,0,,,,,Y,Y,A,01,2,0,0,0,0,0,0,0,0,"- ","- ",37.9268798828125,-121.41989898681641,"SAN JOAQUIN",UNINCORPORATED,-121.41989898681641,37.926906585693359
94439236,2024,2024-10-21,9265,2024-10-05,"540 ",022072,,6,3,9,3900,0,3,5,,2,010,"E. RIVER RD","MCHENRY AVE",0.00,,Y,B,-,N,,,,,,,,,,Y,2,0,2,2,A,-,12,21453,A,N,A,C,A,A,H,-,C,A,0,,,,,Y,,-,"- ",1,1,0,0,0,0,0,0,0,"- ","- ",37.760879516601562,-120.99565124511719,"SAN JOAQUIN",UNINCORPORATED,-120.99567413330078,37.760868072509766
94445305,2024,2024-10-25,9266,2024-10-12,"405 ",022792,,6,3,2,3920,0,1,1,,2,024,"I-5 S/B TO MANTHEY ROAD","STEWART ROAD",1056.00,S,N,A,-,Y,,,,,,,,,,Y,2,0,1,1,A,-,08,22107,,N,F,A,A,A,H,-,D,D,0,,,Y,,Y,,C,02,1,0,0,0,0,0,0,0,1,"- ","- ",37.778060913085938,-121.317626953125,"SAN JOAQUIN",LATHROP,,
94486603,2024,2024-11-27,9265,2024-11-08,"740 ",016382,,5,1,9,3900,0,3,5,,2,030,"MANTHEY ROAD","MATHEWS ROAD",739.00,N,N,A,-,N,,,,,,,,,,Y,2,0,2,2,A,-,05,21651,A,N,A,C,A,A,H,-,A,D,0,,,,,Y,,A,01,1,1,0,0,0,0,0,0,0,"- ","- ",37.884250640869141,-121.28011322021484,"SAN JOAQUIN",UNINCORPORATED,-121.28014373779297,37.884220123291016
94492280,2024,2024-12-04,9266,2024-12-02,1445,018628,,1,2,9,3900,0,1,1,,2,021,"I-580 W/B FROM CORRAL HOLLOW ROAD","CORRAL HOLLOW ROAD",750.00,W,N,A,-,Y,SJ,,580," "," ",8.296,H,,R,Y,2,0,2,1,A,-,03,22350,,N,H,A,A,A,H,-,A,A,0,,,Y,,Y,,C,02,1,1,0,0,0,0,0,0,2,"- ","- ",37.673671722412109,-121.45912933349609,"SAN JOAQUIN",UNINCORPORATED,-121.45917510986328,37.673622131347656
94508274,2024,2024-12-18,9265,2024-11-30,"830 ",022366,,6,1,9,3900,0,1,3,,1,041,"SR-4 EASTBOUND","TRACY BLVD",5280.00,E,N,E,-,Y,SJ,,4," "," ",6.997,H,,R,Y,2,0,1,1,A,-,08,22107,,N,E,8,A,A,H,-,A,D,0,,,,Y,Y,,G,75,1,0,0,0,0,0,0,0,0,"- ","- ",37.910301208496094,-121.45220184326172,"SAN JOAQUIN",UNINCORPORATED,-121.45222473144531,37.910324096679688
94550352,2025,2025-01-27,9266,2025-01-17,2305,023629,,5,3,9,3900,0,1,1,,2,014,"I-205 E/B","BYRON ROAD",475.00,W,N,A,-,Y,SJ,,205," ",R,4.470,H,,R,Y,2,0,1,1,A,-,01,23152,A,N,F,A,A,A,H,-,E,D,0,,,,,Y,Y,D,22,1,0,0,0,0,0,0,0,0,"- ","- ",37.748161315917969,-121.47721862792969,"SAN JOAQUIN",UNINCORPORATED,-121.47722625732422,37.748176574707031
94562426,2025,2025-02-03,9265,2025-01-20,1405,021519,,1,2,9,3900,0,3,5,,2,010,"SEXTON ROAD","BLACKMORE ROAD",2564.00,N,N,A,-,N,,,,,,,,,,Y,2,0,2,1,A,-,01,23152,A,N,E,8,A,A,H,-,A,D,0,,,,,Y,Y,A,01,1,1,0,0,0,0,0,0,0,"- ","- ",37.822040557861328,-121.03446197509766,"SAN JOAQUIN",UNINCORPORATED,-121.03456115722656,37.822036743164062
94567827,2025,2025-02-06,9265,2025-01-31,"823 ",022798,,5,1,9,3900,0,1,3,,1,062,"WATERLOO RD","WILCOX RD",375.00,E,N,B,-,N,,,,,,,,,,Y,2,0,1,1,A,-,08,22107,,N,E,I,A,A,H,-,A,D,0,,,,,Y,,A,01,1,0,0,0,0,0,0,0,0,"- ","- ",37.989139556884766,-121.24344635009766,"SAN JOAQUIN",UNINCORPORATED,-121.24339294433594,37.988983154296875
94593271,2025,2025-03-03,9265,2025-01-17,2125,022307,,5,2,9,3900,0,1,1,,2,505,"I-5 S/B","TURNER RD",2500.00,S,N,A,-,Y,SJ,,5," "," ",43.458,H,,L,N,2,0,1,2,A,-,01,23152,G,N,C,2,A,A,H,-,D,D,0,,,,,Y,Y,A,07,1,0,0,0,0,0,0,0,0,"- ","- ",38.171909332275391,-121.40000915527344,"SAN JOAQUIN",UNINCORPORATED,-121.40003204345703,38.171909332275391
94596305,2025,2025-03-04,9265,2025-02-16,2048,023736,,7,2,9,3900,0,2,4,,1,053,"WILSON WAY","SANGUINETTI LN",133.00,N,N,A,-,N,,,,,,,,,,N,2,0,1,2,A,-,11,21954,A,N,G,B,D,A,H,-,E,D,0,Y,,,,Y,,N,60,1,0,0,0,1,0,0,0,0,"- ","- ",37.983970642089844,-121.27104187011719,"SAN JOAQUIN",UNINCORPORATED,-121.27108764648438,37.983684539794922
94602938,2025,2025-03-18,9265,2025-02-20,1530,024252,,4,2,6,3905,0,1,3,,1,042,"SR-4 E/B","FILBERT ST",100.00,W,N,A,-,Y,SJ,,4," ",R,18.752,H,,R,Y,2,0,1,3,A,-,03,22350,,N,C,C,A,A,H,-,A,D,0,,,,,Y,,A,08,1,0,0,0,0,0,0,0,0,"- ","- ",37.959461212158203,-121.25395202636719,"SAN JOAQUIN",STOCKTON,-121.25398254394531,37.959541320800781