CASE_ID,ACCIDENT_YEAR,PROC_DATE,JURIS,COLLISION_DATE,COLLISION_TIME,OFFICER_ID,REPORTING_DISTRICT,DAY_OF_WEEK,CHP_SHIFT,POPULATION,CNTY_CITY_LOC,SPECIAL_COND,BEAT_TYPE,CHP_BEAT_TYPE,CITY_DIVISION_LAPD,CHP_BEAT_CLASS,BEAT_NUMBER,PRIMARY_RD,SECONDARY_RD,DISTANCE,DIRECTION,INTERSECTION,WEATHER_1,WEATHER_2,STATE_HWY_IND,CALTRANS_COUNTY,CALTRANS_DISTRICT,STATE_ROUTE,ROUTE_SUFFIX,POSTMILE_PREFIX,POSTMILE,LOCATION_TYPE,RAMP_INTERSECTION,SIDE_OF_HWY,TOW_AWAY,COLLISION_SEVERITY,NUMBER_KILLED,NUMBER_INJURED,PARTY_COUNT,PRIMARY_COLL_FACTOR,PCF_CODE_OF_VIOL,PCF_VIOL_CATEGORY,PCF_VIOLATION,PCF_VIOL_SUBSECTION,HIT_AND_RUN,TYPE_OF_COLLISION,MVIW,PED_ACTION,ROAD_SURFACE,ROAD_COND_1,ROAD_COND_2,LIGHTING,CONTROL_DEVICE,CHP_ROAD_TYPE,PEDESTRIAN_ACCIDENT,BICYCLE_ACCIDENT,MOTORCYCLE_ACCIDENT,TRUCK_ACCIDENT,NOT_PRIVATE_PROPERTY,ALCOHOL_INVOLVED,STWD_VEHTYPE_AT_FAULT,CHP_VEHTYPE_AT_FAULT,COUNT_SEVERE_INJ,COUNT_VISIBLE_INJ,COUNT_COMPLAINT_PAIN,COUNT_PED_KILLED,COUNT_PED_INJURED,COUNT_BICYCLIST_KILLED,COUNT_BICYCLIST_INJURED,COUNT_MC_KILLED,COUNT_MC_INJURED,PRIMARY_RAMP,SECONDARY_RAMP,LATITUDE,LONGITUDE,COUNTY,CITY,POINT_X,POINT_Y
94611462,2025,2025-03-20,9265,2025-03-16,2248,022282,,7,3,9,3900,0,1,1,,2,502,"I-5 S/B","FRENCH CAMP RD",20.00,S,N,B,C,Y,SJ,,5," ",R,22.493,H,,L,N,2,0,1,1,A,-,08,22107,,N,E,I,A,B,H,-,C,D,0,,,,,Y,,A,01,1,0,0,0,0,0,0,0,0,"- ","- ",37.89691162109375,-121.28383636474609,"SAN JOAQUIN",UNINCORPORATED,-121.28390502929688,37.896896362304688
94680732,2025,2025-05-08,9266,2025-04-18,1924,022955,,5,2,9,3900,0,2,4,,1,012,"TRACY BLVD","OLD RIVER",89.00,S,N,A,-,N,,,,,,,,,,Y,2,0,3,1,A,-,03,22350,,N,E,I,A,A,H,-,A,A,0,,,,,Y,,A,01,1,0,2,0,0,0,0,0,0,"- ","- ",37.804561614990234,-121.44959259033203,"SAN JOAQUIN",UNINCORPORATED,,
94686186,2025,2025-05-14,9265,2025-04-14,1525,021781,,1,2,4,3903,0,1,3,,2,025,"SR-120 E/B","MAIN STREET",528.00,E,N,A,-,Y,SJ,,120," ",R,5.525,H,,R,Y,2,0,3,5,A,-,03,22350,,N,C,C,A,A,H,-,A,D,0,,,,,Y,,A,01,1,0,2,0,0,0,0,0,0,"- ","- ",37.783191680908203,-121.21193695068359,"SAN JOAQUIN",MANTECA,-121.21193695068359,37.783206939697266
94707191,2025,2025-05-30,9265,2025-05-17,1935,024252,,6,2,9,3900,0,3,5,,2,050,"FUNSTON AVE","SANGUINETTI LN",65.00,W,N,A,-,N,,,,,,,,,,Y,2,0,2,2,A,-,01,23152,A,N,A,C,A,A,H,-,C,A,0,,,,,Y,Y,A,01,1,0,1,0,0,0,0,0,0,"- ","- ",37.981479644775391,-121.27085113525391,"SAN JOAQUIN",UNINCORPORATED,-121.27078247070312,37.981609344482422
94731622,2024,2025-06-19,9265,2024-11-02,"515 ",022887,,6,3,9,3900,0,1,3,,1,041,"STATE ROUTE 4","BACON ISLAND ROAD",1175.00,W,N,A,-,N,,,,,,,,,,Y,1,1,0,1,A,-,03,22350,,N,H,A,A,A,G,-,D,D,0,,,,,Y,,A,01,0,0,0,0,0,0,0,0,0,"- ","- ",37.919990539550781,-121.43895721435547,"SAN JOAQUIN",UNINCORPORATED,-121.43894195556641,37.919967651367188
94737506,2025,2025-06-24,9266,2025-06-12,1850,024051,,4,2,9,3900,0,1,1,,1,015,"I-205 W/B","CANAL BLVD",3010.00,W,N,A,-,Y,SJ,,205," ",R,11.178,H,,L,Y,2,0,1,1,A,-,01,23152,A,N,E,J,A,A,H,-,A,D,0,,,,Y,Y,Y,G,25,1,0,0,0,0,0,0,0,0,"- ","- ",37.765171051025391,-121.35938262939453,"SAN JOAQUIN",UNINCORPORATED,-121.35938262939453,37.765098571777344
94752382,2025,2025-07-07,9265,2025-06-08,"39  ",024404,,7,3,9,3900,0,2,4,,1,091,"WEST LANE","HAM LANE",25.00,S,N,A,-,N,,,,,,,,,,Y,2,0,2,1,A,-,01,23152,A,N,E,I,A,A,H,-,C,D,0,,,,,Y,Y,A,01,1,1,0,0,0,0,0,0,0,"- ","- ",38.073631286621094,-121.28970336914062,"SAN JOAQUIN",UNINCORPORATED,-121.28746032714844,38.075210571289062
9485116,2022,2022-08-26,3906,2022-08-05,1017,1549,,5,5,5,3906,0,0,0,,0,003,"11TH ST","CORRAL HOLLOW RD",562.00,E,N,A,-,N,,,,,,,,,,Y,2,0,3,2,D,-,00,,,N,D,C,A,A,H,-,A,A,0,,,,,Y,,-,"- ",1,2,0,0,0,0,0,0,0,"- ","- ",,,"SAN JOAQUIN",TRACY,-121.45127868652344,37.739418029785156
9485454,2022,2022-08-30,3906,2022-08-21,0542,1803,3906,7,5,5,3906,0,0,0,,0,001,"WEST 11TH ST","BESSIE AV",0.00,,Y,A,-,N,,,,,,,,,,Y,2,0,2,2,B,-,22,,,F,A,C,A,A,H,-,C,D,0,,,,,Y,Y,A,07,1,1,0,0,0,0,0,0,0,"- ","- ",,,"SAN JOAQUIN",TRACY,-121.43305206298828,37.739692687988281
9524242,2022,2022-12-27,3903,2022-10-22,0511,3929,,6,5,4,3903,0,0,0,,0,,"N AIRPORT","WEST LOUISE AV",0.00,,Y,A,-,N,,,,,,,,,,N,2,0,1,2,D,-,00,,,F,D,G,A,A,H,-,C,A,0,,Y,,,Y,Y,-,"- ",1,0,0,0,0,0,1,0,0,"- ","- ",37.811740875244141,-121.25302124023438,"SAN JOAQUIN",MANTECA,-121.25302886962891,37.811763763427734
9596743,2023,2023-07-25,3903,2023-04-29,"951 ",5916,,6,5,4,3903,0,0,0,,0,,"NORTH MAIN ST","LANCASTER DR",234.00,S,N,A,-,N,,,,,,,,,,Y,2,0,1,2,A,-,09,21804,B,N,D,C,A,A,H,-,A,D,0,,,Y,,Y,,A,01,1,0,0,0,0,0,0,0,1,"- ","- ",,,"SAN JOAQUIN",MANTECA,-121.21710205078125,37.813507080078125
9628557,2023,2023-10-24,3902,2023-08-13,"130 ",102,HERIT,7,5,5,3902,0,0,0,,0,004,"BECKMAN RD","AUTO CENTER DR",179.00,S,N,A,-,N,,,,,,,,,,N,2,0,1,1,A,-,03,22350,,N,F,A,A,A,H,-,C,D,0,,,Y,,Y,,C,02,1,0,0,0,0,0,0,0,1,"- ","- ",38.119678497314453,-121.25672912597656,"SAN JOAQUIN",LODI,-121.25638580322266,38.119583129882812
9640653,2023,2024-07-03,3905,2023-10-29,1830,2785,CIV,7,5,6,3905,0,0,0,,0,,"PARK ST","BAKER ST",0.00,,Y,A,-,N,,,,,,,,,,Y,1,1,1,2,A,-,12,22450,,N,D,C,A,A,H,-,C,A,0,,,,,Y,,A,01,0,0,1,0,0,0,0,0,0,"- ","- ",37.957790374755859,-121.30332946777344,"SAN JOAQUIN",STOCKTON,-121.30342102050781,37.957687377929688
9646286,2023,2024-02-07,3902,2023-12-13,1015,6,SUNSE,3,5,5,3902,0,0,0,,0,001,"LOWER SACRAMENTO RD","LODI AV",401.00,S,N,A,-,N,,,,,,,,,,N,2,0,3,2,A,-,09,21801,A,N,A,C,A,A,H,-,A,D,0,,,,,Y,,A,01,1,2,0,0,0,0,0,0,0,"- ","- ",38.130088806152344,-121.30666351318359,"SAN JOAQUIN",LODI,-121.30677795410156,38.130058288574219
9664913,2024,2024-05-01,3902,2024-02-07,"759 ",127,CENTR,3,5,5,3902,0,0,0,,0,005,"HUTCHINS ST","OAK ST",0.00,,Y,A,-,N,,,,,,,,,,N,2,0,1,2,A,-,09,21802,A,N,D,C,A,A,H,-,A,A,0,,,,,Y,,A,07,1,0,0,0,0,0,0,0,0,"- ","- ",38.133228302001953,-121.27925872802734,"SAN JOAQUIN",LODI,-121.2791748046875,38.133232116699219
9693043,2024,2024-06-10,3902,2024-03-14,1901,67,SUNSE,4,5,5,3902,0,0,0,,0,001,"ELM ST","LOMA DR",10.00,W,N,A,-,N,,,,,,,,,,N,2,0,1,2,A,-,10,21950,A,N,G,B,C,A,H,-,A,A,0,Y,,,,Y,,D,22,1,0,0,0,1,0,0,0,0,"- ","- ",38.136219024658203,-121.29522705078125,"SAN JOAQUIN",LODI,-121.29529571533203,38.136249542236328
9806631,2025,2025-05-12,3901,2025-04-13,"608 ",L52,,7,5,2,3901,0,0,0,,0,,"MCHENRY AV","CLOUGH RD",0.00,,Y,A,-,N,,,,,,,,,,Y,2,0,3,1,A,-,08,22107,,N,E,I,A,A,H,-,B,D,0,,,,,Y,,A,01,2,1,0,0,0,0,0,0,0,"- ","- ",37.780319213867188,-120.99623870849609,"SAN JOAQUIN",ESCALON,-120.99626159667969,37.780326843261719
5912216,2014,2014-04-16,9265,2014-01-17,2253,18955,,5,3,9,3900,0,3,5,,2,090,"EIGHT MILE RD","CORREIA RD",1189.00,W,N,A,-,N,,,,,,,,,,Y,1,1,2,1,A,-,08,22107,,N,F,A,A,A,H,-,D,D,0,,,,,Y,,A,07,0,1,1,0,0,0,0,0,0,"- ","- ",38.059489999999997,-121.46575,"SAN JOAQUIN",UNINCORPORATED,-121.46418891,38.059461079999998
6290491,2014,2015-12-21,9265,2014-02-14,2043,19053,,5,2,5,3902,0,1,3,,1,063,"RT 12","TRETHEWAY RD",0.00,,Y,A,-,Y,SJ,10,12,-,-,22.410,I,5,E,Y,1,1,0,2,A,-,09,21802,A,N,D,C,A,A,H,-,C,A,0,,,Y,,Y,Y,A,07,0,0,0,0,0,0,0,1,0,"- ","- ",37.885129999999997,-121.29631000000001,"SAN JOAQUIN",LODI,-121.17815139,38.138065760000003
6292037,2014,2016-01-14,3905,2014-05-05,2128,2133,LAK,1,5,6,3905,0,0,0,,0,,"PACIFIC AV","BENJAMIN HOLT DR",96.00,N,N,A,-,N,,,,,,,,,,Y,1,1,1,3,A,-,11,21954,A,N,G,B,D,A,H,-,C,A,0,Y,,,,Y,,N,60,0,1,0,1,1,0,0,0,0,"- ","- ",,,"SAN JOAQUIN",STOCKTON,-121.32078813,38.011301959999997
6292048,2014,2015-04-03,9265,2014-09-19,0230,19888,,5,3,9,3900,0,3,5,,2,010,"RT 99","MARIPOSA RD",712.00,S,N,A,-,N,,,99,,,,,,,Y,1,1,0,1,A,-,08,22107,,N,E,I,A,A,H,-,C,D,0,,,Y,,Y,,C,02,0,0,0,0,0,0,0,1,0,"- ","- ",37.931249999999999,-121.23326,"SAN JOAQUIN",UNINCORPORATED,-121.23337662,37.931204090000001
6412712,2014,2015-11-25,9266,2014-03-13,0635,14717,,4,1,9,3900,0,1,3,,1,011,"RT 4","TRACY BL",4224.00,W,N,A,-,Y,SJ,10,4,-,-,5.160,H,-,E,Y,2,0,10,5,A,-,05,21460,A,N,A,C,A,A,H,-,D,D,0,,,,,Y,,A,01,2,0,8,0,0,0,0,0,0,"- ","- ",37.896819999999998,-121.48047,"SAN JOAQUIN",UNINCORPORATED,-121.48072239,37.896791669999999
6413466,2014,2014-06-25,3906,2014-03-12,1132,9820,,3,5,5,3906,0,0,0,,0,005,"HOLLY DR",EMERSON,113.00,N,N,A,-,N,,,,,,,,,,Y,2,0,1,3,B,-,22,,,N,C,E,A,A,H,-,A,D,0,,,,,Y,,A,01,1,0,0,0,0,0,0,0,0,"- ","- ",,,"SAN JOAQUIN",TRACY,-121.42582,37.749070369999998
6463911,2014,2016-04-09,9266,2014-04-06,1155,15432,,7,1,9,3900,0,1,3,,1,011,"RT 4","MIDDLE RIVER",20.00,E,N,A,-,Y,SJ,10,4,-,-,4.540,H,-,E,N,2,0,2,1,A,-,08,22107,,N,E,I,A,A,H,-,A,D,0,,,Y,,Y,,C,02,1,1,0,0,0,0,0,0,2,"- ","- ",37.890590000000003,-121.48832,"SAN JOAQUIN",UNINCORPORATED,-121.48808327,37.890576009999997
6486697,2014,2014-08-15,9265,2014-05-07,0550,13325,,3,3,9,3900,0,3,5,,2,010,"AUSTIN RD","FRENCH CAMP RD",2640.00,N,N,A,-,N,,,,,,,,,,Y,2,0,4,2,A,-,08,22107,,F,A,C,A,A,H,-,B,D,0,,,,,Y,,A,01,1,2,1,0,0,0,0,0,0,"- ","- ",37.854880000000001,-121.18649000000001,"SAN JOAQUIN",UNINCORPORATED,-121.18662363999999,37.85484546
6544892,2014,2016-04-09,9266,2014-06-20,1915,18751,,5,2,9,3900,0,1,1,,2,014,"RT 205","MOUNTAIN HOUSE PKWY",4121.00,W,N,A,-,Y,SJ,10,205,-,-,0.600,H,-,E,Y,2,0,1,3,A,-,08,22107,,F,H,A,A,A,H,-,A,D,1,,,Y,,Y,,-,99,1,0,0,0,0,0,0,0,1,"- ","- ",37.74344,-121.55076,"SAN JOAQUIN",UNINCORPORATED,-121.54539547,37.74328259
6605146,2014,2014-09-09,3906,2014-08-16,0300,000916,35,6,5,5,3906,0,0,0,,0,002,"CENTRAL AV","SILKWOOD LN",113.00,W,N,A,-,N,,,,,,,,,,Y,2,0,3,1,A,-,01,23153,A,N,E,I,A,A,H,-,C,D,0,,,,,Y,Y,A,01,1,2,0,0,0,0,0,0,0,"- ","- ",,,"SAN JOAQUIN",TRACY,-121.42860773,37.715699030000003
6606093,2014,2014-09-22,9265,2014-05-09,0140,13193,,5,3,9,3900,0,1,1,,2,505,"RT 5","WOODBRIDGE RD",14.00,N,N,A,-,Y,SJ,10,5,-,-,42.670,H,-,N,Y,1,1,2,3,A,-,01,23152,E,N,A,C,A,A,H,-,C,D,1,,,,Y,Y,,A,08,1,1,0,0,0,0,0,0,0,"- ","- ",38.160589999999999,-121.39941,"SAN JOAQUIN",UNINCORPORATED,-121.39937594,38.160475400000003
6606104,2014,2015-12-29,9266,2014-05-24,0545,14808,,6,3,9,3900,0,1,3,,1,011,"RT 4","CONTRA COSTA CO LINE",5631.00,E,N,A,-,Y,SJ,10,4,-,-,2.100,H,-,W,Y,1,1,0,1,A,-,08,22107,,N,E,I,A,A,H,-,B,D,0,,,,,Y,Y,A,01,0,0,0,0,0,0,0,0,0,"- ","- ",37.889919999999996,-121.55041,"SAN JOAQUIN",UNINCORPORATED,-121.53220855000001,37.890073399999999
6623568,2014,2016-04-29,9266,2014-09-05,0220,019012,,5,3,9,3900,0,1,1,,2,014,"RT 205","LAMMERS RD",1500.00,W,N,A,-,Y,SJ,10,205,-,-,2.934,R,2,E,Y,2,0,1,2,A,-,03,22350,,F,B,C,A,A,H,-,D,D,1,,,,,Y,,D,22,1,0,0,0,0,0,0,0,0,TO,"- ",37.739910000000002,-121.49325,"SAN JOAQUIN",UNINCORPORATED,-121.50344946,37.740612059999997
6628926,2014,2014-09-26,3900,2014-08-11,1914,152430,MANTE,1,5,2,3920,0,0,0,,0,009,"E LATHROP RD","5TH ST",279.00,E,N,A,-,N,,,,,,,,,,N,2,0,1,1,A,-,04,21703,,N,F,I,A,A,D,-,A,A,0,,,Y,,Y,,C,02,1,0,0,0,0,0,0,0,1,"- ","- ",,,"SAN JOAQUIN",LATHROP,-121.27727809,37.826520739999999
6629031,2014,2016-04-29,9265,2014-08-25,1845,018047,,1,2,6,3905,0,1,1,,2,503,"RT 5","MONTE DIABLO AV",528.00,N,N,A,-,Y,SJ,10,5,-,-,28.110,H,-,S,Y,2,0,1,1,A,-,01,23152,A,N,E,I,A,A,D,-,A,D,1,,,Y,,Y,Y,C,02,1,0,0,0,0,0,0,0,1,"- ","- ",37.95908,-121.33271999999999,"SAN JOAQUIN",STOCKTON,-121.33219488,37.958656769999997
6633155,2014,2014-11-06,9266,2014-09-09,1925,013668,,2,2,5,3906,0,2,4,,2,010,"HOWARD RD","UNDINE RD",3696.00,W,N,A,-,N,,,,,,,,,,Y,2,0,3,2,A,-,03,22350,,N,C,C,A,A,H,-,B,D,0,,,,,Y,,A,01,1,1,1,0,0,0,0,0,0,"- ","- ",,,"SAN JOAQUIN",TRACY,-121.4209166,37.850987789999998
6658280,2014,2016-04-09,9265,2014-09-25,0140,019752,,4,3,5,3902,0,1,3,,2,006,"RT 99","LODI AV",550.00,S,N,A,-,Y,SJ,10,99,-,-,30.430,H,-,N,Y,2,0,2,1,A,-,08,22107,,N,E,I,A,A,H,-,D,D,1,,,,,Y,,D,22,1,1,0,0,0,0,0,0,0,"- ","- ",38.128399999999999,-121.25735,"SAN JOAQUIN",LODI,-121.25732240000001,38.129624900000003
6658675,2014,2014-12-19,9266,2014-10-06,0640,013650,,1,1,9,3900,0,1,3,,1,011,"RT 4","MIDDLE RIVER BRIDGE",6864.00,W,N,A,-,Y,,,4,,,,,,,Y,2,0,2,2,A,-,05,21460,A,N,A,C,A,A,H,-,A,D,0,,,,,Y,,A,01,2,0,0,0,0,0,0,0,0,"- ","- ",37.890230000000003,-121.51409,"SAN JOAQUIN",UNINCORPORATED,-121.51407729,37.890125830000002
6670425,2014,2014-11-10,9265,2014-09-20,2021,13193,,6,2,9,3900,0,2,4,,1,093,"THORNTON RD","DEVRIES RD",48.00,N,N,A,-,N,,,,,,,,,,Y,2,0,1,1,A,-,01,23152,A,N,E,I,A,A,H,-,D,D,0,,,,,Y,Y,D,22,1,0,0,0,0,0,0,0,0,"- ","- ",38.07526,-121.35333,"SAN JOAQUIN",UNINCORPORATED,-121.35286231000001,38.074944649999999
6670477,2014,2016-01-15,9265,2014-09-26,0745,013444,,5,1,9,3900,0,3,5,,2,060,"WOODBRIDGE RD","RT 99 E FR RD",0.00,,Y,A,-,N,,,,,,,,,,Y,2,0,1,2,A,-,09,21802,A,N,D,C,A,A,H,-,A,A,0,,,,,Y,,D,22,1,0,0,0,0,0,0,0,0,"- ","- ",38.160150000000002,-121.26036000000001,"SAN JOAQUIN",UNINCORPORATED,-121.26036000000001,38.160150000000002
6670710,2014,2014-10-27,9265,2014-09-30,1405,018590,,2,2,9,3900,0,2,4,,1,072,"PERSHING AV","DOUGLAS RD",0.00,,Y,A,-,N,,,,,,,,,,N,2,0,1,2,A,-,10,21950,A,N,G,B,B,A,H,-,A,A,0,Y,,,,Y,,A,01,1,0,0,0,1,0,0,0,0,"- ","- ",38.00515,-121.32823,"SAN JOAQUIN",UNINCORPORATED,-121.32820992000001,38.005209970000003
6678138,2015,2017-03-30,3903,2015-12-04,1607,1741,,5,5,4,3903,0,0,0,,0,004,"CENTER ST","POPLAR AV",38.00,W,N,A,-,N,,,,,,,,,,N,1,1,0,2,A,-,09,21804,A,N,H,G,A,A,H,-,B,A,0,,Y,,,Y,,L,04,0,0,0,0,0,1,0,0,0,"- ","- ",,,"SAN JOAQUIN",MANTECA,-121.22032149,37.799127749999997
6699083,2014,2014-11-17,9265,2014-10-04,1843,019906,,6,2,9,3900,0,1,3,,1,061,"RT 26","PINASCO RD",938.00,E,N,A,-,Y,,,26,,,,,,,Y,2,0,1,1,A,-,01,23152,E,N,E,I,A,A,H,-,A,D,0,,,,,Y,,A,07,1,0,0,0,0,0,0,0,0,"- ","- ",37.994450000000001,-121.17077,"SAN JOAQUIN",UNINCORPORATED,-121.17070827000001,37.994142719999999
6706789,2014,2014-11-20,9265,2014-10-25,1530,016479,,6,2,9,3900,0,1,1,,2,505,"RT 5","PELTIER RD",2640.00,N,N,A,-,Y,,,5,,,,,,,Y,2,0,3,2,A,-,01,23152,A,N,D,C,A,A,H,-,A,D,0,,,,,Y,Y,A,01,1,2,0,0,0,0,0,0,0,"- ","- ",38.199800000000003,-121.41163,"SAN JOAQUIN",UNINCORPORATED,-121.41184611,38.199646700000002
6718260,2014,2016-01-14,9265,2014-10-03,0820,19178,,5,1,9,3900,0,2,4,,1,053,"WILSON WY","ALPINE AV",1056.00,N,N,A,-,N,,,,,,,,,,Y,1,1,5,1,A,-,01,23152,E,N,E,I,A,A,H,-,A,D,0,,,,,Y,,A,01,2,1,2,0,0,0,0,0,0,"- ","- ",37.990940000000002,-121.26703999999999,"SAN JOAQUIN",UNINCORPORATED,-121.26730169,37.990466869999999
6752357,2014,2015-01-09,3902,2014-12-07,1025,80,,7,5,5,3902,0,0,0,,0,,"HARNEY LN","STOCKTON ST",0.00,,Y,B,-,N,,,,,,,,,,Y,2,0,2,2,A,-,12,21453,A,N,A,C,A,A,H,-,A,A,0,,,,,Y,,A,01,1,0,1,0,0,0,0,0,0,"- ","- ",,,"SAN JOAQUIN",LODI,-121.26954999,38.10131998
6821176,2015,2016-09-16,9265,2015-01-21,1324,018955,,3,1,9,3900,0,1,3,,1,041,"RT 4","INLAND DR",1152.00,W,N,A,-,Y,SJ,10,4,-,-,10.270,H,-,W,Y,2,0,3,2,A,-,01,23152,A,N,D,C,A,A,H,-,A,D,0,,,,,Y,Y,A,01,1,2,0,0,0,0,0,0,0,"- ","- ",37.9283,-121.39978000000001,"SAN JOAQUIN",UNINCORPORATED,-121.40095905,37.926884899999997
6821188,2015,2015-02-27,9265,2015-01-19,2041,15174,,1,2,9,3900,0,3,5,,2,060,"LIBERTY RD","DUSTIN RD",0.00,,Y,A,-,N,,,,,,,,,,Y,2,0,1,2,A,-,09,21802,A,N,D,C,A,A,H,-,D,A,0,,,,,Y,,A,01,1,0,0,0,0,0,0,0,0,"- ","- ",38.234079999999999,-121.22657,"SAN JOAQUIN",UNINCORPORATED,-121.22673987,38.234039889999998
6844833,2015,2016-09-27,9265,2015-02-14,1015,016479,,6,1,9,3900,0,1,1,,2,505,"RT 5","WALNUT GROVE RD",3305.00,N,N,A,-,Y,SJ,10,5,-,-,48.270,H,-,S,Y,2,0,1,2,A,-,04,21703,,N,C,C,A,A,H,-,A,D,1,,,Y,,Y,,C,02,1,0,0,0,0,0,0,0,1,"- ","- ",38.233849999999997,-121.43668,"SAN JOAQUIN",UNINCORPORATED,-121.43682746,38.234292740000001
6854111,2014,2015-05-15,3905,2014-10-11,0001,2021,CIV,6,5,6,3905,0,0,0,,0,,"AIRPORT WY","LINDSAY ST",20.00,N,N,A,-,N,,,,,,,,,,Y,1,1,0,3,A,-,03,22350,,N,B,C,A,A,H,-,C,D,0,,,,,Y,,-,"- ",0,0,0,0,0,0,0,0,0,"- ","- ",,,"SAN JOAQUIN",STOCKTON,-121.27528493,37.959443640000003
6865825,2015,2016-09-19,9265,2015-03-05,0955,13444,,4,1,9,3900,0,1,3,,2,006,"RT 99","LODI AV",1056.00,S,N,A,-,Y,SJ,10,99,-,-,30.320,H,-,N,Y,2,0,2,1,A,-,08,22107,,N,F,A,A,A,H,-,A,D,1,,,,,Y,,A,01,1,1,0,0,0,0,0,0,0,"- ","- ",38.132429999999999,-121.27719,"SAN JOAQUIN",UNINCORPORATED,-121.25731038000001,38.128021570000001
6865833,2015,2016-09-13,9265,2015-03-05,0708,16639,,4,1,4,3903,0,1,3,,2,025,"RT 120","MAIN ST",1500.00,E,N,A,-,Y,SJ,10,120,-,R,5.590,H,-,W,Y,2,0,3,3,A,-,03,22350,,N,C,C,A,A,H,-,A,D,1,,,,,Y,,A,01,1,0,2,0,0,0,0,0,0,"- ","- ",37.783580000000001,-121.20836,"SAN JOAQUIN",MANTECA,-121.21080317000001,37.783540440000003
6876848,2015,2016-04-18,9265,2015-03-11,2025,019657,,3,2,9,3900,0,3,5,,2,030,"LOOMIS RD","RT 99",0.00,,Y,A,-,N,,,,,,,,,,Y,2,0,1,1,A,-,03,22350,,N,E,I,A,A,H,-,C,A,0,,,,,Y,,A,07,1,0,0,0,0,0,0,0,0,"- ","- ",37.931730000000002,-121.23383,"SAN JOAQUIN",UNINCORPORATED,-121.23410998999999,37.931439939999997
6905510,2015,2016-12-07,9265,2015-05-25,0820,19558,,1,1,9,3900,0,1,3,,1,061,"RT 26","MURRAY RD",210.00,W,N,A,-,Y,SJ,10,26,-,-,8.880,H,-,E,Y,2,0,1,2,A,-,08,22107,,N,B,C,A,A,H,-,A,D,0,,,,,Y,,D,22,1,0,0,0,0,0,0,0,0,"- ","- ",38.010849999999998,-121.11447,"SAN JOAQUIN",UNINCORPORATED,-121.11453145999999,38.010752670000002
6905623,2015,2016-02-04,9265,2015-04-23,0535,13325,,4,3,9,3900,0,3,5,,2,060,"LIBERTY RD","DUSTIN RD",0.00,,Y,A,-,N,,,,,,,,,,Y,1,1,2,2,A,-,03,22350,,N,C,C,A,A,H,-,B,A,0,,,,,Y,,D,22,1,1,0,0,0,0,0,0,0,"- ","- ",38.234029999999997,-121.22676,"SAN JOAQUIN",UNINCORPORATED,-121.22673987,38.234039889999998
6929758,2015,2016-12-05,9265,2015-04-01,1045,016639,,3,1,9,3900,0,1,1,,2,502,"RT 5","EL DORADO ST",1320.00,S,N,A,-,Y,SJ,10,5,-,R,20.700,H,-,S,Y,2,0,1,1,C,-,18,,,N,E,J,A,A,H,-,A,D,1,,,Y,,Y,,-,"- ",1,0,0,0,0,0,0,0,1,"- ","- ",37.865659999999998,-121.27946,"SAN JOAQUIN",UNINCORPORATED,-121.27793622,37.871094900000003
6952155,2015,2015-07-10,3902,2015-06-02,2212,49,,2,5,5,3902,0,0,0,,0,,"N HAM LN","W LOCKEFORD ST",0.00,,Y,A,-,N,,,,,,,,,,N,2,0,1,2,A,-,01,21200,5,N,H,G,A,A,H,-,C,A,0,,Y,,,Y,Y,L,04,1,0,0,0,0,0,1,0,0,"- ","- ",,,"SAN JOAQUIN",LODI,-121.28839988999999,38.138469960000002
6958043,2015,2016-11-02,9265,2015-04-26,0225,019774,,7,3,9,3900,0,1,3,,1,042,"RT 4","RT 99",247.00,S,N,A,-,Y,SJ,10,4,-,R,19.439,R,2,E,Y,2,0,2,1,A,-,01,23152,A,N,E,I,A,A,H,-,C,A,0,,,,,Y,Y,A,01,2,0,0,0,0,0,0,0,0,TO,TO,37.961509999999997,-121.24236999999999,"SAN JOAQUIN",UNINCORPORATED,-121.24207641,37.961940869999999
6969975,2015,2015-07-07,9265,2015-05-29,1415,018955,,5,2,9,3900,0,3,5,,2,010,"LATHROP RD","AUSTIN RD",694.00,W,N,A,-,N,,,,,,,,,,N,2,0,1,2,A,-,11,21954,A,N,G,B,D,A,H,-,A,D,0,Y,,,Y,Y,,N,60,1,0,0,0,1,0,0,0,0,"- ","- ",37.82667,-121.18809,"SAN JOAQUIN",UNINCORPORATED,-121.18807159000001,37.826571889999997
6981454,2015,2016-11-02,9265,2015-06-06,2100,017286,,6,2,6,3905,0,1,3,,1,042,"RT 4","EL DORADO ST",1056.00,W,N,A,-,Y,SJ,10,4,-,R,16.500,H,-,E,N,2,0,1,2,D,-,00,,,F,B,C,A,A,H,-,C,D,1,,,Y,,Y,Y,-,"- ",1,0,0,0,0,0,0,0,1,"- ","- ",37.950490000000002,-121.28834000000001,"SAN JOAQUIN",STOCKTON,-121.29276084999999,37.94957969
7006731,2014,2016-01-13,3905,2014-12-30,2500,00001,,2,5,6,3905,0,0,0,,0,,"DR MARTIN LUTHER KING JR BL","MORMON SLOUGH",0.00,,Y,A,-,N,,,,,,,,,,Y,1,1,0,1,A,-,08,22107,,N,E,I,A,A,H,-,D,D,0,,,,,Y,,A,01,0,0,0,0,0,0,0,0,0,"- ","- ",37.947200000000002,-121.24988,"SAN JOAQUIN",STOCKTON,,
7090914,2015,2015-10-20,3902,2015-08-15,1737,DH59,,6,5,5,3902,0,0,0,,0,,"SOUTH HUTCHINS ST","W OAK ST",0.00,,Y,A,-,N,,,,,,,,,,N,2,0,1,1,C,-,18,,,N,H,A,A,A,H,-,A,D,0,,,,,Y,Y,-,"- ",1,0,0,0,0,0,0,0,0,"- ","- ",,,"SAN JOAQUIN",LODI,-121.27916989000001,38.133229970000002