CASE_ID,ACCIDENT_YEAR,PROC_DATE,JURIS,COLLISION_DATE,COLLISION_TIME,OFFICER_ID,REPORTING_DISTRICT,DAY_OF_WEEK,CHP_SHIFT,POPULATION,CNTY_CITY_LOC,SPECIAL_COND,BEAT_TYPE,CHP_BEAT_TYPE,CITY_DIVISION_LAPD,CHP_BEAT_CLASS,BEAT_NUMBER,PRIMARY_RD,SECONDARY_RD,DISTANCE,DIRECTION,INTERSECTION,WEATHER_1,WEATHER_2,STATE_HWY_IND,CALTRANS_COUNTY,CALTRANS_DISTRICT,STATE_ROUTE,ROUTE_SUFFIX,POSTMILE_PREFIX,POSTMILE,LOCATION_TYPE,RAMP_INTERSECTION,SIDE_OF_HWY,TOW_AWAY,COLLISION_SEVERITY,NUMBER_KILLED,NUMBER_INJURED,PARTY_COUNT,PRIMARY_COLL_FACTOR,PCF_CODE_OF_VIOL,PCF_VIOL_CATEGORY,PCF_VIOLATION,PCF_VIOL_SUBSECTION,HIT_AND_RUN,TYPE_OF_COLLISION,MVIW,PED_ACTION,ROAD_SURFACE,ROAD_COND_1,ROAD_COND_2,LIGHTING,CONTROL_DEVICE,CHP_ROAD_TYPE,PEDESTRIAN_ACCIDENT,BICYCLE_ACCIDENT,MOTORCYCLE_ACCIDENT,TRUCK_ACCIDENT,NOT_PRIVATE_PROPERTY,ALCOHOL_INVOLVED,STWD_VEHTYPE_AT_FAULT,CHP_VEHTYPE_AT_FAULT,COUNT_SEVERE_INJ,COUNT_VISIBLE_INJ,COUNT_COMPLAINT_PAIN,COUNT_PED_KILLED,COUNT_PED_INJURED,COUNT_BICYCLIST_KILLED,COUNT_BICYCLIST_INJURED,COUNT_MC_KILLED,COUNT_MC_INJURED,PRIMARY_RAMP,SECONDARY_RAMP,LATITUDE,LONGITUDE,COUNTY,CITY,POINT_X,POINT_Y
7105175,2015,2017-01-27,9265,2015-09-02,1110,15490,,3,1,9,3900,0,1,3,,2,004,"RT 99","MORADA LN",550.00,S,N,A,-,Y,SJ,10,99,-,-,23.930,H,-,N,N,2,0,1,2,A,-,11,21956,,N,G,B,E,A,H,-,A,D,1,Y,,,Y,Y,,N,60,1,0,0,0,1,0,0,0,0,"- ","- ",38.035710000000002,-121.25826000000001,"SAN JOAQUIN",UNINCORPORATED,-121.25828688999999,38.035783539999997
7155292,2015,2016-01-15,3902,2015-12-07,1551,ML96,,1,5,5,3902,0,0,0,,0,,"LODI AV","CENTRAL AV",21.00,W,N,A,-,N,,,,,,,,,,N,2,0,1,2,A,-,01,21200,5,M,H,G,A,A,H,-,A,A,0,,Y,,,Y,,L,04,1,0,0,0,0,0,1,0,0,"- ","- ",,,"SAN JOAQUIN",LODI,-121.26527282000001,38.130765820000001
7179595,2015,2016-02-11,3903,2015-12-26,0720,3231,,6,5,4,3903,0,0,0,,0,004,"WEST YOSEMITE AV","WALNUT AV",4.00,W,N,A,-,N,,,,,,,,,,N,2,0,1,2,A,-,12,21453,A,F,H,G,A,A,H,-,A,A,0,,Y,,,Y,,L,04,1,0,0,0,0,0,1,0,0,"- ","- ",,,"SAN JOAQUIN",MANTECA,-121.22888383999999,37.797420000000002
7190698,2016,2016-12-28,3905,2016-09-20,0717,1532,LAK,2,5,6,3905,0,0,0,,0,,"PERSHING AV","LINCOLN RD",179.00,N,N,A,-,N,,,,,,,,,,Y,1,1,2,2,A,-,01,23152,E,N,C,C,A,A,H,-,A,A,0,,,,,Y,,A,01,0,0,2,0,0,0,0,0,0,"- ","- ",38.014020000000002,-121.33027,"SAN JOAQUIN",STOCKTON,-121.32986894,38.014261320000003
7190757,2015,2016-02-23,3903,2015-11-23,1736,1751,,1,5,4,3903,0,0,0,,0,,"AUSTIN RD","SEDAN AV",430.00,N,N,A,-,N,,,,,,,,,,N,2,0,1,2,D,-,00,,,F,B,G,A,A,H,-,D,D,0,,Y,,,Y,,-,"- ",1,0,0,0,0,0,1,0,0,"- ","- ",,,"SAN JOAQUIN",MANTECA,-121.17901711,37.762390859999996
7192344,2016,2016-03-04,3900,2016-02-06,1402,152605,,6,5,2,3920,0,0,0,,0,009,"KILARNEY CT","KILARNEY DR",44.00,E,N,A,-,N,,,,,,,,,,Y,2,0,1,2,A,-,03,22350,,N,D,E,A,A,H,-,A,D,0,,,Y,,Y,,C,02,1,0,0,0,0,0,0,0,1,"- ","- ",,,"SAN JOAQUIN",LATHROP,-121.27851771,37.830453630000001
7198120,2016,2016-03-07,3905,2016-01-21,1916,2277,LAK,4,5,6,3905,0,0,0,,0,,"PACIFIC AV","ROBINHOOD DR",208.00,N,N,A,-,N,,,,,,,,,,N,2,0,1,2,A,-,11,21955,,N,G,B,D,A,H,-,C,D,0,Y,,,,Y,Y,N,60,1,0,0,0,1,0,0,0,0,"- ","- ",38.000779999999999,-121.31583999999999,"SAN JOAQUIN",STOCKTON,-121.31668430000001,38.0011455
7199552,2016,2016-06-17,3905,2016-04-01,1131,2133,LAK,5,5,6,3905,0,0,0,,0,,"TAMWORTH WY","ROBINHOOD DR",46.00,S,N,A,-,N,,,,,,,,,,Y,1,1,0,2,A,-,11,21954,A,N,G,B,D,A,H,-,A,A,0,Y,,,,Y,,N,60,0,0,0,1,0,0,0,0,0,"- ","- ",38.00132,-121.31338,"SAN JOAQUIN",STOCKTON,-121.31387918999999,38.001030229999998
7199576,2016,2017-05-30,3905,2016-12-31,1842,2416,SEA,6,5,6,3905,0,0,0,,0,,"TURNPIKE RD","8TH ST",0.00,,Y,A,-,N,,,,,,,,,,Y,1,1,0,2,A,-,01,21200,5,N,H,G,A,A,H,-,C,A,0,,Y,,,Y,Y,L,04,0,0,0,0,0,1,0,0,0,"- ","- ",37.927039999999998,-121.29325,"SAN JOAQUIN",STOCKTON,-121.29302,37.927039999999998
7199578,2016,2017-05-30,3905,2016-09-15,0902,1441,PAR,4,5,6,3905,0,0,0,,0,,"AIRPORT WY","PINCHOT ST",0.00,,Y,A,-,N,,,,,,,,,,Y,1,1,4,2,A,-,01,23152,F,N,D,-,A,A,H,-,A,A,0,,,,,Y,,A,01,0,1,3,0,0,0,0,0,0,"- ","- ",37.968429999999998,-121.27755000000001,"SAN JOAQUIN",STOCKTON,-121.27774989,37.968459899999999
7199670,2016,2016-06-23,3905,2016-01-25,0049,2133,VAL,1,5,6,3905,0,0,0,,0,,"MARANATHA DR","BRYANT DR",0.00,,Y,B,-,N,,,,,,,,,,Y,1,1,3,2,A,-,01,23152,A,N,D,C,A,B,H,-,C,A,0,,,,,Y,Y,A,01,0,0,3,0,0,0,0,0,0,"- ","- ",38.026789999999998,-121.26439000000001,"SAN JOAQUIN",STOCKTON,-121.26412999,38.026969999999999
8002470,2016,2017-02-03,3902,2016-03-08,1201,DB72,,2,5,5,3902,0,0,0,,0,,"RT 12","S LOWER SACRAMENTO RD",0.00,,Y,B,-,Y,SJ,10,12,-,-,15.155,I,5,E,N,2,0,1,2,A,-,12,21453,A,N,H,G,A,A,D,E,A,A,0,,Y,,,Y,,L,04,1,0,0,0,0,0,1,0,0,"- ","- ",,,"SAN JOAQUIN",LODI,-121.30653123,38.1155233
8004902,2016,2016-03-25,3905,2016-02-02,1738,2035,SEA,2,5,6,3905,0,0,0,,0,,"SQUIRE WY","SHIPWHELL DR",150.00,W,N,A,-,N,,,,,,,,,,N,2,0,1,2,A,-,17,21702,A,N,G,B,E,A,H,-,B,D,0,Y,,,,Y,,A,01,1,0,0,0,1,0,0,0,0,"- ","- ",37.900179999999999,-121.32093999999999,"SAN JOAQUIN",STOCKTON,-121.32134019999999,37.89987035
8023666,2016,2016-04-25,3905,2016-04-03,1337,2525,PAR,7,5,6,3905,0,0,0,,0,,"AIRPORT WY","RALPH AV",39.00,S,N,A,-,N,,,,,,,,,,Y,2,0,7,4,A,-,03,22350,,N,C,C,A,A,H,-,A,A,0,,,,,Y,,A,01,1,1,5,0,0,0,0,0,0,"- ","- ",37.919939999999997,-121.26209,"SAN JOAQUIN",STOCKTON,-121.2622451,37.919928970000001
8034777,2016,2016-05-16,3903,2016-04-09,1446,3569,,6,5,4,3903,0,0,0,,0,003,"ALLEY BETWEEN JESSIE & WILLOW","STOCKTON ST",40.00,N,N,A,-,N,,,,,,,,,,N,2,0,1,1,A,-,03,22350,,N,F,A,A,A,H,-,A,D,0,,,Y,,Y,,C,02,1,0,0,0,0,0,0,0,1,"- ","- ",,,"SAN JOAQUIN",MANTECA,-121.22119188000001,37.795733120000001
8050609,2016,2016-06-11,3905,2016-05-31,2147,2694,CIV,2,5,6,3905,0,0,0,,0,,"COMMERCE ST","PARK ST",15.00,S,N,A,-,N,,,,,,,,,,Y,2,0,5,2,A,-,01,23153,A,N,D,C,A,A,H,-,D,D,0,,,,,Y,Y,A,08,1,2,2,0,0,0,0,0,0,"- ","- ",37.959269999999997,-121.2942,"SAN JOAQUIN",STOCKTON,-121.29426067999999,37.959209469999998
8060953,2016,2016-06-11,3905,2016-06-06,2102,2733,,1,5,6,3905,0,0,0,,0,,"PACIFIC AV","SWAIN RD",0.00,,Y,A,-,N,,,,,,,,,,N,2,0,1,2,A,-,12,21453,A,N,G,B,B,A,H,-,C,A,0,Y,,,,Y,,A,01,1,0,0,0,1,0,0,0,0,"- ","- ",38.00479,-121.31847999999999,"SAN JOAQUIN",STOCKTON,-121.31806992999999,38.004619980000001
8072089,2016,2016-06-29,3906,2016-06-17,1917,1103,TRACY,5,5,5,3906,0,0,0,,0,003,"11TH ST","CORRAL HOLLOW",500.00,E,N,A,B,N,,,,,,,,,,Y,2,0,1,1,A,-,03,22350,,N,H,A,A,A,H,-,A,D,0,,,Y,,Y,,C,02,1,0,0,0,0,0,0,0,1,"- ","- ",,,"SAN JOAQUIN",TRACY,-121.45149072,37.739415139999998
8072869,2016,2016-06-30,3905,2016-06-13,2007,2816,PAR,1,5,6,3905,0,0,0,,0,,"MYRTLE ST","PRIVATE RD",172.00,E,N,A,-,N,,,,,,,,,,Y,2,0,2,1,A,-,03,22350,,F,F,I,A,A,H,-,B,D,0,,,,,Y,,A,01,1,0,1,0,0,0,0,0,0,"- ","- ",,,"SAN JOAQUIN",STOCKTON,,
8073048,2016,2016-06-30,3905,2016-06-26,1452,2542,CIV,7,5,6,3905,0,0,0,,0,,"HARDING WY","SYCAMORE AV",0.00,,Y,A,-,N,,,,,,,,,,Y,2,0,4,2,A,-,03,22350,,N,D,C,A,A,H,-,A,A,0,,,,,Y,,D,22,1,0,3,0,0,0,0,0,0,"- ","- ",37.9711,-121.27187000000001,"SAN JOAQUIN",STOCKTON,-121.27208997,37.971209899999998
8108776,2015,2017-01-19,3905,2015-12-31,2338,2698,CIV,4,5,6,3905,0,0,0,,0,,"EL DORADO ST","PARK ST",0.00,,Y,A,-,N,,,,,,,,,,Y,2,0,4,2,A,-,12,21453,A,N,D,C,A,A,H,-,C,A,0,,,,,Y,,J,48,1,3,0,0,0,0,0,0,0,"- ","- ",37.959699999999998,-121.29159,"SAN JOAQUIN",STOCKTON,-121.29169992,37.95968989
8118307,2016,2016-09-09,3905,2016-08-17,1630,2729,PAR,3,5,6,3905,0,0,0,,0,,"WEBER AV","AIRPORT WY",0.00,,Y,A,-,N,,,,,,,,,,N,2,0,1,2,A,-,12,21453,A,N,D,C,A,A,H,-,A,A,0,,,Y,,Y,,A,01,1,0,0,0,0,0,0,0,1,"- ","- ",37.956299999999999,-121.27437999999999,"SAN JOAQUIN",STOCKTON,-121.27445985999999,37.95638993
8119214,2016,2016-09-14,3905,2016-07-27,2104,2763,LAK,3,5,6,3905,0,0,0,,0,,"PERSHING AV","BUCKINGHAM WY",157.00,S,N,A,-,N,,,,,,,,,,N,2,0,1,2,A,-,11,21955,,N,G,B,D,A,H,-,C,D,0,Y,,,,Y,Y,N,60,1,0,0,0,1,0,0,0,0,"- ","- ",38.00029,-121.32558,"SAN JOAQUIN",STOCKTON,-121.32594355000001,37.999656969999997
8124545,2016,2016-09-27,3903,2016-07-02,1344,1751,,6,5,4,3903,0,0,0,,0,,"ATHERTON DR","SERENO DR",0.00,,Y,A,-,N,,,,,,,,,,Y,2,0,1,2,D,-,00,,,N,D,C,A,A,H,-,A,D,0,,,Y,,Y,Y,-,"- ",1,0,0,0,0,0,0,0,1,"- ","- ",37.781469999999999,-121.19768999999999,"SAN JOAQUIN",MANTECA,-121.19768990999999,37.781609899999999
8154927,2016,2016-11-02,3902,2016-10-16,1731,67,,7,5,5,3902,0,0,0,,0,,"SOUTH STOCKTON ST","E TOKAY ST",0.00,,Y,B,-,N,,,,,,,,,,N,2,0,1,2,A,-,00,21760,B,F,H,G,A,B,H,-,A,D,0,,Y,,,Y,,A,01,1,0,0,0,0,0,1,0,0,"- ","- ",,,"SAN JOAQUIN",LODI,-121.26971996,38.126559899999997
8155827,2016,2016-12-02,3905,2016-09-16,1356,2063,CIV,5,5,6,3905,0,0,0,,0,,"ACACIA ST","MADISON ST",0.00,,Y,A,-,N,,,,,,,,,,Y,2,0,5,2,A,-,12,22450,A,N,D,C,A,A,H,-,A,A,0,,,,,Y,,-,"- ",1,2,2,0,0,0,0,0,0,"- ","- ",37.96199,-121.29627000000001,"SAN JOAQUIN",STOCKTON,-121.29639998,37.9619499
8166632,2016,2017-02-15,3903,2016-11-13,1626,1751,,7,5,4,3903,0,0,0,,0,,"WOODWARD AV","AL FONSECA LN",0.00,,Y,A,-,N,,,,,,,,,,Y,1,1,0,1,A,-,03,22350,,N,E,I,A,A,H,-,A,A,0,,,Y,,Y,Y,C,02,0,0,0,0,0,0,0,1,0,"- ","- ",,,"SAN JOAQUIN",MANTECA,-121.23837899999999,37.775578500000002
8166635,2016,2017-02-15,3903,2016-11-13,1625,1751,,7,5,4,3903,0,0,0,,0,,"WOODWARD AV","AL FONSECA LN",0.00,,Y,A,-,N,,,,,,,,,,Y,1,1,0,1,A,-,01,23152,A,N,E,I,A,A,H,-,A,D,0,,,Y,,Y,Y,C,02,0,0,0,0,0,0,0,1,0,"- ","- ",,,"SAN JOAQUIN",MANTECA,-121.23837899999999,37.775578500000002
8166816,2016,2017-03-28,3905,2016-12-18,2120,2133,LAK,7,5,6,3905,0,0,0,,0,,"MARCH LN","PERSHING AV",172.00,W,N,A,-,N,,,,,,,,,,Y,1,1,1,1,A,-,01,23152,A,N,E,I,A,A,H,-,C,A,0,,,,,Y,Y,A,01,1,0,0,0,0,0,0,0,0,"- ","- ",37.989240000000002,-121.32156000000001,"SAN JOAQUIN",STOCKTON,-121.32253947,37.988948520000001
81694285,2021,2022-02-07,3905,2021-12-18,0011,2732,CIV,6,5,6,3905,0,0,0,,0,,"OAK ST","STANISLAUS ST",0.00,,Y,A,-,Y,,,,,,,,,,Y,2,0,1,2,A,-,12,22450,A,F,D,C,A,A,H,-,C,D,0,,,Y,,Y,,A,01,1,0,0,0,0,0,0,0,1,"- ","- ",37.959991455078125,-121.28350067138672,"SAN JOAQUIN",STOCKTON,-121.28358459472656,37.960048675537109
81733474,2022,2022-03-25,3905,2022-02-05,0452,2987,SEA,6,5,6,3905,0,0,0,,0,,"CAROLYN WESTON BL","LLOYD THAYER CI",141.00,E,N,A,-,N,,,,,,,,,,Y,2,0,2,1,A,-,03,22350,,F,E,J,A,A,H,-,C,A,0,,,,,Y,,A,01,1,0,1,0,0,0,0,0,0,"- ","- ",37.911041259765625,-121.30622863769531,"SAN JOAQUIN",STOCKTON,-121.30403900146484,37.911453247070312
81751886,2022,2022-04-20,3905,2022-01-01,0039,2528,VAL,6,5,6,3905,0,0,0,,0,,"CHERBOURG WY","SANDALWOOD DR",157.00,S,N,A,-,N,,,,,,,,,,N,2,0,1,2,A,-,03,22350,,F,G,B,D,A,H,-,C,D,0,Y,,,,Y,,A,01,1,0,0,0,1,0,0,0,0,"- ","- ",38.032100677490234,-121.28569030761719,"SAN JOAQUIN",STOCKTON,-121.28551483154297,38.031719207763672
81752011,2022,2022-04-20,3905,2022-02-25,0603,3135,CIV,5,5,6,3905,0,0,0,,0,,"MADISON ST","ACACIA ST",0.00,,Y,A,-,N,,,,,,,,,,Y,2,0,2,4,A,-,12,22450,A,N,D,C,A,A,H,-,D,A,0,,,,,Y,,A,01,1,0,1,0,0,0,0,0,0,"- ","- ",37.961990356445312,-121.29627227783203,"SAN JOAQUIN",STOCKTON,-121.29640197753906,37.961944580078125
81772250,2022,2022-05-16,3905,2022-04-08,2322,2658,LAK,5,5,6,3905,0,0,0,,0,,"EL DORADO ST","LORETTA AV",362.00,N,N,A,-,N,,,,,,,,,,Y,2,0,1,1,A,-,03,22350,,N,E,I,A,A,H,-,C,D,0,,,,,Y,,A,01,1,0,0,0,0,0,0,0,0,"- ","- ",38.01416015625,-121.30915832519531,"SAN JOAQUIN",STOCKTON,-121.30942535400391,38.014980316162109
81777202,2022,2022-05-23,3905,2022-03-22,0925,3139,CIV,2,5,6,3905,0,0,0,,0,,"EL DORADO ST","CALIFORNIA ST",0.00,,Y,A,-,N,,,,,,,,,,Y,2,0,1,2,A,-,09,21802,A,N,D,C,A,A,H,-,A,A,0,,,,Y,Y,,F,24,1,0,0,0,0,0,0,0,0,"- ","- ",37.923999786376953,-121.28060913085938,"SAN JOAQUIN",STOCKTON,-121.28079223632812,37.923931121826172
81793270,2022,2022-06-13,3905,2022-05-04,1727,2566,VAL,3,5,6,3905,0,0,0,,0,,"MARCH LN","FRED RUSSO DR",0.00,,Y,A,-,N,,,,,,,,,,N,2,0,2,2,A,-,01,23152,A,F,D,G,A,A,H,-,A,A,0,,Y,,,Y,Y,A,07,1,1,0,0,0,0,1,0,0,"- ","- ",38.004920959472656,-121.27684020996094,"SAN JOAQUIN",STOCKTON,-121.27629089355469,38.005668640136719
81813682,2022,2022-07-11,3905,2022-06-06,2227,2967,LAK,1,5,6,3905,0,0,0,,0,,"LINCOLN RD","PACIFIC AV",0.00,,Y,A,-,Y,,,,,,,,,,Y,2,0,2,2,A,-,01,23152,A,N,D,C,A,A,H,-,C,A,0,,,,,Y,,A,01,1,1,0,0,0,0,0,0,0,"- ","- ",38.013938903808594,-121.32206726074219,"SAN JOAQUIN",STOCKTON,-121.32176208496094,38.013740539550781
81815838,2022,2022-07-13,3905,2022-06-10,0010,3090,SEA,5,5,6,3905,0,0,0,,0,,"STANISLAUS ST","SONORA ST",0.00,,Y,A,-,N,,,,,,,,,,N,2,0,1,2,A,-,10,21950,A,F,G,B,B,A,H,-,C,A,0,Y,,,,Y,,A,01,1,0,0,0,1,0,0,0,0,"- ","- ",37.950080871582031,-121.28092193603516,"SAN JOAQUIN",STOCKTON,-121.28090667724609,37.950119018554688
81823663,2022,2022-07-25,3905,2022-06-20,2034,2947,PAR,1,5,6,3905,0,0,0,,0,,"AIRPORT WY","ACACIA ST",55.00,N,N,A,-,N,,,,,,,,,,Y,2,0,1,4,A,-,01,23153,A,N,A,C,A,A,H,-,A,D,0,,,,,Y,Y,A,01,1,0,0,0,0,0,0,0,0,"- ","- ",37.964611053466797,-121.27789306640625,"SAN JOAQUIN",STOCKTON,-121.27690124511719,37.965396881103516
81832788,2022,2022-08-04,3905,2022-06-08,1833,7160,PAR,3,5,6,3905,0,0,0,,0,,"AIRPORT WY","C E DIXON ST",137.00,N,N,A,-,N,,,,,,,,,,Y,2,0,1,1,A,-,00,2818,,N,E,J,A,A,D,-,A,A,0,,,Y,,Y,,C,02,1,0,0,0,0,0,0,0,1,"- ","- ",37.891731262207031,-121.25299835205078,"SAN JOAQUIN",STOCKTON,-121.25119018554688,37.892929077148438
81866239,2022,2022-09-16,3905,2022-06-07,1751,2835,CIV,2,5,6,3905,0,0,0,,0,,"CALIFORNIA ST","MAGNOLIA ST",0.00,,Y,A,-,N,,,,,,,,,,Y,1,1,0,1,A,-,01,23152,A,N,E,I,A,A,H,-,A,D,0,,,,,Y,Y,A,01,0,0,0,0,0,0,0,0,0,"- ","- ",37.964450836181641,-121.28739166259766,"SAN JOAQUIN",STOCKTON,-121.28755187988281,37.964447021484375
81889125,2022,2022-10-13,3905,2022-08-14,1935,2891,LAK,7,5,6,3905,0,0,0,,0,,"MARCH LN","BROOKSIDE RD (E)",0.00,,Y,A,-,N,,,,,,,,,,Y,2,0,2,2,A,-,03,22350,,N,C,C,A,A,H,-,A,A,0,,,,,Y,,A,01,1,0,1,0,0,0,0,0,0,"- ","- ",37.984249114990234,-121.35481262207031,"SAN JOAQUIN",STOCKTON,-121.35518646240234,37.983860015869141
81904771,2022,2022-10-31,3905,2022-06-29,2238,2762,SEA,3,5,6,3905,0,0,0,,0,,"CHARTER WY","STOCKTON ST",480.00,W,N,A,-,N,,,,,,,,,,Y,1,1,0,2,A,-,11,21956,A,N,G,B,D,A,H,-,C,D,0,Y,,,,Y,,N,60,0,0,0,1,0,0,0,0,0,"- ","- ",37.935680389404297,-121.30126190185547,"SAN JOAQUIN",STOCKTON,-121.30139923095703,37.935775756835938
81997906,2022,2023-02-20,3905,2022-09-21,2038,2156,BEA,3,5,6,3905,0,0,0,,0,,"HAMMER LN","ALEXANDRIA PL",0.00,,Y,A,-,N,,,,,,,,,,Y,1,1,0,2,A,-,11,21456,A,N,G,B,B,A,H,-,C,A,0,Y,,,,Y,Y,N,60,0,0,0,1,0,0,0,0,0,"- ","- ",38.021518707275391,-121.33641815185547,"SAN JOAQUIN",STOCKTON,-121.33609771728516,38.021255493164062
82069908,2023,2023-06-28,3924,2023-04-17,"357 ",1332,L2,1,5,2,3920,0,0,0,,0,00C,"HARLAN RD","LOUISE AVE",530.00,N,-,A,-,N,,,,,,,,,,Y,2,0,1,1,A,-,03,22350,,M,E,I,A,A,H,-,C,D,0,,,,Y,Y,,F,26,1,0,0,0,0,0,0,0,0,"- ","- ",37.805168151855469,-121.29611968994141,"SAN JOAQUIN",LATHROP,-121.29373168945312,37.813175201416016
82080072,2023,2023-05-29,3905,2023-03-26,"455 ",3090,CIV,7,5,6,3905,0,0,0,,0,,"CALIFORNIA ST","WALNUT ST",18.00,S,N,-,-,N,,,,,,,,,,N,2,0,1,2,A,-,11,21456,B,N,G,B,B,A,H,-,C,A,0,Y,,,,Y,,N,60,1,0,0,0,1,0,0,0,0,"- ","- ",37.970039367675781,-121.28884887695312,"SAN JOAQUIN",STOCKTON,-121.28903961181641,37.970001220703125
82130453,2023,2023-07-28,3905,2023-06-03,"303 ",2835,PAR,6,5,6,3905,0,0,0,,0,,"AIRPORT WY","WASHINGTON ST",0.00,,Y,A,-,N,,,,,,,,,,N,1,1,0,2,A,-,10,21950,A,F,G,B,B,A,A,-,C,D,0,Y,,,,Y,,A,01,0,0,0,1,0,0,0,0,0,"- ","- ",37.953300476074219,-121.27359771728516,"SAN JOAQUIN",STOCKTON,-121.27365112304688,37.953414916992188
82176829,2023,2023-09-25,3905,2023-08-19,2303,3065,VAL,6,5,6,3905,0,0,0,,0,,"MONTAUBAN AV","ATCHENSON ST",0.00,,Y,A,-,N,,,,,,,,,,Y,2,0,1,1,A,-,03,22350,,N,E,I,A,A,H,-,D,D,0,,,,,Y,,A,01,1,0,0,0,0,0,0,0,0,"- ","- ",38.008281707763672,-121.28916931152344,"SAN JOAQUIN",STOCKTON,-121.28874969482422,38.008296966552734
82228148,2023,2023-11-06,3905,2023-10-02,1705,7034,PAR,1,5,6,3905,0,0,0,,0,,"WILSON WY","PARK ST",10.00,N,N,A,-,N,,,,,,,,,,N,2,0,1,2,A,-,12,21453,A,F,D,G,A,A,H,-,A,A,0,,Y,,,Y,,L,04,1,0,0,0,0,0,1,0,0,"- ","- ",37.962680816650391,-121.27333068847656,"SAN JOAQUIN",STOCKTON,-121.27344512939453,37.962818145751953
82243507,2023,2023-12-27,3905,2023-10-21,"30  ",3103,CIV,6,5,6,3905,0,0,0,,0,,"EL DORADO ST","WASHINGTON ST",44.00,S,N,A,-,N,,,,,,,,,,N,2,0,2,2,A,-,03,22350,,N,C,C,A,A,H,-,C,A,0,,,,,Y,,A,01,2,0,0,0,0,0,0,0,0,"- ","- ",37.950729370117188,-121.28923034667969,"SAN JOAQUIN",STOCKTON,-121.28919982910156,37.950565338134766
82250685,2023,2023-12-04,3905,2023-10-28,1900,3095,BEA,6,5,6,3905,0,0,0,,0,,"RANNOCK DR","GLENCANNON ST",112.00,S,N,A,-,N,,,,,,,,,,N,2,0,1,3,A,-,03,22350,,N,A,E,A,A,H,-,B,D,0,,,,,Y,,A,01,1,0,0,0,0,0,0,0,0,"- ","- ",38.02642822265625,-121.31130218505859,"SAN JOAQUIN",STOCKTON,-121.31106567382812,38.0260009765625
82280885,2023,2024-01-08,3905,2023-11-24,"928 ",7267,SEA,5,5,6,3905,0,0,0,,0,,"FRENCH CAMP RD","SB I5 OFF RAMP",0.00,,Y,A,-,N,,,,,,,,,,Y,2,0,2,2,A,-,12,21453,A,N,D,C,A,A,H,-,A,A,0,,,,,Y,,A,01,1,1,0,0,0,0,0,0,0,"- ","- ",37.897171020507812,-121.28466796875,"SAN JOAQUIN",STOCKTON,-121.28392791748047,37.897045135498047
82284592,2023,2024-04-17,3905,2023-10-08,2320,3065,BEA,7,5,6,3905,0,0,0,,0,,"THORNTON RD","CONNIE AV",224.00,N,N,A,-,N,,,,,,,,,,Y,1,1,0,2,A,-,11,21954,A,N,G,B,D,A,H,-,C,D,0,Y,,,,Y,,N,60,0,0,0,1,0,0,0,0,0,"- ","- ",38.033718109130859,-121.33775329589844,"SAN JOAQUIN",STOCKTON,-121.33802795410156,38.034477233886719
82292734,2022,2024-01-22,3905,2022-05-22,1919,3133,,7,5,6,3905,0,0,0,,0,,"FRENCH CAMP RD","FRANK WEST CIR",102.00,E,N,A,-,N,,,,,,,,,,N,2,0,1,1,A,-,03,22350,,N,E,I,A,A,H,-,A,D,0,,,,,Y,,A,01,1,0,0,0,0,0,0,0,0,"- ","- ",,,"SAN JOAQUIN",STOCKTON,-121.27964782714844,37.896320343017578
82317675,2024,2024-02-20,3905,2024-01-16,1756,7273,PAR,2,5,6,3905,0,0,0,,0,,"MARSH ST","F ST",0.00,,Y,C,-,N,,,,,,,,,,N,2,0,3,2,A,-,09,21803,A,N,D,C,A,B,H,-,C,A,0,,,,,Y,,D,22,1,1,1,0,0,0,0,0,0,"- ","- ",37.955051422119141,-121.25435638427734,"SAN JOAQUIN",STOCKTON,-121.25438690185547,37.955257415771484
82328376,2024,2024-03-04,3905,2024-01-28,2029,3115,VAL,7,5,6,3905,0,0,0,,0,,"WEST LN","SWAIN RD",160.00,N,N,A,-,N,,,,,,,,,,N,2,0,1,2,A,-,11,21955,,N,G,B,D,A,H,-,C,D,0,Y,,,,Y,,N,60,1,0,0,0,1,0,0,0,0,"- ","- ",38.010341644287109,-121.29467010498047,"SAN JOAQUIN",STOCKTON,-121.29440307617188,38.011306762695312
82357741,2024,2024-04-08,3906,2024-03-18,1804,1751,,1,5,5,3906,0,0,0,,0,,"2145 WESTERN PACIFIC WAY","CORRAL HOLLOW RD",1090.00,W,N,A,-,N,,,,,,,,,,N,2,0,1,1,A,-,08,22107,,N,F,A,A,A,H,-,A,D,0,,,,,Y,,A,01,1,0,0,0,0,0,0,0,0,"- ","- ",37.722129821777344,-121.45677185058594,"SAN JOAQUIN",TRACY,-121.45650482177734,37.722087860107422
82380015,2024,2024-05-02,3905,2024-01-02,1300,2747,VAL,2,5,6,3905,0,0,0,,0,,"HAMMER LN","MONTAUBAN AV",0.00,,Y,B,-,N,,,,,,,,,,Y,1,1,5,2,A,-,07,21658,A,N,D,C,A,A,H,-,A,A,0,,,,,Y,,A,01,0,1,4,0,0,0,0,0,0,"- ","- ",38.020938873291016,-121.29017639160156,"SAN JOAQUIN",STOCKTON,-121.28990173339844,38.020858764648438
82380019,2024,2024-05-02,3905,2024-02-09,"710 ",2660,VAL,5,5,6,3905,0,0,0,,0,,"MONTAUBAN AV","BARBADOS CI",0.00,,Y,E,-,N,,,,,,,,,,Y,1,1,1,2,A,-,05,21460,A,N,A,C,A,A,H,-,A,A,0,,,,,Y,,A,01,0,0,1,0,0,0,0,0,0,"- ","- ",38.005760192871094,-121.28500366210938,"SAN JOAQUIN",STOCKTON,-121.28559875488281,38.005802154541016