CASE_ID,ACCIDENT_YEAR,PROC_DATE,JURIS,COLLISION_DATE,COLLISION_TIME,OFFICER_ID,REPORTING_DISTRICT,DAY_OF_WEEK,CHP_SHIFT,POPULATION,CNTY_CITY_LOC,SPECIAL_COND,BEAT_TYPE,CHP_BEAT_TYPE,CITY_DIVISION_LAPD,CHP_BEAT_CLASS,BEAT_NUMBER,PRIMARY_RD,SECONDARY_RD,DISTANCE,DIRECTION,INTERSECTION,WEATHER_1,WEATHER_2,STATE_HWY_IND,CALTRANS_COUNTY,CALTRANS_DISTRICT,STATE_ROUTE,ROUTE_SUFFIX,POSTMILE_PREFIX,POSTMILE,LOCATION_TYPE,RAMP_INTERSECTION,SIDE_OF_HWY,TOW_AWAY,COLLISION_SEVERITY,NUMBER_KILLED,NUMBER_INJURED,PARTY_COUNT,PRIMARY_COLL_FACTOR,PCF_CODE_OF_VIOL,PCF_VIOL_CATEGORY,PCF_VIOLATION,PCF_VIOL_SUBSECTION,HIT_AND_RUN,TYPE_OF_COLLISION,MVIW,PED_ACTION,ROAD_SURFACE,ROAD_COND_1,ROAD_COND_2,LIGHTING,CONTROL_DEVICE,CHP_ROAD_TYPE,PEDESTRIAN_ACCIDENT,BICYCLE_ACCIDENT,MOTORCYCLE_ACCIDENT,TRUCK_ACCIDENT,NOT_PRIVATE_PROPERTY,ALCOHOL_INVOLVED,STWD_VEHTYPE_AT_FAULT,CHP_VEHTYPE_AT_FAULT,COUNT_SEVERE_INJ,COUNT_VISIBLE_INJ,COUNT_COMPLAINT_PAIN,COUNT_PED_KILLED,COUNT_PED_INJURED,COUNT_BICYCLIST_KILLED,COUNT_BICYCLIST_INJURED,COUNT_MC_KILLED,COUNT_MC_INJURED,PRIMARY_RAMP,SECONDARY_RAMP,LATITUDE,LONGITUDE,COUNTY,CITY,POINT_X,POINT_Y
82380020,2024,2024-05-02,3905,2024-02-17,1601,2747,CIV,6,5,6,3905,0,0,0,,0,,"FREMONT ST","HARRISON ST",0.00,,Y,C,-,N,,,,,,,,,,Y,1,1,1,3,A,-,12,22450,,N,D,C,A,B,H,-,B,A,0,,,,,Y,,A,01,0,0,1,0,0,0,0,0,0,"- ","- ",37.956260681152344,-121.30021667480469,"SAN JOAQUIN",STOCKTON,-121.30027008056641,37.956169128417969
82386586,2024,2024-05-13,3905,2024-03-28,"410 ",2896,,4,5,6,3905,0,0,0,,0,,"EL DORADO ST FR E RD","SERRANO WY",118.00,N,N,A,-,N,,,,,,,,,,Y,2,0,3,9,A,-,01,23152,A,N,E,I,A,B,H,-,C,D,0,,,,,Y,Y,A,01,2,1,0,0,0,0,0,0,0,"- ","- ",38.015190124511719,-121.30934143066406,"SAN JOAQUIN",STOCKTON,-121.30916595458984,38.015289306640625
82412924,2024,2024-06-12,3902,2024-04-11,1857,115,,4,5,5,3902,0,0,0,,0,001,"MILLS AVE","LODI AVE",0.00,,Y,A,-,N,,,,,,,,,,Y,2,0,3,2,A,-,12,21453,A,N,D,C,A,A,H,-,A,A,0,,,,,Y,,A,01,1,0,2,0,0,0,0,0,0,"- ","- ",38.130031585693359,-121.29750061035156,"SAN JOAQUIN",LODI,-121.29749298095703,38.130058288574219
82415254,2024,2024-06-17,3902,2024-05-31,"752 ",124,,5,5,5,3902,0,0,0,,0,002,"LOCKEFORD ST","SCHOOL ST",0.00,,Y,A,-,N,,,,,,,,,,Y,2,0,5,2,A,-,09,21802,A,N,D,C,A,A,H,-,A,A,0,,,,,Y,,A,01,2,1,2,0,0,0,0,0,0,"- ","- ",38.137851715087891,-121.27342224121094,"SAN JOAQUIN",LODI,-121.27339935302734,38.137832641601562
82420856,2024,2024-06-24,3905,2024-05-04,"115 ",3104,,6,5,6,3905,0,0,0,,0,,"CHARTER WY","ARGONAUT ST",178.00,E,N,A,-,N,,,,,,,,,,N,2,0,1,2,A,-,11,21954,A,F,G,B,D,A,H,-,C,A,0,Y,,,,Y,,N,60,1,0,0,0,1,0,0,0,0,"- ","- ",37.934871673583984,-121.30433654785156,"SAN JOAQUIN",STOCKTON,-121.30236053466797,37.935512542724609
82425724,2024,2024-07-01,3905,2024-05-14,2240,3214,,2,5,6,3905,0,0,0,,0,,"WILSON WY","MARKET ST",49.00,S,N,A,-,N,,,,,,,,,,Y,2,0,1,2,A,-,11,21954,A,N,G,B,E,A,H,-,C,A,0,Y,,,,Y,,N,60,1,0,0,0,1,0,0,0,0,"- ","- ",37.954700469970703,-121.27124786376953,"SAN JOAQUIN",STOCKTON,-121.27126312255859,37.954689025878906
8288057,2015,2017-01-20,3905,2015-06-17,1840,2743,SEA,3,5,6,3905,0,0,0,,0,,"EL DORADO ST","SONORA ST",28.00,N,N,A,-,N,,,,,,,,,,N,2,0,1,2,A,-,10,21950,A,F,G,B,B,A,H,-,A,D,0,Y,,,,Y,,A,01,1,0,0,0,1,0,0,0,0,"- ","- ",,,"SAN JOAQUIN",STOCKTON,-121.28874025,37.94888521
8288359,2015,2017-01-20,3905,2015-08-18,1605,2731,SEA,2,5,6,3905,0,0,0,,0,,"HAZELTON AV","GRANT ST",0.00,,Y,A,-,N,,,,,,,,,,Y,2,0,1,2,A,-,05,21650,1,N,H,G,A,A,H,-,A,A,0,,Y,,,Y,,L,04,1,0,0,0,0,0,1,0,0,"- ","- ",,,"SAN JOAQUIN",STOCKTON,-121.27906985,37.94833998
8288875,2015,2017-01-20,3905,2015-01-23,2054,2384,CIV,5,5,6,3905,0,0,0,,0,,"HARDING WY","SAN JOAQUIN ST",0.00,,Y,A,-,N,,,,,,,,,,N,2,0,1,2,A,-,05,21651,B,N,H,G,A,A,H,-,C,A,0,,Y,,,Y,Y,L,04,1,0,0,0,0,0,1,0,0,"- ","- ",,,"SAN JOAQUIN",STOCKTON,-121.29121987000001,37.967969920000002
8289093,2015,2017-01-23,3905,2015-10-15,1240,2714,PAR,4,5,6,3905,0,0,0,,0,,"SPERRY RD","PERFORMANCE DR",0.00,,Y,A,-,N,,,,,,,,,,N,2,0,2,2,A,-,12,21453,A,N,D,C,A,A,H,-,A,A,0,,,,,Y,,D,22,1,0,1,0,0,0,0,0,0,"- ","- ",37.899889999999999,-121.2624,"SAN JOAQUIN",STOCKTON,-121.26233988,37.899939920000001
8303249,2016,2017-02-03,3905,2016-12-25,1240,2542,VAL,7,5,6,3905,0,0,0,,0,,"EL DORADO ST","JAMESTOWN ST",197.00,E,N,A,-,N,,,,,,,,,,N,2,0,2,1,A,-,01,23152,A,F,H,J,A,A,H,-,A,D,0,,,Y,,Y,Y,C,02,1,0,1,0,0,0,0,0,2,"- ","- ",37.99362,-121.3043,"SAN JOAQUIN",STOCKTON,-121.30473972,37.993395190000001
8319854,2017,2017-03-13,3906,2017-02-22,1736,1052,28,3,5,5,3906,0,0,0,,0,002,"SCHULTE RD","SYCAMORE PKWY",300.00,W,N,A,-,N,,,,,,,,,,Y,2,0,1,1,A,-,03,22350,,N,D,I,A,A,H,-,A,D,0,,,Y,,Y,,C,02,1,0,0,0,0,0,0,0,1,"- ","- ",,,"SAN JOAQUIN",TRACY,-121.44143166000001,37.725587220000001
8320384,2017,2017-03-14,3905,2017-02-03,1815,2536,SEA,5,5,6,3905,0,0,0,,0,,"MANTHEY RD","8TH ST",554.00,S,N,B,C,N,,,,,,,,,,N,2,0,1,2,A,-,11,21956,,N,G,B,E,B,H,-,D,D,0,Y,,,,Y,,N,60,1,0,0,0,1,0,0,0,0,"- ","- ",37.926720000000003,-121.29651,"SAN JOAQUIN",STOCKTON,-121.29537719,37.925393769999999
8326892,2017,2017-03-17,3903,2017-02-03,2001,3558,,5,5,4,3903,0,0,0,,0,,"WEST YOSEMITE AV","VEACH AV",0.00,,Y,C,-,N,,,,,,,,,,N,2,0,1,2,A,-,10,21950,A,N,G,B,-,B,H,-,C,D,0,Y,,,,Y,,A,01,1,0,0,0,1,0,0,0,0,"- ","- ",,,"SAN JOAQUIN",MANTECA,-121.22506987,37.797429979999997
8393916,2017,2017-06-21,3905,2017-04-22,0153,2682,SEA,6,5,6,3905,0,0,0,,0,,"CALIFORNIA ST","JEFFERSON ST",188.00,S,N,A,-,N,,,,,,,,,,Y,2,0,1,2,A,-,01,23152,A,N,A,E,A,A,H,-,C,D,0,,,,,Y,Y,A,01,1,0,0,0,0,0,0,0,0,"- ","- ",37.942660000000004,-121.28171,"SAN JOAQUIN",STOCKTON,-121.28149976,37.94221409
8393920,2017,2017-06-21,3905,2017-04-22,0027,2788,VAL,6,5,6,3905,0,0,0,,0,,"MARCH LN","HOLIDAY DR",313.00,E,N,A,-,N,,,,,,,,,,Y,2,0,4,1,A,-,01,23152,A,N,E,I,A,A,H,-,C,D,0,,,,,Y,Y,A,01,2,2,0,0,0,0,0,0,0,"- ","- ",38.000709999999998,-121.29621,"SAN JOAQUIN",STOCKTON,-121.29570812,38.000993340000001
8404596,2017,2018-05-08,3906,2017-10-05,1935,001280,,4,5,5,3906,0,0,0,,0,003,"CROSSROADS DR","MERCHANT DR",0.00,,Y,A,-,N,,,,,,,,,,Y,1,1,0,2,A,-,10,21950,A,N,G,B,B,A,H,-,C,D,0,Y,,,,Y,,A,07,0,0,0,1,0,0,0,0,0,"- ","- ",,,"SAN JOAQUIN",TRACY,-121.46432995000001,37.736329939999997
8427688,2017,2017-08-18,3905,2017-07-30,2040,2842,PAR,7,5,6,3905,0,0,0,,0,,"AIRPORT WY","MARKET ST",0.00,,Y,A,-,N,,,,,,,,,,N,2,0,1,2,A,-,05,21650,1,N,D,G,A,A,H,-,C,A,0,,Y,,,Y,,L,04,1,0,0,0,0,0,1,0,0,"- ","- ",37.954279999999997,-121.27385,"SAN JOAQUIN",STOCKTON,-121.27392986,37.954389900000002
84437432,2024,2024-10-21,3905,2024-07-13,"35  ",2658,,6,5,6,3905,0,0,0,,0,,"MARCH LN","RIVERBROOK DR",0.00,,Y,A,-,N,,,,,,,,,,Y,2,0,4,1,A,-,01,23152,B,N,E,I,A,A,H,-,C,A,0,,,,,Y,Y,A,01,2,0,2,0,0,0,0,0,0,"- ","- ",37.978069305419922,-121.36598205566406,"SAN JOAQUIN",STOCKTON,-121.36627960205078,37.977497100830078
84464437,2024,2024-11-11,3905,2024-08-13,1821,2747,,2,5,6,3905,0,0,0,,0,,"MINER AV","HUNTER ST",0.00,,Y,A,-,N,,,,,,,,,,N,1,1,0,1,A,-,17,21228,,N,E,I,A,A,H,-,A,A,0,,,,,Y,,M,94,0,0,0,0,0,0,0,0,0,"- ","- ",37.955928802490234,-121.28925323486328,"SAN JOAQUIN",STOCKTON,-121.28932952880859,37.955898284912109
84541176,2024,2025-01-17,3905,2024-10-16,2047,2875,,3,5,6,3905,0,0,0,,0,,"SHIMIZU DR","WILSHIRE AV",300.00,W,N,A,-,N,,,,,,,,,,N,2,0,1,2,A,-,11,21954,A,N,G,B,E,A,H,-,C,D,0,Y,,,,Y,,N,60,1,0,0,0,1,0,0,0,0,"- ","- ",37.96234130859375,-121.32914733886719,"SAN JOAQUIN",STOCKTON,-121.33029174804688,37.961799621582031
84586061,2025,2025-03-18,3905,2025-01-18,"4   ",3165,,6,5,6,3905,0,0,0,,0,,"WILSON WY","LINDSAY ST",0.00,,Y,A,-,N,,,,,,,,,,Y,2,0,3,2,A,-,09,21801,A,F,D,C,A,A,H,-,C,A,0,,,,,Y,,A,01,1,1,1,0,0,0,0,0,0,"- ","- ",37.959728240966797,-121.27256011962891,"SAN JOAQUIN",STOCKTON,-121.27265167236328,37.959831237792969
84587174,2024,2025-02-24,3905,2024-09-19,2249,2747,,4,5,6,3905,0,0,0,,0,,"PACIFIC AV","YOKUTS AV",500.00,S,N,A,-,N,,,,,,,,,,Y,1,1,0,2,A,-,11,21954,A,N,G,B,D,A,H,-,C,D,0,Y,,,,Y,,N,60,0,0,0,1,0,0,0,0,0,"- ","- ",37.996761322021484,-121.31430053710938,"SAN JOAQUIN",STOCKTON,-121.314208984375,37.995326995849609
84638800,2024,2025-04-07,3905,2024-12-23,1700,7323,,1,5,6,3905,0,0,0,,0,,"FREMONT ST","WILSON WY",110.00,E,N,B,-,N,,,,,,,,,,N,1,1,0,2,A,-,05,21202,A,N,H,C,A,A,H,-,C,D,0,,Y,,,Y,,L,04,0,0,0,0,0,1,0,0,0,"- ","- ",37.960121154785156,-121.27400970458984,"SAN JOAQUIN",STOCKTON,-121.27253723144531,37.960819244384766
8465159,2017,2017-11-28,3903,2017-09-27,1925,3615,,3,5,4,3903,0,0,0,,0,,"COTTAGE AV","GLENN DR",0.00,,Y,A,-,N,,,,,,,,,,Y,2,0,1,2,A,-,01,23152,,N,D,C,A,A,H,-,C,D,0,,,Y,,Y,,C,02,1,0,0,0,0,0,0,0,1,"- ","- ",37.803489999999996,-121.19853000000001,"SAN JOAQUIN",MANTECA,-121.19843996,37.803449980000003
8465904,2019,2021-05-20,3905,2019-03-01,2046,2291,CIV,5,5,6,3905,0,0,0,,0,,"STANISLAUS ST","HAZELTON AV",0.00,,Y,B,-,N,,,,,,,,,,Y,1,1,2,2,A,-,01,23152,A,N,D,C,A,A,H,-,C,A,0,,,,,Y,Y,A,07,1,1,0,0,0,0,0,0,0,"- ","- ",37.948070526123047,-121.28038787841797,"SAN JOAQUIN",STOCKTON,-121.28038787841797,37.948139190673828
84689723,2024,2025-05-16,3903,2024-11-28,1110,3540,,4,5,4,3903,0,0,0,,0,,"LOUISE AV","DEVONSHIRE AV",142.00,E,N,A,-,N,,,,,,,,,,Y,2,0,1,1,A,-,03,22350,,N,E,I,A,A,H,-,A,D,0,,,,,Y,,A,01,1,0,0,0,0,0,0,0,0,"- ","- ",,,"SAN JOAQUIN",MANTECA,-121.23802185058594,37.811946868896484
84714024,2025,2025-06-05,3905,2025-04-30,2340,3076,,3,5,6,3905,0,0,0,,0,,"EL DORADO ST","IVY AV",930.00,S,N,A,-,N,,,,,,,,,,N,2,0,2,2,A,-,05,21651,B,N,A,C,A,A,H,-,C,D,0,,,,Y,Y,Y,F,26,1,1,0,0,0,0,0,0,0,"- ","- ",37.918891906738281,-121.27860260009766,"SAN JOAQUIN",STOCKTON,-121.27776336669922,37.916446685791016
84782365,2025,2025-07-30,3905,2025-06-27,2203,2932,,5,5,6,3905,0,0,0,,0,,"THORNTON RD","LUCILE AV",0.00,,Y,A,-,Y,,,,,,,,,,N,2,0,1,2,A,-,11,21954,A,N,G,B,E,A,H,-,C,D,0,Y,,,,Y,,N,60,1,0,0,0,1,0,0,0,0,"- ","- ",38.033470153808594,-121.33748626708984,"SAN JOAQUIN",STOCKTON,-121.33724975585938,38.033702850341797
84796399,2025,2025-08-11,3905,2025-04-14,1818,2424,,1,5,6,3905,0,0,0,,0,,"WILSON WY","HARDING WY",0.00,,Y,A,-,N,,,,,,,,,,Y,1,1,3,5,A,-,12,21453,A,N,D,D,A,A,H,-,A,A,0,,,Y,,Y,,A,07,1,1,1,0,0,0,0,1,0,"- ","- ",37.970531463623047,-121.27538299560547,"SAN JOAQUIN",STOCKTON,-121.27559661865234,37.970623016357422
8482239,2017,2018-05-04,3905,2017-08-13,1709,2411,BEA,7,5,6,3905,0,0,0,,0,,"WHISTLER WY","THORNTON RD",0.00,,Y,A,-,N,,,,,,,,,,Y,2,0,8,2,A,-,03,22350,,N,C,C,A,A,H,-,A,A,0,,,,,Y,,A,01,1,0,7,0,0,0,0,0,0,"- ","- ",38.049149999999997,-121.35102000000001,"SAN JOAQUIN",STOCKTON,-121.35096999,38.04927996
8511626,2017,2017-12-21,3905,2017-11-02,0645,3410,VAL,4,5,6,3905,0,0,0,,0,,"RONALD E MCNAIR WY","WEST LN",596.00,W,N,A,-,N,,,,,,,,,,N,2,0,1,2,A,-,05,21650,,F,H,G,A,A,H,-,B,D,0,,Y,,,Y,,L,04,1,0,0,0,0,0,1,0,0,"- ","- ",,,"SAN JOAQUIN",STOCKTON,-121.29719842999999,38.036923960000003
8520530,2017,2017-12-27,3905,2017-11-24,0510,2656,BEA,5,5,6,3905,0,0,0,,0,,"WAGNER HEIGHTS RD","SHROPSHIRE DR",200.00,E,N,A,-,N,,,,,,,,,,N,2,0,1,2,A,-,00,21954,,N,G,B,D,A,H,-,B,D,0,Y,,,,Y,,N,60,1,0,0,0,1,0,0,0,0,"- ","- ",38.034649999999999,-121.3432,"SAN JOAQUIN",STOCKTON,-121.34241539,38.035044390000003
8521154,2017,2018-01-03,3905,2017-11-13,1215,2015,LAK,1,5,6,3905,0,0,0,,0,,"MARCH LN","EL DORADO ST",9.00,E,N,A,-,N,,,,,,,,,,N,2,0,1,1,C,-,18,,,N,E,I,A,A,H,-,A,D,0,,Y,,,Y,,-,"- ",1,0,0,0,0,0,1,0,0,"- ","- ",37.996380000000002,-121.30507,"SAN JOAQUIN",STOCKTON,-121.30576680999999,37.996256559999999
8546986,2017,2018-02-08,3905,2017-12-24,1958,2862,SEA,7,5,6,3905,0,0,0,,0,,"MARTIN LUTHER KING BL","HARRISON ST",0.00,,Y,A,-,N,,,,,,,,,,N,2,0,3,2,A,-,21,22106,,N,C,C,A,A,H,-,C,D,0,,,,,Y,,A,01,1,1,1,0,0,0,0,0,0,"- ","- ",37.937330000000003,-121.29528000000001,"SAN JOAQUIN",STOCKTON,-121.29514992,37.937349939999997
8550461,2018,2018-02-10,3905,2018-01-05,1745,2910,SEA,5,5,6,3905,0,0,0,,0,,"CHARTER WY","STOCKTON ST",54.00,E,N,B,-,N,,,,,,,,,,N,2,0,1,2,A,-,11,21954,A,N,G,B,D,A,H,-,C,A,0,Y,,,,Y,,N,60,1,0,0,0,1,0,0,0,0,"- ","- ",37.936241149902344,-121.30003356933594,"SAN JOAQUIN",STOCKTON,-121.29964447021484,37.936248779296875
8556343,2017,2018-02-26,3902,2017-12-27,1814,ZO57,,3,5,5,3902,0,0,0,,0,,"CHURCH ST","VILLAGE ST",34.00,S,N,A,-,N,,,,,,,,,,N,2,0,1,2,A,-,11,21954,A,N,G,B,D,A,H,-,C,D,0,Y,,,,Y,,N,60,1,0,0,0,1,0,0,0,0,"- ","- ",,,"SAN JOAQUIN",LODI,-121.27608346,38.112796670000002
8570278,2018,2018-03-30,3905,2018-03-01,0032,2864,LAK,4,5,6,3905,0,0,0,,0,,"ALEXANDRIA PL","MEADOW AV",103.00,S,N,C,-,N,,,,,,,,,,Y,2,0,1,1,A,-,01,23152,A,N,E,I,A,B,H,-,C,A,0,,,,,Y,Y,A,01,1,0,0,0,0,0,0,0,0,"- ","- ",38.015869140625,-121.33962249755859,"SAN JOAQUIN",STOCKTON,-121.33939361572266,38.015869140625
8599324,2018,2018-08-01,3902,2018-03-08,2036,AB36,,4,5,5,3902,0,0,0,,0,,"E HARNEY LN","RT 99",347.00,W,N,A,-,Y,SJ,10,99,-,-,28.867,R,4,S,N,2,0,1,2,A,-,05,21650,1,N,H,G,A,A,H,-,D,D,0,,Y,,,Y,,L,04,1,0,0,0,0,0,1,0,0,"- ","- ",,,"SAN JOAQUIN",LODI,-121.25994110107422,38.107265472412109
8602885,2018,2018-05-21,3905,2018-03-22,2234,2924,VAL,4,5,6,3905,0,0,0,,0,,"EL DORADO ST","JAMESTOWN ST",0.00,,Y,A,-,N,,,,,,,,,,Y,2,0,1,2,A,-,01,23152,A,F,C,C,A,A,H,-,C,D,0,,,,,Y,Y,A,01,1,0,0,0,0,0,0,0,0,"- ","- ",37.993621826171875,-121.30429840087891,"SAN JOAQUIN",STOCKTON,-121.30494689941406,37.993911743164062
8618967,2018,2018-05-21,3905,2018-04-23,2105,2891,LAK,1,5,6,3905,0,0,0,,0,,"PACIFIC AV","PORTER AV",192.00,N,N,A,-,N,,,,,,,,,,N,2,0,1,2,A,-,11,21954,A,N,G,B,D,A,H,-,C,D,0,Y,,,,Y,,N,60,1,0,0,0,1,0,0,0,0,"- ","- ",38.0064697265625,-121.31916046142578,"SAN JOAQUIN",STOCKTON,-121.31897735595703,38.006801605224609
8639384,2018,2018-08-02,3905,2018-04-28,0450,2656,BEA,6,5,6,3905,0,0,0,,0,,"LOWER SACRAMENTO RD","ROYAL OAKS DR",731.00,N,N,A,-,N,,,,,,,,,,Y,2,0,1,1,A,-,01,23152,A,N,E,I,A,A,H,-,C,D,0,,,,,Y,Y,A,01,1,0,0,0,0,0,0,0,0,"- ","- ",38.037078857421875,-121.32288360595703,"SAN JOAQUIN",STOCKTON,-121.32275390625,38.038887023925781
8641994,2018,2018-06-25,3905,2018-06-15,1428,7011,PAR,5,5,6,3905,0,0,0,,0,,"B ST","ZEPHYR ST",0.00,,Y,A,-,N,,,,,,,,,,Y,2,0,2,2,A,-,09,21802,A,N,D,C,A,A,H,-,A,A,0,,,,,Y,,A,07,1,0,1,0,0,0,0,0,0,"- ","- ",37.9168701171875,-121.24848937988281,"SAN JOAQUIN",STOCKTON,-121.24859619140625,37.917030334472656
8648082,2018,2020-05-21,3905,2018-07-08,0240,2855,CIV,7,5,6,3905,0,0,0,,0,,"PERSHING AV","TELEGRAPH AV",60.00,S,N,A,-,N,,,,,,,,,,Y,1,1,1,1,A,-,03,22350,,N,E,I,A,A,H,-,C,D,0,,,,,Y,,A,01,0,1,0,0,0,0,0,0,0,"- ","- ",37.9781494140625,-121.31822967529297,"SAN JOAQUIN",STOCKTON,-121.31855773925781,37.978069305419922
8648101,2018,2020-05-26,3906,2018-04-03,2243,001280,,2,5,5,3906,0,0,0,,0,005,"11TH ST","F ST",0.00,W,N,A,-,N,,,,,,,,,,Y,1,1,0,2,A,-,03,22350,,N,G,B,D,A,H,-,C,D,0,Y,,,,Y,Y,A,01,0,0,0,1,0,0,0,0,0,"- ","- ",,,"SAN JOAQUIN",TRACY,-121.42247009277344,37.739711761474609
8648361,2018,2020-05-26,3905,2018-08-02,2302,2424,SEA,4,5,6,3905,0,0,0,,0,,"MARTIN LUTHER KING BL","CALIFORNIA ST",0.00,,Y,A,-,N,,,,,,,,,,Y,1,1,0,3,A,-,03,22350,,F,G,B,E,A,H,-,C,A,0,Y,,,,Y,Y,A,01,0,0,0,1,0,0,0,0,0,"- ","- ",37.939781188964844,-121.28095245361328,"SAN JOAQUIN",STOCKTON,-121.28085327148438,37.939891815185547
8648501,2018,2019-01-15,3905,2018-11-06,0914,3452,SEA,2,5,6,3905,0,0,0,,0,,"LINCOLN ST","LAFAYETTE ST",0.00,,Y,A,-,Y,SJ,10,4,-,R,16.063,R,4,E,Y,1,1,0,2,A,-,09,21801,A,N,H,G,A,A,H,-,A,D,0,,Y,,,Y,,D,22,0,0,0,0,0,1,0,0,0,"- ","- ",37.948619842529297,-121.29685974121094,"SAN JOAQUIN",STOCKTON,-121.30056762695312,37.948226928710938
8648657,2018,2019-03-01,3900,2018-08-24,1232,7688,MANTE,5,5,2,3920,0,0,0,,0,,"WEST YOSEMITE AV","GUTHMILLER RD",0.00,,Y,A,-,N,,,,,,,,,,Y,1,1,0,2,A,-,09,21802,A,N,D,C,A,A,H,-,A,A,0,,,,Y,Y,,A,01,0,0,0,0,0,0,0,0,0,"- ","- ",,,"SAN JOAQUIN",LATHROP,-121.28479766845703,37.792819976806641
8706221,2018,2018-10-18,3905,2018-09-04,1708,2810,VAL,2,5,6,3905,0,0,0,,0,,"TOULOUSE WY","BORDEAUX AV",0.00,,Y,A,-,N,,,,,,,,,,Y,2,0,1,3,A,-,08,22107,,N,D,C,A,A,H,-,A,D,0,,,,,Y,,A,01,1,0,0,0,0,0,0,0,0,"- ","- ",38.024021148681641,-121.29193115234375,"SAN JOAQUIN",STOCKTON,-121.29165649414062,38.024028778076172
8729184,2018,2018-11-14,3902,2018-09-15,1331,67,,6,5,5,3902,0,0,0,,0,,"HAM LN","HOLLY DR",0.00,,Y,A,-,N,,,,,,,,,,Y,2,0,2,2,A,-,03,22350,,N,C,C,A,A,H,-,A,D,0,,,,,Y,,A,01,1,0,1,0,0,0,0,0,0,"- ","- ",,,"SAN JOAQUIN",LODI,-121.28846740722656,38.141620635986328
8736610,2018,2018-11-26,3905,2018-10-30,1830,2924,CIV,2,5,6,3905,0,0,0,,0,,"CENTER ST","LINDSAY ST",0.00,,Y,A,-,N,,,,,,,,,,N,2,0,1,2,D,-,00,,,N,G,B,D,A,H,-,C,A,0,Y,,,,Y,,-,"- ",1,0,0,0,1,0,0,0,0,"- ","- ",37.956569671630859,-121.29216003417969,"SAN JOAQUIN",STOCKTON,-121.29219055175781,37.956470489501953
8756211,2018,2019-01-30,3906,2018-12-01,1953,1619,3906,6,5,5,3906,0,0,0,,0,004,"11TH ST","LINCOLN ST",552.00,W,-,A,-,N,,,,,,,,,,N,2,0,1,2,A,-,11,21950,B,N,A,B,D,A,H,-,C,A,0,Y,,,,Y,Y,N,60,1,0,0,0,1,0,0,0,0,"- ","- ",,,"SAN JOAQUIN",TRACY,-121.44359588623047,37.739582061767578
8762138,2018,2019-01-31,3903,2018-12-22,2109,3928,,6,5,4,3903,0,0,0,,0,,"LOUISE AV","POPLAR AV",0.00,,Y,A,-,N,,,,,,,,,,N,2,0,1,2,A,-,03,22350,,N,D,C,A,A,H,-,C,D,0,,,Y,,Y,,C,02,1,0,0,0,0,0,0,0,1,"- ","- ",37.811988830566406,-121.21974182128906,"SAN JOAQUIN",MANTECA,-121.21977996826172,37.811939239501953
8768724,2018,2019-01-09,3905,2018-11-30,1707,3409,LAK,5,5,6,3905,0,0,0,,0,,"MARCH LN","PADLEY LN",40.00,E,N,A,-,N,,,,,,,,,,N,2,0,1,1,C,-,18,,,N,E,I,A,A,H,-,D,D,0,,,,,Y,,-,"- ",1,0,0,0,0,0,0,0,0,"- ","- ",37.988868713378906,-121.3231201171875,"SAN JOAQUIN",STOCKTON,-121.32344055175781,37.988571166992188
8769818,2018,2019-01-15,3905,2018-11-20,1605,2463,PAR,2,5,6,3905,0,0,0,,0,,"SONORA ST","WILSON WY",0.00,,Y,A,-,N,,,,,,,,,,Y,2,0,2,4,A,-,09,21802,A,F,D,C,F,A,H,-,A,A,0,Y,,,,Y,,D,22,1,0,1,0,1,0,0,0,0,"- ","- ",37.951770782470703,-121.27047729492188,"SAN JOAQUIN",STOCKTON,-121.27050018310547,37.951881408691406
8769852,2018,2019-01-10,3905,2018-11-12,2118,2786,,1,5,6,3905,0,0,0,,0,,"DON AV","LUCILE AV",0.00,,Y,A,-,N,,,,,,,,,,Y,2,0,1,2,A,-,01,23152,A,N,C,E,A,A,H,-,C,A,0,,,,,Y,Y,A,07,1,0,0,0,0,0,0,0,0,"- ","- ",38.030731201171875,-121.34575653076172,"SAN JOAQUIN",STOCKTON,-121.34551239013672,38.030910491943359
8769860,2018,2019-01-10,3905,2018-11-08,1753,2825,PAR,4,5,6,3905,0,0,0,,0,,"WILSON WY","MAIN ST",0.00,,Y,A,-,N,,,,,,,,,,N,2,0,1,3,A,-,09,21801,A,N,D,C,A,A,H,-,C,A,0,,,Y,,Y,,A,07,1,0,0,0,0,0,0,0,1,"- ","- ",37.955718994140625,-121.27150726318359,"SAN JOAQUIN",STOCKTON,-121.27156066894531,37.955780029296875
8780903,2019,2019-02-05,3900,2019-01-10,1111,7688,LATHR,4,5,2,3920,0,0,0,,0,,"W MOSSDALE RD","W MOSSDALE RD 800",0.00,,-,A,-,N,,,,,,,,,,Y,2,0,2,1,A,-,03,22350,,N,E,I,A,A,H,-,A,D,0,,,,,Y,,D,22,1,0,1,0,0,0,0,0,0,"- ","- ",,,"SAN JOAQUIN",LATHROP,,
8808175,2018,2019-05-17,3900,2018-11-10,2058,152605,LATHR,6,5,2,3920,0,0,0,,0,009,"RIVER ISLANDS PKWY","SOMERSTON PKWY",600.00,E,N,A,-,N,,,,,,,,,,Y,1,1,0,1,A,-,03,22350,,N,D,I,A,A,G,-,C,D,0,,,,,Y,,A,01,0,0,0,0,0,0,0,0,0,"- ","- ",,,"SAN JOAQUIN",LATHROP,-121.32254028320312,37.80072021484375