CASE_ID,ACCIDENT_YEAR,PROC_DATE,JURIS,COLLISION_DATE,COLLISION_TIME,OFFICER_ID,REPORTING_DISTRICT,DAY_OF_WEEK,CHP_SHIFT,POPULATION,CNTY_CITY_LOC,SPECIAL_COND,BEAT_TYPE,CHP_BEAT_TYPE,CITY_DIVISION_LAPD,CHP_BEAT_CLASS,BEAT_NUMBER,PRIMARY_RD,SECONDARY_RD,DISTANCE,DIRECTION,INTERSECTION,WEATHER_1,WEATHER_2,STATE_HWY_IND,CALTRANS_COUNTY,CALTRANS_DISTRICT,STATE_ROUTE,ROUTE_SUFFIX,POSTMILE_PREFIX,POSTMILE,LOCATION_TYPE,RAMP_INTERSECTION,SIDE_OF_HWY,TOW_AWAY,COLLISION_SEVERITY,NUMBER_KILLED,NUMBER_INJURED,PARTY_COUNT,PRIMARY_COLL_FACTOR,PCF_CODE_OF_VIOL,PCF_VIOL_CATEGORY,PCF_VIOLATION,PCF_VIOL_SUBSECTION,HIT_AND_RUN,TYPE_OF_COLLISION,MVIW,PED_ACTION,ROAD_SURFACE,ROAD_COND_1,ROAD_COND_2,LIGHTING,CONTROL_DEVICE,CHP_ROAD_TYPE,PEDESTRIAN_ACCIDENT,BICYCLE_ACCIDENT,MOTORCYCLE_ACCIDENT,TRUCK_ACCIDENT,NOT_PRIVATE_PROPERTY,ALCOHOL_INVOLVED,STWD_VEHTYPE_AT_FAULT,CHP_VEHTYPE_AT_FAULT,COUNT_SEVERE_INJ,COUNT_VISIBLE_INJ,COUNT_COMPLAINT_PAIN,COUNT_PED_KILLED,COUNT_PED_INJURED,COUNT_BICYCLIST_KILLED,COUNT_BICYCLIST_INJURED,COUNT_MC_KILLED,COUNT_MC_INJURED,PRIMARY_RAMP,SECONDARY_RAMP,LATITUDE,LONGITUDE,COUNTY,CITY,POINT_X,POINT_Y
8835066,2019,2019-04-23,3905,2019-02-28,1035,1667,PAR,4,5,6,3905,0,0,0,,0,,"E ST","FINLAND AV",0.00,,Y,B,-,N,,,,,,,,,,Y,2,0,4,2,A,-,12,22450,A,N,D,C,A,A,H,-,A,A,0,,,,,Y,,A,01,2,2,0,0,0,0,0,0,0,"- ","- ",37.962860107421875,-121.25981140136719,"SAN JOAQUIN",STOCKTON,-121.25995,37.963050000000003
8835105,2019,2019-05-15,3905,2019-03-05,0738,7034,,2,5,6,3905,0,0,0,,0,,"SPERRY RD","PERFORMANCE DR",30.00,E,N,C,-,N,,,,,,,,,,Y,2,0,4,5,A,-,03,22350,,N,C,C,A,B,H,-,A,A,0,,,,Y,Y,,F,27,1,0,3,0,0,0,0,0,0,"- ","- ",37.899890899658203,-121.26239776611328,"SAN JOAQUIN",STOCKTON,-121.26224517822266,37.899967193603516
8839425,2019,2019-04-18,3906,2019-04-14,2002,1596,TRACY,7,5,5,3906,0,0,0,,0,003,"TRACY BL","W WHITTIER AV",0.00,,Y,A,-,N,,,,,,,,,,Y,2,0,3,2,A,-,08,22107,,N,D,C,A,A,H,-,A,D,0,,,,,Y,,A,01,1,1,1,0,0,0,0,0,0,"- ","- ",,,"SAN JOAQUIN",TRACY,-121.43502807617188,37.749668121337891
8866536,2019,2019-05-28,3905,2019-04-03,2207,2656,LAK,3,5,6,3905,0,0,0,,0,,"EL DORADO ST","HAMMER LN",560.00,S,N,A,-,N,,,,,,,,,,Y,2,0,1,2,A,-,03,22350,,N,E,I,A,A,H,-,D,D,0,,,,,Y,,A,01,1,0,0,0,0,0,0,0,0,"- ","- ",38.021160125732422,-121.31549072265625,"SAN JOAQUIN",STOCKTON,-121.31527709960938,38.019485473632812
8910935,2020,2020-04-13,3905,2020-02-06,1659,2291,LAK,4,5,6,3905,0,0,0,,0,,"MARCH LN","FEATHER RIVER DR",434.00,E,N,A,-,N,,,,,,,,,,N,1,1,0,2,A,-,09,21801,A,N,D,C,A,A,H,-,A,A,0,,,Y,,Y,,A,07,0,0,0,0,0,0,0,1,0,"- ","- ",37.984718322753906,-121.34716033935547,"SAN JOAQUIN",STOCKTON,-121.34605407714844,37.984481811523438
8911484,2020,2020-09-02,3905,2020-06-05,0957,2429,SEA,5,5,6,3905,0,0,0,,0,,"EL DORADO ST","9TH ST",241.00,N,N,A,-,N,,,,,,,,,,Y,1,1,0,2,A,-,05,21650,1,F,B,G,A,A,H,-,A,D,0,,Y,,,Y,,L,04,0,0,0,0,0,1,0,0,0,"- ","- ",37.927570343017578,-121.28250122070312,"SAN JOAQUIN",STOCKTON,-121.28226470947266,37.927619934082031
8911515,2020,2022-06-18,3905,2020-05-02,2144,2133,VAL,6,5,6,3905,0,0,0,,0,,"WEST LN","KNICKERBOCKER DR",0.00,,Y,A,-,N,,,,,,,,,,N,1,1,0,2,A,-,00,21954,C,N,G,B,B,A,H,-,C,A,0,Y,,,,Y,Y,N,60,0,0,0,1,0,0,0,0,0,"- ","- ",38.024238586425781,-121.29518890380859,"SAN JOAQUIN",STOCKTON,-121.29502105712891,38.024238586425781
8926645,2019,2019-08-26,3905,2019-07-14,2158,2835,BEA,7,5,6,3905,0,0,0,,0,,"SHORELINE DR","SCHOONER DR",0.00,,Y,A,-,N,,,,,,,,,,Y,2,0,1,2,A,-,03,22350,,F,D,E,A,A,H,-,C,D,0,,,Y,,Y,,C,02,1,0,0,0,0,0,0,0,1,"- ","- ",38.014480590820312,-121.35785675048828,"SAN JOAQUIN",STOCKTON,-121.35736083984375,38.014518737792969
8939298,2019,2019-09-27,3905,2019-05-10,2047,2413,SEA,5,5,6,3905,0,0,0,,0,,"EL DORADO ST","CHURCH ST",18.00,S,N,A,-,N,,,,,,,,,,N,1,1,0,2,A,-,01,21200,5,F,H,G,A,A,H,-,C,D,0,,Y,,,Y,,L,04,0,0,0,0,0,1,0,0,0,"- ","- ",37.947818756103516,-121.28849029541016,"SAN JOAQUIN",STOCKTON,-121.28844451904297,37.947750091552734
8939405,2019,2019-11-26,3905,2019-07-15,0440,2626,PAR,1,5,6,3905,0,0,0,,0,,"MARIPOSA RD","AUSTIN RD",2640.00,W,N,A,-,N,,,,,,,,,,Y,1,1,0,2,A,-,06,21751,,N,A,C,A,A,H,-,D,B,0,,,,Y,Y,,D,22,0,0,0,0,0,0,0,0,0,"- ","- ",37.912818908691406,-121.18695068359375,"SAN JOAQUIN",STOCKTON,-121.19297790527344,37.918067932128906
8939608,2019,2020-02-13,3905,2019-09-10,2203,2988,VAL,2,5,6,3905,0,0,0,,0,,"HAMMER LN","LORRAINE AV",0.00,,Y,A,-,N,,,,,,,,,,Y,1,1,0,2,A,-,11,21955,,F,G,B,D,A,H,-,C,A,0,Y,,,,Y,,N,60,0,0,0,1,0,0,0,0,0,"- ","- ",38.020980834960938,-121.28357696533203,"SAN JOAQUIN",STOCKTON,-121.28327178955078,38.020980834960938
8939655,2019,2020-03-09,3903,2019-08-28,2136,3768,,3,5,4,3903,0,0,0,,0,,"ATHERTON DR","LANGUM WY",0.00,,Y,A,-,N,,,,,,,,,,N,1,1,1,1,A,-,03,22350,,N,E,I,A,A,H,-,B,D,0,,,Y,,Y,Y,C,02,0,1,0,0,0,0,0,1,1,"- ","- ",,,"SAN JOAQUIN",MANTECA,-121.25450897216797,37.779830932617188
8939674,2019,2020-03-13,3905,2019-08-13,2122,2718,VAL,2,5,6,3905,0,0,0,,0,,"WEST LN","BIANCHI RD",37.00,N,N,A,-,N,,,,,,,,,,Y,1,1,0,2,A,-,11,21456,,N,G,B,D,A,H,-,C,A,0,Y,,,,Y,Y,N,60,0,0,0,1,0,0,0,0,0,"- ","- ",37.9976806640625,-121.28845977783203,"SAN JOAQUIN",STOCKTON,-121.28907012939453,37.997745513916016
8939713,2023,2025-06-28,3902,2023-12-05,1710,93,HERIT,2,5,5,3902,0,0,0,,0,002,"BECKMAN RD","INDUSTRIAL WY",314.00,N,N,A,-,N,,,,,,,,,,N,1,1,0,2,A,-,11,21954,A,N,G,B,D,A,H,-,B,D,0,Y,,,,Y,,N,60,0,0,0,1,0,0,0,0,0,"- ","- ",38.125518798828125,-121.25668334960938,"SAN JOAQUIN",LODI,-121.25682830810547,38.126411437988281
8945715,2019,2019-10-01,3905,2019-09-08,2135,3003,PAR,7,5,6,3905,0,0,0,,0,,"WILSON WY","MAIN ST",27.00,N,N,A,-,N,,,,,,,,,,N,2,0,1,2,A,-,11,21955,,N,G,B,D,A,H,-,C,A,0,Y,,,,Y,Y,N,60,1,0,0,0,1,0,0,0,0,"- ","- ",37.955718994140625,-121.27150726318359,"SAN JOAQUIN",STOCKTON,-121.27158355712891,37.955852508544922
8945803,2019,2019-09-30,3905,2019-09-14,0039,2680,PAR,6,5,6,3905,0,0,0,,0,,"WILSON WY","PARK ST",50.00,N,N,A,-,N,,,,,,,,,,N,2,0,1,2,A,-,03,22350,,F,G,B,F,A,H,-,C,D,0,Y,,,,Y,Y,-,99,1,0,0,0,1,0,0,0,0,"- ","- ",37.962680816650391,-121.27333068847656,"SAN JOAQUIN",STOCKTON,-121.27348327636719,37.962924957275391
8946447,2019,2019-10-04,3905,2019-08-14,0818,2983,LAK,3,5,6,3905,0,0,0,,0,,"SAN JOAQUIN ST","CHANNEL ST",0.00,,Y,A,-,N,,,,,,,,,,N,2,0,1,2,A,-,12,22450,A,N,D,C,A,A,H,-,A,A,0,,,,,Y,,D,22,1,0,0,0,0,0,0,0,0,"- ","- ",37.955089569091797,-121.28766632080078,"SAN JOAQUIN",STOCKTON,-121.2877197265625,37.955089569091797
8986162,2019,2020-03-16,3905,2019-10-31,1640,3410,BEA,4,5,6,3905,0,0,0,,0,,"HAMMER LN","LAN ARK DR",471.00,E,N,A,-,N,,,,,,,,,,Y,2,0,3,6,A,-,03,22350,,N,B,C,A,A,H,-,A,D,0,,,Y,,Y,,C,02,1,0,2,0,0,0,0,0,1,"- ","- ",38.021049499511719,-121.30973815917969,"SAN JOAQUIN",STOCKTON,-121.30779266357422,38.02099609375
8991116,2019,2020-01-17,3906,2019-11-27,1613,1556,,3,5,5,3906,0,0,0,,0,003,"11TH ST","SUMMER LN",0.00,,Y,B,-,N,,,,,,,,,,Y,2,0,1,2,A,-,08,22107,,N,-,-,A,A,H,-,A,D,0,,,Y,,Y,Y,A,01,1,0,0,0,0,0,0,0,1,"- ","- ",,,"SAN JOAQUIN",TRACY,-121.46112823486328,37.739219665527344
90005401,2015,2016-02-16,9265,2015-07-11,0230,018850,,6,3,9,3900,0,3,5,,2,090,"LOWER SACRAMENTO RD","WOODBRIDGE RD",640.00,S,N,A,-,N,,,,,,,,,,Y,2,0,1,1,A,-,08,22107,,N,E,I,A,A,H,-,D,D,0,,,,,Y,,D,22,1,0,0,0,0,0,0,0,0,"- ","- ",38.158349999999999,-121.29657,"SAN JOAQUIN",UNINCORPORATED,-121.29637654,38.158597
90007934,2015,2015-10-19,9265,2015-07-25,2204,019336,,6,3,9,3900,0,2,4,,1,022,"UNION RD","COELHO RD",236.00,S,N,A,-,N,,,,,,,,,,Y,2,0,1,1,A,-,01,23152,A,M,E,I,A,A,H,-,D,D,0,,,,,Y,Y,D,22,1,0,0,0,0,0,0,0,0,"- ","- ",37.851120000000002,-121.23705,"SAN JOAQUIN",UNINCORPORATED,-121.23696393,37.851221979999998
90009173,2015,2015-10-19,9265,2015-07-21,2037,017039,,2,2,9,3900,0,2,4,,1,091,"WEST LN.","ARMSTRONG RD.",0.00,,Y,A,-,N,,,,,,,,,,Y,2,0,1,2,D,-,00,,,N,D,C,A,A,H,-,C,A,0,,,Y,,Y,,-,"- ",1,0,0,0,0,0,0,0,1,"- ","- ",38.086509999999997,-121.2786,"SAN JOAQUIN",UNINCORPORATED,-121.27860998,38.086460000000002
90011011,2015,2015-10-19,9265,2015-08-11,1600,018955,,2,2,9,3900,0,1,3,,1,011,SR-120,"SEXTON RD",0.00,,Y,A,-,Y,,,120,,,,,,,Y,2,0,1,2,A,-,09,21802,A,N,F,A,A,A,H,-,A,A,0,,,Y,Y,Y,,F,25,1,0,0,0,0,0,0,0,1,"- ","- ",37.798549999999999,-121.03367,"SAN JOAQUIN",UNINCORPORATED,-121.03367009,37.798586309999997
90019611,2015,2015-10-19,9265,2015-09-03,1210,018784,,4,1,9,3900,0,1,3,,1,062,SR-88,"KETTLEMAN LN",1056.00,E,N,A,-,Y,,,88,,,,,,,N,2,0,2,2,A,-,04,21703,,N,F,A,A,A,H,-,A,D,0,,,Y,,Y,,C,02,2,0,0,0,0,0,0,0,2,"- ","- ",38.121020000000001,-121.17162,"SAN JOAQUIN",UNINCORPORATED,-121.17162015,38.121020059999999
90026908,2015,2015-10-19,9265,2015-09-22,1727,019774,,2,2,9,3900,0,2,4,,1,051,"MAIN ST","DEL MAR AVE",973.00,E,N,A,-,N,,,,,,,,,,Y,2,0,1,2,A,-,03,22350,,N,C,C,A,A,H,-,A,D,0,,,,,Y,,A,01,1,0,0,0,0,0,0,0,0,"- ","- ",37.956090000000003,-121.22551,"SAN JOAQUIN",UNINCORPORATED,-121.22378696,37.957256719999997
90027300,2015,2015-10-19,9265,2015-09-17,0654,017856,,4,1,9,3900,0,3,5,,2,090,"WOODBRIDGE RD","MEADOWLARK DR",194.00,W,N,A,-,N,,,,,,,,,,Y,2,0,1,2,A,-,03,22350,,N,C,C,A,A,H,-,A,D,0,,,,,Y,,A,07,1,0,0,0,0,0,0,0,0,"- ","- ",38.152940000000001,-121.30392999999999,"SAN JOAQUIN",UNINCORPORATED,-121.31299349,38.157996969999999
90027978,2015,2015-10-19,9265,2015-09-25,1000,013444,,5,1,9,3900,0,1,3,,1,063,SR-12,"CAL DR",65.00,W,N,A,-,Y,,,12,,,,,,,Y,2,0,1,1,C,-,18,,,N,F,A,A,A,H,-,A,D,0,,,Y,,Y,,-,"- ",1,0,0,0,0,0,0,0,1,"- ","- ",38.138170000000002,-121.17541,"SAN JOAQUIN",UNINCORPORATED,-121.17541,38.138068070000003
90046734,2015,2015-11-09,9265,2015-09-28,0200,017021,,1,3,9,3900,0,3,5,,2,090,"WALNUT GROVE ROAD","BLOSSOM ROAD",677.00,W,N,A,-,N,,,,,,,,,,Y,1,1,2,1,A,-,01,23152,E,N,E,J,A,A,H,-,D,D,0,,,,,Y,,A,01,1,1,0,0,0,0,0,0,0,"- ","- ",38.133099999999999,-121.2654,"SAN JOAQUIN",UNINCORPORATED,-121.44888649000001,38.225479999999997
90093586,2015,2016-01-12,9265,2015-11-10,0650,018661,,2,1,9,3900,0,1,3,,1,063,SR-12,"FOX RD",0.00,,Y,B,C,Y,,,,,,,,,,Y,2,0,1,2,A,-,09,21802,A,N,A,C,A,B,H,-,B,A,0,,,,,Y,,E,22,1,0,0,0,0,0,0,0,0,"- ","- ",38.139139999999998,-121.1771,"SAN JOAQUIN",UNINCORPORATED,,
90093710,2015,2016-01-12,9265,2015-12-07,0030,015174,,1,3,9,3900,0,2,4,,1,052,"CHEROKEE RD","SIERRA LN",148.00,W,N,A,-,N,,,,,,,,,,Y,2,0,1,3,A,-,01,23152,A,N,A,E,E,A,H,-,C,D,0,Y,,,,Y,Y,A,01,1,0,0,0,1,0,0,0,0,"- ","- ",37.583599999999997,-121.1554,"SAN JOAQUIN",UNINCORPORATED,-121.26541879,37.976718929999997
90103363,2015,2016-01-27,9265,2015-10-13,2242,019774,,2,3,9,3900,0,3,5,,2,010,"SANTA FE ROAD","ORANGE AVENUE",2112.00,S,N,A,-,N,,,,,,,,,,Y,1,1,2,2,A,-,01,23152,E,N,A,C,A,A,H,-,D,D,0,,,,,Y,,A,01,1,1,0,0,0,0,0,0,0,"- ","- ",37.769799999999996,-120.96004000000001,"SAN JOAQUIN",UNINCORPORATED,-120.95923069,37.768812879999999
90119509,2016,2016-02-22,9266,2016-02-13,1240,018888,,6,1,9,3900,0,1,1,,2,014,"I-205 W/B","MOUNTAIN HOUSE PKWY",4224.00,W,N,A,-,Y,,,205,,,,,,W,Y,2,0,1,3,A,-,03,22350,,N,C,C,A,A,H,-,A,D,0,,,Y,,Y,,C,02,1,0,0,0,0,0,0,0,1,"- ","- ",37.743130000000001,-121.54130000000001,"SAN JOAQUIN",UNINCORPORATED,-121.5412948,37.743210269999999
90120483,2015,2016-02-22,9265,2015-10-27,1915,019996,,2,2,9,3900,0,2,4,,1,053,"WILSON WAY","SANGUINETTI LN",5.00,S,N,A,-,N,,,,,,,,,,N,1,1,0,2,A,-,11,21456,B,F,G,B,B,A,H,-,C,A,0,Y,,,,Y,,N,60,0,0,0,1,0,0,0,0,0,"- ","- ",37.585979999999999,-121.16171,"SAN JOAQUIN",UNINCORPORATED,-121.27127709,37.983337470000002
90129051,2016,2016-03-03,9265,2016-02-26,0305,019803,,5,3,6,3905,0,1,3,,1,042,"SR-4 W/B TO I-5 S/B","CHURCH STREET",1000.00,N,N,A,-,Y,,,4,,,,R,,W,Y,2,0,1,1,A,-,01,23152,A,N,E,I,A,A,H,-,D,D,0,,,,,Y,Y,D,22,1,0,0,0,0,0,0,0,0,"- ","- ",37.946300000000001,-121.29850999999999,"SAN JOAQUIN",STOCKTON,-121.29850999999999,37.946300000000001
90133943,2016,2016-03-10,9265,2016-02-13,1320,019193,,6,1,9,3900,0,1,3,,2,006,"SR-99 N/B","ACAMPO RD",528.00,S,N,A,-,Y,,,99,,,,,,N,Y,2,0,5,4,A,-,03,22350,,N,C,C,A,A,H,-,A,D,0,,,,,Y,,A,01,1,0,4,0,0,0,0,0,0,"- ","- ",38.173299999999998,-121.26212,"SAN JOAQUIN",UNINCORPORATED,-121.26213791000001,38.173299610000001
9014690,2019,2019-12-26,3903,2019-11-28,0058,2419,,4,5,4,3903,0,0,0,,0,,"YOSEMITE AV","FREMONT ST",35.00,E,N,C,-,N,,,,,,,,,,Y,2,0,1,2,A,-,03,22350,,N,C,C,A,B,H,-,C,A,0,,,,,Y,,A,01,1,0,0,0,0,0,0,0,0,"- ","- ",37.797439575195312,-121.20973205566406,"SAN JOAQUIN",MANTECA,-121.20948028564453,37.797431945800781
90149531,2016,2016-09-09,9266,2016-03-19,1553,017920,,6,2,9,3900,0,2,4,,2,032,"BYRON ROAD","GRANT LINE ROAD",456.00,S,N,A,-,N,,,,,,,,,,Y,2,0,1,2,A,-,06,21755,,N,D,C,A,A,H,-,A,D,0,,,Y,,Y,,C,02,1,0,0,0,0,0,0,0,1,"- ","- ",37.752000000000002,-121.48175999999999,"SAN JOAQUIN",UNINCORPORATED,-121.48364487000001,37.753162250000003
90151186,2016,2016-04-05,9265,2016-03-27,2250,018511,,7,3,9,3900,0,3,5,,2,090,"ARMSTRONG RD","LOWER SACRAMENTO RD",1320.00,E,N,A,-,N,,,,,,,,,,Y,2,0,2,1,A,-,01,23152,A,N,E,I,A,A,H,-,D,D,0,,,,,Y,Y,A,01,1,1,0,0,0,0,0,0,0,"- ","- ",38.086489999999998,-121.30526,"SAN JOAQUIN",UNINCORPORATED,-121.30586332,38.086520999999998
90159358,2016,2016-04-18,9265,2016-04-12,0445,017021,,2,3,9,3900,0,2,4,,1,093,"THORNTON RD",SR-12,2376.00,N,N,A,-,N,,,,,,,,,,Y,2,0,1,1,A,-,01,23152,A,N,F,A,A,A,H,-,D,D,0,,,,,Y,Y,A,07,1,0,0,0,0,0,0,0,0,"- ","- ",38.387799999999999,-121.8377,"SAN JOAQUIN",UNINCORPORATED,-121.39554,38.115920000000003
90160471,2016,2016-04-19,9266,2016-03-28,0248,018217,,1,3,9,3900,0,2,4,,1,016,"ELEVENTH STREET","GRANT LINE ROAD",528.00,E,N,A,-,N,,,,,,,,,,Y,2,0,3,1,A,-,01,23152,A,N,E,I,A,A,H,-,C,D,0,,,,,Y,Y,A,01,3,0,0,0,0,0,0,0,0,"- ","- ",37.753819999999997,-121.35109,"SAN JOAQUIN",UNINCORPORATED,-121.35109,37.753819999999997
90181898,2016,2016-05-18,9265,2016-05-08,0145,019193,,7,3,4,3903,0,1,3,,2,025,"SR-120 W/B TO AIRPORT WAY","AIRPORT WAY",641.00,E,N,A,-,Y,,,120,,,,R,,W,Y,2,0,3,1,A,-,01,23152,A,N,F,A,A,A,H,-,D,D,0,,,,,Y,Y,A,01,2,1,0,0,0,0,0,0,0,"- ","- ",37.784109999999998,-121.25072,"SAN JOAQUIN",MANTECA,-121.25072,37.784109999999998
90208611,2016,2016-06-23,9265,2016-06-08,1815,019803,,3,2,4,3903,0,1,3,,2,025,"SR-120 W/B","MCKINLEY AVE",2150.00,W,N,A,-,Y,,,120,,,,,,W,Y,2,0,2,1,A,-,08,22107,,N,E,I,A,A,H,-,A,D,0,,,,,Y,,A,07,1,0,1,0,0,0,0,0,0,"- ","- ",37.787329999999997,-121.27784,"SAN JOAQUIN",MANTECA,-121.27791428,37.787054910000002
90211347,2016,2016-06-28,9265,2016-05-09,1600,019178,,1,2,9,3900,0,3,5,,2,060,"FAIRCHILD RD","BEECHER RD",0.00,,Y,A,-,N,,,,,,,,,,Y,1,1,0,2,A,-,09,21802,A,N,D,C,A,A,H,-,A,A,0,,,,,Y,,A,07,0,0,0,0,0,0,0,0,0,"- ","- ",38.014539999999997,-121.1682,"SAN JOAQUIN",UNINCORPORATED,-121.1681999,38.014559920000004
90215046,2016,2016-07-01,9265,2016-06-20,2057,019774,,1,2,9,3900,0,2,4,,1,052,"CHEROKEE RD","SIERRA LANE",540.00,W,N,B,-,N,,,,,,,,,,N,2,0,1,2,A,-,09,21804,A,N,D,C,A,A,H,-,C,D,0,,,,,Y,,M,94,1,0,0,0,0,0,0,0,0,"- ","- ",37.97569,-121.26612,"SAN JOAQUIN",UNINCORPORATED,-121.26610423,37.975789079999998
90224670,2016,2016-07-18,9265,2016-07-10,1420,019795,,7,2,9,3900,0,1,1,,2,505,"INTERSTATE 5 SOUTHBOUND","SR-12 W/B",2640.00,N,N,A,-,Y,,,5,,,,,,S,Y,2,0,2,2,A,-,03,22350,,F,C,C,A,A,H,-,A,D,0,,,,,Y,,-,99,1,0,1,0,0,0,0,0,0,"- ","- ",38.121319999999997,-121.40042,"SAN JOAQUIN",UNINCORPORATED,-121.40039901999999,38.121325229999997
90241547,2016,2016-08-10,9265,2016-07-17,2326,015174,,7,3,9,3900,0,1,3,,2,004,"SR-99 S/B","MORADA LN",300.00,S,N,A,-,Y,,,,,,,,,,Y,2,0,2,2,A,-,03,22350,,N,C,C,A,A,H,-,C,D,0,,,,,Y,Y,A,01,1,0,1,0,0,0,0,0,0,"- ","- ",38.213999999999999,-121.15300000000001,"SAN JOAQUIN",UNINCORPORATED,,
90243466,2016,2016-08-12,9265,2016-07-29,2045,019888,,5,2,4,3903,0,1,3,,2,025,"SR-120 E/B","MAIN ST",2300.00,W,N,A,-,Y,,,120,,,,,,E,Y,2,0,1,2,A,-,01,23152,A,N,C,C,A,A,H,-,D,D,0,,,Y,,Y,Y,C,02,1,0,0,0,0,0,0,0,1,"- ","- ",37.783140000000003,-121.22395,"SAN JOAQUIN",MANTECA,-121.22395048,37.783177889999997
90271317,2016,2016-09-20,9265,2016-05-30,1634,019657,,1,2,9,3900,0,1,3,,1,066,SR-26,"SHELLEY RD",9504.00,W,N,A,-,Y,,,26,,,,,,,N,1,1,0,1,A,-,01,23152,A,N,F,A,A,A,H,-,A,D,0,,,Y,,Y,Y,C,02,0,0,0,0,0,0,0,1,0,"- ","- ",38.068399999999997,-120.99081,"SAN JOAQUIN",UNINCORPORATED,-120.99075759,38.068236220000003
90276240,2016,2016-09-26,9266,2016-09-22,1740,017920,,4,2,9,3900,0,1,1,,2,021,"I-580 E/B","BIRD ROAD",500.00,W,N,A,-,Y,,,580,,,,,,E,Y,2,0,3,3,A,-,03,22350,,N,C,C,A,A,H,-,A,D,0,,,,,Y,,A,01,1,0,2,0,0,0,0,0,0,"- ","- ",37.612270000000002,-121.36185999999999,"SAN JOAQUIN",UNINCORPORATED,-121.36179095999999,37.612361370000002
90281166,2016,2016-09-30,9266,2016-09-17,1305,014808,,6,1,9,3900,0,1,1,,2,021,"I-580 E/B","TRACY BLVD. O/C",2796.00,W,N,A,-,Y,,,580,,,,,,E,Y,1,1,2,2,A,-,03,22350,,N,C,C,A,A,D,-,A,A,0,,,,,Y,,A,01,0,0,2,0,0,0,0,0,0,"- ","- ",37.662709999999997,-121.44166,"SAN JOAQUIN",UNINCORPORATED,-121.44169611,37.66264958
90293053,2016,2016-10-17,9265,2016-10-01,2120,015408,,6,2,9,3900,0,1,3,,2,004,"SR-99 N/B","ARMSTRONG RD",5000.00,S,N,A,-,Y,,,99,,,,,,N,Y,2,0,1,1,A,-,03,22350,,N,E,J,A,A,C,-,D,D,0,,,Y,,Y,,C,02,1,0,0,0,0,0,0,0,1,"- ","- ",38.074779999999997,-121.25944,"SAN JOAQUIN",UNINCORPORATED,-121.25972760000001,38.074775039999999
90293235,2016,2016-10-17,9265,2016-10-01,0155,017198,,6,3,9,3900,0,1,3,,2,006,"SR-99 S/B","LIBERTY RD",4245.00,N,N,A,-,Y,,,99,,,,,,S,Y,2,0,1,2,A,-,01,23152,A,N,C,C,A,A,H,-,A,D,0,,,,,Y,Y,A,01,1,0,0,0,0,0,0,0,0,"- ","- ",38.243740000000003,-121.28699,"SAN JOAQUIN",UNINCORPORATED,-121.28696062,38.24375869
90298138,2016,2016-10-21,9265,2016-08-11,2337,018850,,4,3,6,3905,0,1,3,,1,042,"SR-4 E/B","WILSON WAY",447.00,W,N,A,-,Y,,,4,,,,,,E,Y,1,1,0,2,A,-,01,23152,F,N,E,I,A,A,D,-,D,D,0,,,,,Y,Y,A,01,0,0,0,0,0,0,0,0,0,"- ","- ",37.952930000000002,-121.27222,"SAN JOAQUIN",STOCKTON,-121.27224483000001,37.953067169999997
90309121,2016,2016-11-02,9266,2016-10-18,0520,019012,,2,3,9,3900,0,1,1,,2,024,"I-5 N/B","I-205 E/B",80.00,N,N,A,-,Y,,,5,,,,,,N,Y,2,0,2,3,A,-,03,22350,,N,C,C,A,A,H,-,D,D,0,,,,Y,Y,Y,G,26,1,0,1,0,0,0,0,0,0,"- ","- ",37.767609999999998,-121.33083999999999,"SAN JOAQUIN",UNINCORPORATED,-121.33086157,37.767639639999999
90316361,2016,2016-11-15,9265,2016-11-04,1458,013515,,5,2,9,3900,0,3,5,,2,050,"SINCLAIR AVENUE","SECTION AVENUE",0.00,,Y,A,-,N,,,,,,,,,,Y,2,0,2,2,A,-,12,22450,A,N,D,C,A,A,H,-,A,A,0,,,,,Y,,A,01,1,0,1,0,0,0,0,0,0,"- ","- ",37.948729999999998,-121.2283,"SAN JOAQUIN",UNINCORPORATED,-121.22830998000001,37.948769900000002
90319277,2016,2016-11-15,9266,2016-11-07,0130,019012,,1,3,9,3900,0,1,1,,2,014,"I-205 WESTBOUND FROM 11TH STREET ONRAMP","I-205 E/B",660.00,S,N,A,-,Y,,,205,,,,R,,W,Y,2,0,1,1,A,-,08,22107,,N,F,A,A,A,H,-,D,D,0,,,,,Y,,A,01,1,0,0,0,0,0,0,0,0,"- ","- ",37.740380000000002,-121.49213,"SAN JOAQUIN",UNINCORPORATED,-121.49213,37.740380000000002
90325187,2016,2016-11-18,9265,2016-09-28,0310,018511,,3,3,9,3900,0,2,4,,1,053,"WILSON WAY","NEWTON RD",2291.00,S,N,A,-,N,,,,,,,,,,N,1,1,2,2,A,-,11,21954,A,F,G,B,E,A,H,-,D,D,0,Y,,,,Y,,N,60,0,2,0,1,0,0,0,0,0,"- ","- ",37.995130000000003,-121.2645,"SAN JOAQUIN",UNINCORPORATED,-121.26458719999999,37.995051259999997
90338182,2016,2016-12-06,9265,2016-10-22,1828,019128,,6,2,4,3903,0,1,3,,2,001,"STATE ROUTE 99 SOUTHBOUND","LATHROP ROAD",2640.00,S,N,A,-,Y,,,,,,,,,,Y,1,1,0,1,A,-,08,22107,,N,E,I,A,A,H,-,C,D,0,,,Y,,Y,,C,02,0,0,0,0,0,0,0,1,0,"- ","- ",37.491709999999998,-121.12575,"SAN JOAQUIN",MANTECA,-121.21449883,37.819914369999999