CASE_ID,ACCIDENT_YEAR,PROC_DATE,JURIS,COLLISION_DATE,COLLISION_TIME,OFFICER_ID,REPORTING_DISTRICT,DAY_OF_WEEK,CHP_SHIFT,POPULATION,CNTY_CITY_LOC,SPECIAL_COND,BEAT_TYPE,CHP_BEAT_TYPE,CITY_DIVISION_LAPD,CHP_BEAT_CLASS,BEAT_NUMBER,PRIMARY_RD,SECONDARY_RD,DISTANCE,DIRECTION,INTERSECTION,WEATHER_1,WEATHER_2,STATE_HWY_IND,CALTRANS_COUNTY,CALTRANS_DISTRICT,STATE_ROUTE,ROUTE_SUFFIX,POSTMILE_PREFIX,POSTMILE,LOCATION_TYPE,RAMP_INTERSECTION,SIDE_OF_HWY,TOW_AWAY,COLLISION_SEVERITY,NUMBER_KILLED,NUMBER_INJURED,PARTY_COUNT,PRIMARY_COLL_FACTOR,PCF_CODE_OF_VIOL,PCF_VIOL_CATEGORY,PCF_VIOLATION,PCF_VIOL_SUBSECTION,HIT_AND_RUN,TYPE_OF_COLLISION,MVIW,PED_ACTION,ROAD_SURFACE,ROAD_COND_1,ROAD_COND_2,LIGHTING,CONTROL_DEVICE,CHP_ROAD_TYPE,PEDESTRIAN_ACCIDENT,BICYCLE_ACCIDENT,MOTORCYCLE_ACCIDENT,TRUCK_ACCIDENT,NOT_PRIVATE_PROPERTY,ALCOHOL_INVOLVED,STWD_VEHTYPE_AT_FAULT,CHP_VEHTYPE_AT_FAULT,COUNT_SEVERE_INJ,COUNT_VISIBLE_INJ,COUNT_COMPLAINT_PAIN,COUNT_PED_KILLED,COUNT_PED_INJURED,COUNT_BICYCLIST_KILLED,COUNT_BICYCLIST_INJURED,COUNT_MC_KILLED,COUNT_MC_INJURED,PRIMARY_RAMP,SECONDARY_RAMP,LATITUDE,LONGITUDE,COUNTY,CITY,POINT_X,POINT_Y
90340412,2016,2016-12-08,9265,2016-11-12,0240,#13193,,6,3,9,3900,0,1,1,,2,505,"I-5 S/B","BARBER RD",600.00,S,N,A,-,Y,,,5,,,,,,S,Y,2,0,4,1,A,-,01,23152,A,N,E,I,A,A,H,-,D,D,0,,,,,Y,Y,A,01,3,1,0,0,0,0,0,0,0,"- ","- ",38.242699999999999,-121.44287,"SAN JOAQUIN",UNINCORPORATED,-121.44283407,38.242726699999999
90355919,2016,2016-12-28,9266,2016-12-14,2325,018711,,3,3,9,3900,0,1,1,,1,015,"I-205 E/B","EL RANCHO",95.00,W,N,B,-,Y,,,205,,,,,,E,Y,2,0,1,2,A,-,03,22350,,N,C,C,A,A,D,-,C,A,0,,,,,Y,,D,22,1,0,0,0,0,0,0,0,0,"- ","- ",37.76473,-121.37193000000001,"SAN JOAQUIN",UNINCORPORATED,-121.37192994,37.764767290000002
90359539,2016,2017-01-03,9265,2016-12-12,1142,018694,,1,1,9,3900,0,3,5,,2,010,"FRENCH CAMP ROAD","AUSTIN ROAD",0.00,,Y,B,-,N,,,,,,,,,,Y,2,0,1,2,A,-,01,23152,E,N,D,C,A,A,H,-,A,A,0,,,,Y,Y,,A,01,1,0,0,0,0,0,0,0,0,"- ","- ",37.8476,-121.1865,"SAN JOAQUIN",UNINCORPORATED,-121.18633989999999,37.847599930000001
90370131,2016,2017-02-13,9265,2016-12-30,2200,019888,,5,3,6,3905,0,1,1,,2,503,"I-5 N/B","FREMONT AVE",50.00,S,N,A,-,Y,,,5,,,,,,N,N,2,0,1,2,A,-,11,21954,A,N,G,B,E,A,H,-,C,D,0,Y,,,,Y,Y,N,60,1,0,0,0,1,0,0,0,0,"- ","- ",37.95429,-121.31068,"SAN JOAQUIN",STOCKTON,-121.31073929,37.954169810000003
90404415,2017,2017-03-02,9265,2017-01-06,2225,013193,,5,3,9,3900,0,1,3,,1,092,"SR-12 E/B","PEATLAND RD",128.00,W,N,A,-,Y,,,12,,,,,,E,Y,1,1,5,4,A,-,01,23152,E,N,A,C,A,A,H,-,D,D,0,,,,,Y,,A,01,4,0,1,0,0,0,0,0,0,"- ","- ",38.115389999999998,-121.45644,"SAN JOAQUIN",UNINCORPORATED,-121.45644018,38.115408780000003
90408099,2017,2017-03-08,9265,2017-02-26,0230,019193,,7,3,9,3900,0,3,5,,2,010,"MUNFORD AVE","MARIPOSA RD",1618.00,S,N,A,-,N,,,,,,,,,,Y,2,0,1,2,A,-,01,23152,A,N,C,E,A,A,H,-,D,D,0,,,,Y,Y,Y,A,01,1,0,0,0,0,0,0,0,0,"- ","- ",37.929099999999998,-121.2289,"SAN JOAQUIN",UNINCORPORATED,-121.2295292,37.929031019999996
90427118,2017,2017-04-04,9265,2017-03-09,1840,019666,,4,2,9,3900,0,1,3,,1,061,"SR-26 E/B","ALPINE RD",700.00,W,N,A,-,N,,,,,,,,,,Y,2,0,1,2,A,-,08,22107,,N,D,C,A,A,H,-,D,D,0,,,Y,,Y,,A,07,1,0,0,0,0,0,0,0,1,"- ","- ",37.983139999999999,-121.20635,"SAN JOAQUIN",UNINCORPORATED,-121.19632094000001,37.986679180000003
90441323,2017,2017-04-25,9266,2017-04-05,2110,019730,,3,2,9,3900,0,2,4,,1,016,"11TH STREET","LOVELY RD.",200.00,E,N,A,-,N,,,,,,,,,,Y,2,0,4,2,A,-,01,23153,A,N,A,C,A,A,H,-,D,D,0,,,,,Y,,A,01,2,1,1,0,0,0,0,0,0,"- ","- ",37.73997,-121.37063000000001,"SAN JOAQUIN",UNINCORPORATED,-121.37048811,37.739835159999998
90457629,2017,2017-05-17,9266,2017-04-04,1515,013650,,2,2,9,3900,0,2,4,,1,023,"CHRISMAN ROAD","DURHAM FERRY ROAD",1335.00,S,N,A,-,N,,,,,,,,,,Y,1,1,0,2,A,-,08,22107,,N,E,I,A,A,H,-,A,D,0,,,,Y,Y,Y,D,22,0,0,0,0,0,0,0,0,0,"- ","- ",37.662880000000001,-121.39778,"SAN JOAQUIN",UNINCORPORATED,-121.39780039,37.663463350000001
90477093,2017,2017-06-13,9265,2017-06-03,0115,018784,,6,3,9,3900,0,3,5,,2,090,"WOODBRIDGE RD","RAY RD",2640.00,E,N,A,-,N,,,,,,,,,,Y,2,0,2,2,A,-,03,22350,,N,C,C,A,A,H,-,D,D,0,,,,,Y,,A,01,2,0,0,0,0,0,0,0,0,"- ","- ",38.160319999999999,-121.36564,"SAN JOAQUIN",UNINCORPORATED,-121.36232735,38.160265469999999
90483690,2017,2017-06-22,9265,2017-06-02,0806,019128,,5,1,9,3900,0,1,3,,1,011,SR-120,"N. RIPON RD.",2482.00,W,N,A,-,N,,,,,,,,,,Y,2,0,2,2,A,-,08,22107,,N,A,C,A,A,H,-,A,D,0,,,,Y,Y,,A,01,1,1,0,0,0,0,0,0,0,"- ","- ",37.475239999999999,-121.7025,"SAN JOAQUIN",UNINCORPORATED,-121.13390928,37.79768181
90491549,2017,2017-06-30,9265,2017-05-27,0605,016382,,6,1,2,3920,0,1,1,,2,502,"I-5 S/B","LOUISE AVE",1490.00,N,N,A,-,Y,,,5,,,,,,S,Y,1,1,1,2,A,-,08,22107,,N,B,C,A,A,H,-,A,D,0,,,,,Y,,D,22,0,1,0,0,0,0,0,0,0,"- ","- ",37.815460000000002,-121.29458,"SAN JOAQUIN",LATHROP,-121.29445346999999,37.815410200000002
90506950,2017,2017-07-24,9265,2017-07-07,2136,#13193,,5,2,9,3900,0,3,5,,2,070,"HAMMER LANE","PERSHING AVE",260.00,E,N,A,-,N,,,,,,,,,,Y,2,0,2,3,A,-,01,23152,A,N,C,C,A,A,D,-,C,A,0,,,,,Y,Y,A,01,1,0,1,0,0,0,0,0,0,"- ","- ",38.021070000000002,-121.32885,"SAN JOAQUIN",UNINCORPORATED,-121.32906751,38.021017020000002
90518539,2017,2017-08-08,9265,2017-06-25,2310,020071,,7,3,9,3900,0,3,5,,2,090,"COLLIER RD","MACKVILLE RD",6336.00,W,N,A,-,N,,,,,,,,,,Y,2,0,4,1,A,-,03,22350,,N,E,I,A,A,H,-,D,D,0,,,,,Y,Y,A,01,1,2,1,0,0,0,0,0,0,"- ","- ",38.215820000000001,-121.10186,"SAN JOAQUIN",UNINCORPORATED,-121.1065,38.216850000000001
90521003,2017,2017-08-10,9265,2017-06-30,1438,018452,,5,2,9,3900,0,1,3,,1,016,SR-120,"SEIDNER RD",0.00,,Y,A,-,Y,,,,,,,,,,Y,2,0,6,2,A,-,08,22107,,N,D,C,A,A,H,-,A,A,0,,,,,Y,,A,01,1,5,0,0,0,0,0,0,0,"- ","- ",37.793799999999997,-121.9507,"SAN JOAQUIN",UNINCORPORATED,-120.95079993,37.793899930000002
90529977,2017,2017-10-24,9265,2017-08-06,0026,019885,,7,3,9,3900,0,1,1,,2,505,"I-5 S/B",SR-12,3760.00,N,N,A,-,Y,,,5,,,,,,S,Y,2,0,2,4,A,-,01,23152,A,N,C,C,A,A,H,-,D,D,0,,,,,Y,Y,A,01,2,0,0,0,0,0,0,0,0,"- ","- ",38.131979999999999,-121.39963,"SAN JOAQUIN",UNINCORPORATED,-121.39955413,38.131969259999998
90534122,2017,2017-08-25,9265,2017-07-01,0030,019073,,6,3,9,3900,0,3,5,,2,060,"JACK TONE ROAD","PELTIER ROAD",2640.00,N,N,A,-,N,,,,,,,,,,Y,1,1,0,1,A,-,01,23152,A,N,E,I,A,A,H,-,D,D,0,,,,,Y,Y,D,22,0,0,0,0,0,0,0,0,0,"- ","- ",38.198079999999997,-121.15217,"SAN JOAQUIN",UNINCORPORATED,-121.15204,38.197977119999997
90540443,2017,2017-09-06,9266,2017-08-05,1055,014808,,6,1,9,3900,0,1,1,,2,021,"I-580 E/B","SR-132 O/C",5280.00,W,N,A,-,Y,,,580,,,,,,E,Y,1,2,5,1,A,-,08,22107,,N,F,A,A,A,H,-,A,D,0,,,,,Y,,A,07,1,3,1,0,0,0,0,0,0,"- ","- ",37.647730000000003,-121.41731,"SAN JOAQUIN",UNINCORPORATED,-121.41725296,37.647824049999997
90542231,2017,2017-09-06,9265,2017-06-11,2356,019774,,7,3,4,3903,0,1,3,,2,001,"SR-99 S/B","LOUISE AVE",2167.00,N,N,B,-,Y,,,99,,,,,,S,Y,1,1,0,2,A,-,11,21954,A,N,G,B,E,A,H,-,D,D,0,Y,,,,Y,Y,N,60,0,0,0,1,0,0,0,0,0,"- ","- ",37.815820000000002,-121.20950999999999,"SAN JOAQUIN",MANTECA,-121.20951642,37.815812110000003
90545349,2017,2017-09-12,9265,2017-08-30,1225,015490,,3,1,9,3900,0,1,3,,1,062,SR-88,"PEZZI RD",1584.00,W,N,A,-,Y,,,88,,,,,,,Y,2,0,2,2,A,-,04,21703,,N,C,C,A,A,D,-,A,D,0,,,Y,,Y,,C,02,1,0,1,0,0,0,0,0,1,"- ","- ",38.025849999999998,-121.19678,"SAN JOAQUIN",UNINCORPORATED,-121.1968159,38.025889489999997
90548674,2017,2017-09-15,9265,2017-09-01,1135,018452,,5,1,9,3900,0,3,5,,2,010,"SOUTHLAND RD","SOUTHLAND CT",0.00,,Y,A,-,N,,,,,,,,,,Y,2,0,1,1,A,-,08,22107,,N,E,I,A,A,H,-,A,D,0,,,,,Y,,A,01,1,0,0,0,0,0,0,0,0,"- ","- ",37.819229999999997,-121.1888,"SAN JOAQUIN",UNINCORPORATED,-121.18889995000001,37.819269980000001
90550311,2017,2017-09-18,9265,2017-08-26,1826,017039,,6,2,9,3900,0,2,4,,1,093,"LOWER SACRAMENTO RD","WOODBRIDGE RD",2414.00,N,N,A,-,N,,,,,,,,,,Y,1,1,0,1,A,-,01,23152,F,N,E,I,A,A,H,-,A,D,0,,,,,Y,,A,07,0,0,0,0,0,0,0,0,0,"- ","- ",38.166310000000003,-121.295,"SAN JOAQUIN",UNINCORPORATED,-121.29494630000001,38.166755780000003
90554124,2017,2017-09-22,9265,2017-08-05,0130,019341,,6,3,9,3900,0,1,3,,2,004,"SR-99 S/B","ARMSTRONG RD",136.00,S,N,B,-,Y,,,,,,,,,,Y,1,1,0,2,A,-,03,22350,,N,C,C,A,A,H,-,D,D,0,,,,Y,Y,,A,01,0,0,0,0,0,0,0,0,0,"- ","- ",38.051200000000001,-121.1536,"SAN JOAQUIN",UNINCORPORATED,,
90558337,2017,2017-09-28,9265,2017-09-01,1612,016639,,5,2,9,3900,0,1,1,,2,505,"I-5 N/B","WALNUT GROVE RD",2112.00,S,N,A,-,Y,,,5,,,,,,N,Y,2,0,3,3,A,-,03,22350,,N,C,C,A,A,H,-,A,D,0,,,,,Y,,A,01,1,1,1,0,0,0,0,0,0,"- ","- ",38.2209,-121.42765,"SAN JOAQUIN",UNINCORPORATED,-121.42717046,38.221238970000002
90561413,2017,2017-10-02,9265,2017-09-21,1742,019888,,4,2,9,3900,0,2,4,,1,091,"EIGHT MILE RD","HAM LN",390.00,W,N,A,-,N,,,,,,,,,,Y,2,0,2,2,A,-,03,22350,,N,C,C,A,A,H,-,A,D,0,,,,,Y,,A,01,1,0,1,0,0,0,0,0,0,"- ","- ",38.057519999999997,-121.28861999999999,"SAN JOAQUIN",UNINCORPORATED,-121.2885246,38.05748517
90570840,2017,2017-10-16,9265,2017-08-26,2259,018511,,6,3,9,3900,0,1,3,,1,067,SR-88,"LIBERTY RD",7920.00,E,N,A,-,Y,,,88,,,,,,,Y,1,1,0,2,A,-,01,23152,G,N,B,C,A,A,H,-,D,D,0,,,,Y,Y,Y,A,01,0,0,0,0,0,0,0,0,0,"- ","- ",38.257989999999999,-121.03549,"SAN JOAQUIN",UNINCORPORATED,-121.0354966,38.257998780000001
90570981,2017,2017-10-16,9265,2017-08-11,0728,016639,,5,1,4,3903,0,1,3,,2,025,"SR-120 E/B","MAIN ST",3326.00,E,N,A,-,Y,,,120,,,,,,E,Y,1,1,1,1,A,-,03,22350,,N,F,A,A,A,H,-,A,D,0,,,Y,,Y,,C,02,1,0,0,0,0,0,0,1,1,"- ","- ",37.783250000000002,-121.20417,"SAN JOAQUIN",MANTECA,-121.20417008,37.783204730000001
90576165,2017,2018-10-05,9266,2017-08-18,0432,020083,,5,3,9,3900,0,1,3,,1,011,SR-4,"MIDDLE RIVER BRIDGE",6864.00,W,N,A,-,Y,,,4,,,,,,,Y,1,1,0,3,A,-,06,21751,,N,A,C,A,A,H,-,D,D,0,,,,Y,Y,,A,08,0,0,0,0,0,0,0,0,0,"- ","- ",37.890129999999999,-121.51474,"SAN JOAQUIN",UNINCORPORATED,-121.51473833999999,37.890060910000003
90582417,2017,2017-10-30,9265,2017-09-23,1220,019657,,6,1,9,3900,0,3,5,,2,010,"FRENCH CAMP ROAD","JACK TONE ROAD",2000.00,W,N,A,-,N,,,,,,,,,,N,2,0,1,1,A,-,08,22107,,N,F,A,A,A,H,-,A,D,0,,,Y,,Y,Y,C,02,1,0,0,0,0,0,0,0,1,"- ","- ",37.830480000000001,-121.14957,"SAN JOAQUIN",UNINCORPORATED,-121.14946406999999,37.830440430000003
90599366,2017,2017-11-21,9265,2017-11-19,1200,019657,,7,1,6,3905,0,3,5,,2,060,"FAIRCHILD RD","ALPINE ROAD",162.00,E,N,A,-,N,,,,,,,,,,Y,2,0,1,1,A,-,08,22107,,N,E,I,A,A,H,-,A,D,0,,,,,Y,,D,22,1,0,0,0,0,0,0,0,0,"- ","- ",38.008150000000001,-121.20346000000001,"SAN JOAQUIN",STOCKTON,-121.20329771999999,38.008163400000001
90599416,2017,2017-11-21,9265,2017-11-08,1515,013444,,3,2,9,3900,0,2,4,,1,093,"LOWER SACRAMENTO ROAD","MOKELUMNE RIVER",101.00,N,N,A,-,N,,,,,,,,,,Y,2,0,1,1,A,-,08,22107,,N,E,I,A,A,H,-,A,D,0,,,,,Y,,A,01,1,0,0,0,0,0,0,0,0,"- ","- ",38.157470000000004,-121.29794,"SAN JOAQUIN",UNINCORPORATED,-121.30052117,38.155297070000003
90599496,2017,2017-11-21,9265,2017-11-15,2315,018784,,3,3,9,3900,0,1,1,,2,505,"I-5 N/B","EIGHT MILE RD",10560.00,N,N,B,C,Y,,,5,,,,,,N,Y,2,0,1,1,A,-,08,22107,,N,E,I,A,B,H,-,D,D,0,,,,,Y,,A,01,1,0,0,0,0,0,0,0,0,"- ","- ",38.08681,-121.38146999999999,"SAN JOAQUIN",UNINCORPORATED,-121.38158708,38.086764850000002
90614160,2017,2017-12-11,9265,2017-11-28,1738,020539,,2,2,9,3900,0,2,4,,1,091,"EIGHT MILE RD","HAM LN",710.00,W,N,A,-,N,,,,,,,,,,Y,2,0,1,3,A,-,03,22350,,N,C,C,A,A,H,-,D,A,0,,,,,Y,,A,01,1,0,0,0,0,0,0,0,0,"- ","- ",38.326740000000001,-121.17242,"SAN JOAQUIN",UNINCORPORATED,-121.28963607999999,38.057481199999998
90616723,2017,2017-12-13,9265,2017-10-28,1410,17405,,6,2,9,3900,0,3,5,,2,020,"MANTECA RD.","DIVISION AVE.",135.00,N,N,A,-,N,,,,,,,,,,Y,2,0,1,1,A,-,01,23152,A,N,F,A,A,A,H,-,A,D,0,,,Y,,Y,Y,C,02,1,0,0,0,0,0,0,0,1,"- ","- ",37.692709999999998,-121.21496,"SAN JOAQUIN",UNINCORPORATED,-121.21673801,37.691630099999998
90627519,2017,2017-12-27,9265,2017-12-16,0050,020785,,6,3,9,3900,0,1,3,,2,003,"SR-99 N/B","ARCH RD",70.00,S,N,A,-,Y,,,99,,,,,,N,Y,2,0,1,1,A,-,01,23152,A,N,E,I,A,A,H,-,C,D,0,,,,,Y,Y,A,01,1,0,0,0,0,0,0,0,0,"- ","- ",37.903919999999999,-121.22278,"SAN JOAQUIN",UNINCORPORATED,-121.22249256000001,37.904036380000001
90628632,2017,2017-12-28,9265,2017-12-18,0150,019246,,1,3,9,3900,0,2,4,,1,093,"WALNUT GROVE RD","BLOSSOM RD",100.00,E,N,A,-,N,,,,,,,,,,Y,2,0,1,1,A,-,08,22107,,N,E,I,A,A,H,-,C,D,0,,,,,Y,,A,07,1,0,0,0,0,0,0,0,0,"- ","- ",38.133159999999997,-121.26461999999999,"SAN JOAQUIN",UNINCORPORATED,-121.44618285,38.225530829999997
90642370,2018,2018-01-18,9265,2018-01-06,1130,014456,,6,1,9,3900,0,1,3,,1,092,SR-12,"FREE RD",2112.00,E,N,A,-,Y,,,12,,,,,,,Y,2,0,1,1,C,-,18,,,N,E,I,A,A,H,-,A,D,0,,,,,Y,,-,"- ",1,0,0,0,0,0,0,0,0,"- ","- ",38.115699768066406,-121.35859680175781,"SAN JOAQUIN",UNINCORPORATED,-121.35859680175781,38.115859985351562
90649989,2018,2018-01-29,9266,2018-01-13,0315,019730,,6,3,9,3900,0,1,3,,1,026,"SR-132 W/B","BIRD ROAD",500.00,W,N,A,-,Y,,,132,,,,,,W,Y,2,0,1,1,A,-,01,23152,A,N,F,A,A,A,H,-,D,D,0,,,,,Y,Y,A,07,1,0,0,0,0,0,0,0,0,"- ","- ",37.638618469238281,-121.36354064941406,"SAN JOAQUIN",UNINCORPORATED,-121.36353302001953,37.637912750244141
90650572,2018,2018-01-29,9265,2018-01-27,1425,018289,,6,2,9,3900,0,3,5,,2,060,"LOCKE ROAD","BRANDT ROAD",1600.00,W,N,A,-,N,,,,,,,,,,N,2,0,1,2,A,-,01,23152,A,N,B,E,A,A,H,-,A,D,0,,,Y,,Y,Y,C,02,1,0,0,0,0,0,0,0,1,"- ","- ",38.149650573730469,-121.17128753662109,"SAN JOAQUIN",UNINCORPORATED,-121.17835998535156,38.145660400390625
90660534,2018,2018-02-13,9265,2018-02-02,1331,17405,,5,1,4,3903,0,1,3,,2,001,"SR-99 N/B","AUSTIN RD.",340.00,N,N,A,-,Y,,,99,,,,,,N,Y,2,0,1,3,A,-,03,22350,,N,C,C,A,A,H,-,A,D,0,,,,Y,Y,,G,27,1,0,0,0,0,0,0,0,0,"- ","- ",37.775459289550781,-121.18022918701172,"SAN JOAQUIN",MANTECA,-121.18021392822266,37.775482177734375
90673540,2018,2018-03-02,9265,2018-02-17,0120,018850,,6,3,9,3900,0,1,3,,2,001,"SR-99 N/B","LATHROP RD",5280.00,N,N,A,-,Y,,,99,,,,,,N,Y,2,0,3,2,A,-,01,23152,A,N,C,C,A,A,H,-,D,D,0,,,,,Y,Y,A,01,1,0,2,0,0,0,0,0,0,"- ","- ",37.840709686279297,-121.21766662597656,"SAN JOAQUIN",UNINCORPORATED,-121.21778869628906,37.840705871582031
90675541,2018,2018-03-06,9265,2018-02-20,0525,019795,,2,3,9,3900,0,2,4,,1,093,"LOWER SACRAMENTO RD","PELTIER RD",0.00,,Y,A,-,N,,,,,,,,,,Y,2,0,3,2,A,-,01,23152,F,F,D,C,A,A,H,-,C,A,0,,,,,Y,,A,07,3,0,0,0,0,0,0,0,0,"- ","- ",38.189178466796875,-121.29463958740234,"SAN JOAQUIN",UNINCORPORATED,-121.29454040527344,38.189201354980469
90676293,2018,2018-03-06,9265,2018-03-05,1550,019387,,1,2,6,3905,0,1,1,,2,503,"INTERSTATE 5 SOUTHBOUND","DOWNING AVENUE",598.00,S,N,A,-,Y,,,5,,,,,,S,Y,2,0,1,1,A,-,08,22107,,N,F,A,A,A,H,-,A,D,0,,,,,Y,,A,01,1,0,0,0,0,0,0,0,0,"- ","- ",37.911128997802734,-121.28909301757812,"SAN JOAQUIN",STOCKTON,-121.28903961181641,37.911148071289062
90689599,2018,2018-03-26,9265,2018-03-09,0042,020550,,5,3,5,3902,0,1,3,,2,006,"SR-99 N/B","KETTLEMAN LN",1267.00,N,N,A,-,Y,,,99,,,,,,N,Y,2,0,4,2,A,-,03,22350,,N,C,C,A,A,H,-,D,D,0,,,,Y,Y,,A,01,1,1,2,0,0,0,0,0,0,"- ","- ",38.120960235595703,-121.25726318359375,"SAN JOAQUIN",LODI,-121.2572021484375,38.120960235595703
90705913,2018,2018-04-16,9265,2018-04-09,1905,020156,,1,2,9,3900,0,1,3,,2,003,"SR-99 S/B","MYRTLE ST",142.00,N,N,A,-,Y,,,99,,,,,,S,Y,2,0,1,1,A,-,08,22107,,N,E,I,A,A,H,-,B,D,0,,,,,Y,,A,01,1,0,0,0,0,0,0,0,0,"- ","- ",37.964580535888672,-121.24356079101562,"SAN JOAQUIN",UNINCORPORATED,-121.24330902099609,37.964691162109375
90709337,2018,2018-04-19,9265,2018-04-15,1234,019795,,7,1,9,3900,0,2,4,,1,091,"LOWER SACRAMENTO RD","EIGHT MILE RD",1584.00,N,N,A,-,N,,,,,,,,,,Y,2,0,1,2,A,-,03,22350,,N,F,A,A,A,H,-,A,D,0,,,Y,,Y,,C,02,1,0,0,0,0,0,0,0,1,"- ","- ",38.062320709228516,-121.31046295166016,"SAN JOAQUIN",UNINCORPORATED,-121.31057739257812,38.057609558105469
90709537,2018,2018-04-20,9265,2018-04-12,1230,014456,,4,1,9,3900,0,3,5,,2,090,"DEVRIES RD","THORNTON RD",1095.00,N,N,A,-,N,,,,,,,,,,Y,2,0,1,2,A,-,01,23152,A,N,C,C,A,A,H,-,A,D,0,,,,,Y,Y,A,01,1,0,0,0,0,0,0,0,0,"- ","- ",38.078300476074219,-121.35199737548828,"SAN JOAQUIN",UNINCORPORATED,-121.35205841064453,38.077602386474609
90718521,2018,2018-05-02,9265,2018-04-20,0415,018452,,5,3,9,3900,0,3,5,,2,060,"LIBERTY RD","KENNEFICK RD",835.00,E,N,A,-,N,,,,,,,,,,Y,2,0,1,1,A,-,08,22107,,N,E,I,A,A,H,-,D,D,0,,,,,Y,,A,07,1,0,0,0,0,0,0,0,0,"- ","- ",38.233699798583984,-121.24160003662109,"SAN JOAQUIN",UNINCORPORATED,-121.24230194091797,38.233661651611328
90721364,2018,2018-05-07,9265,2018-05-01,0707,018047,,2,1,2,3920,0,1,3,,2,025,"SR-120 W/B FROM GUTHMILLER RD","GUTHMILLER RD",134.00,W,N,B,-,Y,,,120,,,,R,,W,Y,2,0,1,1,A,-,03,22350,,N,E,I,A,B,H,-,A,D,0,,,,,Y,,A,07,1,0,0,0,0,0,0,0,0,"- ","- ",37.789901733398438,-121.28742980957031,"SAN JOAQUIN",LATHROP,-121.28742980957031,37.789901733398438
90732130,2018,2018-05-23,9265,2018-05-01,0825,018694,,2,1,9,3900,0,1,3,,1,016,SR-120,"SEIDNER RD",1056.00,W,N,B,-,Y,,,120,,,,,,,Y,2,0,1,2,A,-,08,22107,,N,A,C,A,A,H,-,A,D,0,,,,,Y,,A,01,1,0,0,0,0,0,0,0,0,"- ","- ",37.793918609619141,-120.95404815673828,"SAN JOAQUIN",UNINCORPORATED,-120.95404815673828,37.793926239013672
90737975,2018,2018-05-31,9265,2018-05-13,0350,019136,,7,3,9,3900,0,3,5,,2,030,"EL DORADO ST","FRENCH CAMP RD",700.00,N,N,A,-,N,,,,,,,,,,N,2,0,1,2,A,-,11,21954,A,F,G,B,E,A,H,-,D,D,0,Y,,,,Y,,N,60,1,0,0,0,1,0,0,0,0,"- ","- ",37.892120361328125,-121.27622985839844,"SAN JOAQUIN",UNINCORPORATED,-121.27622222900391,37.892005920410156
90740921,2018,2018-06-05,9265,2018-05-09,0328,019996,,3,3,9,3900,0,1,3,,1,092,"THRONTON ROAD","TURNER ROAD",0.00,,Y,A,-,N,,,,,,,,,,Y,2,0,1,2,A,-,12,22450,A,N,D,C,A,A,H,-,D,A,0,,,,,Y,,A,01,1,0,0,0,0,0,0,0,0,"- ","- ",39.146011352539062,-121.39804077148438,"SAN JOAQUIN",UNINCORPORATED,-121.39803314208984,38.146011352539062
90742419,2018,2018-06-06,9465,2018-05-27,1429,018767,,7,2,9,3900,0,1,S,,2,067,SR-88,"AMADOR COUNTY LINE",800.00,W,N,A,-,Y,,,88,,,,,,,Y,2,0,1,2,A,-,08,22107,,N,C,C,A,A,H,-,A,D,0,,,Y,,Y,,D,22,1,0,0,0,0,0,0,0,1,"- ","- ",38.273231506347656,-121.01753997802734,"SAN JOAQUIN",UNINCORPORATED,-121.01753997802734,38.273231506347656
90744874,2018,2018-06-11,9265,2018-02-05,1600,019657,,1,2,9,3900,0,3,5,,2,010,"RIVER ROAD","SEXTON ROAD",945.00,E,N,A,-,N,,,,,,,,,,Y,1,1,0,1,A,-,08,22107,,N,E,I,A,A,H,-,A,D,0,,,,,Y,,A,07,0,0,0,0,0,0,0,0,0,"- ","- ",37.755149841308594,-121.02931976318359,"SAN JOAQUIN",UNINCORPORATED,-121.02944183349609,37.755111694335938
9074507,2020,2020-11-04,3906,2020-05-10,0108,1596,TRACY,7,5,5,3906,0,0,0,,0,001,"TRACY BL","4TH ST",59.00,N,N,A,-,N,,,,,,,,,,Y,2,0,1,1,A,-,08,22107,,N,E,J,A,A,H,-,C,D,0,,,,,Y,,A,01,1,0,0,0,0,0,0,0,0,"- ","- ",,,"SAN JOAQUIN",TRACY,-121.43482208251953,37.730171203613281
90747572,2018,2018-06-13,9266,2018-06-05,1105,014808,,2,1,5,3906,0,1,1,,1,015,"I-205 W/B","MACARTHUR DR U/C",1056.00,W,N,A,-,Y,,,205,,,,,,W,Y,2,0,1,3,C,-,18,,,N,B,C,A,A,H,-,A,D,0,,,,,Y,,-,"- ",1,0,0,0,0,0,0,0,0,"- ","- ",37.763561248779297,-121.42076110839844,"SAN JOAQUIN",TRACY,-121.42075347900391,37.763511657714844
90753758,2018,2018-06-22,9265,2018-05-19,0135,020651,,6,3,9,3900,0,2,4,,1,065,"SR-99 E FRONTAGE RD","MOSHER DR",130.00,S,N,A,-,N,,,99,,,,,,,N,1,1,0,2,A,-,11,21954,A,N,G,B,D,A,H,-,D,D,0,Y,,,,Y,Y,N,60,0,0,0,1,0,0,0,0,0,"- ","- ",38.068031311035156,-121.25933837890625,"SAN JOAQUIN",UNINCORPORATED,-121.25960540771484,38.068023681640625