CASE_ID,ACCIDENT_YEAR,PROC_DATE,JURIS,COLLISION_DATE,COLLISION_TIME,OFFICER_ID,REPORTING_DISTRICT,DAY_OF_WEEK,CHP_SHIFT,POPULATION,CNTY_CITY_LOC,SPECIAL_COND,BEAT_TYPE,CHP_BEAT_TYPE,CITY_DIVISION_LAPD,CHP_BEAT_CLASS,BEAT_NUMBER,PRIMARY_RD,SECONDARY_RD,DISTANCE,DIRECTION,INTERSECTION,WEATHER_1,WEATHER_2,STATE_HWY_IND,CALTRANS_COUNTY,CALTRANS_DISTRICT,STATE_ROUTE,ROUTE_SUFFIX,POSTMILE_PREFIX,POSTMILE,LOCATION_TYPE,RAMP_INTERSECTION,SIDE_OF_HWY,TOW_AWAY,COLLISION_SEVERITY,NUMBER_KILLED,NUMBER_INJURED,PARTY_COUNT,PRIMARY_COLL_FACTOR,PCF_CODE_OF_VIOL,PCF_VIOL_CATEGORY,PCF_VIOLATION,PCF_VIOL_SUBSECTION,HIT_AND_RUN,TYPE_OF_COLLISION,MVIW,PED_ACTION,ROAD_SURFACE,ROAD_COND_1,ROAD_COND_2,LIGHTING,CONTROL_DEVICE,CHP_ROAD_TYPE,PEDESTRIAN_ACCIDENT,BICYCLE_ACCIDENT,MOTORCYCLE_ACCIDENT,TRUCK_ACCIDENT,NOT_PRIVATE_PROPERTY,ALCOHOL_INVOLVED,STWD_VEHTYPE_AT_FAULT,CHP_VEHTYPE_AT_FAULT,COUNT_SEVERE_INJ,COUNT_VISIBLE_INJ,COUNT_COMPLAINT_PAIN,COUNT_PED_KILLED,COUNT_PED_INJURED,COUNT_BICYCLIST_KILLED,COUNT_BICYCLIST_INJURED,COUNT_MC_KILLED,COUNT_MC_INJURED,PRIMARY_RAMP,SECONDARY_RAMP,LATITUDE,LONGITUDE,COUNTY,CITY,POINT_X,POINT_Y
90755046,2018,2018-06-25,9265,2018-05-17,2103,019666,,4,2,9,3900,0,1,3,,2,004,"SR-99 N/B","SR-99 FRONTAGE RD O/C",270.00,N,N,A,-,Y,,,99,,,,,,N,Y,2,0,1,2,A,-,01,23152,A,N,C,C,A,A,H,-,D,D,0,,,Y,,Y,Y,C,02,1,0,0,0,0,0,0,0,1,"- ","- ",38.007228851318359,-121.25787353515625,"SAN JOAQUIN",UNINCORPORATED,-121.25784301757812,38.007228851318359
90770198,2018,2018-07-16,9265,2018-07-04,2045,019795,,3,2,9,3900,0,2,4,,1,091,"LOWER SACRAMENTO RD","EIGHT MILE RD",3696.00,N,N,A,-,N,,,,,,,,,,Y,2,0,1,1,C,-,18,,,N,H,H,A,A,H,-,D,D,0,,,Y,,Y,,-,"- ",1,0,0,0,0,0,0,0,1,"- ","- ",38.06787109375,-121.31047058105469,"SAN JOAQUIN",UNINCORPORATED,-121.31057739257812,38.057609558105469
90773691,2018,2018-07-20,9266,2018-07-03,1830,015969,,2,2,9,3900,0,1,3,,1,026,SR-132,SR-33,944.00,W,N,A,-,Y,,,132,,,,,,,Y,2,0,1,2,A,-,06,21751,,N,A,C,A,A,H,-,A,D,0,,,,Y,Y,,A,01,1,0,0,0,0,0,0,0,0,"- ","- ",37.637989044189453,-121.29953765869141,"SAN JOAQUIN",UNINCORPORATED,-121.29953765869141,37.638008117675781
90774741,2018,2018-07-23,9265,2018-06-19,1730,020539,,2,2,9,3900,0,1,3,,1,061,"SR-26 W/B","MARKET ST",285.00,E,N,A,-,Y,,,26,,,,,,W,N,2,0,1,3,A,-,08,22107,,N,G,B,F,A,H,-,A,D,0,Y,,,,Y,,A,07,1,0,0,0,1,0,0,0,0,"- ","- ",38.021980285644531,-121.08139038085938,"SAN JOAQUIN",UNINCORPORATED,-121.08136749267578,38.021900177001953
90781821,2018,2018-08-01,9265,2018-07-17,1705,019996,,2,2,6,3905,0,1,1,,2,504,"I-5 NB","HAMMER LANE",2000.00,S,N,A,-,Y,,,5,,,,,,N,Y,2,0,1,3,A,-,01,23152,G,F,C,C,A,A,H,-,A,D,0,,,,Y,Y,Y,A,01,1,0,0,0,0,0,0,0,0,"- ","- ",38.016040802001953,-121.35607147216797,"SAN JOAQUIN",STOCKTON,-121.35603332519531,38.016059875488281
90783663,2018,2018-08-03,9265,2018-06-29,1654,013238,,5,2,9,3900,0,2,S,,2,700,"CORTEZ AVE","DEANZA AVE.",60.00,E,N,A,-,N,,,,,,,,,,Y,2,0,1,1,A,-,08,22107,,N,E,I,A,A,H,-,A,D,0,,,,,Y,,A,01,1,0,0,0,0,0,0,0,0,"- ","- ",38.02703857421875,-121.33078765869141,"SAN JOAQUIN",UNINCORPORATED,-121.33118438720703,38.026828765869141
90787525,2018,2018-08-09,9265,2018-08-01,1510,018289,,3,2,9,3900,0,3,5,,2,060,"DUNCAN ROAD","COMSTOCK ROAD",1215.00,N,N,A,-,N,,,,,,,,,,Y,2,0,3,1,A,-,01,23152,A,N,E,I,A,A,H,-,A,D,0,,,,,Y,Y,A,07,1,2,0,0,0,0,0,0,0,"- ","- ",38.055431365966797,-121.09660339355469,"SAN JOAQUIN",UNINCORPORATED,-121.09621429443359,38.048187255859375
90788589,2018,2018-08-31,9265,2018-08-04,1305,017123,,6,1,9,3900,0,3,5,,2,060,"SOWLES RD","COLLIER RD",0.00,,Y,A,-,N,,,,,,,,,,Y,2,0,3,2,A,-,09,21802,A,N,D,C,A,A,H,-,A,A,0,,,,,Y,,A,07,1,0,2,0,0,0,0,0,0,"- ","- ",38.218681335449219,-121.18946075439453,"SAN JOAQUIN",UNINCORPORATED,-121.18963623046875,38.218769073486328
90801626,2018,2018-08-30,9265,2018-06-13,2138,019336,,3,2,9,3900,0,3,5,,2,010,"SR-99 E FRONTAGE RD","OLIVE AVE",1954.00,N,N,A,-,N,,,,,,,,,,Y,1,1,0,2,A,-,11,21954,A,N,G,B,E,A,H,-,D,D,0,Y,,,,Y,,N,60,0,0,0,1,0,0,0,0,0,"- ","- ",37.454948425292969,-121.94255065917969,"SAN JOAQUIN",UNINCORPORATED,-121.16184234619141,37.763755798339844
90805574,2018,2018-09-05,9265,2018-08-24,0938,017123,,5,1,9,3900,0,2,4,,1,082,"MICHIGAN AVE","PLYMOUTH RD",16.00,E,N,A,-,N,,,,,,,,,,Y,2,0,1,2,A,-,03,22350,,N,C,C,A,A,H,-,A,D,0,,,Y,,Y,,A,01,1,0,0,0,0,0,0,0,1,"- ","- ",37.967498779296875,-121.33579254150391,"SAN JOAQUIN",UNINCORPORATED,-121.33601379394531,37.967472076416016
90810312,2018,2018-09-11,9265,2018-08-19,1737,018452,,7,2,9,3900,0,3,5,,2,060,"ATKINSON RD","HIBBARD RD",205.00,E,N,A,-,N,,,,,,,,,,N,2,0,1,1,A,-,08,22107,,N,F,A,A,A,H,-,A,D,0,,,Y,,Y,,C,02,1,0,0,0,0,0,0,0,1,"- ","- ",38.091148376464844,-121.16613006591797,"SAN JOAQUIN",UNINCORPORATED,-121.16603851318359,38.091152191162109
90811508,2018,2018-09-12,9265,2018-08-31,1433,020313,,5,2,6,3905,0,3,5,,2,050,"WASHINGTON STREET","WAGNER AVENUE",0.00,,Y,A,-,N,,,,,,,,,,Y,2,0,3,2,A,-,09,21802,A,N,D,C,A,A,H,-,A,D,0,,,,,Y,,A,01,1,0,2,0,0,0,0,0,0,"- ","- ",37.964359283447266,-121.23101806640625,"SAN JOAQUIN",STOCKTON,-121.23114013671875,37.964248657226562
90818708,2018,2018-09-21,9265,2018-08-21,0705,015756,,2,1,9,3900,0,1,3,,1,013,SR-4,"WAVERLY RD",1373.00,E,N,A,-,Y,,,4,,,,,,,Y,2,0,2,2,A,-,05,21650,,N,A,C,A,A,H,-,A,D,0,,,,,Y,,A,01,2,0,0,0,0,0,0,0,0,"- ","- ",37.944900512695312,-120.93984985351562,"SAN JOAQUIN",UNINCORPORATED,-120.93984222412109,37.944847106933594
90831272,2018,2018-10-08,9266,2018-09-07,2222,020083,,5,3,9,3900,0,1,1,,1,015,"I-205 W/B","PARADISE ROAD",550.00,E,N,A,-,Y,,,,,,,,,,Y,2,0,6,3,A,-,03,22350,,F,C,C,A,A,H,-,D,D,0,,,,,Y,,A,01,1,2,3,0,0,0,0,0,0,"- ","- ",37.376510620117188,-121.39057922363281,"SAN JOAQUIN",UNINCORPORATED,-121.38604736328125,37.765033721923828
90838951,2018,2018-10-18,9265,2018-10-07,0851,017123,,7,1,9,3900,0,1,3,,1,063,"SR-12 (VICTOR ROAD)","TECKLENBERG RD",400.00,W,N,A,-,Y,,,12,,,,,,,Y,2,0,1,2,A,-,03,22350,,N,D,C,A,A,H,-,A,D,0,,,Y,,Y,,C,02,1,0,0,0,0,0,0,0,1,"- ","- ",38.137420654296875,-121.23325347900391,"SAN JOAQUIN",UNINCORPORATED,-121.23325347900391,38.137702941894531
90841728,2018,2018-10-22,9265,2018-04-01,1450,019489,,7,2,9,3900,0,1,3,,2,004,"SR-99 S/B","WILSON WAY",319.00,S,N,A,-,Y,,,99,,,,,,S,Y,1,1,0,1,A,-,01,23152,G,N,F,A,A,A,H,-,A,D,0,,,Y,,Y,Y,C,02,0,0,0,0,0,0,0,1,0,"- ","- ",38.002548217773438,-121.25724029541016,"SAN JOAQUIN",UNINCORPORATED,-121.2572021484375,38.002571105957031
90844916,2018,2018-10-25,9266,2018-10-08,0515,013650,,1,3,9,3900,0,1,3,,1,026,SR-132,"BIRD ROAD",2025.00,E,N,A,-,Y,,,132,,,,,,,Y,1,1,0,2,A,-,03,22350,,N,C,C,A,A,D,-,D,D,0,,,,,Y,,D,22,0,0,0,0,0,0,0,0,0,"- ","- ",37.637908935546875,-121.35398101806641,"SAN JOAQUIN",UNINCORPORATED,-121.35398101806641,37.637908935546875
90848694,2018,2018-12-06,9266,2018-10-27,0715,018217,,6,1,9,3900,0,1,3,,1,026,"SR-132 E/B","KOSTER ROAD",1480.00,W,N,A,-,Y,,,132,,,,,,E,Y,1,1,0,1,A,-,08,22107,,N,E,I,A,A,H,-,A,D,0,,,,,Y,,A,07,0,0,0,0,0,0,0,0,0,"- ","- ",37.637809753417969,-121.32879638671875,"SAN JOAQUIN",UNINCORPORATED,-121.32880401611328,37.637886047363281
90879421,2018,2018-12-10,9265,2018-11-30,0945,017989,,5,1,9,3900,0,2,4,,1,031,"FRENCH CAMP RD","S. PONDEROSA ST",72.00,E,N,A,-,N,,,,,,,,,,Y,2,0,1,2,A,-,03,22350,,N,C,C,A,A,H,-,A,D,0,,,,,Y,,A,01,1,0,0,0,0,0,0,0,0,"- ","- ",37.882678985595703,-121.26889038085938,"SAN JOAQUIN",UNINCORPORATED,-121.26890563964844,37.882656097412109
90910057,2018,2019-01-23,9265,2018-12-10,2500,019182,,1,4,6,3905,0,1,3,,1,042,"I-5 S/B TO NAVY DR","I-5 N/B",730.00,W,N,A,-,Y,,,5,,,,R,,S,Y,1,1,0,1,A,-,01,23152,G,N,E,I,A,A,H,-,D,D,0,,,,,Y,Y,A,01,0,0,0,0,0,0,0,0,0,"- ","- ",37.948108673095703,-121.30496978759766,"SAN JOAQUIN",STOCKTON,-121.30496978759766,37.948108673095703
90914119,2019,2019-01-31,9265,2019-01-16,1520,019139,,3,2,4,3903,0,1,3,,2,025,"SR-120 E/B","VAN RYN AVE.",914.00,W,N,C,-,Y,,,120,,,,,,E,Y,2,0,2,2,A,-,03,22350,,N,C,C,A,B,H,-,B,D,0,,,,Y,Y,,G,26,1,1,0,0,0,0,0,0,0,"- ","- ",37.783180236816406,-121.20449829101562,"SAN JOAQUIN",MANTECA,-121.20449829101562,37.783206939697266
90916033,2019,2019-09-30,9266,2019-01-21,1645,018711,,1,2,9,3900,0,2,4,,2,020,"KASSON ROAD","LORENZEN RD",337.00,S,N,A,-,N,,,,,,,,,,Y,1,1,0,1,A,-,01,23152,A,N,F,A,A,A,H,-,A,A,0,,,,,Y,Y,D,22,0,0,0,0,0,0,0,0,0,"- ","- ",37.724071502685547,-121.32492828369141,"SAN JOAQUIN",UNINCORPORATED,-121.32499694824219,37.724143981933594
90917929,2019,2019-02-04,9265,2019-01-26,0928,017123,,6,1,6,3905,0,1,1,,2,503,"I-5 N/B","DOWNING AVE",2640.00,N,N,B,-,Y,,,5,,,,,,N,Y,2,0,1,1,A,-,08,22107,,N,F,A,A,A,H,-,A,D,0,,,,,Y,,D,22,1,0,0,0,0,0,0,0,0,"- ","- ",37.919998168945312,-121.29190826416016,"SAN JOAQUIN",STOCKTON,-121.29189300537109,37.920005798339844
90921845,2019,2019-02-08,9265,2019-02-01,1740,020260,,5,2,9,3900,0,3,5,,2,060,"LIBERTY ROAD","SR-99 EAST FRONTAGE ROAD",0.00,,Y,B,C,N,,,,,,,,,,Y,2,0,1,2,A,-,09,21801,A,N,A,C,A,B,H,-,D,D,0,,,,,Y,,D,22,1,0,0,0,0,0,0,0,0,"- ","- ",38.135910034179688,-121.13742065429688,"SAN JOAQUIN",UNINCORPORATED,-121.28170776367188,38.233528137207031
90925890,2019,2019-02-13,9265,2019-02-02,0900,018694,,6,1,9,3900,0,3,5,,2,010,"E. RIVER ROAD","N. RIPON ROAD",1584.00,E,N,B,-,N,,,,,,,,,,Y,2,0,3,2,A,-,08,22107,,N,A,C,A,B,H,-,A,D,0,,,,,Y,,D,22,1,2,0,0,0,0,0,0,0,"- ","- ",37.76123046875,-121.11849975585938,"SAN JOAQUIN",UNINCORPORATED,-121.11937713623047,37.761241912841797
90940684,2019,2019-03-06,9265,2019-02-25,0001,019307,,1,3,9,3900,0,1,1,,2,505,"I-5 N/B","BARBER ROAD",500.00,N,N,A,-,Y,,,5,,,,,,N,Y,2,0,1,2,A,-,01,23152,A,N,C,C,A,A,H,-,D,D,0,,,,,Y,Y,A,01,1,0,0,0,0,0,0,0,0,"- ","- ",38.247928619384766,-121.44502258300781,"SAN JOAQUIN",UNINCORPORATED,-121.44504547119141,38.247920989990234
90941770,2019,2019-03-07,9265,2019-02-24,1550,018850,,7,2,9,3900,0,3,5,,2,010,"HEWITT RD","FINE RD",215.00,S,N,A,-,N,,,,,,,,,,Y,2,0,3,1,A,-,01,23152,A,N,E,I,A,A,H,-,A,D,0,,,,,Y,Y,A,01,1,1,1,0,0,0,0,0,0,"- ","- ",37.979351043701172,-121.04815673828125,"SAN JOAQUIN",UNINCORPORATED,-121.04815673828125,37.979373931884766
90953287,2019,2019-03-26,9265,2019-03-09,1748,019413,,6,2,9,3900,0,1,3,,1,092,SR-12,"PEATLAND RD",120.00,W,N,B,C,Y,,,12,,,,,,,Y,2,0,2,2,A,-,05,21460,C,N,A,C,A,B,H,-,D,D,0,,,,,Y,,A,01,1,1,0,0,0,0,0,0,0,"- ","- ",38.115409851074219,-121.45649719238281,"SAN JOAQUIN",UNINCORPORATED,-121.45649719238281,38.115409851074219
90953699,2019,2019-03-28,9265,2019-03-17,0920,019336,,7,1,9,3900,0,1,1,,2,505,I-5,SR-112,982.00,S,N,A,-,Y,,,,,,,,,,Y,2,0,1,1,A,-,08,22107,,N,F,A,A,A,H,-,A,D,0,,,Y,,Y,,C,02,1,0,0,0,0,0,0,0,1,"- ","- ",38.648788452148438,-121.23500823974609,"SAN JOAQUIN",UNINCORPORATED,,
90953796,2019,2019-03-26,9265,2019-03-18,2335,018511,,1,3,9,3900,0,1,3,,2,004,"SR-99 N/B","HWY 99 E. FRONTAGE ROAD",633.00,S,N,A,-,Y,,,99,,,,,,N,N,2,0,1,2,A,-,05,21202,A,N,C,G,A,A,H,-,D,A,0,,Y,,,Y,Y,L,04,1,0,0,0,0,0,1,0,0,"- ","- ",38.004798889160156,-121.25739288330078,"SAN JOAQUIN",UNINCORPORATED,-121.25754547119141,38.004768371582031
90959160,2019,2019-04-02,9266,2019-03-13,0645,013866,,3,1,9,3900,0,2,4,,1,016,"11TH ST.","CABE RD.",55.00,E,N,A,-,N,,,,,,,,,,Y,2,0,1,2,A,-,09,21804,A,N,D,C,A,A,H,-,B,D,0,,,,Y,Y,,G,25,1,0,0,0,0,0,0,0,0,"- ","- ",37.739799499511719,-121.40347290039062,"SAN JOAQUIN",UNINCORPORATED,-121.40365600585938,37.739700317382812
90982310,2019,2019-05-06,9265,2019-01-18,1757,018289,,5,2,9,3900,0,2,4,,1,053,"WILSON WAY","STEWART STREET",200.00,S,N,B,-,N,,,,,,,,,,Y,1,1,1,2,A,-,01,23152,A,N,D,G,A,A,H,-,C,D,0,,Y,,,Y,Y,D,22,0,1,0,0,0,1,0,0,0,"- ","- ",37.979110717773438,-121.27365112304688,"SAN JOAQUIN",UNINCORPORATED,-121.27361297607422,37.979179382324219
91002827,2019,2019-06-04,9265,2019-05-23,2142,020156,,4,2,9,3900,0,2,4,,1,082,"COUNTRY CLUB BLVD","MARINE AVE",300.00,W,N,A,-,N,,,,,,,,,,Y,2,0,2,2,A,-,08,22107,,N,D,C,A,A,H,-,D,D,0,,,,,Y,,A,01,1,0,1,0,0,0,0,0,0,"- ","- ",37.966510772705078,-121.32659912109375,"SAN JOAQUIN",UNINCORPORATED,-121.32705688476562,37.966464996337891
91007614,2019,2019-06-11,9265,2019-05-22,2025,019139,,3,2,9,3900,0,1,3,,2,001,"SR-99 S/B","JACK TONE RD",1745.00,N,N,A,-,Y,,,,,,,,,,Y,2,0,1,2,A,-,07,21658,A,N,B,C,A,A,H,-,D,D,0,,,Y,,Y,,C,02,1,0,0,0,0,0,0,0,1,"- ","- ",37.451900482177734,-121.85211944580078,"SAN JOAQUIN",UNINCORPORATED,-121.14222717285156,37.753009796142578
9101089,2020,2020-11-06,3905,2020-05-02,0013,2894,SEA,6,5,6,3905,0,0,0,,0,,"LINCOLN ST","ANDERSON ST",50.00,S,N,A,-,N,,,,,,,,,,N,2,0,1,2,A,-,11,21954,A,N,G,B,D,A,H,-,C,D,0,Y,,,,Y,Y,N,60,1,0,0,0,1,0,0,0,0,"- ","- ",37.941520690917969,-121.29501342773438,"SAN JOAQUIN",STOCKTON,-121.29488372802734,37.941333770751953
91046589,2019,2019-08-06,9266,2019-07-23,1038,015029,,2,1,9,3900,0,1,1,,2,024,"I-5 S/B","11TH STREET O/C",220.00,S,N,A,-,Y,,,5,,,,,,S,Y,2,0,3,1,A,-,08,22107,,N,F,A,A,A,H,-,A,D,0,,,,,Y,,A,01,1,0,2,0,0,0,0,0,0,"- ","- ",37.757701873779297,-121.34339904785156,"SAN JOAQUIN",UNINCORPORATED,-121.34336090087891,37.757682800292969
91055141,2019,2019-08-20,9265,2019-08-07,2035,020156,,3,2,9,3900,0,3,5,,2,060,"ACAMPO RD","TRETHEWAY RD",2640.00,E,N,A,-,N,,,,,,,,,,Y,2,0,3,1,A,-,03,22350,,N,F,A,A,A,H,-,A,D,0,,,,,Y,,A,07,2,1,0,0,0,0,0,0,0,"- ","- ",38.177829742431641,-121.16986846923828,"SAN JOAQUIN",UNINCORPORATED,-121.17002868652344,38.177749633789062
91059013,2019,2019-08-26,9266,2019-08-11,1147,019012,,7,1,9,3900,0,1,1,,2,014,"I-205 W/B","MOUNTAIN HOUSE PKWY",500.00,W,N,A,-,Y,,,205,,,,,,W,Y,2,0,1,2,A,-,03,22350,,N,C,C,A,A,H,-,A,D,0,,,Y,,Y,,C,02,1,0,0,0,0,0,0,0,1,"- ","- ",37.742900848388672,-121.53639984130859,"SAN JOAQUIN",UNINCORPORATED,-121.53639984130859,37.742893218994141
91061000,2019,2019-08-28,9265,2019-08-19,0015,021163,,1,3,9,3900,0,1,1,,2,502,"I-5 N/B","LOUISE AVE",155.00,N,N,A,-,Y,,,,,,,,,,Y,2,0,1,2,A,-,01,23152,A,N,C,C,A,A,H,-,D,D,0,,,Y,,Y,Y,C,02,1,0,0,0,0,0,0,0,1,"- ","- ",37.812160491943359,-121.29528045654297,"SAN JOAQUIN",UNINCORPORATED,-121.29527282714844,37.812240600585938
91067345,2019,2019-09-04,9265,2019-08-25,1610,018850,,7,2,9,3900,0,3,5,,2,010,SR-26,"SHELLY RD",5280.00,W,N,A,-,Y,,,26,,,,,,,Y,2,0,1,1,A,-,08,22107,,N,F,A,A,A,H,-,A,D,0,,,Y,,Y,,C,02,1,0,0,0,0,0,0,0,1,"- ","- ",38.075531005859375,-120.98004150390625,"SAN JOAQUIN",UNINCORPORATED,-120.98005676269531,38.075542449951172
91068247,2019,2020-01-06,9266,2019-08-26,1640,019532,,1,2,9,3900,0,1,3,,1,026,"SR-132 E/B",SR-33,4224.00,W,N,A,-,Y,,,132,,,,,,E,Y,2,0,1,2,A,-,06,21750,,N,B,D,A,A,H,-,A,D,0,,,Y,,Y,,C,02,1,0,0,0,0,0,0,0,1,"- ","- ",37.6380615234375,-121.31275177001953,"SAN JOAQUIN",UNINCORPORATED,-121.31275177001953,37.637977600097656
91069324,2019,2019-09-06,9265,2019-08-28,0803,018694,,3,1,4,3903,0,1,3,,2,025,"SR-120 E/B","MAIN STREET",408.00,W,N,A,-,Y,,,120,,,,,,E,Y,2,0,2,5,A,-,03,22350,,N,C,C,A,A,H,-,A,D,0,,,,Y,Y,,G,27,1,0,1,0,0,0,0,0,0,"- ","- ",37.783191680908203,-121.21730804443359,"SAN JOAQUIN",MANTECA,-121.21730804443359,37.783203125
91070346,2019,2019-09-09,9266,2019-08-27,0540,013866,,2,3,9,3900,0,1,1,,2,021,"I-580 W/B",SR-132,214.00,E,N,A,-,Y,,,580,,,,,,W,Y,2,0,5,2,A,-,03,22350,,N,C,C,A,A,H,-,D,D,0,,,,,Y,,A,01,2,3,0,0,0,0,0,0,0,"- ","- ",37.638519287109375,-121.40132904052734,"SAN JOAQUIN",UNINCORPORATED,-121.40132141113281,37.638530731201172
91073738,2019,2019-09-12,9265,2019-08-05,0115,020513,,1,3,6,3905,0,1,1,,2,503,"I-5 N/B","CHARTER WAY",1600.00,S,N,A,-,Y,,,5,,,,,,N,Y,1,1,2,1,A,-,01,23152,F,N,E,I,A,A,H,-,D,D,0,,,,,Y,,A,01,0,0,2,0,0,0,0,0,0,"- ","- ",37.932849884033203,-121.29635620117188,"SAN JOAQUIN",STOCKTON,-121.29652404785156,37.932788848876953
91089989,2019,2019-10-03,9265,2019-08-02,0720,015490,,5,1,5,3902,0,1,3,,2,006,"SR-99 S/B","KETTLEMAN LN",528.00,S,N,A,-,Y,,,99,,,,,,S,Y,1,2,0,1,A,-,08,22107,,N,B,I,A,A,H,-,A,D,0,,,,,Y,,A,01,0,0,0,0,0,0,0,0,0,"- ","- ",38.113231658935547,-121.25875854492188,"SAN JOAQUIN",LODI,-121.25868225097656,38.113212585449219
91096526,2019,2019-10-14,9265,2019-09-26,0028,021540,,4,3,9,3900,0,2,4,,1,053,"WILSON WAY","ALPINE AVE",950.00,N,N,A,-,N,,,,,,,,,,Y,2,0,1,1,A,-,01,23152,A,N,E,J,A,A,H,-,D,D,0,,,,,Y,Y,A,01,1,0,0,0,0,0,0,0,0,"- ","- ",37.990310668945312,-121.26743316650391,"SAN JOAQUIN",UNINCORPORATED,-121.26744842529297,37.990200042724609
91098700,2019,2019-10-16,9265,2019-10-06,0815,018694,,7,1,4,3903,0,1,3,,2,001,"SR-99 N/B","AUSTIN ROAD",2112.00,N,N,A,-,Y,,,99,,,,,,N,Y,2,0,1,2,A,-,03,22350,,N,C,C,A,A,H,-,A,D,0,,,Y,,Y,,C,02,1,0,0,0,0,0,0,0,1,"- ","- ",37.778560638427734,-121.18412780761719,"SAN JOAQUIN",MANTECA,-121.18413543701172,37.778553009033203
91099859,2019,2019-10-17,9265,2019-10-03,1100,017989,,4,1,9,3900,0,1,1,,2,505,"I-5 NORTHBOUND","WALNUT GROVE RD",2112.00,N,N,A,-,Y,,,5,,,,,,N,Y,2,0,1,1,A,-,08,22107,,N,E,I,A,A,H,-,A,D,0,,,,,Y,,D,22,1,0,0,0,0,0,0,0,0,"- ","- ",38.231990814208984,-121.43470764160156,"SAN JOAQUIN",UNINCORPORATED,-121.43476867675781,38.231948852539062
91099871,2019,2019-10-17,9265,2019-09-27,0600,015756,,5,1,6,3905,0,1,3,,2,003,"SR-99 S/B","ARCH RD",745.00,N,N,A,-,Y,,,99,,,,,,S,Y,2,0,1,3,A,-,08,22107,,N,B,C,A,A,H,-,B,D,0,,,,Y,Y,,D,22,1,0,0,0,0,0,0,0,0,"- ","- ",37.907371520996094,-121.22415161132812,"SAN JOAQUIN",STOCKTON,-121.22407531738281,37.907398223876953
91101340,2019,2019-10-21,9265,2019-10-04,1345,021246,,5,1,6,3905,0,1,1,,2,503,"I-5 S/B","MONTE DIABLO AVE.",375.00,N,N,A,-,Y,,,5,,,,,,S,Y,2,0,1,2,A,-,08,22107,,N,B,C,A,A,H,-,A,D,0,,,,Y,Y,,G,25,1,0,0,0,0,0,0,0,0,"- ","- ",37.957790374755859,-121.33103179931641,"SAN JOAQUIN",STOCKTON,-121.33100891113281,37.957820892333984
91104940,2019,2019-10-24,9265,2019-09-17,1648,019489,,2,2,9,3900,0,1,3,,1,061,SR-26,"WALL ROAD",160.00,W,N,A,-,Y,,,26,,,,,,,Y,2,0,4,3,A,-,03,22350,,F,C,C,A,A,H,-,A,D,0,,,,,Y,,-,99,1,3,0,0,0,0,0,0,0,"- ","- ",38.024490356445312,-121.07327270507812,"SAN JOAQUIN",UNINCORPORATED,-121.07327270507812,38.024490356445312
91106986,2019,2019-10-25,9265,2019-10-17,2330,019341,,4,3,9,3900,0,1,3,,2,006,"SR-99 S/B TO KETTLEMAN LN. OFF RAMP","KETTLEMAN LN",533.00,N,N,A,-,Y,,,99,,,,R,,S,Y,2,0,2,2,A,-,01,23152,A,N,C,C,A,A,H,-,D,D,0,,,,Y,Y,Y,A,07,1,0,1,0,0,0,0,0,0,"- ","- ",38.117790222167969,-121.25791931152344,"SAN JOAQUIN",UNINCORPORATED,-121.25791931152344,38.117790222167969
91111555,2019,2019-11-01,9265,2019-10-22,0647,017405,,2,1,9,3900,0,1,1,,2,502,"I-5 S/B","FRENCH CAMP RD.",740.00,S,N,A,-,Y,,,5,,,,,,S,Y,2,0,2,2,A,-,03,22350,,N,C,C,A,A,H,-,A,D,0,,,,,Y,,A,07,1,0,1,0,0,0,0,0,0,"- ","- ",37.89501953125,-121.28318786621094,"SAN JOAQUIN",UNINCORPORATED,-121.28321838378906,37.895008087158203
91124887,2019,2019-11-20,9265,2019-11-09,1407,021246,,6,2,9,3900,0,3,5,,2,080,"N. RYDE AVE.","W. ALPINE AVE.",0.00,,Y,A,-,N,,,,,,,,,,Y,2,0,1,2,A,-,12,21453,A,N,D,C,A,A,H,-,A,A,0,,,Y,,Y,,A,01,1,0,0,0,0,0,0,0,1,"- ","- ",37.970199584960938,-121.33824920654297,"SAN JOAQUIN",UNINCORPORATED,-121.33831024169922,37.970268249511719
91130204,2019,2019-12-13,9266,2019-11-10,1710,021975,,7,2,9,3900,0,3,5,,2,001,"FINCK ROAD","TRACY BLVD",2720.00,W,N,A,-,N,,,,,,,,,,N,1,1,0,1,A,-,01,23152,G,N,F,A,A,A,H,-,B,D,0,,,Y,,Y,Y,C,02,0,0,0,0,0,0,0,1,0,"- ","- ",37.806148529052734,-121.45961761474609,"SAN JOAQUIN",UNINCORPORATED,-121.45893859863281,37.806304931640625