CASE_ID,ACCIDENT_YEAR,PROC_DATE,JURIS,COLLISION_DATE,COLLISION_TIME,OFFICER_ID,REPORTING_DISTRICT,DAY_OF_WEEK,CHP_SHIFT,POPULATION,CNTY_CITY_LOC,SPECIAL_COND,BEAT_TYPE,CHP_BEAT_TYPE,CITY_DIVISION_LAPD,CHP_BEAT_CLASS,BEAT_NUMBER,PRIMARY_RD,SECONDARY_RD,DISTANCE,DIRECTION,INTERSECTION,WEATHER_1,WEATHER_2,STATE_HWY_IND,CALTRANS_COUNTY,CALTRANS_DISTRICT,STATE_ROUTE,ROUTE_SUFFIX,POSTMILE_PREFIX,POSTMILE,LOCATION_TYPE,RAMP_INTERSECTION,SIDE_OF_HWY,TOW_AWAY,COLLISION_SEVERITY,NUMBER_KILLED,NUMBER_INJURED,PARTY_COUNT,PRIMARY_COLL_FACTOR,PCF_CODE_OF_VIOL,PCF_VIOL_CATEGORY,PCF_VIOLATION,PCF_VIOL_SUBSECTION,HIT_AND_RUN,TYPE_OF_COLLISION,MVIW,PED_ACTION,ROAD_SURFACE,ROAD_COND_1,ROAD_COND_2,LIGHTING,CONTROL_DEVICE,CHP_ROAD_TYPE,PEDESTRIAN_ACCIDENT,BICYCLE_ACCIDENT,MOTORCYCLE_ACCIDENT,TRUCK_ACCIDENT,NOT_PRIVATE_PROPERTY,ALCOHOL_INVOLVED,STWD_VEHTYPE_AT_FAULT,CHP_VEHTYPE_AT_FAULT,COUNT_SEVERE_INJ,COUNT_VISIBLE_INJ,COUNT_COMPLAINT_PAIN,COUNT_PED_KILLED,COUNT_PED_INJURED,COUNT_BICYCLIST_KILLED,COUNT_BICYCLIST_INJURED,COUNT_MC_KILLED,COUNT_MC_INJURED,PRIMARY_RAMP,SECONDARY_RAMP,LATITUDE,LONGITUDE,COUNTY,CITY,POINT_X,POINT_Y
91134363,2019,2019-12-03,9265,2019-11-18,0605,022365,,1,1,9,3900,0,3,5,,2,060,"FRONT ST.","DUNCAN RD",540.00,E,N,A,-,Y,,,,,,,,,,N,2,0,1,2,A,-,11,21954,A,N,G,B,E,A,H,-,B,D,0,Y,,,,Y,,N,60,1,0,0,0,1,0,0,0,0,"- ","- ",38.021221160888672,-121.09368133544922,"SAN JOAQUIN",UNINCORPORATED,-121.09379577636719,38.021186828613281
91141764,2019,2019-12-12,9265,2019-12-02,0256,018511,,1,3,9,3900,0,2,4,,1,091,"WEST LN","ARMSTRONG RD",1445.00,N,N,B,C,N,,,,,,,,,,Y,2,0,1,1,A,-,01,23152,A,N,E,I,A,B,H,-,D,D,0,,,,,Y,Y,A,01,1,0,0,0,0,0,0,0,0,"- ","- ",38.090511322021484,-121.27857208251953,"SAN JOAQUIN",UNINCORPORATED,-121.27867889404297,38.090427398681641
91156128,2019,2019-12-31,9266,2019-11-14,1550,018888,,4,2,9,3900,0,2,4,,2,029,"VALPICO ROAD","WILKINSON WAY",1478.00,W,N,B,-,N,,,,,,,,,,Y,1,1,4,2,A,-,08,22107,,N,A,C,A,A,H,-,B,D,0,,,,,Y,,A,01,4,0,0,0,0,0,0,0,0,"- ","- ",37.710529327392578,-121.46148681640625,"SAN JOAQUIN",UNINCORPORATED,-121.46328735351562,37.710563659667969
91163002,2019,2020-01-10,9265,2019-12-31,1343,013515,,2,1,9,3900,0,3,5,,2,090,"STATE ROUTE 99 W. FRONTAGE ROAD","JAHANT ROAD",1584.00,N,N,A,-,N,,,99,,,,,,,Y,2,0,1,1,A,-,08,22107,,N,E,I,A,A,H,-,A,D,0,,,,,Y,Y,A,07,1,0,0,0,0,0,0,0,0,"- ","- ",38.209270477294922,-121.26512145996094,"SAN JOAQUIN",UNINCORPORATED,-121.26502990722656,38.209323883056641
91167738,2019,2020-01-17,9265,2019-09-19,0448,021401,,4,3,9,3900,0,2,4,,1,023,"PERRIN RD","UNION RD",0.00,,Y,A,-,N,,,,,,,,,,Y,1,1,1,2,A,-,12,22450,A,N,D,C,A,A,H,-,D,A,0,,,,Y,Y,,G,25,0,0,1,0,0,0,0,0,0,"- ","- ",37.724891662597656,-121.23374176025391,"SAN JOAQUIN",UNINCORPORATED,-121.23371124267578,37.724880218505859
91175935,2020,2020-01-29,9265,2020-01-18,0332,022356,,6,3,9,3900,0,1,3,,2,003,"SR-99 N/B","SR-4 (GOLDEN GATE AVE)",1584.00,N,N,E,-,Y,,,99,,,,,,N,Y,2,0,1,1,A,-,08,22107,,N,E,I,A,A,H,-,D,D,0,,,,,Y,,D,22,1,0,0,0,0,0,0,0,0,"- ","- ",37.948509216308594,-121.23654937744141,"SAN JOAQUIN",UNINCORPORATED,-121.23667907714844,37.948455810546875
9117688,2020,2020-08-27,3905,2020-05-21,2333,2891,,4,5,6,3905,0,0,0,,0,,"ROSE MARIE LN","PRECISSI LN",160.00,W,N,A,-,N,,,,,,,,,,N,2,0,1,2,A,-,03,22350,,F,G,B,D,A,H,-,C,D,0,Y,,,,Y,,-,99,1,0,0,0,1,0,0,0,0,"- ","- ",37.988269805908203,-121.31434631347656,"SAN JOAQUIN",STOCKTON,-121.31528472900391,37.987960815429688
9118306,2020,2020-09-03,3905,2020-06-08,0015,3039,,1,5,6,3905,0,0,0,,0,,"FRESNO AV","CHARTER WY",0.00,,Y,A,-,N,,,,,,,,,,N,2,0,3,2,A,-,08,22105,,F,A,C,A,A,H,-,C,A,0,,,,,Y,Y,A,08,1,0,2,0,0,0,0,0,0,"- ","- ",37.933059692382812,-121.31233215332031,"SAN JOAQUIN",STOCKTON,-121.31214799999999,37.932887000000001
91184648,2020,2021-02-02,9265,2020-01-27,1345,017439,,1,1,4,3903,0,1,3,,2,025,"SR-120 E/B","MAIN ST.",350.00,W,N,A,-,Y,,,120,,,,,,E,Y,2,0,2,3,A,-,03,22350,,N,C,C,A,A,H,-,A,D,0,,,,,Y,,A,07,1,1,0,0,0,0,0,0,0,"- ","- ",37.783199310302734,-121.21711730957031,"SAN JOAQUIN",MANTECA,-121.21711730957031,37.783203125
91187434,2020,2020-02-17,9265,2020-02-10,1935,017439,,1,2,9,3900,0,2,4,,1,024,"AIRPORT WAY","TRAHERN RD",555.00,S,N,A,-,N,,,,,,,,,,Y,2,0,1,1,A,-,01,23152,A,N,E,I,A,A,H,-,D,D,0,,,,,Y,Y,D,22,1,0,0,0,0,0,0,0,0,"- ","- ",37.704498291015625,-121.23879241943359,"SAN JOAQUIN",UNINCORPORATED,-121.23860168457031,37.705207824707031
91187757,2020,2020-02-17,9265,2020-01-31,2120,020156,,5,2,9,3900,0,2,4,,1,014,"MARIPOSA RD","DODDS RD",0.00,,Y,E,-,N,,,,,,,,,,Y,2,0,4,2,A,-,01,23152,A,N,A,C,A,B,H,-,D,D,0,,,,,Y,Y,A,01,2,0,2,0,0,0,0,0,0,"- ","- ",37.856651306152344,-121.042236328125,"SAN JOAQUIN",UNINCORPORATED,-121.0423583984375,37.856678009033203
91193973,2020,2020-02-26,9265,2020-02-18,0545,015490,,2,3,9,3900,0,2,4,,1,064,"EIGHT MILE RD.",SR-88,1584.00,W,N,A,-,N,,,,,,,,,,Y,2,0,1,2,A,-,09,21804,A,N,D,C,A,A,H,-,D,D,0,,,,Y,Y,,G,25,1,0,0,0,0,0,0,0,0,"- ","- ",38.057929992675781,-121.19490051269531,"SAN JOAQUIN",UNINCORPORATED,-121.19419860839844,38.057968139648438
9119625,2020,2020-09-10,3903,2020-06-24,2142,3951,,3,5,4,3903,0,0,0,,0,,"YOSEMITE AV","EL PORTAL AV",91.00,W,N,A,-,N,,,,,,,,,,N,2,0,1,2,A,-,11,21954,A,N,G,B,D,A,H,-,C,D,0,Y,,,,Y,,N,60,1,0,0,0,1,0,0,0,0,"- ","- ",37.797561645507812,-121.23256683349609,"SAN JOAQUIN",MANTECA,-121.2327880859375,37.797416687011719
91198482,2020,2020-02-28,9265,2020-02-24,2345,019307,,1,3,9,3900,0,3,5,,2,040,"HOWARD ROAD","CROCKER ROAD",2370.00,W,N,A,-,Y,,,,,,,,,,Y,2,0,1,1,A,-,08,22107,,N,E,I,A,A,H,-,D,D,0,,,,,Y,,D,22,1,0,0,0,0,0,0,0,0,"- ","- ",37.877040863037109,-121.37541198730469,"SAN JOAQUIN",UNINCORPORATED,-121.37538146972656,37.876956939697266
91202938,2020,2020-03-06,9265,2020-02-25,0725,013515,,2,1,4,3903,0,1,3,,2,025,"STATE ROUTE 120 (EASTBOUND)","MAIN STREET",25.00,E,N,A,-,Y,,,120,,,,,,,Y,2,0,2,3,A,-,03,22350,,F,C,C,A,A,H,-,A,D,0,,,,Y,Y,,D,22,1,0,1,0,0,0,0,0,0,"- ","- ",37.783161163330078,-121.21562194824219,"SAN JOAQUIN",MANTECA,-121.21562194824219,37.783210754394531
91205606,2020,2020-03-10,9266,2020-02-29,1650,018888,,6,2,9,3900,0,1,1,,2,021,"I-580 E/B","VALLEY VIEW U/C",430.00,E,N,G,-,Y,,,580,,,,,,E,Y,2,0,1,1,A,-,08,22107,,N,F,A,A,A,H,-,A,D,0,,,Y,,Y,,C,02,1,0,0,0,0,0,0,0,1,"- ","- ",37.701129913330078,-121.50511169433594,"SAN JOAQUIN",UNINCORPORATED,-121.50514984130859,37.701061248779297
91206851,2020,2020-03-12,9265,2020-03-05,0220,021163,,4,3,9,3900,0,1,1,,2,503,"I-5 S/B","RIVER DR",115.00,S,N,A,-,Y,,,5,,,,,,S,Y,2,0,1,1,A,-,08,22107,,N,E,I,A,A,H,-,E,D,0,,,,,Y,,A,01,1,0,0,0,0,0,0,0,0,"- ","- ",37.9781494140625,-121.3411865234375,"SAN JOAQUIN",UNINCORPORATED,-121.34108734130859,37.978187561035156
91207197,2020,2020-03-12,9266,2020-02-01,2500,014808,,6,4,9,3900,0,2,4,,2,028,"SCHULTE RD.","LAMMERS RD.",1673.00,W,N,B,-,N,,,,,,,,,,Y,1,1,0,1,A,-,01,23152,A,N,E,I,A,A,H,-,D,D,0,,,,,Y,Y,D,22,0,0,0,0,0,0,0,0,0,"- ","- ",37.720329284667969,-121.48104858398438,"SAN JOAQUIN",UNINCORPORATED,-121.48171234130859,37.721450805664062
91211516,2020,2020-03-19,9265,2020-03-09,2055,018955,,1,2,3,3904,0,1,3,,2,001,"SR-99 S/B","JACK TONE RD",1700.00,N,N,A,-,Y,,,99,,,,,,S,Y,2,0,2,2,A,-,01,23152,A,F,B,C,A,A,H,-,C,A,0,,,,,Y,Y,A,07,1,1,0,0,0,0,0,0,0,"- ","- ",37.755130767822266,-121.14792633056641,"SAN JOAQUIN",RIPON,-121.14793395996094,37.755123138427734
91219680,2020,2020-04-01,9265,2020-02-11,1437,021414,,2,2,9,3900,0,2,4,,1,091,"EIGHT MILE ROAD",I-5,1683.00,E,N,A,-,N,,,,,,,,,,Y,1,2,1,1,A,-,08,22107,,N,E,I,A,A,H,-,A,D,0,,,,,Y,,A,01,1,0,0,0,0,0,0,0,0,"- ","- ",38.057781219482422,-121.36956024169922,"SAN JOAQUIN",UNINCORPORATED,-121.37248992919922,38.057918548583984
91227603,2019,2020-04-20,9265,2019-12-08,0425,021440,,7,3,9,3900,0,1,3,,1,092,SR-12,"GUARD RD",1056.00,W,N,C,-,Y,,,12,,,,,,,Y,1,2,0,2,A,-,01,23152,G,N,A,C,A,B,H,-,D,D,0,,,,,Y,Y,A,01,0,0,0,0,0,0,0,0,0,"- ","- ",38.116058349609375,-121.42624664306641,"SAN JOAQUIN",UNINCORPORATED,-121.42624664306641,38.116073608398438
91228526,2020,2020-04-22,9265,2020-04-17,1605,019136,,5,2,9,3900,0,1,3,,1,063,SR-12,"TECKLENBERG RD",125.00,E,N,A,-,Y,,,12,,,,,,,N,2,0,1,2,A,-,03,22350,,N,C,C,A,A,H,-,A,D,0,,,Y,,Y,,C,02,1,0,0,0,0,0,0,0,1,"- ","- ",38.137809753417969,-121.23124694824219,"SAN JOAQUIN",UNINCORPORATED,-121.23124694824219,38.137794494628906
91228956,2020,2020-04-23,9265,2020-02-02,0108,022123,,7,3,9,3900,0,1,1,,2,502,"I-5 N/B","HOSPITAL RD",1260.00,N,N,B,-,Y,,,5,,,,,,N,Y,1,1,0,2,A,-,03,22350,,F,C,C,A,A,H,-,D,D,0,,,,,Y,Y,A,01,0,0,0,0,0,0,0,0,0,"- ","- ",37.889171600341797,-121.28079986572266,"SAN JOAQUIN",UNINCORPORATED,-121.28077697753906,37.889179229736328
91233388,2020,2020-05-04,9265,2020-04-25,1730,021526,,6,2,9,3900,0,3,5,,2,060,"SR-88 E/B","OVERHISER RD",207.00,W,N,A,-,Y,,,88,,,,,,E,Y,2,0,2,2,A,-,08,22107,,N,E,I,A,A,H,-,A,D,0,,,,,Y,,A,01,2,0,0,0,0,0,0,0,0,"- ","- ",37.995780944824219,-121.23274230957031,"SAN JOAQUIN",UNINCORPORATED,-121.23276519775391,37.995822906494141
91235927,2020,2020-05-11,9266,2020-04-22,1610,022498,,3,2,5,3906,0,1,1,,1,015,"I-205 E/B","MACARTHUR DRIVE",106.00,E,N,A,-,Y,,,205,,,,,,E,Y,2,0,1,3,A,-,03,22350,,N,C,C,A,A,H,-,A,D,0,,,Y,Y,Y,,C,02,1,0,0,0,0,0,0,0,1,"- ","- ",37.764549255371094,-121.41177368164062,"SAN JOAQUIN",TRACY,-121.41176605224609,37.764537811279297
91239574,2020,2020-05-19,9265,2020-05-11,1434,017439,,1,2,4,3903,0,1,3,,2,025,"SR-120 E/B","MAIN ST.",1056.00,E,N,A,-,Y,,,,,,,,,,Y,2,0,2,2,A,-,03,22350,,N,C,C,A,A,H,-,A,D,0,,,,,Y,,A,01,1,1,0,0,0,0,0,0,0,"- ","- ",37.753520965576172,-121.138427734375,"SAN JOAQUIN",MANTECA,-121.21220397949219,37.783180236816406
91248397,2020,2020-06-08,9265,2020-05-31,1405,015490,,7,2,9,3900,0,1,3,,1,062,"STATE ROUTE 88","WHITE LANE",313.00,W,N,A,-,Y,,,88,,,,,,,Y,2,0,1,2,A,-,01,23152,F,N,C,C,A,A,H,-,A,D,0,,,Y,,Y,,C,02,1,0,0,0,0,0,0,0,1,"- ","- ",38.000278472900391,-121.22589874267578,"SAN JOAQUIN",UNINCORPORATED,-121.22589874267578,38.000282287597656
91250331,2020,2020-06-10,9265,2020-05-08,1507,019885,,5,2,9,3900,0,1,3,,1,092,SR-12,"GUARD RD",1043.00,E,N,A,-,Y,,,12,,,,,,,Y,2,0,3,2,A,-,08,22107,,N,A,C,A,A,H,-,A,D,0,,,,,Y,,A,07,1,2,0,0,0,0,0,0,0,"- ","- ",38.116119384765625,-121.41947937011719,"SAN JOAQUIN",UNINCORPORATED,-121.41947937011719,38.116100311279297
91279473,2020,2020-08-03,9265,2020-07-22,0404,019307,,3,3,9,3900,0,3,5,,2,060,"SR-99 E FRONTAGE RD","HAMMER LN",3696.00,S,N,A,-,N,,,99,,,,,,,Y,2,0,1,1,A,-,01,23152,A,N,F,A,A,A,H,-,D,D,0,,,,,Y,Y,A,01,1,0,0,0,0,0,0,0,0,"- ","- ",38.010181427001953,-121.25740814208984,"SAN JOAQUIN",UNINCORPORATED,-121.25787353515625,38.01019287109375
91281038,2020,2020-08-05,9265,2020-07-24,0850,015630,,5,1,9,3900,0,3,5,,2,060,"CHERRY ROAD",SR-12,739.00,N,N,A,-,N,,,,,,,,,,N,2,0,1,2,A,-,03,22350,,N,B,C,A,A,H,-,A,D,0,,,Y,,Y,,C,02,1,0,0,0,0,0,0,0,1,"- ","- ",38.082401275634766,-121.12380218505859,"SAN JOAQUIN",UNINCORPORATED,-121.14679718017578,38.168228149414062
91281664,2020,2020-08-06,9265,2020-07-22,0755,018694,,3,1,9,3900,0,3,5,,2,010,"E. RIVER ROAD","MCHENRY AVE",4224.00,E,N,A,-,N,,,,,,,,,,Y,2,0,3,3,A,-,08,22107,,N,A,C,A,A,H,-,A,D,0,,,,,Y,,A,01,1,1,1,0,0,0,0,0,0,"- ","- ",37.762580871582031,-120.98101806640625,"SAN JOAQUIN",UNINCORPORATED,-120.98139190673828,37.762527465820312
91282070,2020,2020-08-06,9265,2020-07-22,0755,017989,,3,1,9,3900,0,3,5,,2,090,"MOKELUMNE ST","CHESTNUT ST",180.00,E,N,A,-,N,,,,,,,,,,N,2,0,1,2,A,-,11,21954,A,N,G,B,D,A,H,-,A,D,0,Y,,,,Y,,N,60,1,0,0,0,1,0,0,0,0,"- ","- ",38.155670166015625,-121.30568695068359,"SAN JOAQUIN",UNINCORPORATED,-121.30585479736328,38.155788421630859
91286255,2019,2020-08-24,9265,2019-12-14,2238,019307,,6,3,6,3905,0,1,1,,2,503,"INTERSTATE 5 NORTHBOUND","CHARTER WAY",0.00,,N,A,-,Y,,,5,,,,,,N,Y,1,2,1,2,A,-,03,22350,,N,C,C,A,A,H,-,D,D,0,,,,,Y,,J,48,0,0,1,0,0,0,0,0,0,"- ","- ",37.933021545410156,-121.29656219482422,"SAN JOAQUIN",STOCKTON,-121.29660034179688,37.933006286621094
91287666,2020,2020-08-17,9265,2020-07-30,0830,013515,,4,1,9,3900,0,1,3,,2,003,"STATE ROUTE 99 (NORTHBOUND)","ARCH ROAD",2112.00,S,N,A,-,Y,,,99,,,,,,,Y,2,0,2,2,A,-,08,22107,,N,F,A,A,A,H,-,A,D,0,,,,,Y,,A,07,2,0,0,0,0,0,0,0,0,"- ","- ",37.898048400878906,-121.22041320800781,"SAN JOAQUIN",UNINCORPORATED,-121.22032165527344,37.898059844970703
91290040,2020,2020-08-21,9265,2020-08-11,2340,022356,,2,3,9,3900,0,3,5,,2,090,"MCDONALD RD","HOLT RD",5000.00,W,N,A,-,N,,,,,,,,,,Y,2,0,1,1,A,-,01,23152,A,N,H,A,A,A,H,-,C,D,0,,,,,Y,Y,D,22,1,0,0,0,0,0,0,0,0,"- ","- ",37.955509185791016,-121.43953704833984,"SAN JOAQUIN",UNINCORPORATED,-121.43946838378906,37.955577850341797
91293045,2020,2020-08-26,9265,2020-08-23,0614,022356,,7,1,9,3900,0,1,1,,2,502,"I-5 S/B","FRENCH CAMP RD",1213.00,S,N,A,-,Y,,,5,,,,,,S,Y,2,0,1,1,A,-,01,23152,A,N,E,I,A,A,H,-,B,D,0,,,,,Y,Y,D,22,1,0,0,0,0,0,0,0,0,"- ","- ",37.893959045410156,-121.28273773193359,"SAN JOAQUIN",UNINCORPORATED,-121.28282928466797,37.893928527832031
91295538,2020,2020-08-28,9265,2020-07-26,0356,020071,,7,3,9,3900,0,1,3,,2,003,"SR-99 N/B","SR-99 N/B TO SR-4 W/B",1584.00,S,N,A,-,Y,,,99,,,,,,N,Y,1,1,2,2,A,-,01,23152,A,N,A,C,A,A,H,-,C,D,0,,,,,Y,Y,A,08,2,0,0,0,0,0,0,0,0,"- ","- ",37.956489562988281,-121.23993682861328,"SAN JOAQUIN",UNINCORPORATED,-121.23992919921875,37.956493377685547
91302601,2020,2020-09-10,9265,2020-08-22,0705,015490,,6,1,9,3900,0,2,4,,1,053,"WILSON WAY","CALAVERAS RIVER",1584.00,S,N,F,-,Y,,,,,,,,,,Y,1,1,0,1,A,-,01,23152,G,N,E,I,A,A,H,-,A,D,0,,,,,Y,Y,A,01,0,0,0,0,0,0,0,0,0,"- ","- ",38.002140045166016,-121.25878143310547,"SAN JOAQUIN",UNINCORPORATED,,
91302603,2020,2020-09-10,9265,2020-08-04,1813,019413,,2,2,9,3900,0,1,3,,1,061,"SR-26 (FREMONT ST)","STOKES AVE",228.00,W,N,A,-,Y,,,26,,,,,,,Y,1,1,0,5,A,-,01,23152,F,N,E,I,A,A,H,-,A,D,0,,,,Y,Y,,G,25,0,0,0,0,0,0,0,0,0,"- ","- ",37.972579956054688,-121.23825073242188,"SAN JOAQUIN",UNINCORPORATED,-121.23822021484375,37.972461700439453
91302942,2020,2020-09-11,9265,2020-09-01,0615,013515,,2,1,9,3900,0,2,4,,1,014,"MARIPOSA ROAD","STAGECOACH ROAD",528.00,E,N,A,-,N,,,,,,,,,,Y,2,0,1,2,A,-,03,22350,,N,C,C,A,A,H,-,A,D,0,,,,Y,Y,,D,22,1,0,0,0,0,0,0,0,0,"- ","- ",37.931121826171875,-121.22608947753906,"SAN JOAQUIN",UNINCORPORATED,-121.2265625,37.931324005126953
91306223,2020,2020-09-17,9265,2020-09-11,0109,017537,,5,3,9,3900,0,1,3,,1,062,"CHERRY AVE",SR-88,15.00,N,N,A,-,Y,,,,,,,,,,Y,2,0,1,1,A,-,01,23152,A,N,E,I,A,A,H,-,C,D,0,,,Y,,Y,Y,C,02,1,0,0,0,0,0,0,0,1,"- ","- ",38.166828155517578,-121.14539337158203,"SAN JOAQUIN",UNINCORPORATED,,
91306428,2020,2020-09-17,9265,2020-07-23,0809,015630,,4,1,9,3900,0,1,3,,1,062,SR-88,"VIEW DRIVE",2112.00,E,N,A,-,Y,,,88,,,,,,,Y,1,1,1,1,A,-,08,22107,,N,E,I,A,A,H,-,A,D,0,,,,,Y,,A,01,0,1,0,0,0,0,0,0,0,"- ","- ",38.171298980712891,-121.13226318359375,"SAN JOAQUIN",UNINCORPORATED,-121.13222503662109,38.171211242675781
91307233,2020,2020-09-18,9265,2020-09-11,1445,021644,,5,2,9,3900,0,1,3,,1,063,"SR-12 W/B","MANOR LN",260.00,E,N,A,-,Y,,,12,,,,,,W,N,2,0,1,1,A,-,01,23152,A,N,F,I,A,A,H,-,A,D,0,,,Y,,Y,Y,C,02,1,0,0,0,0,0,0,0,1,"- ","- ",38.138069152832031,-121.18565368652344,"SAN JOAQUIN",UNINCORPORATED,-121.18565368652344,38.138050079345703
9130727,2020,2020-10-05,3902,2020-07-01,1952,GJ106,,3,5,5,3902,0,0,0,,0,,"S LWR SAC RD","TOKAY ST",36.00,S,N,A,-,N,,,,,,,,,,Y,2,0,1,1,A,-,01,23152,A,N,F,J,A,A,H,-,B,D,0,,,Y,,Y,Y,C,02,1,0,0,0,0,0,0,0,1,"- ","- ",,,"SAN JOAQUIN",LODI,-121.306736,38.126207999999998
91313053,2020,2020-09-28,9265,2020-09-16,0925,015756,,3,1,9,3900,0,2,4,,1,015,"COPPEROPOLIS RD","BULLPINE RD",15.00,W,N,A,-,N,,,,,,,,,,Y,2,0,2,1,A,-,08,22107,,N,E,I,A,A,H,-,A,D,0,,,,,Y,,A,07,2,0,0,0,0,0,0,0,0,"- ","- ",37.964828491210938,-121.18274688720703,"SAN JOAQUIN",UNINCORPORATED,-121.18225860595703,37.965019226074219
91314414,2020,2020-09-29,9265,2020-09-19,2115,013539,,6,2,2,3920,0,1,1,,2,502,"I-5 S/B",SR-120,1200.00,N,N,A,-,Y,,,5,,,,,,S,Y,2,0,1,1,A,-,01,23152,F,N,F,A,A,A,H,-,C,D,0,,,,,Y,,A,07,1,0,0,0,0,0,0,0,0,"- ","- ",37.790531158447266,-121.30180358886719,"SAN JOAQUIN",LATHROP,-121.30139923095703,37.790348052978516
9131601,2020,2020-09-30,3900,2020-07-25,2005,7688,LATHR,6,5,2,3920,0,0,0,,0,,"DARCY PKWY","MURPHEY PKWY",400.00,E,N,A,-,N,,,,,,,,,,N,2,0,2,1,A,-,03,22350,,N,F,A,A,A,H,-,A,D,0,,,Y,,Y,,C,06,1,1,0,0,0,0,0,0,2,NO,NO,,,"SAN JOAQUIN",LATHROP,-121.29139709472656,37.802135467529297
91324492,2020,2020-10-15,9265,2020-10-06,0442,018784,,2,3,9,3900,0,1,3,,2,004,"SR-99 N/B","HAMMER LN",1056.00,N,N,A,-,Y,,,99,,,,,,N,Y,2,0,1,1,A,-,08,22107,,N,E,I,A,A,H,-,D,D,0,,,,,Y,,A,01,1,0,0,0,0,0,0,0,0,"- ","- ",38.024890899658203,-121.25820159912109,"SAN JOAQUIN",UNINCORPORATED,-121.25819396972656,38.024890899658203
91325033,2020,2020-10-16,9265,2020-10-08,0029,022123,,4,3,6,3905,0,1,1,,2,504,"I-5 N/B TO EIGHT MILE RD.","EIGHT MILE RD",372.00,S,N,A,-,Y,,,5,,,,R,,N,Y,2,0,1,2,A,-,08,22107,,N,C,E,A,A,H,-,D,D,0,,,,Y,Y,,A,01,1,0,0,0,0,0,0,0,0,"- ","- ",38.056648254394531,-121.37168884277344,"SAN JOAQUIN",STOCKTON,-121.37168884277344,38.056648254394531
91341657,2020,2020-11-09,9265,2020-10-24,0422,022155,,6,3,9,3900,0,1,1,,2,502,"I-5 N/B","ROTH RD",345.00,S,N,A,-,Y,,,5,,,,,,N,Y,2,0,1,1,A,-,01,23152,A,N,E,I,A,A,H,-,C,D,0,,,,,Y,Y,A,01,1,0,0,0,0,0,0,0,0,"- ","- ",37.854381561279297,-121.28253173828125,"SAN JOAQUIN",UNINCORPORATED,-121.28221130371094,37.854301452636719
91346147,2020,2020-11-16,9265,2020-10-01,2000,018289,,4,2,9,3900,0,1,3,,1,061,"STATE ROUTE 26","ARCHERDALE ROAD",5537.00,W,N,A,-,Y,,,26,,,,,,,Y,1,1,1,1,A,-,01,23152,G,N,E,I,A,A,H,-,D,D,0,,,,,Y,Y,A,01,0,1,0,0,0,0,0,0,0,"- ","- ",38.013648986816406,-121.10633087158203,"SAN JOAQUIN",UNINCORPORATED,-121.10633087158203,38.013656616210938
91347720,2020,2020-11-18,9265,2020-11-09,0440,021401,,1,3,9,3900,0,1,1,,2,505,I-5,SR-12,200.00,S,N,A,-,Y,,,5,,,,,,,Y,2,0,1,2,A,-,03,22350,,M,C,C,A,A,H,-,D,D,0,,,,Y,Y,,A,01,1,0,0,0,0,0,0,0,0,"- ","- ",38.114841461181641,-121.39671325683594,"SAN JOAQUIN",UNINCORPORATED,-121.39713287353516,38.114620208740234
91348648,2020,2020-11-19,9265,2020-11-15,0010,019307,,7,3,9,3900,0,2,4,,1,053,"WILSON WAY S/B","NEWTON ROAD",34.00,E,N,A,-,N,,,,,,,,,,Y,2,0,2,1,A,-,01,23152,A,N,E,I,A,A,H,-,D,D,0,,,,,Y,Y,A,01,1,0,1,0,0,0,0,0,0,"- ","- ",38.000400543212891,-121.260009765625,"SAN JOAQUIN",UNINCORPORATED,-121.26020050048828,38.000404357910156
91355251,2020,2020-11-30,9266,2020-11-12,1415,021975,,4,2,9,3900,0,1,3,,1,026,SR-132,SR-33,1320.00,W,N,A,-,Y,,,132,,,,,,,Y,2,0,3,2,A,-,08,22107,,N,D,C,A,A,H,-,A,D,0,,,,Y,Y,,F,26,1,1,1,0,0,0,0,0,0,"- ","- ",37.63800048828125,-121.30036163330078,"SAN JOAQUIN",UNINCORPORATED,-121.30036163330078,37.638004302978516
91358255,2020,2020-12-03,9265,2020-11-20,0040,021401,,5,3,9,3900,0,1,1,,2,504,"I-5 N/B","EIGHT MILE RD",2205.00,S,N,A,-,Y,,,5,,,,,,N,Y,2,0,1,2,A,-,03,22350,,F,C,C,A,A,H,-,D,D,0,,,,Y,Y,,G,25,1,0,0,0,0,0,0,0,0,"- ","- ",38.053440093994141,-121.37094879150391,"SAN JOAQUIN",UNINCORPORATED,-121.37108612060547,38.053398132324219