CASE_ID,ACCIDENT_YEAR,PROC_DATE,JURIS,COLLISION_DATE,COLLISION_TIME,OFFICER_ID,REPORTING_DISTRICT,DAY_OF_WEEK,CHP_SHIFT,POPULATION,CNTY_CITY_LOC,SPECIAL_COND,BEAT_TYPE,CHP_BEAT_TYPE,CITY_DIVISION_LAPD,CHP_BEAT_CLASS,BEAT_NUMBER,PRIMARY_RD,SECONDARY_RD,DISTANCE,DIRECTION,INTERSECTION,WEATHER_1,WEATHER_2,STATE_HWY_IND,CALTRANS_COUNTY,CALTRANS_DISTRICT,STATE_ROUTE,ROUTE_SUFFIX,POSTMILE_PREFIX,POSTMILE,LOCATION_TYPE,RAMP_INTERSECTION,SIDE_OF_HWY,TOW_AWAY,COLLISION_SEVERITY,NUMBER_KILLED,NUMBER_INJURED,PARTY_COUNT,PRIMARY_COLL_FACTOR,PCF_CODE_OF_VIOL,PCF_VIOL_CATEGORY,PCF_VIOLATION,PCF_VIOL_SUBSECTION,HIT_AND_RUN,TYPE_OF_COLLISION,MVIW,PED_ACTION,ROAD_SURFACE,ROAD_COND_1,ROAD_COND_2,LIGHTING,CONTROL_DEVICE,CHP_ROAD_TYPE,PEDESTRIAN_ACCIDENT,BICYCLE_ACCIDENT,MOTORCYCLE_ACCIDENT,TRUCK_ACCIDENT,NOT_PRIVATE_PROPERTY,ALCOHOL_INVOLVED,STWD_VEHTYPE_AT_FAULT,CHP_VEHTYPE_AT_FAULT,COUNT_SEVERE_INJ,COUNT_VISIBLE_INJ,COUNT_COMPLAINT_PAIN,COUNT_PED_KILLED,COUNT_PED_INJURED,COUNT_BICYCLIST_KILLED,COUNT_BICYCLIST_INJURED,COUNT_MC_KILLED,COUNT_MC_INJURED,PRIMARY_RAMP,SECONDARY_RAMP,LATITUDE,LONGITUDE,COUNTY,CITY,POINT_X,POINT_Y
91359024,2020,2020-12-04,9265,2020-11-25,0215,021625,,3,3,4,3903,0,1,3,,2,001,"SR-99 S/B","YOSEMITE AVE",416.00,S,N,A,-,Y,,,99,,,,,,S,Y,2,0,1,2,A,-,01,23152,A,N,C,C,A,A,H,-,D,D,0,,,,Y,Y,Y,A,01,1,0,0,0,0,0,0,0,0,"- ","- ",37.796218872070312,-121.19109344482422,"SAN JOAQUIN",MANTECA,-121.19106292724609,37.796226501464844
91361047,2020,2020-12-08,9265,2020-12-04,2220,020651,,5,3,9,3900,0,1,3,,1,062,"HARNEY LN","HERD ROAD",322.00,E,N,A,-,N,,,,,,,,,,N,2,0,1,1,A,-,03,22350,,N,H,A,A,A,H,-,D,D,0,,,,,Y,,D,22,1,0,0,0,0,0,0,0,0,"- ","- ",38.101451873779297,-121.25380706787109,"SAN JOAQUIN",UNINCORPORATED,-121.25393676757812,38.101467132568359
91366220,2020,2020-12-14,9265,2020-12-08,0200,019307,,2,3,9,3900,0,1,1,,2,502,"I-5 S/B","LOUISE AVE",2220.00,S,N,A,-,Y,,,,,,,,,,Y,2,0,1,1,A,-,01,23152,A,N,E,I,A,A,H,-,D,D,0,,,,,Y,Y,A,01,1,0,0,0,0,0,0,0,0,"- ","- ",37.482139587402344,-121.17530822753906,"SAN JOAQUIN",UNINCORPORATED,,
91366321,2020,2020-12-14,9265,2020-12-01,1733,020313,,2,2,9,3900,0,3,5,,2,030,"B STREET","CLOVER LANE",55.00,S,N,A,-,N,,,,,,,,,,N,1,1,0,2,A,-,11,21954,A,N,G,B,D,A,H,-,D,D,0,Y,,,,Y,,N,60,0,0,0,1,0,0,0,0,0,"- ","- ",37.929759979248047,-121.25373840332031,"SAN JOAQUIN",UNINCORPORATED,-121.25373077392578,37.929794311523438
91368412,2020,2020-12-18,9265,2020-12-10,1150,015630,,4,1,9,3900,0,2,4,,1,053,SR-26,"ELLEN ST",120.00,W,N,A,-,Y,,,,,,,,,,N,2,0,1,2,A,-,03,22350,,F,C,C,A,A,H,-,A,D,0,,,Y,,Y,,A,01,1,0,0,0,0,0,0,0,1,"- ","- ",37.582199096679688,-121.14109802246094,"SAN JOAQUIN",UNINCORPORATED,,
91372075,2020,2020-12-21,9266,2020-12-14,1642,021241,,1,2,9,3900,0,2,4,,2,010,"I-205 E/B FROM INERNATIONAL PARKWAY N/B","INTERNATIONAL PKWY",1056.00,E,N,A,-,Y,,,205,,,,R,,E,Y,2,0,2,2,A,-,03,22350,,N,C,C,A,A,H,-,A,A,0,,,,Y,Y,,F,56,1,1,0,0,0,0,0,0,0,"- ","- ",37.742031097412109,-121.52593231201172,"SAN JOAQUIN",UNINCORPORATED,-121.52593231201172,37.742031097412109
91374074,2020,2020-12-23,9266,2020-12-20,2246,021704,,7,3,9,3900,0,3,5,,2,001,"MACARTHUR DRIVE","DELTA AVE",10.00,N,N,B,E,N,,,,,,,,,,Y,2,0,1,1,A,-,01,23152,A,N,E,I,A,A,H,-,D,D,0,,,,,Y,Y,A,01,1,0,0,0,0,0,0,0,0,"- ","- ",37.798141479492188,-121.41177368164062,"SAN JOAQUIN",UNINCORPORATED,-121.41194152832031,37.798099517822266
91375073,2020,2020-12-24,9265,2020-12-21,1642,022356,,1,2,9,3900,0,1,3,,1,013,SR-4,"JACK TONE RD",0.00,,Y,E,-,Y,,,4,,,,,,,Y,2,0,1,2,A,-,12,22450,A,N,D,C,A,A,H,-,D,A,0,,,,Y,Y,,A,08,1,0,0,0,0,0,0,0,0,"- ","- ",37.942081451416016,-121.14810180664062,"SAN JOAQUIN",UNINCORPORATED,-121.14810180664062,37.942119598388672
91376026,2020,2020-12-28,9266,2020-12-06,1625,018888,,7,2,9,3900,0,1,3,,1,026,"SR-132 E/B","BIRD ROAD",4200.00,W,N,A,-,Y,,,132,,,,,,E,Y,2,0,1,1,A,-,08,22107,,N,F,I,A,A,H,-,A,D,0,,,,,Y,,A,01,1,0,0,0,0,0,0,0,0,"- ","- ",37.637668609619141,-121.3760986328125,"SAN JOAQUIN",UNINCORPORATED,-121.3760986328125,37.637855529785156
91386263,2021,2021-01-12,9265,2021-01-06,1430,019413,,3,2,9,3900,0,1,3,,1,013,SR-4,"JACK TONE RD",33.00,E,N,B,-,Y,,,4,,,,,,,Y,2,0,1,1,A,-,03,22350,,N,E,I,A,A,H,-,A,A,0,,,Y,,Y,,C,02,1,0,0,0,0,0,0,0,1,"- ","- ",37.942008972167969,-121.14785766601562,"SAN JOAQUIN",UNINCORPORATED,-121.14785766601562,37.942119598388672
91390599,2021,2021-01-19,9265,2021-01-12,1042,013515,,2,1,9,3900,0,1,3,,1,013,"STATE ROUTE 4","HEWITT ROAD",528.00,W,N,B,-,Y,,,4,,,,,,,Y,2,0,1,1,A,-,03,22350,,N,E,I,A,A,H,-,A,D,0,,,,,Y,,A,01,1,0,0,0,0,0,0,0,0,"- ","- ",37.931041717529297,-121.03993225097656,"SAN JOAQUIN",UNINCORPORATED,-121.0399169921875,37.931056976318359
91422541,2021,2021-03-08,9265,2021-01-31,1940,022356,,7,2,5,3902,0,1,3,,2,006,"SR-99 S/B","CHEROKEE LN",625.00,S,N,A,-,Y,,,99,,,,,,S,Y,2,0,3,3,A,-,07,21658,A,N,B,C,A,A,H,-,D,D,0,,,,,Y,,A,01,2,1,0,0,0,0,0,0,0,"- ","- ",38.107448577880859,-121.25990295410156,"SAN JOAQUIN",LODI,-121.25989532470703,38.107448577880859
91424336,2021,2021-03-10,9265,2021-02-28,0120,021625,,7,3,9,3900,0,2,4,,1,014,"CARPENTER ROAD","MARIPOSA ROAD",1584.00,S,N,A,-,N,,,,,,,,,,N,2,0,1,2,A,-,01,23152,F,M,E,J,A,A,H,-,C,D,0,,,,,Y,,A,01,1,0,0,0,0,0,0,0,0,"- ","- ",37.927131652832031,-121.22078704833984,"SAN JOAQUIN",UNINCORPORATED,-121.221923828125,37.926784515380859
91429039,2021,2021-03-17,9265,2021-03-08,1608,017439,,1,2,9,3900,0,3,5,,2,030,"S. EL DORADO ST.","FRENCH CAMP RD.",1584.00,N,N,A,-,N,,,,,,,,,,N,2,0,1,2,A,-,08,22107,,N,B,G,A,A,H,-,A,D,0,,Y,,,Y,,L,04,1,0,0,0,0,0,1,0,0,"- ","- ",37.874279022216797,-121.27590179443359,"SAN JOAQUIN",UNINCORPORATED,-121.27598571777344,37.894424438476562
91433104,2021,2021-07-15,9265,2021-02-24,1315,013515,,3,1,9,3900,0,2,4,,1,014,"MARIPOSA ROAD","GAWNE ROAD",20.00,W,N,A,-,N,,,,,,,,,,Y,1,1,1,2,A,-,09,21801,A,N,A,C,A,A,H,-,A,D,0,,,,,Y,,D,22,0,1,0,0,0,0,0,0,0,"- ","- ",37.897140502929688,-121.11212158203125,"SAN JOAQUIN",UNINCORPORATED,-121.1121826171875,37.8917236328125
91435443,2021,2021-03-25,9265,2021-02-14,1848,021781,,7,2,9,3900,0,3,5,,2,010,"RIVER ROAD","HARROLD AVENUE",2600.00,W,N,A,-,N,,,,,,,,,,Y,1,1,0,1,A,-,01,23152,F,N,E,I,A,A,H,-,D,D,0,,,,,Y,,A,01,0,0,0,0,0,0,0,0,0,"- ","- ",37.762851715087891,-120.97744750976562,"SAN JOAQUIN",UNINCORPORATED,-120.97736358642578,37.762809753417969
91438398,2021,2021-03-29,9265,2021-02-27,0420,019139,,6,3,9,3900,0,1,3,,1,092,SR-12,"CORREIA RD",1584.00,W,N,A,-,Y,,,12,,,,,,,Y,2,0,3,2,A,-,05,21460,A,N,A,C,A,A,H,-,D,D,0,,,,,Y,,D,22,2,1,0,0,0,0,0,0,0,"- ","- ",38.115299224853516,-121.47727966308594,"SAN JOAQUIN",UNINCORPORATED,-121.47727966308594,38.115406036376953
9144489,2020,2020-10-20,3905,2020-06-22,2350,3060,SEA,1,5,6,3905,0,0,0,,0,,"MARTIN LUTHER KING BL","CALIFORNIA ST",0.00,,Y,A,-,N,,,,,,,,,,Y,2,0,1,2,A,-,12,21453,A,F,D,D,A,A,H,-,C,A,0,,,,,Y,,A,01,1,0,0,0,0,0,0,0,0,"- ","- ",37.939781188964844,-121.28095245361328,"SAN JOAQUIN",STOCKTON,-121.28085327148438,37.939891815185547
91447651,2021,2021-04-12,9265,2021-04-08,1820,022356,,4,2,9,3900,0,3,5,,2,090,"29021 N VAIL AVE","BARBER RD",1780.00,N,N,A,-,N,,,,,,,,,,Y,2,0,1,1,A,-,01,23152,A,N,E,I,A,A,H,-,A,A,0,,,,,Y,Y,A,01,1,0,0,0,0,0,0,0,0,"- ","- ",38.250911712646484,-121.46711730957031,"SAN JOAQUIN",UNINCORPORATED,-121.46724700927734,38.250778198242188
91458038,2021,2021-04-26,9265,2021-04-14,2050,021781,,3,2,9,3900,0,2,4,,1,051,"CARDINAL AVENUE","WASHINGTON STREET",82.00,S,N,A,-,N,,,,,,,,,,N,2,0,1,2,A,-,05,21650,,N,D,C,A,A,H,-,D,D,0,,,,,Y,,M,93,1,0,0,0,0,0,0,0,0,"- ","- ",37.966129302978516,-121.22263336181641,"SAN JOAQUIN",UNINCORPORATED,-121.22267913818359,37.966236114501953
91458568,2021,2021-04-26,9265,2021-04-03,0916,019885,,6,1,9,3900,0,2,4,,1,024,"AIRPORT WAY","NILE RD",432.00,S,N,A,-,N,,,,,,,,,,Y,2,0,2,1,A,-,08,22107,,N,E,I,A,A,H,-,A,D,0,,,,,Y,,A,07,2,0,0,0,0,0,0,0,0,"- ","- ",37.753879547119141,-121.25205993652344,"SAN JOAQUIN",UNINCORPORATED,-121.25203704833984,37.753913879394531
91461077,2021,2021-04-29,9265,2021-04-20,1818,020313,,2,2,5,3902,0,1,3,,2,006,"COLLIER ROAD","SOWLES RD",1320.00,E,N,A,-,N,,,,,,,,,,Y,2,0,3,2,A,-,01,23152,A,N,C,C,A,A,H,-,A,D,0,,,,,Y,Y,A,01,3,0,0,0,0,0,0,0,0,"- ","- ",38.218860626220703,-121.18496704101562,"SAN JOAQUIN",LODI,-121.18505096435547,38.218875885009766
91467999,2021,2021-05-27,9266,2021-04-29,1405,018751,,4,2,2,3920,0,1,1,,2,024,"I-5 N/B","SAN JOAQUIN RIVER BRIDGE",18.00,S,N,A,-,Y,,,5,,,,,,N,N,2,0,4,5,A,-,07,21658,A,N,B,C,A,A,H,-,A,D,0,,,,,Y,,A,07,1,1,2,0,0,0,0,0,0,"- ","- ",37.784709930419922,-121.30683135986328,"SAN JOAQUIN",LATHROP,-121.30686187744141,37.784763336181641
91474680,2021,2021-05-27,9266,2021-05-09,0205,022498,,7,3,9,3900,0,3,5,,2,002,"SCHULTE ROAD","LAMMERS ROAD",740.00,W,N,A,-,N,,,,,,,,,,Y,2,0,3,1,A,-,01,23152,A,N,F,I,A,A,H,-,D,D,0,,,,,Y,Y,A,01,1,2,0,0,0,0,0,0,0,"- ","- ",37.720481872558594,-121.47907257080078,"SAN JOAQUIN",UNINCORPORATED,-121.47654724121094,37.714389801025391
91475628,2021,2021-05-27,9265,2021-05-07,1545,022356,,5,2,9,3900,0,1,1,,2,505,"I-5 S/B FROM SR-12 E/B",SR-12,910.00,S,N,A,-,Y,,,5,,,,R,,S,Y,2,0,1,1,A,-,01,23152,A,N,E,8,A,A,H,-,A,D,0,,,,,Y,Y,A,07,1,0,0,0,0,0,0,0,0,"- ","- ",38.113521575927734,-121.39726257324219,"SAN JOAQUIN",UNINCORPORATED,-121.39726257324219,38.113521575927734
91487978,2021,2021-06-02,9265,2021-05-13,1435,019413,,4,2,9,3900,0,3,5,,2,010,"DODDS RD","HENRY RD",310.00,E,N,A,-,N,,,,,,,,,,Y,1,1,0,1,A,-,08,22107,,N,F,A,A,A,H,-,A,D,0,,,,,Y,,A,07,0,0,0,0,0,0,0,0,0,"- ","- ",37.856891632080078,-120.94252014160156,"SAN JOAQUIN",UNINCORPORATED,-120.94255065917969,37.856788635253906
91489515,2021,2021-06-04,9266,2021-05-23,0000,021822,,7,3,9,3900,0,1,1,,2,024,"I-5 S/B","STEWART ROAD",85.00,S,N,A,-,Y,,,5,,,,,,S,Y,2,0,3,3,A,-,03,22350,,N,C,C,A,A,H,-,C,D,0,,,,,Y,Y,A,07,1,2,0,0,0,0,0,0,0,"- ","- ",37.779258728027344,-121.31545257568359,"SAN JOAQUIN",UNINCORPORATED,-121.31547546386719,37.779296875
91491257,2021,2021-06-07,9265,2021-05-22,2219,021440,,6,3,9,3900,0,1,1,,2,503,"I-5 S/B","MICHIGAN AVE",215.00,S,N,A,-,Y,,,5,,,,,,S,Y,2,0,1,1,A,-,08,22107,,N,E,I,A,A,H,-,D,D,0,,,,,Y,,A,01,1,0,0,0,0,0,0,0,0,"- ","- ",37.966781616210938,-121.33640289306641,"SAN JOAQUIN",UNINCORPORATED,-121.33657836914062,37.966712951660156
91500602,2021,2021-06-18,9265,2021-06-08,1816,017439,,2,2,9,3900,0,1,3,,2,001,"SR-99 S/B","JACK TONE RD.",3168.00,N,N,A,-,Y,,,99,,,,,,S,N,2,0,1,2,A,-,07,21658,A,N,B,C,A,A,H,-,A,D,0,,,Y,,Y,,A,01,1,0,0,0,0,0,0,0,1,"- ","- ",37.763648986816406,-121.16197967529297,"SAN JOAQUIN",UNINCORPORATED,-121.162109375,37.763435363769531
91504495,2021,2021-06-23,9265,2021-05-22,2345,020071,,6,3,9,3900,0,2,4,,1,014,"MARIPOSA RD","MURPHY RD",2924.00,E,N,A,-,N,,,,,,,,,,Y,1,2,1,3,A,-,01,23152,A,N,A,C,A,A,H,-,D,D,0,,,Y,,Y,Y,A,01,0,1,0,0,0,0,0,2,0,"- ","- ",37.886028289794922,-121.10189056396484,"SAN JOAQUIN",UNINCORPORATED,-121.10211181640625,37.886154174804688
91506940,2021,2021-06-25,9265,2021-06-12,1505,022365,,6,2,9,3900,0,3,5,,2,010,"STEINEGUL RD","LONE TREE RD",0.00,,Y,A,-,N,,,,,,,,,,Y,2,0,1,2,A,-,09,21802,A,N,D,C,A,A,H,-,A,A,0,,,,,Y,,A,01,1,0,0,0,0,0,0,0,0,"- ","- ",37.827590942382812,-120.96092987060547,"SAN JOAQUIN",UNINCORPORATED,-120.96090698242188,37.827613830566406
91514906,2021,2021-07-07,9265,2021-06-28,1720,022356,,1,2,9,3900,0,2,4,,1,014,"JACK TONE RD","MARIPOSA RD",3295.00,N,N,A,-,N,,,,,,,,,,Y,2,0,1,1,A,-,08,22107,,N,E,I,A,A,H,-,A,D,0,,,,,Y,,D,22,1,0,0,0,0,0,0,0,0,"- ","- ",37.914058685302734,-121.14736938476562,"SAN JOAQUIN",UNINCORPORATED,-121.14745330810547,37.914077758789062
91516921,2021,2021-07-09,9265,2021-07-04,2218,021625,,7,3,9,3900,0,2,4,,1,014,"SR-99 W FRONTAGE RD","MARIPOSA AVE",377.00,S,N,A,-,N,,,,,,,,,,Y,2,0,1,1,A,-,01,23152,A,N,E,I,A,A,H,-,D,D,0,,,,,Y,Y,A,01,1,0,0,0,0,0,0,0,0,"- ","- ",37.934318542480469,-121.23824310302734,"SAN JOAQUIN",UNINCORPORATED,-121.238382,37.934721000000003
91524806,2021,2021-07-20,9265,2021-05-19,1325,017405,,3,1,2,3920,0,1,1,,2,502,"I-5 N/B TO ROTH RD.","ROTH RD.",1109.00,S,N,A,-,Y,,,5,,,,R,,N,Y,2,0,1,2,A,-,03,22350,,N,C,C,A,A,H,-,A,D,0,,,,Y,Y,,D,22,1,0,0,0,0,0,0,0,0,"- ","- ",37.852668762207031,-121.28244781494141,"SAN JOAQUIN",LATHROP,-121.28244781494141,37.852668762207031
91528646,2021,2021-10-07,9266,2021-07-16,1725,018888,,5,2,9,3900,0,1,3,,1,011,SR-4,"OLD RIVER BRIDGE",5600.00,E,N,A,-,Y,,,4,,,,,,,Y,2,0,1,2,A,-,06,21751,,F,F,A,A,A,H,-,A,A,0,,,Y,,Y,,-,99,1,0,0,0,0,0,0,0,1,"- ","- ",37.890048980712891,-121.54923248291016,"SAN JOAQUIN",UNINCORPORATED,-121.54923248291016,37.890056610107422
91540139,2021,2021-08-09,9265,2021-07-18,2058,022356,,7,2,9,3900,0,2,4,,1,014,"MARIPOSA RD","DODDS RD",0.00,,Y,A,-,N,,,,,,,,,,Y,1,1,6,2,A,-,01,23152,A,N,D,C,A,A,H,-,B,A,0,,,,,Y,Y,D,22,3,1,2,0,0,0,0,0,0,"- ","- ",37.856681823730469,-121.04237365722656,"SAN JOAQUIN",UNINCORPORATED,-121.0423583984375,37.856681823730469
91547684,2021,2021-08-18,9265,2021-08-12,0636,013515,,4,1,9,3900,0,3,5,,2,060,"ESCALON BELLOTA ROAD","FLOOD ROAD",3168.00,S,N,A,-,N,,,,,,,,,,Y,2,0,1,1,A,-,01,23152,A,N,E,I,A,A,H,-,A,D,0,,,,,Y,Y,A,01,1,0,0,0,0,0,0,0,0,"- ","- ",38.007671356201172,-121.00015258789062,"SAN JOAQUIN",UNINCORPORATED,-121.00016784667969,38.008430480957031
91554655,2021,2021-08-26,9265,2021-08-07,0838,013515,,6,1,9,3900,0,1,3,,1,042,"STATE ROUTE 4 (EASTBOUND)","FILBERT STREET",1584.00,E,N,A,-,Y,,,4,,,,,,,Y,2,0,3,1,A,-,01,23152,A,N,E,I,A,A,H,-,A,D,0,,,,,Y,Y,A,01,2,1,0,0,0,0,0,0,0,"- ","- ",37.960941314697266,-121.24745941162109,"SAN JOAQUIN",UNINCORPORATED,-121.24745941162109,37.9608154296875
91555126,2021,2021-08-26,9266,2021-08-12,1555,020083,,4,2,9,3900,0,1,1,,1,015,"I-205 E/B","EL RANCHO RD",2112.00,E,N,A,-,Y,,,205,,,,,,E,Y,2,0,1,2,A,-,03,22350,,N,C,C,A,A,H,-,A,D,0,,,Y,,Y,,C,02,1,0,0,0,0,0,0,0,1,"- ","- ",37.764801025390625,-121.3636474609375,"SAN JOAQUIN",UNINCORPORATED,-121.3636474609375,37.764789581298828
91559382,2021,2021-08-31,9265,2021-08-12,2020,022134,,4,2,9,3900,0,2,4,,1,053,"WASHINGTON ST","ADELBERT AVE",0.00,,Y,A,-,N,,,,,,,,,,Y,2,0,3,3,A,-,12,22450,A,F,D,C,A,A,H,-,C,A,0,,,,,Y,,A,07,1,0,2,0,0,0,0,0,0,"- ","- ",37.962760925292969,-121.23680114746094,"SAN JOAQUIN",UNINCORPORATED,-121.23674774169922,37.962745666503906
91559391,2021,2021-08-31,9265,2021-08-16,1725,021781,,1,2,9,3900,0,1,3,,2,003,"SR-99 SOUTHBOUND FROM AUSTIN ROAD","AUSTIN ROAD",1056.00,S,N,A,-,Y,,,99,,,,R,,S,N,2,0,1,2,A,-,03,22350,,N,C,C,A,A,H,-,A,A,0,,,,,Y,,A,01,1,0,0,0,0,0,0,0,0,"- ","- ",37.771091461181641,-121.17516326904297,"SAN JOAQUIN",UNINCORPORATED,-121.17516326904297,37.771091461181641
91562535,2021,2021-09-03,9266,2021-08-07,1609,020083,,6,2,9,3900,0,1,1,,1,015,"I-205 E/B","PARADISE RD",440.00,W,N,A,-,Y,,,205,,,,,,E,Y,2,0,3,4,A,-,07,21658,A,N,C,C,A,A,H,-,A,D,0,,,,Y,Y,,D,22,1,2,0,0,0,0,0,0,0,"- ","- ",37.764919281005859,-121.38877105712891,"SAN JOAQUIN",UNINCORPORATED,-121.38877105712891,37.764743804931641
91579005,2021,2022-03-11,9265,2021-09-05,2155,021163,,7,2,9,3900,0,1,3,,1,066,SR-26,"WIMER RD.",1220.00,W,N,A,-,Y,,,,,,,,,,Y,2,0,2,2,A,-,01,23152,A,N,A,C,A,A,H,-,D,D,0,,,,,Y,Y,A,01,1,1,0,0,0,0,0,0,0,"- ","- ",38.091110229492188,-121.94847869873047,"SAN JOAQUIN",UNINCORPORATED,-120.94756317138672,38.091838836669922
91599290,2021,2021-10-18,9265,2021-09-12,0040,022364,,7,3,9,3900,0,2,4,,1,065,"SR-99 E FRONTAGE ROAD","MOSHER DRIVE",186.00,N,N,A,-,N,,,99,,,,,,,N,1,1,0,2,A,-,03,22350,,F,G,B,E,A,H,-,D,D,0,Y,,,,Y,,-,99,0,0,0,1,0,0,0,0,0,"- ","- ",38.044818878173828,-121.2581787109375,"SAN JOAQUIN",UNINCORPORATED,-121.25852203369141,38.044795989990234
91619910,2021,2021-11-09,9265,2021-10-28,0630,017989,,4,1,9,3900,0,3,5,,2,040,"HOWARD RD","ROBERTS RD",4000.00,E,N,A,-,N,,,,,,,,,,N,2,0,2,2,A,-,05,21460,A,N,A,C,A,A,H,-,D,D,0,,,,,Y,,A,07,2,0,0,0,0,0,0,0,0,"- ","- ",37.877361297607422,-121.32717132568359,"SAN JOAQUIN",UNINCORPORATED,-121.32859802246094,37.877605438232422
91620932,2021,2021-11-09,9266,2021-07-10,0610,019012,,6,1,9,3900,0,1,3,,1,025,SR-33,"KOSTER ROAD",2740.00,S,N,A,-,Y,,,33,,,,,,,Y,1,1,0,1,A,-,08,22107,,N,E,I,A,A,H,-,A,D,0,,,,,Y,,A,07,0,0,0,0,0,0,0,0,0,"- ","- ",37.658908843994141,-121.31902313232422,"SAN JOAQUIN",UNINCORPORATED,-121.31867980957031,37.659282684326172
91621490,2021,2021-11-10,9265,2021-08-28,2210,022155,,6,3,6,3905,0,1,3,,1,042,"SR-4 W/B TO STANISLAUS ST","STANISLAUS ST",869.00,E,N,A,-,Y,,,,,,,,,,N,1,1,0,2,A,-,03,22350,,F,G,B,E,A,H,-,C,D,0,Y,,,,Y,Y,-,99,0,0,0,1,0,0,0,0,0,"- ","- ",37.578418731689453,-121.16423034667969,"SAN JOAQUIN",STOCKTON,-121.27841186523438,37.952239990234375
91628190,2021,2021-11-18,9266,2021-11-10,2105,021704,,3,2,9,3900,0,1,3,,1,026,SR-132,"KOSTER RD",2640.00,E,N,A,-,Y,,,132,,,,,,,Y,2,0,2,2,A,-,05,21650,,N,A,C,A,A,H,-,D,D,0,,,,,Y,,A,01,1,1,0,0,0,0,0,0,0,"- ","- ",37.638069152832031,-121.31429290771484,"SAN JOAQUIN",UNINCORPORATED,-121.31429290771484,37.638076782226562
91628482,2021,2021-11-18,9265,2021-10-19,1620,022356,,2,2,9,3900,0,1,3,,1,062,"SR-88 (WATERLOO RD)","PICCOLI RD",355.00,E,N,A,-,Y,,,88,,,,,,,N,1,1,0,2,A,-,03,22350,,F,G,B,D,A,H,-,A,D,0,Y,,,,Y,,A,01,0,0,0,1,0,0,0,0,0,"- ","- ",37.987400054931641,-121.24594879150391,"SAN JOAQUIN",UNINCORPORATED,-121.24594116210938,37.987388610839844
91643913,2021,2021-12-06,9266,2021-10-25,0240,018888,,1,3,9,3900,0,3,5,,2,001,"WING LEVEE ROAD","HOWARD ROAD",6864.00,S,N,C,-,N,,,,,,,,,,Y,1,1,0,1,A,-,01,23152,A,N,F,A,A,B,H,-,D,A,0,,,,,Y,Y,D,22,0,0,0,0,0,0,0,0,0,"- ","- ",37.858898162841797,-121.37699890136719,"SAN JOAQUIN",UNINCORPORATED,-121.37664794921875,37.859886169433594
91646804,2021,2021-12-08,9265,2021-11-27,1920,020513,,6,2,9,3900,0,1,1,,2,504,"I-5 NB","BENJAMIN HOLT DR",785.00,S,N,A,-,Y,,,5,,,,,,N,Y,2,0,1,2,A,-,07,21658,A,F,B,C,A,A,H,-,D,D,0,,,,,Y,Y,-,99,1,0,0,0,0,0,0,0,0,"- ","- ",38.002620697021484,-121.35044097900391,"SAN JOAQUIN",UNINCORPORATED,-121.35037231445312,38.002647399902344
91675641,2021,2022-01-11,9265,2021-12-17,1100,017989,,5,1,9,3900,0,1,3,,1,092,SR-12,"GUARD RD",1313.00,W,N,A,-,Y,,,12,,,,,,,Y,1,1,1,2,A,-,08,22107,,N,D,C,A,A,H,-,A,D,0,,,,Y,Y,,A,01,0,0,1,0,0,0,0,0,0,"- ","- ",38.115829467773438,-121.42778015136719,"SAN JOAQUIN",UNINCORPORATED,-121.42778778076172,38.115898132324219
91677466,2022,2022-01-13,9265,2022-01-06,1305,015490,,4,1,9,3900,0,3,5,,2,060,"CHEROKEE RD.","CHERRYLAND RD.",0.00,,Y,B,-,N,,,,,,,,,,Y,2,0,3,2,A,-,09,21801,A,N,B,C,A,A,H,-,A,A,0,,,,,Y,,A,01,1,0,2,0,0,0,0,0,0,"- ","- ",37.998779296875,-121.24642181396484,"SAN JOAQUIN",UNINCORPORATED,-121.24609375,37.9989013671875
91681165,2021,2022-01-19,9265,2021-09-30,2110,017439,,4,2,9,3900,0,3,5,,2,010,"LATHROP RD","PUEBLO DR.",0.00,,Y,A,-,N,,,,,,,,,,Y,2,0,2,2,A,-,09,21801,A,N,E,C,A,A,H,-,D,D,0,,,,Y,Y,,F,55,1,1,0,0,0,0,0,0,0,"- ","- ",37.826461791992188,-121.21029663085938,"SAN JOAQUIN",UNINCORPORATED,-121.21035003662109,37.826515197753906
9168177,2020,2020-12-14,3906,2020-10-02,2053,916,,5,5,5,3906,0,0,0,,0,003,"SUMMER LN","PAUL POOLE DR",0.00,,Y,B,-,N,,,,,,,,,,N,2,0,1,2,A,-,09,21800,B,N,-,C,A,A,H,-,C,A,0,,,Y,,Y,,C,03,1,0,0,0,0,0,0,0,1,"- ","- ",,,"SAN JOAQUIN",TRACY,-121.46095275878906,37.737819671630859