CASE_ID,ACCIDENT_YEAR,PROC_DATE,JURIS,COLLISION_DATE,COLLISION_TIME,OFFICER_ID,REPORTING_DISTRICT,DAY_OF_WEEK,CHP_SHIFT,POPULATION,CNTY_CITY_LOC,SPECIAL_COND,BEAT_TYPE,CHP_BEAT_TYPE,CITY_DIVISION_LAPD,CHP_BEAT_CLASS,BEAT_NUMBER,PRIMARY_RD,SECONDARY_RD,DISTANCE,DIRECTION,INTERSECTION,WEATHER_1,WEATHER_2,STATE_HWY_IND,CALTRANS_COUNTY,CALTRANS_DISTRICT,STATE_ROUTE,ROUTE_SUFFIX,POSTMILE_PREFIX,POSTMILE,LOCATION_TYPE,RAMP_INTERSECTION,SIDE_OF_HWY,TOW_AWAY,COLLISION_SEVERITY,NUMBER_KILLED,NUMBER_INJURED,PARTY_COUNT,PRIMARY_COLL_FACTOR,PCF_CODE_OF_VIOL,PCF_VIOL_CATEGORY,PCF_VIOLATION,PCF_VIOL_SUBSECTION,HIT_AND_RUN,TYPE_OF_COLLISION,MVIW,PED_ACTION,ROAD_SURFACE,ROAD_COND_1,ROAD_COND_2,LIGHTING,CONTROL_DEVICE,CHP_ROAD_TYPE,PEDESTRIAN_ACCIDENT,BICYCLE_ACCIDENT,MOTORCYCLE_ACCIDENT,TRUCK_ACCIDENT,NOT_PRIVATE_PROPERTY,ALCOHOL_INVOLVED,STWD_VEHTYPE_AT_FAULT,CHP_VEHTYPE_AT_FAULT,COUNT_SEVERE_INJ,COUNT_VISIBLE_INJ,COUNT_COMPLAINT_PAIN,COUNT_PED_KILLED,COUNT_PED_INJURED,COUNT_BICYCLIST_KILLED,COUNT_BICYCLIST_INJURED,COUNT_MC_KILLED,COUNT_MC_INJURED,PRIMARY_RAMP,SECONDARY_RAMP,LATITUDE,LONGITUDE,COUNTY,CITY,POINT_X,POINT_Y
91693740,2022,2022-02-04,9265,2022-02-01,1650,018694,,2,2,4,3903,0,1,3,,2,025,"SR-120 E/B","MAIN STREET",2640.00,E,N,A,-,Y,SJ,,120,,R,5.808,H,,R,Y,2,0,2,4,A,-,03,22350,,N,C,C,A,A,H,-,A,D,0,,,,,Y,,D,22,1,1,0,0,0,0,0,0,0,"- ","- ",37.783191680908203,-121.20677947998047,"SAN JOAQUIN",MANTECA,-121.20677947998047,37.783210754394531
91710082,2022,2022-02-25,9266,2022-02-10,2335,022498,,4,3,9,3900,0,1,1,,2,021,"I-580 E/B",SR-132,721.00,W,N,A,-,Y,,,,,,,,,,Y,2,0,2,1,A,-,08,22107,,N,F,A,A,A,H,-,D,D,0,,,,,Y,,A,01,1,1,0,0,0,0,0,0,0,"- ","- ",37.639610290527344,-121.40435028076172,"SAN JOAQUIN",UNINCORPORATED,-121.40418243408203,37.639892578125
9172121,2020,2020-11-05,3905,2020-10-02,1650,2542,,5,5,6,3905,0,0,0,,0,,"EL DORADO ST","MARIPOSA AV",82.00,S,N,A,-,N,,,,,,,,,,Y,2,0,3,2,A,-,03,22350,,N,E,I,A,A,H,-,A,A,0,,,,,Y,,A,01,1,0,2,0,0,0,0,0,0,"- ","- ",37.977581024169922,-121.29936218261719,"SAN JOAQUIN",STOCKTON,-121.29838562011719,37.97784423828125
91722324,2022,2022-03-14,9265,2022-03-01,1738,022049,,2,2,9,3900,0,2,4,,1,051,"MAIN ST","HINKLEY AVE",0.00,,Y,A,-,N,,,,,,,,,,Y,2,0,1,2,A,-,09,21802,A,N,D,C,A,A,H,-,A,A,0,,,Y,,Y,,D,22,1,0,0,0,0,0,0,0,1,"- ","- ",37.954151153564453,-121.23654937744141,"SAN JOAQUIN",UNINCORPORATED,-121.23651123046875,37.954063415527344
91731159,2022,2022-05-06,9265,2022-01-05,1726,017439,,3,2,9,3900,0,2,4,,1,022,"UNION RD.","LOVELACE RD.",50.00,S,N,A,-,N,,,,,,,,,,Y,1,1,0,2,A,-,01,23152,A,N,B,C,A,A,H,-,D,A,0,,,,,Y,Y,A,01,0,0,0,0,0,0,0,0,0,"- ","- ",37.848251342773438,-121.23690032958984,"SAN JOAQUIN",UNINCORPORATED,-121.23688507080078,37.848102569580078
91733916,2022,2022-03-25,9265,2022-03-20,1220,018836,,7,1,9,3900,0,1,3,,1,013,SR-4,"HEWITT RD",370.00,E,N,A,-,Y,SJ,,4,,,31.065,H,,R,Y,2,0,1,1,A,-,01,23152,A,N,F,A,A,A,H,-,A,A,0,,,Y,,Y,Y,C,02,1,0,0,0,0,0,0,0,1,"- ","- ",37.929660797119141,-121.03706359863281,"SAN JOAQUIN",UNINCORPORATED,-121.03704833984375,37.929706573486328
91737330,2022,2022-03-30,9265,2022-03-24,0735,017989,,4,1,9,3900,0,3,5,,2,090,"PELTIER RD","DAVIS RD",2640.00,E,N,A,-,N,,,,,,,,,,Y,2,0,2,2,A,-,01,23152,F,N,A,C,A,A,H,-,A,D,0,,,,,Y,,A,01,2,0,0,0,0,0,0,0,0,"- ","- ",38.189121246337891,-121.32624816894531,"SAN JOAQUIN",UNINCORPORATED,-121.32640075683594,38.189170837402344
91742203,2022,2022-04-06,9265,2022-02-18,2350,019139,,5,3,9,3900,0,1,3,,2,006,"SR-99 N/B TO PELTIER RD","PELTIER RD.",385.00,N,N,A,-,Y,SJ,,99,,,34.651,H,,R,Y,1,1,0,1,A,-,01,23152,F,N,E,8,A,A,H,-,C,A,0,,,,,Y,,D,22,0,0,0,0,0,0,0,0,0,"- ","- ",38.190319061279297,-121.26251983642578,"SAN JOAQUIN",UNINCORPORATED,-121.26260375976562,38.190319061279297
91743986,2022,2022-04-08,9265,2022-03-21,2150,019139,,1,2,9,3900,0,1,3,,2,004,"SR-99 N/B","8 MILE RD.",2750.00,S,N,A,-,Y,SJ,,99,,,24.903,H,,R,N,2,0,4,3,A,-,01,23152,A,N,C,C,A,A,H,-,D,D,0,,,,,Y,Y,A,01,1,2,1,0,0,0,0,0,0,"- ","- ",38.049911499023438,-121.25862121582031,"SAN JOAQUIN",UNINCORPORATED,-121.25888824462891,38.049896240234375
91747495,2022,2022-04-13,9266,2022-03-17,1540,018365,,4,2,9,3900,0,1,1,,2,021,SR-132,"KOSTER ROAD",0.00,,Y,A,-,Y,SJ,,132,,,4.267,H,,R,Y,1,1,2,2,A,-,09,21802,A,N,D,C,A,A,H,-,A,A,0,,,Y,,Y,,C,03,1,0,1,0,0,0,0,1,1,"- ","- ",37.637989044189453,-121.32431793212891,"SAN JOAQUIN",UNINCORPORATED,-121.32431793212891,37.638004302978516
91772373,2022,2022-05-16,9265,2022-05-06,1813,022356,,5,2,9,3900,0,3,5,,2,030,"HOWARD RD","CROCKER RD",2360.00,W,N,A,-,N,,,,,,,,,,Y,2,0,2,2,A,-,06,21751,,N,A,C,A,A,H,-,A,D,0,,,,,Y,,A,01,1,1,0,0,0,0,0,0,0,"- ","- ",37.876979827880859,-121.37534332275391,"SAN JOAQUIN",UNINCORPORATED,-121.37535095214844,37.876960754394531
91775356,2022,2022-05-18,9266,2022-05-05,0627,015029,,4,1,9,3900,0,1,1,,2,014,"I-205 W/B","ALAMEDA COUNTY LINE",70.00,E,N,A,-,Y,ALA,,205,,,0.443,H,,L,N,2,0,1,2,A,-,07,21658,A,N,B,C,A,A,H,-,A,D,0,,,Y,,Y,,A,01,1,0,0,0,0,0,0,0,1,"- ","- ",37.743240356445312,-121.55729675292969,"SAN JOAQUIN",UNINCORPORATED,-121.55729675292969,37.743209838867188
91775918,2022,2022-05-19,9265,2022-04-13,1135,017989,,3,1,9,3900,0,1,3,,1,092,SR-12,"I-5 S/B OFF RAMP TO SR-12",0.00,,Y,D,-,Y,SJ,,12,,,10.006,H,,R,Y,2,0,1,2,A,-,12,21453,A,N,D,C,A,A,G,-,A,A,0,,,,Y,Y,,G,25,1,0,0,0,0,0,0,0,0,"- ","- ",38.116138458251953,-121.40094757080078,"SAN JOAQUIN",UNINCORPORATED,-121.40094757080078,38.115932464599609
91779774,2022,2022-05-25,9265,2022-04-05,1625,019139,,2,2,6,3905,0,1,1,,2,503,"I-5 S/B","FRENCH CAMP RD",2112.00,N,N,A,-,Y,SJ,,5,,R,22.939,H,,L,N,2,0,1,2,A,-,07,21658,A,F,B,C,A,A,H,-,A,D,0,,,Y,,Y,,-,99,1,0,0,0,0,0,0,0,1,"- ","- ",37.902870178222656,-121.28610992431641,"SAN JOAQUIN",STOCKTON,-121.28606414794922,37.902881622314453
91781230,2022,2022-05-26,9266,2022-05-09,2230,020279,,1,3,9,3900,0,2,4,,1,016,"ELEVENTH ST E/B","BANTA RD",39.00,W,N,A,-,N,,,,,,,,,,Y,2,0,2,2,A,-,03,22350,,N,C,C,A,A,H,-,D,A,0,,,,Y,Y,,A,07,1,0,1,0,0,0,0,0,0,"- ","- ",37.739528656005859,-122.38009643554688,"SAN JOAQUIN",UNINCORPORATED,-121.380126953125,37.739753723144531
91785994,2022,2022-06-01,9266,2022-04-24,1425,022498,,7,2,9,3900,0,2,4,,1,016,"ELEVENTH ST. E/B","BIRD ROAD",0.00,,Y,A,-,N,,,,,,,,,,Y,1,1,4,2,A,-,12,21453,A,N,D,C,A,A,H,-,A,A,0,,,,,Y,,A,07,0,2,2,0,0,0,0,0,0,"- ","- ",37.745609283447266,-121.36179351806641,"SAN JOAQUIN",UNINCORPORATED,-121.36179351806641,37.745937347412109
91788543,2022,2022-06-06,9465,2022-05-28,1500,020833,,6,2,9,3900,0,1,3,,2,011,"STATE ROUTE 99 (NORTHBOUND)","HAMMETT ROAD",1950.00,S,N,A,-,Y,STA,,99,,R,23.899,H,,R,Y,2,0,4,3,A,-,03,22350,,N,C,C,A,A,H,-,A,D,0,,,,,Y,,A,01,1,1,2,0,0,0,0,0,0,"- ","- ",37.721649169921875,-121.09935760498047,"SAN JOAQUIN",UNINCORPORATED,-121.09932708740234,37.721675872802734
91789314,2022,2022-06-06,9266,2022-05-27,1920,018888,,5,2,9,3900,0,1,1,,2,024,"I-5 N/B FROM 11TH ST","N/B 11TH STREET",2112.00,N,N,A,-,Y,,,,,,,,,,Y,2,0,2,1,A,-,01,23152,A,N,E,I,A,A,H,-,A,D,0,,,,,Y,Y,A,01,1,0,1,0,0,0,0,0,0,"- ","- ",37.759639739990234,-121.33944702148438,"SAN JOAQUIN",UNINCORPORATED,-121.33944702148438,37.759639739990234
91794931,2022,2022-06-14,9265,2022-06-06,0420,022315,,1,3,9,3900,0,3,5,,2,020,"BRADY RD","MANTECA RD",3296.00,E,N,A,-,N,,,,,,,,,,N,2,0,1,1,A,-,08,22107,,N,E,I,A,A,H,-,D,D,0,,,,,Y,,A,01,1,0,0,0,0,0,0,0,0,"- ","- ",37.728481292724609,-121.20382690429688,"SAN JOAQUIN",UNINCORPORATED,-121.20390319824219,37.728500366210938
91798917,2022,2022-06-20,9265,2022-06-06,0448,022123,,1,3,9,3900,0,1,3,,2,004,"SR-99 N/B","ARMSTRONG RD",1430.00,S,N,A,-,Y,SJ,,99,,,27.229,H,,R,Y,2,0,2,2,A,-,03,22350,,N,C,C,A,A,H,-,B,D,0,,,,,Y,,A,01,1,1,0,0,0,0,0,0,0,"- ","- ",38.083480834960938,-121.25991821289062,"SAN JOAQUIN",UNINCORPORATED,-121.25988006591797,38.083480834960938
91806185,2022,2023-01-03,9266,2022-06-10,0525,015029,,5,3,9,3900,0,1,1,,2,021,"I-580 E/B","CORRAL HOLLOW ROAD",13517.00,W,N,A,-,Y,SJ,,580,,,7.730,H,,L,Y,2,0,2,3,A,-,01,23153,G,N,F,C,A,A,H,-,B,A,0,,,Y,Y,Y,Y,A,07,2,0,0,0,0,0,0,0,1,"- ","- ",37.668418884277344,-121.45133972167969,"SAN JOAQUIN",UNINCORPORATED,-121.4512939453125,37.668464660644531
91814062,2022,2022-07-11,9266,2022-06-29,1645,021822,,3,2,9,3900,0,1,1,,2,014,"I-205 E/B","TRACY BLVD",3580.00,W,N,A,-,Y,SJ,,205,,R,6.310,H,,R,Y,2,0,1,2,A,-,03,22350,,N,C,C,A,A,H,-,A,D,0,,,Y,,Y,,C,02,1,0,0,0,0,0,0,0,1,"- ","- ",37.760311126708984,-121.44743347167969,"SAN JOAQUIN",UNINCORPORATED,-121.44746398925781,37.760360717773438
91816947,2022,2022-07-14,9265,2022-04-23,1610,021781,,6,2,4,3903,0,1,3,,2,001,"SR-99 N/B","AUSTIN RD",1450.00,N,N,A,-,Y,SJ,,99,,,5.182,H,,R,Y,1,1,5,4,A,-,03,22350,,N,B,C,A,A,H,-,A,D,0,,,,,Y,,D,22,1,0,4,0,0,0,0,0,0,"- ","- ",37.777679443359375,-121.18292236328125,"SAN JOAQUIN",MANTECA,-121.18296813964844,37.777641296386719
91818128,2022,2022-07-15,9265,2022-05-07,0505,022042,,6,3,4,3903,0,1,3,,2,025,"SR-120 E/B","VAN RYN AVE",754.00,E,N,A,-,Y,SJ,,120,,R,6.291,H,,R,Y,1,1,0,1,A,-,01,23152,G,N,E,I,A,A,H,-,D,D,0,,,,,Y,Y,A,01,0,0,0,0,0,0,0,0,0,"- ","- ",37.783248901367188,-121.19792938232422,"SAN JOAQUIN",MANTECA,-121.19792938232422,37.783203125
91818198,2022,2022-07-15,9265,2022-07-03,0100,022422,,7,3,6,3905,0,1,1,,2,503,"I-5 S/B","MARCH LANE",400.00,N,N,A,-,Y,SJ,,5,,,30.212,H,,L,N,2,0,2,2,A,-,08,22107,,N,E,8,A,A,H,-,C,D,0,,,,,Y,,D,22,1,0,1,0,0,0,0,0,0,"- ","- ",37.987369537353516,-121.34485626220703,"SAN JOAQUIN",STOCKTON,-121.34473419189453,37.987400054931641
91822055,2022,2022-07-21,9265,2022-07-09,1102,021440,,6,1,9,3900,0,3,5,,2,060,"BECKMAN RD","HARNEY LN",3274.00,N,N,A,-,N,,,,,,,,,,Y,2,0,1,1,A,-,01,23152,A,N,E,I,A,A,H,-,A,D,0,,,,,Y,Y,A,01,1,0,0,0,0,0,0,0,0,"- ","- ",38.109920501708984,-122.25614929199219,"SAN JOAQUIN",UNINCORPORATED,-121.25627136230469,38.110469818115234
91823053,2022,2022-07-22,9265,2022-06-16,1150,018289,,4,1,9,3900,0,1,3,,1,016,SR-120,"S HARROLD AVENUE",655.00,W,N,A,-,Y,SJ,,120,,,18.561,H,,R,Y,2,0,1,3,A,-,05,21650,,N,D,C,A,A,H,-,A,D,0,,,,Y,Y,,D,22,1,0,0,0,0,0,0,0,0,"- ","- ",37.794090270996094,-120.97145843505859,"SAN JOAQUIN",UNINCORPORATED,-120.97145843505859,37.794124603271484
91826159,2022,2022-07-27,9265,2022-05-12,0051,022072,,4,3,4,3903,0,1,3,,2,001,"SR-99 S/B","SR-120 (YOSEMITE AVE.)",1384.00,N,N,B,-,Y,SJ,,99,,,6.944,H,,L,Y,1,1,4,2,A,-,01,23152,G,N,A,C,A,A,H,-,C,D,0,,,,,Y,Y,A,01,4,0,0,0,0,0,0,0,0,"- ","- ",37.8013916015625,-121.19264221191406,"SAN JOAQUIN",MANTECA,-121.19264984130859,37.801387786865234
91826387,2022,2022-07-27,9265,2022-06-28,1302,015490,,2,1,9,3900,0,3,5,,2,060,"LIBERTY ROAD","SOWLES RD.",452.00,W,N,A,-,N,,,,,,,,,,N,1,1,0,2,A,-,01,23152,F,N,C,C,A,A,H,-,A,A,0,,,Y,,Y,,C,02,0,0,0,0,0,0,0,1,0,"- ","- ",38.234519958496094,-121.1915283203125,"SAN JOAQUIN",UNINCORPORATED,-121.19145202636719,38.234485626220703
91827189,2022,2022-07-28,9265,2022-06-15,0023,021440,,3,3,9,3900,0,3,5,,2,040,"LOWER JONES RD","WHISKEY SLOUGH",7973.00,N,N,A,-,N,,,,,,,,,,Y,1,1,0,1,A,-,01,23152,A,N,E,J,A,A,H,-,D,D,0,,,,,Y,Y,A,01,0,0,0,0,0,0,0,0,0,"- ","- ",37.949878692626953,-121.44902038574219,"SAN JOAQUIN",UNINCORPORATED,-121.43052673339844,37.934768676757812
9183694,2020,2020-12-14,3905,2020-10-15,2115,3040,CIV,4,5,6,3905,0,0,0,,0,,"MADISON ST","OAK ST",0.00,,Y,A,-,N,,,,,,,,,,N,2,0,4,2,A,-,12,21453,A,N,D,D,A,A,H,-,C,A,0,,,,,Y,,A,01,1,2,1,0,0,0,0,0,0,"- ","- ",37.958080291748047,-121.29524993896484,"SAN JOAQUIN",STOCKTON,-121.29531860351562,37.958049774169922
91843303,2022,2022-08-18,9265,2022-07-24,1710,022049,,7,2,9,3900,0,3,5,,2,060,"PELTIER RD","KENNEFICK RD",385.00,E,N,A,-,N,,,,,,,,,,N,2,0,1,1,A,-,08,22107,,N,E,I,A,A,H,-,A,D,0,,,,,Y,,A,01,1,0,0,0,0,0,0,0,0,"- ","- ",38.189090728759766,-121.24263000488281,"SAN JOAQUIN",UNINCORPORATED,-121.24269104003906,38.189041137695312
91863239,2022,2022-09-13,9266,2022-06-19,0045,020599,,7,3,9,3900,0,1,3,,1,011,SR-4,"MIDDLE RIVER BRIDGE",6864.00,W,N,A,-,Y,SJ,,4,,,3.089,H,,R,Y,1,1,1,1,A,-,01,23152,A,N,E,I,A,A,H,-,D,D,0,,,,,Y,Y,A,01,0,1,0,0,0,0,0,0,0,"- ","- ",37.890129089355469,-121.51425933837891,"SAN JOAQUIN",UNINCORPORATED,-121.51427459716797,37.890167236328125
91869699,2022,2022-09-26,9265,2022-03-27,1416,021284,,7,2,9,3900,0,2,4,,1,065,"SR-99 E. FRONTAGE RD","MOSHER DR",298.00,N,N,A,-,N,,,,,,,,,,Y,1,1,3,2,A,-,01,23152,A,F,D,C,A,A,H,-,A,D,0,,,,,Y,Y,A,01,2,1,0,0,0,0,0,0,0,"- ","- ",38.045570373535156,-121.25829315185547,"SAN JOAQUIN",UNINCORPORATED,-121.25857543945312,38.045547485351562
91871926,2022,2022-09-23,9266,2022-09-07,0635,020083,,3,1,5,3906,0,1,1,,2,014,"I-205 W/B","GRANT LINE RD",85.00,W,N,A,-,Y,SJ,,205,,R,5.276,H,,L,Y,2,0,3,3,A,-,03,22350,,N,C,C,A,A,H,-,B,D,0,,,,Y,Y,,G,25,3,0,0,0,0,0,0,0,0,"- ","- ",37.753791809082031,-121.46441650390625,"SAN JOAQUIN",TRACY,-121.46440887451172,37.753776550292969
91886471,2022,2022-10-10,9265,2022-09-24,1435,022134,,6,2,9,3900,0,1,1,,2,505,"I-5 S/B FROM SR-12 E/B",SR-12,1058.00,S,N,A,-,Y,SJ,,5,,,39.365,H,,L,N,2,0,1,2,A,-,08,22107,,N,E,8,A,A,H,-,A,D,0,,,Y,Y,Y,,C,02,1,0,0,0,0,0,0,0,1,"- ","- ",38.1131591796875,-121.39682006835938,"SAN JOAQUIN",UNINCORPORATED,-121.39669799804688,38.113208770751953
91888533,2022,2022-10-12,9265,2022-07-18,2318,022499,,1,3,6,3905,0,1,1,,2,503,"I-5 NB FROM FRENCH CAMP ROAD","FRENCH CAMP RD",893.00,N,N,A,-,Y,SJ,,5,,R,22.695,H,,R,Y,1,1,0,2,A,-,11,21954,A,N,G,B,E,A,H,-,C,D,0,Y,,,,Y,,N,60,0,0,0,1,0,0,0,0,0,"- ","- ",37.899551391601562,-121.2843017578125,"SAN JOAQUIN",STOCKTON,-121.28450012207031,37.899505615234375
91896149,2022,2022-10-21,9265,2022-10-11,0210,022042,,2,3,9,3900,0,3,5,,2,060,"LIBERTY ROAD",SR-88,2112.00,W,N,A,-,N,,,,,,,,,,Y,2,0,1,1,A,-,01,23152,A,N,F,A,A,A,H,-,D,D,0,,,,,Y,Y,A,01,1,0,0,0,0,0,0,0,0,"- ","- ",38.235980987548828,-121.05912017822266,"SAN JOAQUIN",UNINCORPORATED,-121.05085754394531,38.236080169677734
91904354,2022,2022-10-28,9265,2022-10-08,2130,021781,,6,2,9,3900,0,3,5,,2,060,"HARNEY LN","ALPINE RD",1685.00,E,N,A,-,N,,,,,,,,,,Y,2,0,3,3,A,-,21,22106,,N,H,C,A,A,H,-,D,D,0,,,,,Y,Y,A,01,1,0,2,0,0,0,0,0,0,"- ","- ",38.101490020751953,-121.20945739746094,"SAN JOAQUIN",UNINCORPORATED,-121.20912170410156,38.101482391357422
91904380,2022,2022-10-28,9265,2022-10-18,1540,018289,,2,2,9,3900,0,2,4,,1,065,"FOPPIANO LANE","ONETO ROAD",230.00,W,N,A,-,N,,,,,,,,,,Y,2,0,1,1,A,-,03,22350,,N,F,I,A,A,H,-,A,D,0,,,Y,,Y,,C,02,1,0,0,0,0,0,0,0,1,"- ","- ",38.023490905761719,-121.24217224121094,"SAN JOAQUIN",UNINCORPORATED,-121.24208831787109,38.02349853515625
91905695,2022,2022-10-31,9265,2022-10-20,0602,018836,,4,1,9,3900,0,2,4,,1,015,"COPPEROPOLIS RD","TULSA AVE",13.00,W,N,A,-,N,,,,,,,,,,Y,2,0,3,2,A,-,09,21801,A,N,A,C,A,A,H,-,D,D,0,,,,,Y,,A,01,2,0,1,0,0,0,0,0,0,"- ","- ",37.967170715332031,-121.17117309570312,"SAN JOAQUIN",UNINCORPORATED,-121.17113494873047,37.967189788818359
91910006,2022,2022-11-04,9265,2022-10-28,0309,018784,,5,3,9,3900,0,2,4,,1,074,"BENJAMIN HOLT DR","ALEXANDRIA PL",60.00,E,N,A,-,N,,,,,,,,,,Y,2,0,1,1,A,-,01,23152,A,N,E,I,A,A,H,-,C,D,0,,,,,Y,Y,A,01,1,0,0,0,0,0,0,0,0,"- ","- ",38.005939483642578,-121.33849334716797,"SAN JOAQUIN",UNINCORPORATED,-121.33858489990234,38.00579833984375
91919430,2022,2022-11-16,9265,2022-11-08,1018,021364,,2,1,6,3905,0,1,1,,2,503,"I-5 N/B","CARLTON AVE",100.00,S,N,B,C,Y,,,,,,,,,,N,2,0,1,2,A,-,05,21651,A,N,E,I,A,B,H,-,A,D,0,,,,Y,Y,,A,01,1,0,0,0,0,0,0,0,0,"- ","- ",37.572311401367188,-121.19284820556641,"SAN JOAQUIN",STOCKTON,-121.32579803466797,37.956378936767578
91921863,2022,2022-11-18,9265,2022-10-25,0215,018784,,2,3,9,3900,0,1,1,,2,505,"I-5 S/B","EIGHT MILE ROAD",10032.00,N,N,A,-,Y,SJ,,5,,,37.277,H,,L,Y,1,1,1,2,A,-,08,22107,,N,B,2,A,A,H,-,D,D,0,,,,,Y,,A,07,1,0,0,0,0,0,0,0,0,"- ","- ",38.085609436035156,-121.38160705566406,"SAN JOAQUIN",UNINCORPORATED,-121.38152313232422,38.085628509521484
91923346,2022,2022-11-21,9266,2022-11-05,0652,020083,,6,1,9,3900,0,1,1,,2,014,"I-205 E/B","MOUNTAIN HOUSE PKWY",1901.00,W,N,A,-,Y,SJ,,205,,,1.004,H,,R,Y,2,0,2,2,A,-,08,22107,,N,B,C,A,A,H,-,C,D,0,,,,Y,Y,,A,01,1,1,0,0,0,0,0,0,0,"- ","- ",37.742790222167969,-121.53835296630859,"SAN JOAQUIN",UNINCORPORATED,-121.53834533691406,37.742828369140625
91930572,2022,2022-11-30,9265,2022-11-29,1534,022365,,2,2,9,3900,0,3,5,,2,090,"ACAMPO RD","LOWER SACRAMENTO RD",0.00,,Y,A,-,N,,,,,,,,,,Y,2,0,2,2,A,-,09,21802,A,N,A,C,A,A,H,-,A,A,0,,,,,Y,,D,22,1,0,1,0,0,0,0,0,0,"- ","- ",38.174720764160156,-121.29402923583984,"SAN JOAQUIN",UNINCORPORATED,-121.29409027099609,38.174671173095703
91934033,2022,2022-12-05,9265,2022-11-21,0555,021364,,1,3,9,3900,0,3,5,,2,040,SR-4,"INLAND DRIVE",841.00,E,N,A,-,Y,,,,,,,,,,Y,2,0,3,4,A,-,05,21460,A,N,A,C,A,A,H,-,D,D,0,,,,Y,Y,,D,22,1,2,0,0,0,0,0,0,0,"- ","- ",37.553680419921875,-121.23385620117188,"SAN JOAQUIN",UNINCORPORATED,-121.39408111572266,37.926891326904297
91934225,2022,2022-12-05,9265,2022-11-21,1420,018289,,1,2,9,3900,0,1,3,,2,004,"SR-99 S/B TO WILSON WAY","SR-99 S/B",24.00,W,N,A,-,Y,SJ,,99,,,21.742,H,,L,Y,2,0,1,1,A,-,01,23152,A,N,F,I,A,A,H,-,A,D,0,,,Y,,Y,Y,C,02,1,0,0,0,0,0,0,0,1,"- ","- ",38.003971099853516,-121.25803375244141,"SAN JOAQUIN",UNINCORPORATED,-121.25788879394531,38.003986358642578
91938702,2022,2022-12-09,9265,2022-11-07,2020,022356,,1,2,9,3900,0,3,5,,2,010,"SR-99 E FRONTAGE RD","MARFARGOA RD",120.00,S,N,B,-,N,,,,,,,,,,N,1,1,0,2,A,-,11,21954,A,F,G,B,D,B,H,-,D,D,0,Y,,,,Y,,N,60,0,0,0,1,0,0,0,0,0,"- ","- ",37.913360595703125,-121.22601318359375,"SAN JOAQUIN",UNINCORPORATED,-121.22617340087891,37.913295745849609
91942218,2022,2022-12-14,9265,2022-11-05,0045,022505,,6,3,9,3900,0,3,5,,2,010,"RIVER RD","SEIDNER RD",276.00,E,N,A,-,N,,,,,,,,,,Y,1,1,0,1,A,-,01,23152,G,N,E,I,A,A,H,-,D,D,0,,,,,Y,Y,A,01,0,0,0,0,0,0,0,0,0,"- ","- ",37.762111663818359,-120.94917297363281,"SAN JOAQUIN",UNINCORPORATED,-120.94914245605469,37.762031555175781
91966677,2023,2023-01-12,9265,2023-01-08,"230 ",022072,,7,3,9,3900,0,3,5,,2,060,"KETTLEMAN LN","ALPINE RD",1056.00,E,N,B,C,N,,,,,,,,,,Y,2,0,1,1,A,-,03,22350,,N,E,J,A,B,C,-,D,A,0,,,,,Y,,A,01,1,0,0,0,0,0,0,0,0,"- ","- ",38.116081237792969,-121.20758819580078,"SAN JOAQUIN",UNINCORPORATED,-121.21138000488281,38.115974426269531
91968069,2023,2023-01-13,9265,2023-01-10,"738 ",017405,,2,1,9,3900,0,1,3,,1,016,SR-120,"HARROLD AVE.",60.00,E,N,B,C,Y,SJ,,120," "," ",18.702,H,,R,Y,2,0,1,2,A,-,08,22107,,N,D,C,A,B,H,-,A,D,0,,,,,Y,,D,22,1,0,0,0,0,0,0,0,0,"- ","- ",37.794078826904297,-120.96887969970703,"SAN JOAQUIN",UNINCORPORATED,-120.96887969970703,37.794097900390625
91990052,2022,2023-02-08,9265,2022-09-02,0330,022042,,5,3,9,3900,0,3,5,,2,060,"KENNEFICK ROAD","PELTIER ROAD",0.00,,Y,A,-,N,,,,,,,,,,Y,1,1,0,2,A,-,09,21802,A,F,D,C,A,A,H,-,D,A,0,,,,Y,Y,,G,25,0,0,0,0,0,0,0,0,0,"- ","- ",38.189018249511719,-121.24407958984375,"SAN JOAQUIN",UNINCORPORATED,-121.24403381347656,38.189033508300781
92002603,2023,2023-02-24,9265,2023-01-01,1035,015629,,7,1,9,3900,0,1,1,,2,505,"I-5 N/B",SR-12,5280.00,S,N,A,-,Y,SJ,,5," "," ",38.468,H,,R,Y,1,1,2,4,A,-,01,23152,F,N,B,C,A,A,H,-,A,D,0,,,,,Y,,A,01,0,0,2,0,0,0,0,0,0,"- ","- ",38.101718902587891,-121.38890075683594,"SAN JOAQUIN",UNINCORPORATED,-121.388916015625,38.101715087890625