CASE_ID,ACCIDENT_YEAR,PROC_DATE,JURIS,COLLISION_DATE,COLLISION_TIME,OFFICER_ID,REPORTING_DISTRICT,DAY_OF_WEEK,CHP_SHIFT,POPULATION,CNTY_CITY_LOC,SPECIAL_COND,BEAT_TYPE,CHP_BEAT_TYPE,CITY_DIVISION_LAPD,CHP_BEAT_CLASS,BEAT_NUMBER,PRIMARY_RD,SECONDARY_RD,DISTANCE,DIRECTION,INTERSECTION,WEATHER_1,WEATHER_2,STATE_HWY_IND,CALTRANS_COUNTY,CALTRANS_DISTRICT,STATE_ROUTE,ROUTE_SUFFIX,POSTMILE_PREFIX,POSTMILE,LOCATION_TYPE,RAMP_INTERSECTION,SIDE_OF_HWY,TOW_AWAY,COLLISION_SEVERITY,NUMBER_KILLED,NUMBER_INJURED,PARTY_COUNT,PRIMARY_COLL_FACTOR,PCF_CODE_OF_VIOL,PCF_VIOL_CATEGORY,PCF_VIOLATION,PCF_VIOL_SUBSECTION,HIT_AND_RUN,TYPE_OF_COLLISION,MVIW,PED_ACTION,ROAD_SURFACE,ROAD_COND_1,ROAD_COND_2,LIGHTING,CONTROL_DEVICE,CHP_ROAD_TYPE,PEDESTRIAN_ACCIDENT,BICYCLE_ACCIDENT,MOTORCYCLE_ACCIDENT,TRUCK_ACCIDENT,NOT_PRIVATE_PROPERTY,ALCOHOL_INVOLVED,STWD_VEHTYPE_AT_FAULT,CHP_VEHTYPE_AT_FAULT,COUNT_SEVERE_INJ,COUNT_VISIBLE_INJ,COUNT_COMPLAINT_PAIN,COUNT_PED_KILLED,COUNT_PED_INJURED,COUNT_BICYCLIST_KILLED,COUNT_BICYCLIST_INJURED,COUNT_MC_KILLED,COUNT_MC_INJURED,PRIMARY_RAMP,SECONDARY_RAMP,LATITUDE,LONGITUDE,COUNTY,CITY,POINT_X,POINT_Y
92016290,2023,2023-03-13,9265,2023-03-04,"243 ",022366,,6,3,6,3905,0,1,1,,2,503,"I-5 SOUTHBOUND",SR-4,528.00,S,N,A,-,Y,SJ,,5," "," ",26.181,H,,L,Y,2,0,1,1,A,-,01,23152,A,M,E,I,A,A,H,-,C,D,0,,,,,Y,Y,A,01,1,0,0,0,0,0,0,0,0,"- ","- ",37.948219299316406,-121.30065155029297,"SAN JOAQUIN",STOCKTON,-121.30074310302734,37.948173522949219
92034698,2023,2023-03-31,9265,2023-03-20,"143 ",022123,,1,3,9,3900,0,1,1,,2,502,"I-5 N/B","HOSPITAL RD",250.00,S,N,B,-,Y,SJ,,5," ",R,21.634,H,,R,Y,2,0,2,1,A,-,08,22107,,N,F,8,A,A,H,-,D,D,0,,,,,Y,,A,01,1,1,0,0,0,0,0,0,0,"- ","- ",37.884681701660156,-121.27913665771484,"SAN JOAQUIN",UNINCORPORATED,-121.27916717529297,37.884674072265625
92042378,2022,2023-04-11,9265,2022-10-21,1912,018289,,5,2,9,3900,0,2,4,,1,065,"FOPPIANO LANE","SR-99 E FRONTAGE ROAD",0.00,,Y,A,-,N,,,,,,,,,,Y,1,2,1,1,A,-,01,23152,F,N,E,I,A,A,H,-,D,A,0,,,,,Y,,A,01,1,0,0,0,0,0,0,0,0,"- ","- ",38.024139404296875,-121.25776672363281,"SAN JOAQUIN",UNINCORPORATED,,
92052162,2023,2023-04-24,9265,2023-04-15,"710 ",020313,,6,1,6,3905,0,1,1,,2,503,"I-5 S/B","CHARTER WAY",1396.00,N,N,A,-,Y,SJ,,5," "," ",25.664,H,,L,N,2,0,2,3,A,-,01,23152,A,N,C,C,A,A,H,-,A,D,0,,,,,Y,Y,E,22,1,0,1,0,0,0,0,0,0,"- ","- ",37.941051483154297,-121.29850769042969,"SAN JOAQUIN",STOCKTON,-121.29841613769531,37.941059112548828
92054049,2023,2023-04-26,9265,2023-04-20,"658 ",015490,,4,1,9,3900,0,3,5,,2,060,"ASHLEY LN.","FOPPIANO LN",435.00,N,N,A,-,N,,,,,,,,,,Y,2,0,2,2,A,-,08,22107,,N,A,C,A,A,H,-,A,D,0,,,,,Y,,A,01,1,1,0,0,0,0,0,0,0,"- ","- ",38.029769897460938,-121.22547912597656,"SAN JOAQUIN",UNINCORPORATED,-121.22557830810547,38.029979705810547
9205812,2020,2021-01-19,3903,2020-11-07,2118,5535,,6,5,4,3903,0,0,0,,0,,"DIANE DR","YVONNE AV",158.00,E,N,A,-,N,,,,,,,,,,N,2,0,1,1,A,-,03,22350,,N,F,A,A,A,H,-,C,D,0,,,,,Y,,M,96,1,0,0,0,0,0,0,0,0,"- ","- ",37.815288543701172,-121.22348785400391,"SAN JOAQUIN",MANTECA,-121.2230224609375,37.815196990966797
92074470,2023,2023-05-22,9265,2023-05-11,1512,021830,,4,2,9,3900,0,2,4,,1,014,"MARIPOSA AVE","BRENNAN RD",1480.00,W,N,A,-,N,,,,,,,,,,N,2,0,2,2,A,-,03,22350,,N,C,C,A,A,H,-,A,A,0,,,,,Y,,A,07,1,0,1,0,0,0,0,0,0,"- ","- ",37.846080780029297,-121.02101898193359,"SAN JOAQUIN",UNINCORPORATED,-121.02089691162109,37.846031188964844
92076493,2023,2023-05-24,9265,2023-05-13,2140,022042,,6,2,9,3900,0,3,5,,2,060,"SR-99 E. FRONTAGE RD","PELTIER RD",240.00,N,N,A,-,Y,,,,,,,,,,Y,2,0,2,1,A,-,01,23152,A,N,E,I,A,A,H,-,D,D,0,,,,,Y,Y,A,01,1,1,0,0,0,0,0,0,0,"- ","- ",38.191429138183594,-121.26200103759766,"SAN JOAQUIN",UNINCORPORATED,-121.26262664794922,38.191425323486328
9209542,2020,2021-02-22,3906,2020-12-18,1123,1376,,5,5,5,3906,0,0,0,,0,001,"EAST 3RD ST","D ST",162.00,E,N,A,-,N,,,,,,,,,,Y,2,0,1,2,A,-,03,22350,,N,A,E,A,A,H,-,A,D,0,,,,,Y,,-,,1,0,0,0,0,0,0,0,0,"- ","- ",,,"SAN JOAQUIN",TRACY,-121.42391967773438,37.732009887695312
9210541,2020,2021-02-03,3902,2020-11-01,1749,58,,7,5,5,3902,0,0,0,,0,,"N SACRAMENTO ST","DAISY AV",136.00,N,N,A,-,N,,,,,,,,,,Y,2,0,1,3,A,-,11,21954,A,N,G,B,D,A,H,-,C,D,0,Y,,,,Y,,N,60,1,0,0,0,1,0,0,0,0,"- ","- ",,,"SAN JOAQUIN",LODI,-121.27184295654297,38.141384124755859
92113013,2023,2023-09-22,9265,2023-06-25,"300 ",023195,,7,3,9,3900,0,1,1,,2,502,"I-5 N/B","LATHROP RD",1152.00,S,N,A,-,Y,SJ,,5," ",R,17.308,H,,R,Y,2,0,1,2,A,-,11,21954,A,N,G,B,D,A,H,-,C,D,0,Y,,,,Y,Y,N,60,1,0,0,0,1,0,0,0,0,"- ","- ",37.823238372802734,-121.29110717773438,"SAN JOAQUIN",UNINCORPORATED,-121.29111480712891,37.8232421875
92113064,2023,2023-07-10,9265,2023-06-24,2315,022072,,6,3,9,3900,0,1,1,,2,504,"I-5 N/B","MOSHER SLOUGH",1056.00,N,N,A,-,Y,SJ,,5," "," ",33.664,H,,R,Y,2,0,1,1,A,-,08,22107,,N,E,I,A,A,H,-,D,D,0,,,,,Y,,D,22,1,0,0,0,0,0,0,0,0,"- ","- ",38.034778594970703,-121.36530303955078,"SAN JOAQUIN",UNINCORPORATED,-121.36522674560547,38.034797668457031
9211490,2020,2022-06-18,3905,2020-12-13,0313,2835,CIV,7,5,6,3905,0,0,0,,0,,"EL DORADO ST","INGRAM ST",0.00,,Y,B,-,N,,,,,,,,,,Y,1,1,1,2,A,-,09,21802,A,N,D,C,A,B,H,-,C,A,0,,,,,Y,Y,A,01,0,1,0,0,0,0,0,0,0,"- ","- ",37.989490509033203,-121.3040771484375,"SAN JOAQUIN",STOCKTON,-121.30333709716797,37.989910125732422
92130961,2023,2023-07-28,9266,2023-07-21,1525,013650,,5,2,5,3906,0,1,1,,2,014,"I-205 E/B","BYRON ROAD",525.00,E,N,A,-,Y,SJ,,205," ",R,4.699,H,,R,Y,2,0,2,3,A,-,03,22350,,N,C,C,A,A,H,-,A,D,0,,,,Y,Y,,A,01,1,0,1,0,0,0,0,0,0,"- ","- ",37.749729156494141,-121.47354125976562,"SAN JOAQUIN",TRACY,-121.47351837158203,37.74969482421875
92138857,2023,2023-08-08,9266,2023-07-17,"453 ",018308,,1,3,9,3900,0,3,5,,2,001,"W. LARCH ROAD","TRACY BOULEVARD",2112.00,W,N,A,-,N,,,,,,,,,,N,2,0,1,3,A,-,03,22350,,F,D,C,E,A,H,-,D,D,0,Y,,,,Y,,-,99,1,0,0,0,1,0,0,0,0,"- ","- ",37.764999389648438,-121.44270324707031,"SAN JOAQUIN",UNINCORPORATED,-121.44237518310547,37.765026092529297
92144566,2023,2023-08-15,9266,2023-07-03,1805,021774,,1,2,9,3900,0,1,3,,1,011,"STATE ROUTE 4","TRACY BOULEVARD",295.00,W,N,A,-,Y,SJ,,4," ",R,5.962,H,,R,Y,1,1,1,2,A,-,05,21460,A,N,A,C,A,A,H,-,A,D,0,,,,,Y,,D,22,1,0,0,0,0,0,0,0,0,"- ","- ",37.901760101318359,-121.46771240234375,"SAN JOAQUIN",UNINCORPORATED,-121.46771240234375,37.901767730712891
92147718,2023,2023-08-18,9265,2023-08-16,"850 ",017405,,3,1,9,3900,0,3,5,,2,020,"AUSTIN RD","HUTCHINSON RD",140.00,S,N,A,-,N,,,,,,,,,,N,2,0,1,2,A,-,08,22107,,N,B,G,A,A,H,-,A,D,0,,Y,,,Y,,L,04,1,0,0,0,0,0,1,0,0,"- ","- ",37.724628448486328,-121.17859649658203,"SAN JOAQUIN",UNINCORPORATED,-121.17864227294922,37.7244873046875
92154733,2023,2023-08-25,9265,2023-05-14,"208 ",022366,,7,3,4,3903,0,1,3,,2,001,"SR-99 NORTHBOUND","AUSTIN ROAD",1320.00,N,N,A,-,Y,SJ,,99," "," ",5.157,H,,R,Y,1,1,2,3,A,-,03,22350,,M,C,C,A,A,H,-,C,D,0,,,,Y,Y,,A,01,1,1,0,0,0,0,0,0,0,"- ","- ",37.777408599853516,-121.18264770507812,"SAN JOAQUIN",MANTECA,-121.18265533447266,37.77740478515625
92163593,2023,2023-09-06,9265,2023-08-27,1817,020785,,7,2,9,3900,0,1,3,,1,063,SR-12,"DISCH RD",800.00,W,N,A,-,Y,SJ,,88," "," ",16.163,H,,R,N,2,0,1,1,A,-,01,23152,A,N,E,I,A,A,H,-,A,D,0,,,Y,,Y,Y,C,02,1,0,0,0,0,0,0,0,1,"- ","- ",38.177719116210938,-121.11689758300781,"SAN JOAQUIN",UNINCORPORATED,-121.11691284179688,38.177742004394531
92186334,2023,2023-10-02,9265,2023-09-09,1036,018694,,6,1,9,3900,0,3,5,,2,060,"ALPINE ROAD","E. FOPPIANO LANE",739.00,S,N,B,-,N,,,,,,,,,,Y,1,1,0,1,A,-,03,22350,,N,E,8,A,A,H,-,A,D,0,,,Y,,Y,,C,02,0,0,0,0,0,0,0,1,0,"- ","- ",38.037590026855469,-121.21047973632812,"SAN JOAQUIN",UNINCORPORATED,-121.21042633056641,38.037502288818359
92187781,2023,2023-10-02,9265,2023-09-02,2005,023277,,6,2,2,3920,0,1,3,,2,025,"SR-120 W/B TO I-5 S/B","I-5 S/B",146.00,W,N,B,-,Y,,,,,,,,,,Y,2,0,1,1,A,-,01,23152,A,N,F,0,A,A,H,-,D,D,0,,,,,Y,Y,A,07,1,0,0,0,0,0,0,0,0,"- ","- ",37.786289215087891,-121.30577850341797,"SAN JOAQUIN",LATHROP,-120.68465423583984,36.720733642578125
92193051,2023,2023-10-06,9265,2023-08-13,"332 ",023202,,7,3,9,3900,0,3,5,,2,060,"BEZLEY ROAD","WALNUT STREET",0.00,,Y,B,-,N,,,,,,,,,,N,1,1,0,1,A,-,01,23152,A,N,E,8,A,A,H,-,D,A,0,,,Y,,Y,Y,C,02,0,0,0,0,0,0,0,1,0,"- ","- ",38.190261840820312,-121.08751678466797,"SAN JOAQUIN",UNINCORPORATED,,
92221565,2023,2023-10-27,9265,2023-09-28,"835 ",022356,,4,1,6,3905,0,1,3,,1,042,"SR-4 W/B","LINCOLN ST",487.00,E,N,A,-,Y,,,,,,,,,,Y,1,1,0,2,A,-,01,23152,F,N,B,C,A,A,H,-,A,D,0,,,Y,Y,Y,,C,02,0,0,0,0,0,0,0,1,0,"- ","- ",37.949630737304688,-121.29530334472656,"SAN JOAQUIN",STOCKTON,-121.29524993896484,37.949344635009766
92223070,2023,2023-10-31,9265,2023-10-14,"205 ",023277,,6,3,9,3900,0,2,4,,1,015,"S ESCALON BELLOTA RD",SR-4,242.00,N,N,A,-,N,,,,,,,,,,N,2,0,2,2,A,-,01,23152,A,N,E,8,A,A,H,-,D,D,0,,,,,Y,Y,A,01,2,0,0,0,0,0,0,0,0,"- ","- ",37.930908203125,-121.00022125244141,"SAN JOAQUIN",UNINCORPORATED,-121.000244140625,37.930706024169922
92229041,2023,2023-11-06,9265,2023-09-02,1520,023261,,6,2,9,3900,0,1,3,,1,011,SR-120,"LAWRENCE RD",800.00,E,N,A,-,Y,SJ,,120," "," ",15.246,H,,R,Y,2,0,1,2,A,-,01,23152,A,N,B,C,A,A,H,-,A,D,0,,,Y,,Y,Y,C,02,1,0,0,0,0,0,0,0,1,"- ","- ",37.798591613769531,-121.02619934082031,"SAN JOAQUIN",UNINCORPORATED,-121.02619934082031,37.798583984375
92230015,2023,2023-11-07,9265,2023-08-27,1826,017439,,7,2,9,3900,0,1,3,,1,016,"STATE ROUTE 120 WESTBOUND","HARROLD AVE.",605.00,E,N,A,-,Y,SJ,,120," "," ",18.835,H,,L,N,1,1,0,1,A,-,08,22107,,N,E,I,A,A,H,-,A,D,0,,,,,Y,,D,22,0,0,0,0,0,0,0,0,0,"- ","- ",37.794120788574219,-120.96642303466797,"SAN JOAQUIN",UNINCORPORATED,-120.96642303466797,37.794071197509766
92234719,2023,2023-11-13,9265,2023-10-26,1400,021781,,4,2,9,3900,0,1,3,,2,025,"SR-120 E/B","MAIN STREET",200.00,W,N,A,-,Y,SJ,,120," ",R,5.249,H,,R,Y,2,0,5,4,A,-,03,22350,,N,C,C,A,A,H,-,A,D,0,,,,,Y,,D,22,2,2,1,0,0,0,0,0,0,"- ","- ",37.783218383789062,-121.21697998046875,"SAN JOAQUIN",UNINCORPORATED,-121.21697998046875,37.783203125
92239422,2023,2023-11-17,9265,2023-08-23,1225,017405,,3,1,4,3903,0,1,3,,2,001,"SR-99 S/B","COTTAGE AVE.",2798.00,S,N,A,-,Y,SJ,,99," "," ",7.217,H,,L,Y,2,0,1,2,A,-,03,22350,,N,H,A,A,A,H,-,A,D,0,,,Y,,Y,,C,02,1,0,0,0,0,0,0,0,1,"- ","- ",37.804489135742188,-121.19557189941406,"SAN JOAQUIN",MANTECA,-121.19557189941406,37.804489135742188
92243901,2023,2023-11-24,9265,2023-08-25,"450 ",022315,,5,3,6,3905,0,1,1,,2,503,"INTERSTATE 5 NORTHBOUND","W. WEBER AVE.",450.00,S,N,A,-,Y,SJ,,5," "," ",26.443,H,,R,Y,1,1,0,1,A,-,01,23152,F,N,E,I,A,A,H,-,C,D,0,,,,,Y,,A,01,0,0,0,0,0,0,0,0,0,"- ","- ",37.950859069824219,-121.30381774902344,"SAN JOAQUIN",STOCKTON,-121.30388641357422,37.950778961181641
92245040,2023,2023-11-27,9265,2023-11-11,"145 ",022366,,6,3,5,3902,0,1,3,,2,006,"SR-99 SOUTHBOUND","KETTLEMAN LN",528.00,S,N,A,-,Y,SJ,,99," "," ",29.056,H,,L,Y,2,0,2,2,A,-,01,23152,A,M,D,2,A,A,H,-,D,D,0,,,,,Y,Y,A,01,1,0,1,0,0,0,0,0,0,"- ","- ",38.109989166259766,-121.25935363769531,"SAN JOAQUIN",LODI,-121.25935363769531,38.109989166259766
92246304,2023,2023-11-28,9265,2023-10-17,"442 ",020071,,2,3,9,3900,0,3,5,,2,010,"FRENCH CAMP RD","CASTLE RD",0.00,,Y,A,-,N,,,,,,,,,,N,2,0,1,2,A,-,03,22350,,N,C,C,A,A,H,-,D,D,0,,,,Y,Y,,A,01,1,0,0,0,0,0,0,0,0,"- ","- ",37.854221343994141,-121.20217895507812,"SAN JOAQUIN",UNINCORPORATED,-121.2022705078125,37.854259490966797
92246423,2023,2023-11-28,9265,2023-11-08,1139,018836,,3,1,9,3900,0,3,5,,2,060,"ALPINE RD","FINKBOHNER RD",196.00,S,N,A,-,N,,,,,,,,,,Y,2,0,1,1,A,-,08,22107,,N,E,I,A,A,H,-,A,D,0,,,,,Y,,A,08,1,0,0,0,0,0,0,0,0,"- ","- ",37.980911254882812,-121.19122314453125,"SAN JOAQUIN",UNINCORPORATED,-121.19126892089844,37.980926513671875
9224902,2021,2021-04-05,3906,2021-01-11,0544,1245,MSC,1,5,5,3906,0,0,0,,0,006,"GRANT LINE RD","LINCOLN BL",0.00,,Y,A,-,N,,,,,,,,,,Y,2,0,1,2,A,-,12,21453,A,N,-,C,A,A,H,-,C,A,0,,,,Y,Y,,G,25,1,0,0,0,0,0,0,0,0,"- ","- ",,,"SAN JOAQUIN",TRACY,-121.44353485107422,37.754135131835938
92262548,2023,2025-01-17,9266,2023-12-04,1710,018308,,1,2,9,3900,0,2,4,,2,020,"KASSON ROAD","WRIGHT ROAD",235.00,N,N,A,-,N,,,,,,,,,,Y,2,0,2,4,A,-,05,21460,A,F,E,I,A,A,H,-,D,D,0,,,,,Y,,-,99,1,0,1,0,0,0,0,0,0,"- ","- ",37.722339630126953,-121.32283020019531,"SAN JOAQUIN",UNINCORPORATED,-121.32273864746094,37.722343444824219
92265233,2023,2023-12-18,9265,2023-11-11,2025,023156,,6,2,9,3900,0,3,5,,2,080,"TELEGRAPH AVE","DELANO AVE",304.00,W,N,A,-,N,,,,,,,,,,N,2,0,1,3,A,-,08,22107,,F,C,E,A,A,H,-,C,D,0,,,,,Y,,A,01,1,0,0,0,0,0,0,0,0,"- ","- ",37.972541809082031,-121.34288024902344,"SAN JOAQUIN",UNINCORPORATED,-121.34278869628906,37.972507476806641
92265924,2023,2023-12-19,9265,2023-10-29,"105 ",022072,,7,3,9,3900,0,1,3,,2,006,"SR-99 S/B TO VICTOR RD","VICTOR RD",575.00,S,N,A,-,Y,,,,,,,,,,Y,2,0,3,2,A,-,05,21460,A,F,A,C,A,A,H,-,D,D,0,,,,,Y,,D,22,1,2,0,0,0,0,0,0,0,"- ","- ",38.135768890380859,-121.25845336914062,"SAN JOAQUIN",UNINCORPORATED,-121.25782012939453,38.137321472167969
9226705,2020,2021-04-21,3902,2020-11-23,0124,CM91,,1,5,5,3902,0,0,0,,0,,"N LOMA DR","LOCKEFORD ST",67.00,N,N,A,-,N,,,,,,,,,,Y,2,0,2,2,A,-,01,23152,G,M,C,E,A,A,H,-,D,D,0,,,,,Y,,A,01,1,1,0,0,0,0,0,0,0,"- ","- ",,,"SAN JOAQUIN",LODI,-121.29525756835938,38.138710021972656
92267134,2023,2023-12-20,9265,2023-08-23,"323 ",023277,,3,3,3,3904,0,1,3,,2,001,"STATE ROUTE 99 SOUTHBOUND (SR-99 S/B)","JACK TONE ROAD",1373.00,N,N,A,-,Y,SJ,,99," "," ",2.626,H,,L,Y,1,1,0,1,A,-,01,23152,F,N,F,A,A,A,H,-,C,D,0,,,,,Y,,A,07,0,0,0,0,0,0,0,0,0,"- ","- ",37.754478454589844,-121.14665985107422,"SAN JOAQUIN",RIPON,-121.14662170410156,37.754539489746094
92272792,2023,2023-12-27,9265,2023-12-23,1525,019182,,6,2,4,3903,0,1,3,,2,025,"SR-120 WB","AIRPORT WAY",1742.00,E,N,A,-,Y,SJ,,120," ",R,3.657,H,,L,Y,2,0,1,2,A,-,03,22350,,N,C,C,A,A,H,-,A,D,0,,,Y,,Y,,C,02,1,0,0,0,0,0,0,0,1,"- ","- ",37.783470153808594,-121.24606323242188,"SAN JOAQUIN",MANTECA,-121.24606323242188,37.783439636230469
92273490,2023,2023-12-28,9265,2023-12-16,"150 ",022366,,6,3,6,3905,0,1,3,,1,042,"SR-4 WB TO I-5 NB","LINCOLN STREET",1056.00,W,N,A,-,Y,,,,,,,,,,Y,2,0,1,1,A,-,01,23152,A,M,F,A,A,A,H,-,D,A,0,,,,,Y,Y,D,22,1,0,0,0,0,0,0,0,0,"- ","- ",37.9493408203125,-121.29927825927734,"SAN JOAQUIN",STOCKTON,-121.29927825927734,37.9493408203125
92288810,2024,2024-01-17,9265,2024-01-01,"240 ",023276,,1,3,6,3905,0,1,3,,1,042,"SR-4 W/B TO I-5 N/B","LINCOLN ST",800.00,W,N,A,-,Y,,,,,,,,,,Y,2,0,1,1,A,-,01,23152,A,N,E,I,A,A,H,-,E,A,0,,,,,Y,Y,A,01,1,0,0,0,0,0,0,0,0,"- ","- ",37.949440002441406,-121.29985809326172,"SAN JOAQUIN",STOCKTON,-121.29985809326172,37.949440002441406
92294629,2024,2024-01-23,9265,2024-01-11,2335,022072,,4,3,9,3900,0,1,3,,2,006,"SR-99 N/B","COLLIER RD",1584.00,N,N,B,-,Y,SJ,,99," "," ",36.987,H,,R,Y,2,0,1,2,A,-,01,23152,A,N,C,C,A,A,H,-,C,D,0,,,,Y,Y,Y,A,01,1,0,0,0,0,0,0,0,0,"- ","- ",38.222461700439453,-121.27314758300781,"SAN JOAQUIN",UNINCORPORATED,-121.27314758300781,38.222461700439453
92300856,2024,2024-01-30,9265,2024-01-18,"150 ",022499,,4,3,6,3905,0,1,1,,2,503,"I-5 N/B","WEBER AVE",103.00,N,N,A,-,Y,SJ,,5," "," ",26.532,H,,R,Y,2,0,2,1,A,-,08,22107,,N,E,8,A,A,H,-,C,D,0,,,,,Y,,D,22,2,0,0,0,0,0,0,0,0,"- ","- ",37.951488494873047,-121.30510711669922,"SAN JOAQUIN",STOCKTON,-121.30516815185547,37.951416015625
92302172,2024,2024-01-31,9266,2024-01-28,1730,020599,,7,2,9,3900,0,2,4,,2,020,"KASSON ROAD","LORENZEN ROAD",1584.00,N,N,A,-,N,,,,,,,,,,Y,2,0,3,2,A,-,08,22107,,N,A,C,A,A,H,-,D,D,0,,,,,Y,,A,01,1,2,0,0,0,0,0,0,0,"- ","- ",37.728561401367188,-121.32923126220703,"SAN JOAQUIN",UNINCORPORATED,-121.32898712158203,37.728355407714844
92304056,2024,2024-02-02,9265,2024-01-17,2310,022849,,3,3,9,3900,0,2,4,,1,023,"PERRIN ROAD","MANTECA ROAD",0.00,,Y,A,-,N,,,,,,,,,,Y,2,0,1,1,A,-,03,22350,,N,E,I,A,A,H,-,D,A,0,,,,,Y,,A,07,1,0,0,0,0,0,0,0,0,"- ","- ",37.724868774414062,-121.21523284912109,"SAN JOAQUIN",UNINCORPORATED,-121.21525573730469,37.724849700927734
92328913,2024,2024-03-04,9265,2024-02-04,2500,021519,,7,4,9,3900,0,3,5,,2,060,"WALL ROAD","COMSTOCK ROAD",0.00,,Y,C,-,N,,,,,,,,,,Y,1,1,0,1,A,-,01,23152,A,N,E,8,A,B,H,-,D,A,0,,,,,Y,Y,A,01,0,0,0,0,0,0,0,0,0,"- ","- ",38.045341491699219,-121.07318878173828,"SAN JOAQUIN",UNINCORPORATED,-121.07317352294922,38.045257568359375
92364777,2024,2024-04-15,9265,2024-03-25,"0   ",023156,,1,3,9,3900,0,1,3,,1,041,"SR-4 W/B","WILHOIT ROAD",100.00,E,N,A,-,Y,SJ,,4," "," ",12.902,H,,L,N,2,0,1,2,C,-,18,,,F,B,B,E,A,H,-,D,D,0,Y,,,,Y,,-,"- ",1,0,0,0,1,0,0,0,0,"- ","- ",37.926921844482422,-121.35291290283203,"SAN JOAQUIN",UNINCORPORATED,-121.35291290283203,37.926963806152344
92367069,2024,2024-04-17,9266,2024-04-10,1700,018628,,3,2,9,3900,0,2,4,,1,023,"CHRISMAN ROAD","DELTA MENDOTA CANAL",1138.00,N,N,A,-,N,,,,,,,,,,Y,2,0,1,1,A,-,01,23152,A,N,F,0,A,A,H,-,A,A,0,,,,,Y,Y,A,01,1,0,0,0,0,0,0,0,0,"- ","- ",37.658340454101562,-121.39781188964844,"SAN JOAQUIN",UNINCORPORATED,,
92378547,2023,2024-04-30,9265,2023-10-01,1910,023096,,7,2,9,3900,0,1,3,,1,062,"STATE ROUTE 88 / STATE ROUTE 12","DISCH ROAD",800.00,E,N,A,-,Y,SJ,,88," "," ",16.420,H,,R,Y,1,1,3,4,A,-,01,23152,A,N,C,C,A,A,H,-,D,D,0,,,,,Y,Y,A,01,2,0,1,0,0,0,0,0,0,"- ","- ",38.179458618164062,-121.11274719238281,"SAN JOAQUIN",UNINCORPORATED,-121.11278533935547,38.179508209228516
92386060,2024,2024-05-09,9265,2024-04-29,"710 ",023096,,1,1,9,3900,0,1,3,,2,006,"SR-99 N/B","HARNEY LANE",730.00,N,N,A,-,Y,SJ,,99," "," ",28.631,H,,R,Y,2,0,1,1,A,-,08,22107,,N,E,8,A,A,H,-,A,D,0,,,,,Y,,D,22,1,0,0,0,0,0,0,0,0,"- ","- ",38.103759765625,-121.26006317138672,"SAN JOAQUIN",UNINCORPORATED,-121.26011657714844,38.103759765625
92386842,2023,2024-05-10,9265,2023-10-22,"248 ",022282,,7,3,2,3920,0,1,3,,1,011,"STATE ROUTE 120 WESTBOUND TO INTERSTATE 5 SOUTHBOU","INTERSTATE 5",18.00,W,N,A,-,Y,SJ,,5," ",R,14.804,H,,L,Y,1,1,6,1,A,-,08,22107,,N,F,A,A,A,H,-,D,D,0,,,,,Y,,A,07,1,1,4,0,0,0,0,0,0,"- ","- ",37.788299560546875,-121.30281066894531,"SAN JOAQUIN",LATHROP,-121.30265808105469,37.788223266601562
92404726,2024,2024-06-03,9265,2024-04-29,1000,023261,,1,1,9,3900,0,1,1,,2,503,"I-5 S/B TO W FREMONT ST.","W. FREMONT ST",215.00,E,N,A,-,Y,,,,,,,,,,N,2,0,2,1,A,-,01,23152,A,N,E,8,A,A,H,-,A,A,0,,,,,Y,Y,A,07,1,1,0,0,0,0,0,0,0,"- ","- ",37.955181121826172,-121.31513214111328,"SAN JOAQUIN",UNINCORPORATED,-121.31086730957031,37.953975677490234
9241028,2021,2021-04-06,3905,2021-02-28,0700,1422,CIV,7,5,6,3905,0,0,0,,0,,"CALIFORNIA ST","MINER AV",0.00,,Y,A,-,N,,,,,,,,,,Y,2,0,2,2,A,-,12,21453,A,N,D,C,A,A,H,-,B,A,0,,,,,Y,,A,01,1,0,1,0,0,0,0,0,0,"- ","- ",37.956558227539062,-121.28533172607422,"SAN JOAQUIN",STOCKTON,-121.285400390625,37.956581115722656
9241034,2021,2021-04-06,3905,2021-02-15,1009,2463,SEA,1,5,6,3905,0,0,0,,0,,"COMMERCE ST","HAZELTON AV",25.00,N,N,B,-,N,,,,,,,,,,Y,2,0,1,1,A,-,03,22350,,F,E,I,A,A,H,-,A,A,0,,,,,Y,,A,01,1,0,0,0,0,0,0,0,0,"- ","- ",37.946269989013672,-121.29080200195312,"SAN JOAQUIN",STOCKTON,-121.29079437255859,37.946346282958984
92410345,2024,2024-06-10,9266,2024-01-12,1955,021822,,5,2,9,3900,0,1,1,,2,021,"I-580 W/B","PATTERSON PASS ROAD",2254.00,E,N,A,-,Y,SJ,,580," "," ",13.119,H,,L,Y,1,1,7,1,A,-,08,22107,,N,F,A,A,A,H,-,D,D,0,,,,,Y,,A,01,3,4,0,0,0,0,0,0,0,"- ","- ",37.715999603271484,-121.52934265136719,"SAN JOAQUIN",UNINCORPORATED,-121.52952575683594,37.715808868408203