CASE_ID,ACCIDENT_YEAR,PROC_DATE,JURIS,COLLISION_DATE,COLLISION_TIME,OFFICER_ID,REPORTING_DISTRICT,DAY_OF_WEEK,CHP_SHIFT,POPULATION,CNTY_CITY_LOC,SPECIAL_COND,BEAT_TYPE,CHP_BEAT_TYPE,CITY_DIVISION_LAPD,CHP_BEAT_CLASS,BEAT_NUMBER,PRIMARY_RD,SECONDARY_RD,DISTANCE,DIRECTION,INTERSECTION,WEATHER_1,WEATHER_2,STATE_HWY_IND,CALTRANS_COUNTY,CALTRANS_DISTRICT,STATE_ROUTE,ROUTE_SUFFIX,POSTMILE_PREFIX,POSTMILE,LOCATION_TYPE,RAMP_INTERSECTION,SIDE_OF_HWY,TOW_AWAY,COLLISION_SEVERITY,NUMBER_KILLED,NUMBER_INJURED,PARTY_COUNT,PRIMARY_COLL_FACTOR,PCF_CODE_OF_VIOL,PCF_VIOL_CATEGORY,PCF_VIOLATION,PCF_VIOL_SUBSECTION,HIT_AND_RUN,TYPE_OF_COLLISION,MVIW,PED_ACTION,ROAD_SURFACE,ROAD_COND_1,ROAD_COND_2,LIGHTING,CONTROL_DEVICE,CHP_ROAD_TYPE,PEDESTRIAN_ACCIDENT,BICYCLE_ACCIDENT,MOTORCYCLE_ACCIDENT,TRUCK_ACCIDENT,NOT_PRIVATE_PROPERTY,ALCOHOL_INVOLVED,STWD_VEHTYPE_AT_FAULT,CHP_VEHTYPE_AT_FAULT,COUNT_SEVERE_INJ,COUNT_VISIBLE_INJ,COUNT_COMPLAINT_PAIN,COUNT_PED_KILLED,COUNT_PED_INJURED,COUNT_BICYCLIST_KILLED,COUNT_BICYCLIST_INJURED,COUNT_MC_KILLED,COUNT_MC_INJURED,PRIMARY_RAMP,SECONDARY_RAMP,LATITUDE,LONGITUDE,COUNTY,CITY,POINT_X,POINT_Y
92416267,2024,2024-06-17,9266,2024-06-03,1900,023629,,1,2,9,3900,0,1,1,,2,014,"I-205 W/B","BYRON RD",739.00,W,N,A,-,Y,SJ,,205," ",R,4.462,H,,L,Y,2,0,1,1,A,-,01,23152,A,N,F,A,A,A,H,-,A,D,0,,,,,Y,Y,A,07,1,0,0,0,0,0,0,0,0,"- ","- ",37.748439788818359,-121.47763061523438,"SAN JOAQUIN",UNINCORPORATED,-121.47758483886719,37.748363494873047
92418104,2024,2024-06-19,9265,2024-05-27,"955 ",017439,,1,1,9,3900,0,1,3,,1,013,"STATE ROUTE 4  W/B","JACK TONE RD.",581.00,E,N,A,-,Y,SJ,,4," "," ",25.011,H,,L,N,2,0,1,1,A,-,08,22107,,N,E,I,A,A,A,-,A,D,0,,,,,Y,,A,07,1,0,0,0,0,0,0,0,0,"- ","- ",37.942279815673828,-121.14547729492188,"SAN JOAQUIN",UNINCORPORATED,-121.14547729492188,37.942142486572266
92443466,2024,2024-07-19,9265,2024-05-10,1715,016382,,5,2,9,3900,0,3,5,,2,010,"MARIPOSA ROAD","KAISER ROAD",2051.00,E,N,A,-,N,,,,,,,,,,Y,2,0,5,5,A,-,21,22106,,N,D,C,A,A,H,-,A,D,0,,,,Y,Y,,A,08,1,4,0,0,0,0,0,0,0,"- ","- ",37.908660888671875,-121.15902709960938,"SAN JOAQUIN",UNINCORPORATED,-121.15907287597656,37.908649444580078
9256395,2021,2021-07-22,3905,2021-05-22,1113,2660,SEA,6,5,6,3905,0,0,0,,0,,"EL DORADO ST","IVY AV",0.00,,Y,A,-,N,,,,,,,,,,Y,1,1,4,2,A,-,09,21802,A,N,D,D,A,A,H,-,A,A,0,,,,,Y,,A,01,0,2,2,0,0,0,0,0,0,"- ","- ",37.918251037597656,-121.28031921386719,"SAN JOAQUIN",STOCKTON,-121.27873992919922,37.918880462646484
9266134,2021,2021-06-03,3905,2021-04-10,1357,2786,BEA,6,5,6,3905,0,0,0,,0,,"KNICKERBOCKER DR","TAM O SHANTER DR",0.00,,Y,A,-,N,,,,,,,,,,N,2,0,1,2,A,-,10,21950,A,N,G,B,B,A,H,-,A,D,0,Y,,,,Y,,A,07,1,0,0,0,1,0,0,0,0,"- ","- ",38.022628784179688,-121.30079650878906,"SAN JOAQUIN",STOCKTON,-121.30052185058594,38.022579193115234
9266138,2021,2021-06-03,3905,2021-04-25,1934,2384,PAR,7,5,6,3905,0,0,0,,0,,"MAIN ST","FILBERT ST",0.00,,Y,A,-,N,,,,,,,,,,Y,2,0,2,2,A,-,17,21451,A,N,A,C,A,B,H,-,A,A,0,,,,,Y,,A,07,1,1,0,0,0,0,0,0,0,"- ","- ",37.954608917236328,-121.25184631347656,"SAN JOAQUIN",STOCKTON,-121.25190734863281,37.954853057861328
9266448,2021,2021-06-09,3905,2021-05-04,1210,2466,SEA,2,5,6,3905,0,0,0,,0,,"EL DORADO ST","8TH ST",0.00,,Y,A,-,N,,,,,,,,,,N,2,0,1,2,A,-,10,21950,A,N,G,B,B,A,H,-,A,A,0,Y,,,,Y,,D,22,1,0,0,0,1,0,0,0,0,"- ","- ",37.928909301757812,-121.28304290771484,"SAN JOAQUIN",STOCKTON,-121.28281402587891,37.928962707519531
92898567,2024,2024-08-14,9266,2024-05-19,"102 ",021822,,7,3,9,3900,0,1,1,,2,021,"I-580 E/B","CHRISMAN ROAD",2261.00,E,N,A,-,Y,SJ,,580," "," ",3.581,H,,R,Y,1,2,2,1,A,-,08,22107,,N,E,I,A,A,H,-,D,D,0,,,,,Y,,A,01,1,0,1,0,0,0,0,0,0,"- ","- ",37.63214111328125,-121.39132690429688,"SAN JOAQUIN",UNINCORPORATED,-121.39112091064453,37.632354736328125
9290330,2021,2021-08-11,3903,2021-06-25,1001,3768,,5,5,4,3903,0,0,0,,0,,"E YOSEMITE","COMMERCE AV",204.00,E,N,A,-,N,,,,,,,,,,Y,2,0,1,2,A,-,21,22106,,N,D,C,A,A,H,-,A,A,0,,,,Y,Y,,F,26,1,0,0,0,0,0,0,0,0,"- ","- ",37.797458648681641,-121.1949462890625,"SAN JOAQUIN",MANTECA,-121.19302368164062,37.797473907470703
9298713,2021,2021-08-12,3905,2021-07-16,1906,2875,LAK,5,5,6,3905,0,0,0,,0,,"ROBINHOOD DR","W BANBURY  DR",65.00,E,N,A,-,N,,,,,,,,,,,2,0,1,2,A,-,05,21650,1,N,D,G,A,A,H,-,A,A,0,,Y,,,Y,,L,04,1,0,0,0,0,0,1,0,0,TO,"- ",38.001319885253906,-121.31337738037109,"SAN JOAQUIN",STOCKTON,-121.30551147460938,38.002841949462891
9301731,2021,2021-10-14,3905,2021-10-14,2014,2718,SEA,4,5,6,3905,0,0,0,,0,,"EL DORADO ST","IVY AV",0.00,,Y,A,-,N,,,,,,,,,,Y,1,2,1,2,A,-,09,21801,A,N,D,C,A,A,H,-,B,D,0,,,,,Y,,A,01,0,1,0,0,0,0,0,0,0,"- ","- ",37.918891906738281,-121.27858734130859,"SAN JOAQUIN",STOCKTON,-121.27873992919922,37.918880462646484
9302676,2021,2021-08-13,3903,2021-05-05,1553,2295,,3,5,4,3903,0,0,0,,0,,"SEDAN AV","S MANTECA RD",0.00,,Y,A,-,N,,,,,,,,,,Y,2,0,2,2,A,-,09,21802,A,N,D,C,A,A,H,-,A,D,0,,,,,Y,,A,01,1,1,0,0,0,0,0,0,0,"- ","- ",,,"SAN JOAQUIN",MANTECA,-121.21561431884766,37.757530212402344
9312880,2021,2021-08-31,3903,2021-07-05,2350,5530,,1,5,4,3903,0,0,0,,0,,"SOUTH MAIN ST","MISSION RIDGE DR",0.00,,Y,A,-,N,,,,,,,,,,N,2,0,1,2,A,-,11,21954,A,N,A,B,D,A,H,-,C,A,0,Y,,,,Y,,A,07,1,0,0,0,1,0,0,0,0,"- ","- ",37.787639617919922,-121.21598052978516,"SAN JOAQUIN",MANTECA,-121.21608734130859,37.787590026855469
9312945,2021,2021-09-20,3903,2021-07-18,1210,3111,,7,5,4,3903,0,0,0,,0,,"EAST YOSEMITE AV","PESTANA AV",0.00,,Y,A,-,Y,SJ,10,120,-,-,6.440,I,5,W,Y,2,0,1,3,A,-,09,21801,A,N,D,C,A,A,H,-,A,D,0,,,Y,,Y,Y,A,07,1,0,0,0,0,0,0,0,1,"- ","- ",,,"SAN JOAQUIN",MANTECA,-121.18670654296875,37.797534942626953
9314642,2021,2021-10-08,3906,2021-08-06,1523,1708,,5,5,5,3906,0,0,0,,0,004,"WEST GRANTLINE RD","W GRANTLINE RD 3580",0.00,,-,A,-,N,,,,,,,,,,Y,2,0,1,2,-,-,"- ",,,N,C,C,A,A,H,-,A,A,0,,,Y,,Y,,-,"- ",1,0,0,0,0,0,0,0,1,"- ","- ",37.753978729248047,-121.47913360595703,"SAN JOAQUIN",TRACY,-121.47216033935547,37.754020690917969
9320776,2022,2022-06-10,3906,2022-02-13,0929,1245,,7,5,5,3906,0,0,0,,0,002,"S TRACY BL","VALPICO RD",320.00,N,N,A,-,N,,,,,,,,,,N,1,1,0,2,A,-,11,21954,A,N,A,B,D,A,H,-,A,A,0,Y,,,Y,Y,,N,60,0,0,0,1,0,0,0,0,0,"- ","- ",,,"SAN JOAQUIN",TRACY,-121.43475341796875,37.711467742919922
9321111,2021,2023-06-22,3905,2021-11-03,1812,1641,CIV,3,5,6,3905,0,0,0,,0,,"EL DORADO ST","CLEVELAND ST",0.00,,Y,A,-,N,,,,,,,,,,Y,1,1,0,2,A,-,08,22100,B,N,D,C,A,A,H,-,C,A,0,,,Y,,Y,,A,01,0,0,0,0,0,0,0,1,0,"- ","- ",37.972358703613281,-121.2955322265625,"SAN JOAQUIN",STOCKTON,-121.29576873779297,37.972312927246094
9323398,2021,2021-10-05,3903,2021-08-12,2140,5542,,4,5,4,3903,0,0,0,,0,,"WEST CENTER ST","POPLAR AV",50.00,W,N,A,-,N,,,,,,,,,,,2,0,1,2,D,-,00,,,F,G,B,E,A,H,-,C,D,0,Y,,,,Y,Y,-,"- ",1,0,0,0,1,0,0,0,0,"- ","- ",37.799110412597656,-121.22132873535156,"SAN JOAQUIN",MANTECA,-121.22035980224609,37.799125671386719
9326626,2021,2021-10-12,3902,2021-08-05,1028,58,,4,5,5,3902,0,0,0,,0,,"N CALIFORNIA ST","W LOCKEFORD ST",0.00,,Y,A,-,N,,,,,,,,,,N,2,0,1,2,A,-,12,22450,A,N,H,G,A,A,H,-,A,A,0,,Y,,,Y,,A,08,1,0,0,0,0,0,1,0,0,"- ","- ",,,"SAN JOAQUIN",LODI,-121.28048706054688,38.138130187988281
93769319,2024,2024-08-14,9265,2024-07-23,2355,023195,,2,3,9,3900,0,2,4,,1,014,"MARIPOSA RD","AUSTIN RD",1168.00,E,N,A,-,N,,,,,,,,,,N,2,0,1,1,A,-,08,22107,,N,E,I,A,A,H,-,D,D,0,,,Y,,Y,,C,02,1,0,0,0,0,0,0,0,1,"- ","- ",37.91278076171875,-121.18007659912109,"SAN JOAQUIN",UNINCORPORATED,-121.18338012695312,37.911872863769531
94020626,2024,2024-08-12,9265,2024-07-30,"8   ",023195,,2,3,4,3903,0,1,3,,2,001,"SR-99 N/B TO AUSTIN ROAD","AUSIN ROAD",147.00,S,N,A,-,Y,SJ,,99," "," ",4.865,H,,R,Y,2,0,1,1,A,-,01,23152,G,N,E,I,A,A,H,-,D,D,0,,,,,Y,Y,A,01,1,0,0,0,0,0,0,0,0,"- ","- ",37.774681091308594,-121.17875671386719,"SAN JOAQUIN",MANTECA,-121.17896270751953,37.774517059326172
9408450,2022,2022-03-02,3903,2022-01-19,1122,3540,,3,5,4,3903,0,0,0,,0,,"YVONNE AV","W LOUISE AV W",0.00,,Y,B,-,N,,,,,,,,,,Y,2,0,2,2,A,-,12,21453,A,N,D,C,A,A,H,-,A,A,0,,,,,Y,,A,01,1,1,0,0,0,0,0,0,0,"- ","- ",37.811908721923828,-121.22339630126953,"SAN JOAQUIN",MANTECA,-121.22346496582031,37.81195068359375
9413464,2022,2022-03-10,3906,2022-02-26,1238,1549,,6,5,5,3906,0,0,0,,0,006,"GRANT LINE RD","TRACY BL",500.00,W,N,B,-,N,,,,,,,,,,N,2,0,1,2,A,-,09,21804,A,N,D,G,A,A,H,-,A,A,0,,Y,,,Y,,A,01,1,0,0,0,0,0,1,0,0,"- ","- ",,,"SAN JOAQUIN",TRACY,-121.43675994873047,37.754169464111328
9420682,2022,2022-04-29,3902,2022-01-03,0823,31,C3,1,5,5,3902,0,0,0,,0,003,"VINE ST","MILLS AV",9.00,E,N,A,-,N,,,,,,,,,,,2,0,1,2,A,-,10,21950,A,N,G,B,B,A,H,-,A,D,0,Y,,,,Y,,A,01,1,0,0,0,1,0,0,0,0,"- ","- ",38.122871398925781,-121.29696655273438,"SAN JOAQUIN",LODI,-121.29693603515625,38.122798919677734
94353594,2024,2024-08-14,9265,2024-07-22,1920,023612,,1,2,9,3900,0,3,5,,2,050,"WILSON WAY","SANGUINETTI LN",0.00,,Y,A,-,N,,,,,,,,,,Y,2,0,3,3,A,-,01,23152,F,N,D,2,A,A,H,-,A,A,0,,,,,Y,,A,01,2,0,1,0,0,0,0,0,0,"- ","- ",37.983310699462891,-121.271240234375,"SAN JOAQUIN",UNINCORPORATED,-121.27127075195312,37.983348846435547
94365625,2024,2024-08-22,9265,2024-08-02,1830,022798,,5,2,9,3900,0,3,5,,2,090,"N/B LOWER SACRAMENTO RD","ACAMPO RD",860.00,N,N,B,-,N,,,,,,,,,,Y,2,0,1,1,A,-,08,22107,,N,E,8,A,A,H,-,A,D,0,,,,,Y,,A,07,1,0,0,0,0,0,0,0,0,"- ","- ",38.177089691162109,-121.29422760009766,"SAN JOAQUIN",UNINCORPORATED,-121.29413604736328,38.177032470703125
94365887,2024,2024-08-22,9265,2024-08-09,1403,015629,,5,2,9,3900,0,3,5,,2,060,"CHEROKEE LANE","COLLIER ROAD",0.00,,Y,A,-,N,,,,,,,,,,Y,2,0,1,2,A,-,09,21802,A,N,D,C,A,A,H,-,A,A,0,,,Y,,Y,,A,01,1,0,0,0,0,0,0,0,1,"- ","- ",38.218330383300781,-121.26316070556641,"SAN JOAQUIN",UNINCORPORATED,-121.26319122314453,38.218338012695312
94370261,2024,2024-08-26,9265,2024-04-07,"230 ",022849,,7,3,4,3903,0,1,3,,2,001,"SR-99 N/B","COTTAGE AVE",146.00,S,N,A,-,Y,SJ,,99," "," ",7.428,H,,R,Y,2,0,2,2,C,-,18,,,M,C,C,A,A,H,-,D,D,0,,,,,Y,,-,"- ",1,0,1,0,0,0,0,0,0,"- ","- ",37.806819915771484,-121.19825744628906,"SAN JOAQUIN",MANTECA,-121.19820404052734,37.806861877441406
94375946,2024,2024-08-29,9265,2024-08-12,1839,023277,,1,2,9,3900,0,1,3,,1,041,"SR-4 E/B","TRACY BLVD",6072.00,E,N,A,-,Y,SJ,,4," "," ",7.206,H,,R,N,2,0,1,1,A,-,01,23152,A,N,H,J,A,A,H,-,A,D,0,,,,,Y,Y,A,01,1,0,0,0,0,0,0,0,0,"- ","- ",37.912528991699219,-121.44967651367188,"SAN JOAQUIN",UNINCORPORATED,-121.44961547851562,37.912498474121094
94406846,2024,2024-09-24,9265,2024-09-17,1250,023096,,2,1,6,3905,0,1,1,,2,503,"I-5 S/B","PERSHING AVE",898.00,N,N,A,-,Y,SJ,,5," "," ",27.149,H,,L,Y,2,0,1,2,A,-,07,21658,A,N,B,C,A,A,H,-,A,D,0,,,,Y,Y,,A,01,1,0,0,0,0,0,0,0,0,"- ","- ",37.955619812011719,-121.31549072265625,"SAN JOAQUIN",STOCKTON,-121.31548309326172,37.955650329589844
94416874,2024,2024-10-02,9265,2024-09-16,1955,022366,,1,2,9,3900,0,1,1,,2,502,"I-5 S/B","FRENCH CAMP ROAD",528.00,S,N,A,-,Y,SJ,,5," ",R,22.144,H,,L,Y,2,0,2,2,A,-,01,23152,A,F,C,C,A,A,H,-,C,D,0,,,,,Y,Y,A,01,1,0,1,0,0,0,0,0,0,"- ","- ",37.891910552978516,-121.28208160400391,"SAN JOAQUIN",UNINCORPORATED,-121.28209686279297,37.89190673828125
94419170,2024,2024-10-04,9265,2024-06-22,2005,022366,,6,2,6,3905,0,1,3,,1,042,"STATE ROUTE 4 EASTBOUND TO INTERSTATE 5 NORTHBOUND","INTERSTATE 5 SOUTHBOUND",528.00,W,N,A,-,Y,SJ,,4," ",R,16.037,H,,R,Y,1,1,0,1,A,-,01,23152,G,N,E,8,A,A,H,-,A,D,0,,,,,Y,Y,A,07,0,0,0,0,0,0,0,0,0,"- ","- ",37.948211669921875,-121.30103302001953,"SAN JOAQUIN",STOCKTON,-121.30101776123047,37.948169708251953
94419927,2024,2024-10-04,9265,2024-07-12,1238,021519,,5,1,9,3900,0,1,3,,1,013,"STATE ROUTE 4 (FARMINGTON ROAD)","S. GILLIS ROAD",65.00,W,N,A,-,Y,SJ,,4," "," ",21.616,H,,R,Y,1,1,2,5,A,-,03,22350,,N,C,C,A,A,H,-,A,D,0,,,,,Y,,D,22,0,0,2,0,0,0,0,0,0,"- ","- ",37.949089050292969,-121.2021484375,"SAN JOAQUIN",UNINCORPORATED,-121.20215606689453,37.949100494384766
94447962,2024,2024-12-13,9265,2024-10-15,"843 ",023096,,2,1,9,3900,0,1,3,,1,041,SR-4,"WHISKEY SLOUGH RD",0.00,,Y,A,-,Y,SJ,,4," ",R,8.667,H,,R,Y,2,0,2,2,A,-,05,21752,D,N,D,C,A,A,H,-,A,A,0,,,,,Y,,A,01,1,1,0,0,0,0,0,0,0,"- ","- ",37.926399230957031,-121.42951965332031,"SAN JOAQUIN",UNINCORPORATED,-121.42949676513672,37.926361083984375
94449119,2024,2024-10-29,9265,2024-10-16,2031,021822,,3,2,9,3900,0,1,1,,2,502,"I-5 S/B","MATHEWS ROAD",45.00,S,N,A,-,Y,SJ,,5," ",R,21.435,H,,L,Y,2,0,1,1,A,-,01,23152,A,N,E,I,A,A,H,-,D,D,0,,,,,Y,Y,A,01,1,0,0,0,0,0,0,0,0,"- ","- ",37.881858825683594,-121.27892303466797,"SAN JOAQUIN",UNINCORPORATED,-121.27899932861328,37.881855010986328
94482220,2024,2024-11-25,9265,2024-11-15,2105,022042,,5,2,9,3900,0,1,3,,2,006,"SR-99 S/B","WOODBRIDGE RD",245.00,N,N,A,-,Y,SJ,,99," "," ",32.630,H,,L,Y,2,0,1,1,A,-,08,22107,,N,E,8,A,A,H,-,D,D,0,,,,,Y,,A,08,1,0,0,0,0,0,0,0,0,"- ","- ",38.161029815673828,-121.26197814941406,"SAN JOAQUIN",UNINCORPORATED,-121.26190948486328,38.161029815673828
94520654,2024,2024-12-30,9266,2024-12-09,1100,022773,,1,1,9,3900,0,2,4,,1,012,"TRACY BOULEVARD","LAMMERS ROAD",1013.00,S,N,A,-,N,,,,,,,,,,N,2,0,1,1,A,-,01,23152,A,N,E,8,A,A,H,-,A,D,0,,,,,Y,,D,22,1,0,0,0,0,0,0,0,0,"- ","- ",37.790409088134766,-121.44326782226562,"SAN JOAQUIN",UNINCORPORATED,-121.44354248046875,37.7904052734375
94526977,2024,2025-01-06,9265,2024-05-29,1639,021781,,3,2,9,3900,0,1,1,,2,505,"I-5 SOUTHBOUND","WALNUT GROVE ROAD",225.00,S,N,A,-,Y,SJ,,5," "," ",47.471,H,,L,N,1,1,2,3,A,-,05,21651,A,N,B,C,A,A,H,-,A,D,0,,,,Y,Y,,D,22,1,0,1,0,0,0,0,0,0,"- ","- ",38.224281311035156,-121.42936706542969,"SAN JOAQUIN",UNINCORPORATED,-121.42966461181641,38.224151611328125
94527131,2024,2025-01-06,9265,2024-08-25,"105 ",023098,,7,3,9,3900,0,1,3,,1,063,"STATE ROUTE 88","COLLIER RD",1297.00,E,N,A,-,Y,SJ,,88," "," ",20.519,H,,R,Y,1,1,1,2,A,-,01,23152,A,N,A,C,A,A,H,-,D,D,0,,,,,Y,Y,A,01,1,0,0,0,0,0,0,0,0,"- ","- ",38.217029571533203,-121.066650390625,"SAN JOAQUIN",UNINCORPORATED,-121.06665802001953,38.217033386230469
94534887,2025,2025-01-13,9265,2025-01-03,"605 ",018836,,5,1,9,3900,0,2,4,,1,014,"MARIPOSA RD","MUNFORD AVE",10.00,W,N,A,-,N,,,,,,,,,,N,2,0,1,2,A,-,10,21950,A,N,G,B,B,A,H,-,C,A,0,Y,,,,Y,,A,08,1,0,0,0,1,0,0,0,0,"- ","- ",37.930759429931641,-121.22464752197266,"SAN JOAQUIN",UNINCORPORATED,-121.22438049316406,37.930622100830078
94544721,2025,2025-01-21,9265,2025-01-07,1120,017439,,2,1,9,3900,0,3,5,,2,010,"JONES RD","ELLIS RD.",550.00,W,N,A,-,N,,,,,,,,,,N,2,0,1,1,A,-,21,22106,,N,F,A,A,A,H,-,A,D,0,,,Y,,Y,,C,02,1,0,0,0,0,0,0,0,1,"- ","- ",37.773178100585938,-121.00598907470703,"SAN JOAQUIN",UNINCORPORATED,-121.00594329833984,37.773139953613281
94554198,2024,2025-01-29,9265,2024-10-05,2500,022887,,6,4,9,3900,0,3,5,,2,060,"STATE ROUTE 99 EAST FRONTAGE ROAD","MORADA LANE",480.00,N,N,A,-,N,,,,,,,,,,Y,1,1,0,1,A,-,01,23152,G,N,E,I,A,A,H,-,D,A,0,,,Y,,Y,Y,C,02,0,0,0,0,0,0,0,1,0,"- ","- ",38.038719177246094,-121.25810241699219,"SAN JOAQUIN",UNINCORPORATED,,
94561894,2025,2025-02-03,9265,2025-01-10,1340,016382,,5,1,9,3900,0,1,3,,2,003,"SR-99 N/B","ARCH ROAD",4240.00,N,N,A,-,Y,SJ,,99," "," ",15.412,H,,R,Y,2,0,1,1,A,-,08,22107,,N,E,8,A,A,H,-,A,D,0,,,,,Y,,D,22,1,0,0,0,0,0,0,0,0,"- ","- ",37.915939331054688,-121.2271728515625,"SAN JOAQUIN",UNINCORPORATED,-121.22725677490234,37.915916442871094
94584920,2024,2025-02-20,9265,2024-10-13,"447 ",022849,,7,3,6,3905,0,1,3,,2,004,"SOUTHBOUND STATE ROUTE 99","CHEROKEE ROAD OVERCROSSING",350.00,S,N,A,-,Y,SJ,,99," "," ",20.803,H,,R,Y,1,1,0,1,A,-,01,23152,A,N,E,8,A,A,H,-,C,D,0,,,,,Y,Y,D,22,0,0,0,0,0,0,0,0,0,"- ","- ",37.991130828857422,-121.25257110595703,"SAN JOAQUIN",STOCKTON,-121.25227355957031,37.991203308105469
94612813,2024,2025-03-21,9266,2024-11-14,1307,022773,,4,1,9,3900,0,1,1,,1,015,"I-205 W/B","PARADISE ROAD",848.00,E,N,A,-,Y,SJ,,205," ",R,9.776,H,,L,Y,1,1,1,3,A,-,08,22107,,N,B,2,A,A,H,-,A,D,0,,,,Y,Y,,A,07,0,1,0,0,0,0,0,0,0,"- ","- ",37.765071868896484,-121.38491058349609,"SAN JOAQUIN",UNINCORPORATED,-121.38491058349609,37.765052795410156
94635011,2024,2025-04-02,9265,2024-11-27,"303 ",023195,,3,3,9,3900,0,1,1,,2,503,"I-5 NORTHBOUND","PERSHING AVE",3030.00,S,N,A,-,Y,SJ,,5," "," ",26.402,H,,R,N,1,1,0,2,A,-,11,21954,A,F,G,B,E,A,H,-,C,D,0,Y,,,,Y,Y,N,60,0,0,0,1,0,0,0,0,0,"- ","- ",37.950508117675781,-121.30329132080078,"SAN JOAQUIN",UNINCORPORATED,-121.30330657958984,37.950492858886719
94635594,2025,2025-04-03,9265,2025-01-22,"510 ",022849,,3,3,6,3905,0,1,3,,1,042,"STATE ROUTE 4 EASTBOUND","STATE ROUTE 99",1245.00,W,N,A,-,Y,SJ,,4," ",R,19.115,H,,R,Y,1,1,0,1,A,-,08,22107,,N,E,I,A,A,H,-,D,D,0,,,,,Y,,A,07,0,0,0,0,0,0,0,0,0,"- ","- ",37.960849761962891,-121.24751281738281,"SAN JOAQUIN",STOCKTON,-121.24750518798828,37.960792541503906
94648090,2024,2025-04-14,9265,2024-08-16,1629,022706,,5,2,9,3900,0,1,3,,1,061,"STATE ROUTE 26","RAMSEY AVENUE",337.00,W,N,A,-,Y,SJ,,26," "," ",4.978,H,,R,Y,1,1,0,2,A,-,06,21750,A,N,D,C,A,A,H,-,A,D,0,,,Y,,Y,Y,C,02,0,0,0,0,0,0,0,1,0,"- ","- ",37.991710662841797,-121.18183898925781,"SAN JOAQUIN",UNINCORPORATED,-121.18183135986328,37.991695404052734
9466319,2022,2022-12-27,3903,2022-10-25,0810,3930,,2,5,4,3903,0,0,0,,0,,"WHELAN WY","BRISTOW ST",90.00,S,N,A,-,N,,,,,,,,,,N,2,0,1,2,A,-,21,22106,,N,G,B,F,A,H,-,A,D,0,Y,,,,Y,,A,01,1,0,0,0,1,0,0,0,0,"- ","- ",37.796348571777344,-121.20426177978516,"SAN JOAQUIN",MANTECA,-121.20432281494141,37.796733856201172
94666479,2024,2025-06-17,9265,2024-10-21,"21  ",023736,,1,3,6,3905,0,1,1,,2,503,"INTERSTATE 5 NORTHBOUND","CHARTER WAY",2036.00,S,N,A,-,Y,SJ,,5," "," ",24.971,H,,R,N,1,1,2,3,A,-,11,21954,A,F,G,B,E,A,H,-,D,D,0,Y,,,,Y,Y,N,60,0,1,1,1,0,0,0,0,0,"- ","- ",37.931259155273438,-121.29598236083984,"SAN JOAQUIN",STOCKTON,-121.29596710205078,37.931262969970703
94707558,2025,2025-05-30,9265,2025-05-27,1410,023096,,2,2,9,3900,0,1,3,,2,006,"SR-99 S/B","JAHANT RD",2640.00,N,N,A,-,Y,SJ,,99," "," ",36.047,H,,L,Y,2,0,1,1,A,-,03,22350,,N,F,A,A,D,H,-,A,D,0,,,Y,,Y,,C,02,1,0,0,0,0,0,0,0,1,"- ","- ",38.210231781005859,-121.26567077636719,"SAN JOAQUIN",UNINCORPORATED,-121.26560974121094,38.210250854492188
94748277,2025,2025-07-07,9265,2025-06-20,1005,024544,,5,1,9,3900,0,3,5,,2,060,"ACAMPO RD","E 99 FRONTAGE RD",194.00,W,N,A,-,N,,,,,,,,,,N,2,0,1,1,A,-,00,21221,,N,F,I,A,A,H,-,A,D,0,,,,,Y,Y,M,94,1,0,0,0,0,0,0,0,0,"- ","- ",38.174720764160156,-121.26242065429688,"SAN JOAQUIN",UNINCORPORATED,-121.26236724853516,38.174720764160156
94749409,2025,2025-07-07,9265,2025-06-25,"750 ",024252,,3,1,9,3900,0,1,1,,2,504,"I-5 S/B","EIGHT MILE ROAD",4224.00,S,N,A,-,Y,SJ,,5," "," ",34.526,H,,L,Y,2,0,3,4,A,-,03,22350,,N,C,2,A,A,D,-,A,D,0,,,,,Y,,A,07,1,0,2,0,0,0,0,0,0,"- ","- ",38.046779632568359,-121.36943817138672,"SAN JOAQUIN",UNINCORPORATED,-121.36936950683594,38.046794891357422
94755369,2025,2025-07-09,9266,2025-06-14,"340 ",024051,,6,3,9,3900,0,1,1,,2,024,"I-5 S/B","I-205 E/B",1214.00,N,N,A,-,Y,SJ,,5," ",R,12.843,H,,L,Y,2,0,4,3,A,-,01,23152,A,N,A,2,A,A,H,-,C,D,0,,,,,Y,Y,A,01,4,0,0,0,0,0,0,0,0,"- ","- ",37.769290924072266,-121.32914733886719,"SAN JOAQUIN",UNINCORPORATED,-121.32915496826172,37.769290924072266