CASE_ID,ACCIDENT_YEAR,PROC_DATE,JURIS,COLLISION_DATE,COLLISION_TIME,OFFICER_ID,REPORTING_DISTRICT,DAY_OF_WEEK,CHP_SHIFT,POPULATION,CNTY_CITY_LOC,SPECIAL_COND,BEAT_TYPE,CHP_BEAT_TYPE,CITY_DIVISION_LAPD,CHP_BEAT_CLASS,BEAT_NUMBER,PRIMARY_RD,SECONDARY_RD,DISTANCE,DIRECTION,INTERSECTION,WEATHER_1,WEATHER_2,STATE_HWY_IND,CALTRANS_COUNTY,CALTRANS_DISTRICT,STATE_ROUTE,ROUTE_SUFFIX,POSTMILE_PREFIX,POSTMILE,LOCATION_TYPE,RAMP_INTERSECTION,SIDE_OF_HWY,TOW_AWAY,COLLISION_SEVERITY,NUMBER_KILLED,NUMBER_INJURED,PARTY_COUNT,PRIMARY_COLL_FACTOR,PCF_CODE_OF_VIOL,PCF_VIOL_CATEGORY,PCF_VIOLATION,PCF_VIOL_SUBSECTION,HIT_AND_RUN,TYPE_OF_COLLISION,MVIW,PED_ACTION,ROAD_SURFACE,ROAD_COND_1,ROAD_COND_2,LIGHTING,CONTROL_DEVICE,CHP_ROAD_TYPE,PEDESTRIAN_ACCIDENT,BICYCLE_ACCIDENT,MOTORCYCLE_ACCIDENT,TRUCK_ACCIDENT,NOT_PRIVATE_PROPERTY,ALCOHOL_INVOLVED,STWD_VEHTYPE_AT_FAULT,CHP_VEHTYPE_AT_FAULT,COUNT_SEVERE_INJ,COUNT_VISIBLE_INJ,COUNT_COMPLAINT_PAIN,COUNT_PED_KILLED,COUNT_PED_INJURED,COUNT_BICYCLIST_KILLED,COUNT_BICYCLIST_INJURED,COUNT_MC_KILLED,COUNT_MC_INJURED,PRIMARY_RAMP,SECONDARY_RAMP,LATITUDE,LONGITUDE,COUNTY,CITY,POINT_X,POINT_Y
94759854,2025,2025-07-14,9265,2025-06-27,1730,024504,,5,2,6,3905,0,1,3,,1,042,"SR-4 W/B","FILBERT STREET",1478.00,E,N,A,-,Y,SJ,,4," ",R,19.060,H,,L,Y,2,0,1,3,A,-,07,21658,A,N,C,2,A,A,H,-,A,D,0,,,,Y,Y,,A,01,1,0,0,0,0,0,0,0,0,"- ","- ",37.961021423339844,-121.24867248535156,"SAN JOAQUIN",STOCKTON,-121.24866485595703,37.961009979248047
94768691,2025,2025-07-29,9266,2025-04-14,1245,023624,,1,1,9,3900,0,3,5,,2,001,"CANAL BLVD","I-205 E/B",686.00,E,N,A,-,N,,,,,,,,,,Y,1,1,0,1,A,-,01,23152,A,N,E,I,A,A,H,-,A,D,0,,,,,Y,Y,A,01,0,0,0,0,0,0,0,0,0,"- ","- ",37.765281677246094,-121.34810638427734,"SAN JOAQUIN",UNINCORPORATED,-121.34730529785156,37.765079498291016
94818506,2025,2025-08-26,9265,2025-05-07,1558,018955,,3,2,9,3900,0,1,3,,1,011,"STATE ROUTE 120","SEXTON ROAD",405.00,W,N,A,-,Y,SJ,,120," "," ",14.750,H,,R,Y,1,1,3,2,A,-,05,21460,A,N,A,C,A,A,H,-,A,D,0,,,,,Y,,A,07,3,0,0,0,0,0,0,0,0,"- ","- ",37.798610687255859,-121.03523254394531,"SAN JOAQUIN",UNINCORPORATED,-121.03523254394531,37.798587799072266
9512739,2022,2022-11-03,3903,2022-08-06,2246,5679,,6,5,4,3903,0,0,0,,0,,"EAST YOSEMITE AV","SPRECKELS AV",729.00,E,N,A,-,N,,,,,,,,,,N,2,0,1,2,A,-,11,21955,,F,G,B,D,A,H,-,C,D,0,Y,,,,Y,,N,60,1,0,0,0,1,0,0,0,0,"- ","- ",37.797481536865234,-121.19573211669922,"SAN JOAQUIN",MANTECA,-121.19564056396484,37.797481536865234
9520185,2022,2023-01-26,3906,2022-08-13,1252,1266,MSC,6,5,5,3906,0,0,0,,0,003,"CORRAL HOLLOW RD","TENNIS LN",0.00,,Y,A,-,N,,,,,,,,,,Y,1,1,0,2,A,-,08,22107,,N,D,C,A,A,H,-,A,D,0,,,Y,,Y,Y,A,01,0,0,0,0,0,0,0,1,0,"- ","- ",37.731441497802734,-121.45297241210938,"SAN JOAQUIN",TRACY,-121.45321655273438,37.731403350830078
9520620,2022,2023-06-20,3905,2022-08-06,1636,2156,SEA,6,5,6,3905,0,0,0,,0,,"TURNPIKE RD","DOWNING AV",909.00,N,N,A,-,N,,,,,,,,,,Y,1,1,4,2,A,-,01,23152,A,N,A,C,A,A,H,-,A,A,0,,,,,Y,Y,A,01,3,0,1,0,0,0,0,0,0,"- ","- ",37.913280487060547,-121.28807830810547,"SAN JOAQUIN",STOCKTON,-121.2896728515625,37.915313720703125
9522017,2022,2022-11-23,3906,2022-10-18,2215,1830,,2,5,5,3906,0,0,0,,0,002,"S TRACY BL","W 4TH ST",182.00,N,N,A,-,N,,,,,,,,,,N,2,0,1,2,A,-,11,21954,A,N,G,B,D,A,H,-,C,D,0,Y,,,,Y,,N,60,1,0,0,0,1,0,0,0,0,"- ","- ",,,"SAN JOAQUIN",TRACY,-121.43482208251953,37.730510711669922
9539321,2022,2023-02-01,3902,2022-12-13,1718,116,HERIT,2,5,5,3902,0,0,0,,0,002,"CHEROKEE LN","HALE RD",8.00,S,N,A,-,N,,,,,,,,,,N,2,0,1,2,A,-,11,21456,C,N,G,B,B,A,H,-,C,A,0,Y,,,,Y,,N,60,1,0,0,0,1,0,0,0,0,"- ","- ",38.125701904296875,-121.26039886474609,"SAN JOAQUIN",LODI,-121.26058197021484,38.125679016113281
9542706,2022,2023-01-19,3906,2022-12-13,0726,1629,,2,5,5,3906,0,0,0,,0,002,"NORTH TRACY BL","TENNIS LN",0.00,,Y,A,-,N,,,,,,,,,,Y,2,0,2,2,A,-,12,21453,A,N,D,C,A,-,H,-,A,A,0,,,,,Y,,A,01,1,0,1,0,0,0,0,0,0,"- ","- ",37.732051849365234,-121.43486785888672,"SAN JOAQUIN",TRACY,-121.43482971191406,37.732051849365234
9547274,2023,2023-03-14,3903,2023-01-27,2126,2588,,5,5,4,3903,0,0,0,,0,,"W WOODWARD AV","OLEANDER AV",377.00,W,N,A,-,N,,,,,,,,,,N,2,0,1,2,A,-,11,21954,A,N,G,B,D,A,H,-,C,D,0,Y,,,,Y,,N,60,1,0,0,0,1,0,0,0,0,"- ","- ",37.775600433349609,-121.24430084228516,"SAN JOAQUIN",MANTECA,-121.24320983886719,37.775669097900391
9596739,2023,2023-07-31,3903,2023-05-06,1047,5820,,6,5,4,3903,0,0,0,,0,,"COTTAGE AV","BROOKDALE WY",0.00,,Y,B,-,N,,,,,,,,,,Y,2,0,1,2,A,-,09,21800,A,N,D,C,A,A,H,-,A,D,0,,,,,Y,,A,01,1,0,0,0,0,0,0,0,0,"- ","- ",,,"SAN JOAQUIN",MANTECA,-121.19873809814453,37.810493469238281
9596744,2023,2023-07-27,3903,2023-04-27,1444,2295,,4,5,4,3903,0,0,0,,0,,"MAIN ST","YOSEMITE AV",262.00,N,N,A,-,N,,,,,,,,,,N,2,0,1,1,C,-,18,,,N,E,I,A,A,H,-,A,D,0,,,,,Y,,-,"- ",1,0,0,0,0,0,0,0,0,"- ","- ",37.797489166259766,-121.21649169921875,"SAN JOAQUIN",MANTECA,-121.21650695800781,37.797409057617188
9637488,2023,2024-01-26,3902,2023-09-24,2004,111,,7,5,5,3902,0,0,0,,0,002,"VICTOR RD","GUILD AV",0.00,,Y,A,-,Y,SJ,10,12,-,-,18.610,I,5,E,Y,2,0,2,2,A,-,12,22450,,N,D,C,A,A,H,-,C,A,0,,,,,Y,,A,01,1,0,1,0,0,0,0,0,0,"- ","- ",38.137519836425781,-121.24794006347656,"SAN JOAQUIN",LODI,-121.24794769287109,38.137683868408203
9638702,2023,2023-11-21,3903,2023-09-07,1843,4002,,4,5,4,3903,0,0,0,,0,,"YOSEMITE AV","SYCAMORE AV",205.00,W,N,A,-,N,,,,,,,,,,N,2,0,1,2,A,-,03,22350,,N,D,G,A,A,H,-,A,D,0,,Y,,,Y,,A,01,1,0,0,0,0,0,1,0,0,"- ","- ",37.797290802001953,-121.21898651123047,"SAN JOAQUIN",MANTECA,-121.21968841552734,37.797420501708984
9638718,2023,2023-11-16,3903,2023-09-13,2054,2588,,3,5,4,3903,0,0,0,,0,003,"SOUTH UNION RD","WOODWARD AV",900.00,S,N,A,-,N,,,,,,,,,,N,2,0,2,1,A,-,07,21658,A,N,E,I,A,A,H,-,C,D,0,,,Y,,Y,,C,02,2,0,0,0,0,0,0,0,2,"- ","- ",,,"SAN JOAQUIN",MANTECA,-121.23395538330078,37.773178100585938
9640275,2023,2025-06-24,3902,2023-12-15,1740,100,HERIT,5,5,5,3902,0,0,0,,0,004,"CHEROKEE LN","ALMOND DR",538.00,N,N,A,-,N,,,,,,,,,,Y,1,1,0,2,A,-,11,21954,A,N,G,B,D,A,H,-,C,D,0,Y,,,,Y,Y,N,60,0,0,0,1,0,0,0,0,0,"- ","- ",38.111179351806641,-121.26051330566406,"SAN JOAQUIN",LODI,-121.26042938232422,38.112926483154297
9640974,2024,2024-10-01,3903,2024-08-04,2220,3540,,7,5,4,3903,0,0,0,,0,,"YOSEMITE AV","SAINT DOMINICS DR",149.00,W,N,A,-,N,,,,,,,,,,Y,1,1,0,2,A,-,00,23153,F,N,G,B,D,A,H,-,C,D,0,Y,,,,Y,,A,01,0,0,0,1,0,0,0,0,0,"- ","- ",37.797309875488281,-121.24471282958984,"SAN JOAQUIN",MANTECA,-121.24524688720703,37.797328948974609
9641002,2024,2024-10-09,3905,2024-04-17,"702 ",2133,PAR,3,5,6,3905,0,0,0,,0,,"WEST LN","ALPINE AV",0.00,,Y,A,-,N,,,,,,,,,,N,1,1,5,3,A,-,03,22350,,N,D,C,A,A,H,-,A,A,0,,,,,Y,,J,43,1,0,4,0,0,0,0,0,0,"- ","- ",37.983940124511719,-121.28349304199219,"SAN JOAQUIN",STOCKTON,-121.28391265869141,37.983959197998047
9650712,2023,2024-02-07,3903,2023-12-26,1955,4002,,2,5,4,3903,0,0,0,,0,,"UNION RD","SHADY PINES ST",0.00,,Y,B,-,N,,,,,,,,,,Y,2,0,2,2,A,-,01,23152,A,N,A,C,A,A,H,-,C,A,0,,,,,Y,Y,A,07,1,1,0,0,0,0,0,0,0,"- ","- ",,,"SAN JOAQUIN",MANTECA,-121.23638153076172,37.837646484375
9664852,2024,2024-03-07,3903,2024-01-12,2152,5686,,5,5,4,3903,0,0,0,,0,,"LATHROP RD","COTTAGE AV",0.00,,Y,A,-,N,,,,,,,,,,N,2,0,1,1,A,-,01,23152,A,N,E,I,A,A,H,-,C,D,0,,,Y,,Y,Y,C,02,1,0,0,0,0,0,0,0,1,"- ","- ",,,"SAN JOAQUIN",MANTECA,-121.19934844970703,37.826541900634766
9676244,2024,2024-03-08,3902,2024-01-08,"127 ",109,CENTR,1,5,5,3902,0,0,0,,0,002,"BEKCMAN RD","PINE ST",247.00,S,N,A,-,N,,,,,,,,,,Y,2,0,1,1,A,-,01,23152,G,N,E,I,A,A,H,-,C,D,0,,,,,Y,Y,A,01,1,0,0,0,0,0,0,0,0,"- ","- ",38.133731842041016,-121.25700378417969,"SAN JOAQUIN",LODI,-121.25704193115234,38.133312225341797
9716955,2024,2024-09-10,3905,2024-07-18,2353,174012,MOUNT,4,5,6,3905,0,0,0,,0,010,"MOUNTAIN HOUSE PKWY","GRANT LINE RD",0.00,,Y,A,-,N,,,,,,,,,,Y,2,0,2,3,A,-,09,21453,C,N,D,C,A,A,H,-,C,A,0,,,,,Y,,A,08,1,1,0,0,0,0,0,0,0,"- ","- ",,,"SAN JOAQUIN",STOCKTON,-121.57505035400391,37.75433349609375
9727889,2024,2024-09-06,3903,2024-06-12,2143,6077,,3,5,4,3903,0,0,0,,0,,"LOUISE AV","MAIN ST",0.00,,Y,A,-,N,,,,,,,,,,N,2,0,1,2,A,-,10,21950,,F,G,B,B,A,H,-,C,A,0,Y,,,,Y,,A,07,1,0,0,0,1,0,0,0,0,"- ","- ",37.811920166015625,-121.21704864501953,"SAN JOAQUIN",MANTECA,-121.217041015625,37.811943054199219
9786369,2024,2025-08-20,3905,2024-11-10,1541,2785,PAR,7,5,6,3905,0,0,0,,0,,"EL DORADO ST FR W RD","CLAYTON AV",2057.00,S,N,A,-,N,,,,,,,,,,N,1,2,0,2,A,-,05,21460,A,N,A,C,A,A,H,-,A,D,0,,,,Y,Y,,A,01,0,0,0,0,0,0,0,0,0,"- ","- ",,,"SAN JOAQUIN",STOCKTON,-121.27571868896484,37.905506134033203
9786371,2024,2025-07-14,3905,2024-09-10,1845,2660,LAK,2,5,6,3905,0,0,0,,0,,"MARCH LN","VENETIAN DR",16.00,W,N,A,-,N,,,,,,,,,,Y,1,1,0,2,A,-,12,21453,A,F,G,B,B,A,H,-,A,A,0,Y,,,,Y,,A,01,0,0,0,1,0,0,0,0,0,"- ","- ",37.988300323486328,-121.32553100585938,"SAN JOAQUIN",STOCKTON,-121.32603454589844,37.98809814453125
6290503,2014,2014-05-14,9265,2014-04-14,1705,18047,,1,2,9,3900,0,3,5,,2,030,"RT 99 W FR RD","LOOMIS RD",217.00,S,N,A,-,N,,,99,,,,,,,Y,1,1,0,1,A,-,08,22107,,N,E,I,A,A,H,-,A,D,0,,,Y,,Y,,C,06,0,0,0,0,0,0,0,1,0,"- ","- ",37.93092,-121.23390000000001,"SAN JOAQUIN",UNINCORPORATED,-121.23359262,37.931042949999998
6291075,2014,2014-08-15,9265,2014-04-28,1638,18289,,1,2,9,3900,0,3,5,,2,010,"RT 99","CLARK DR",579.00,S,N,A,-,N,,,99,,,,,,,Y,1,1,0,1,A,-,01,23152,E,N,E,I,A,A,H,-,A,D,0,,,Y,,Y,,C,02,0,0,0,0,0,0,0,1,0,"- ","- ",37.917900000000003,-121.22786000000001,"SAN JOAQUIN",UNINCORPORATED,-121.22802531000001,37.917834450000001
6291428,2014,2016-01-14,9265,2014-08-19,1225,017385,,2,1,2,3920,0,3,5,,2,040,"FREWERT RD","MANTHEY RD",4224.00,W,N,A,-,N,,,,,,,,,,Y,1,1,0,1,A,-,08,22107,,N,E,I,A,A,H,-,A,D,0,,,,,Y,,A,07,0,0,0,0,0,0,0,0,0,"- ","- ",37.848199999999999,-121.29816,"SAN JOAQUIN",LATHROP,-121.29893984,37.84814883
6291637,2014,2015-12-29,9265,2014-08-25,0352,15827,,1,3,9,3900,0,1,3,,1,062,"RT 88","BEYER LN",529.00,W,N,A,-,Y,SJ,10,88,-,-,1.040,H,-,W,N,1,1,0,2,A,-,11,21954,A,N,G,B,D,A,H,-,D,D,0,Y,,,,Y,,N,60,0,0,0,1,0,0,0,0,0,"- ","- ",37.995069999999998,-121.23408000000001,"SAN JOAQUIN",UNINCORPORATED,-121.23533832,37.994242589999999
6291695,2014,2014-12-16,9265,2014-09-08,1332,18661,,1,1,9,3900,0,1,3,,1,061,"RT 26","WALL RD",646.00,E,N,A,-,Y,SJ,10,26,-,-,11.500,H,-,E,Y,1,1,0,2,A,-,01,23152,E,N,B,C,A,A,H,-,A,D,0,,,,Y,Y,,A,01,0,0,0,0,0,0,0,0,0,"- ","- ",38.025109999999998,-121.07159,"SAN JOAQUIN",UNINCORPORATED,-121.07006292,38.025516930000002
6291840,2014,2015-12-29,9265,2014-10-22,2342,19906,,3,3,9,3900,0,2,4,,1,014,"MARIPOSA RD","DROGE RD",2101.00,W,N,A,-,N,,,,,,,,,,Y,1,1,0,1,A,-,08,22107,,N,E,I,A,A,H,-,D,D,0,,,,,Y,,A,01,0,0,0,0,0,0,0,0,0,"- ","- ",37.840989999999998,-121.01005000000001,"SAN JOAQUIN",UNINCORPORATED,-121.00999582999999,37.840777000000003
6291864,2014,2015-01-27,9265,2014-09-11,0618,13325,,4,1,9,3900,0,3,5,,2,010,"LONE TREE RD","WAGNER RD",3168.00,E,N,A,-,N,,,,,,,,,,Y,1,1,0,1,A,-,01,23152,A,N,E,I,A,A,H,-,D,D,0,,,,,Y,Y,A,01,0,0,0,0,0,0,0,0,0,"- ","- ",37.82734,-121.07787,"SAN JOAQUIN",UNINCORPORATED,-121.07868169,37.827248249999997
6291952,2014,2015-02-13,9265,2014-01-16,0236,13193,,4,3,9,3900,0,1,1,,2,502,"RT 5","E LYNN AV",770.00,S,N,A,-,Y,SJ,10,5,-,R,20.504,R,2,S,Y,1,1,0,1,A,-,01,23152,A,N,E,I,A,A,H,-,D,D,1,,,,,Y,Y,A,01,0,0,0,0,0,0,0,0,0,FR,"- ",37.875639999999997,-121.27654,"SAN JOAQUIN",UNINCORPORATED,-121.27864488,37.868336880000001
6292013,2014,2015-12-29,3905,2014-04-06,0425,2133,,7,5,6,3905,0,0,0,,0,,"PERSHING AV","ACACIA ST",136.00,S,N,A,-,N,,,,,,,,,,Y,1,1,0,1,A,-,01,23152,A,N,E,I,A,A,H,-,C,A,0,,,,,Y,Y,A,01,0,0,0,0,0,0,0,0,0,"- ","- ",,,"SAN JOAQUIN",STOCKTON,-121.31191302000001,37.958934470000003
6292021,2014,2015-03-17,3905,2014-02-23,1539,2233,VAL,7,5,6,3905,0,0,0,,0,,"JAMESTOWN ST","SHELLEY CT",3.00,E,N,A,-,N,,,,,,,,,,N,2,0,1,2,A,-,10,21950,A,N,G,B,B,A,H,-,A,A,0,Y,,,,Y,,A,08,1,0,0,0,1,0,0,0,0,"- ","- ",,,"SAN JOAQUIN",STOCKTON,-121.30378053,37.993773419999997
6292044,2014,2015-03-23,3905,2014-07-09,2156,2213,VAL,3,5,6,3905,0,0,0,,0,,"BIANCHI RD","WEST LN",500.00,E,N,A,-,N,,,,,,,,,,Y,1,1,1,2,A,-,01,23152,A,N,C,C,A,A,H,-,C,B,0,,,,,Y,Y,A,01,0,0,1,0,0,0,0,0,0,"- ","- ",,,"SAN JOAQUIN",STOCKTON,-121.28741807,37.998151739999997
6292198,2015,2017-04-21,3901,2015-02-12,1833,L5,,4,5,2,3901,0,0,0,,0,,"ESCALON AV","LIBBY DR",250.00,N,N,A,-,N,,,,,,,,,,Y,1,1,0,2,A,-,01,23152,A,N,E,I,A,A,H,-,C,D,0,,,,,Y,Y,A,01,0,0,0,0,0,0,0,0,0,"- ","- ",,,"SAN JOAQUIN",ESCALON,-120.99696994,37.806317059999998
6292274,2015,2015-06-17,9265,2015-02-23,0711,18477,,1,1,9,3900,0,1,3,,1,011,"RT 120","VON GLAHN RD",1024.00,W,N,E,-,Y,SJ,10,120,-,-,13.320,H,-,W,Y,1,1,0,2,A,-,08,22107,,N,A,C,A,A,H,-,A,D,0,,,,Y,Y,,A,01,0,0,0,0,0,0,0,0,0,"- ","- ",37.798349999999999,-121.06171999999999,"SAN JOAQUIN",UNINCORPORATED,-121.06151685,37.798397649999998
6292297,2015,2015-06-30,9265,2015-04-17,1925,19341,,5,2,9,3900,0,1,3,,1,092,"RT 12","POTATO SLOUGH",2112.00,W,N,A,-,Y,SJ,10,12,-,-,4.040,H,-,W,Y,1,1,3,3,A,-,08,22107,,N,D,C,A,A,H,-,A,D,0,,,,,Y,,B,07,1,2,0,0,0,0,0,0,0,"- ","- ",38.113979999999998,-121.50548000000001,"SAN JOAQUIN",UNINCORPORATED,-121.50967488000001,38.113854019999998
6292345,2015,2015-07-06,3905,2015-03-08,0930,1422,LAK,7,5,6,3905,0,0,0,,0,,"PACIFIC AV","DOUGLAS RD",0.00,,Y,A,-,N,,,,,,,,,,N,1,1,0,2,A,-,10,21950,A,F,G,B,B,A,H,-,A,A,0,Y,,,,Y,,A,07,0,0,0,1,0,0,0,0,0,"- ","- ",,,"SAN JOAQUIN",STOCKTON,-121.31956999000001,38.008239889999999
6292347,2015,2017-04-25,9265,2015-03-17,1404,18289,,2,2,9,3900,0,1,3,,2,001,"RT 99","FRENCH CAMP RD",3126.00,S,N,A,-,Y,SJ,10,99,-,-,10.880,H,-,N,Y,1,1,1,1,A,-,08,22107,,N,E,I,A,A,D,-,A,D,1,,,,,Y,,D,22,1,0,0,0,0,0,0,0,0,"- ","- ",37.851590000000002,-121.21822,"SAN JOAQUIN",UNINCORPORATED,-121.21826412,37.851032279999998
6292394,2015,2015-07-13,3905,2015-03-25,1121,2015,SEA,3,5,6,3905,0,0,0,,0,,"EL DORADO ST","6TH ST",0.00,,Y,A,-,N,,,,,,,,,,Y,1,1,0,2,A,-,10,21950,A,N,G,B,B,A,H,-,A,A,0,Y,,,,Y,,A,01,0,0,0,1,0,0,0,0,0,"- ","- ",,,"SAN JOAQUIN",STOCKTON,-121.28379993,37.931449899999997
6292467,2015,2015-08-05,3905,2015-01-15,0430,1295,SEA,4,5,6,3905,0,0,0,,0,,"CHARTER WY","STOCKTON ST",541.00,W,N,E,-,N,,,,,,,,,,Y,1,1,0,2,A,-,01,23152,A,N,B,C,A,A,H,-,C,D,0,,,,Y,Y,Y,D,22,0,0,0,0,0,0,0,0,0,"- ","- ",,,"SAN JOAQUIN",STOCKTON,-121.301596,37.935721370000003
6292526,2015,2017-05-09,3905,2015-04-10,2030,1084,BEA,5,5,6,3905,0,0,0,,0,,"HAMMER LN","ETNA ST",0.00,,Y,A,-,N,,,,,,,,,,Y,1,1,0,2,A,-,01,23152,A,N,G,B,B,A,H,-,C,A,0,Y,,,,Y,Y,A,01,0,0,0,1,0,0,0,0,0,"- ","- ",,,"SAN JOAQUIN",STOCKTON,-121.31941998000001,38.021029919999997
6292537,2015,2015-08-28,3902,2015-04-25,1319,14,,6,5,5,3902,0,0,0,,0,,"HARNEY LN","CROWN PL",45.00,W,N,A,-,N,,,,,,,,,,Y,1,1,0,1,A,-,03,22350,,N,E,I,A,A,H,-,A,D,0,,,Y,,Y,,C,02,0,0,0,0,0,0,0,1,0,"- ","- ",,,"SAN JOAQUIN",LODI,-121.29428636,38.101077519999997
6292648,2015,2015-09-16,9265,2015-07-16,1545,19182,,4,2,9,3900,0,1,3,,1,041,"RT 4","WILHOIT RD",390.00,W,N,A,-,Y,SJ,10,4,-,-,12.820,H,-,E,Y,1,1,3,2,A,-,08,22107,,N,A,C,A,A,H,-,A,D,0,,,,,Y,,E,22,1,1,1,0,0,0,0,0,0,"- ","- ",37.926900000000003,-121.3557,"SAN JOAQUIN",UNINCORPORATED,-121.35464691,37.926973709999999
6292685,2015,2017-04-04,3906,2015-02-08,0130,916,,7,5,5,3906,0,0,0,,0,004,"LOWELL AV","PROMENDADE DR",118.00,W,N,E,-,N,,,,,,,,,,Y,1,1,0,1,A,-,01,23152,B,N,E,I,A,B,H,-,C,D,0,,,,,Y,Y,A,08,0,0,0,0,0,0,0,0,0,"- ","- ",,,"SAN JOAQUIN",TRACY,-121.45044029,37.746896810000003
6292742,2015,2016-01-27,9265,2015-06-25,2211,13193,,4,3,9,3900,0,1,3,,1,063,"RT 12","BRUELLA RD",5.00,E,N,A,-,Y,SJ,10,12,-,-,20.900,I,5,E,N,1,1,0,2,A,-,10,21950,A,N,G,B,B,A,H,-,C,A,0,Y,,,,Y,Y,A,08,0,0,0,1,0,0,0,0,0,"- ","- ",38.137810000000002,-121.21311,"SAN JOAQUIN",UNINCORPORATED,-121.20588938,38.137941980000001
6292851,2015,2016-03-02,3905,2015-10-10,1000,2021,CIV,6,5,6,3905,0,0,0,,0,,"PERSHING AV","MENDOCINO AV",146.00,N,N,A,-,N,,,,,,,,,,Y,1,1,0,1,A,-,03,22350,,N,E,I,A,A,H,-,A,A,0,,,Y,,Y,,C,02,0,0,0,0,0,0,0,1,0,"- ","- ",37.974060000000001,-121.31665,"SAN JOAQUIN",STOCKTON,-121.31727299000001,37.974822240000002
6348011,2016,2016-03-25,3905,2016-02-13,0356,2289,CIV,6,5,6,3905,0,0,0,,0,,"PERSHING AV","FREMONT ST",75.00,N,N,A,-,N,,,,,,,,,,Y,2,0,1,2,D,-,00,,,F,E,J,A,A,H,-,C,A,0,,,,,Y,Y,-,"- ",1,0,0,0,0,0,0,0,0,"- ","- ",37.954389999999997,-121.31229999999999,"SAN JOAQUIN",STOCKTON,-121.31240339999999,37.954423929999997
6348042,2016,2016-03-23,3905,2016-02-20,2112,2658,LAK,6,5,6,3905,0,0,0,,0,,"HAMMER LN","MEADOW AV",0.00,,Y,A,-,N,,,,,,,,,,Y,2,0,1,2,A,-,09,21453,C,F,D,C,A,A,H,-,C,A,0,,,Y,,Y,,A,01,1,0,0,0,0,0,0,0,1,"- ","- ",38.021090000000001,-121.34581,"SAN JOAQUIN",STOCKTON,-121.34543986,38.021000000000001
6375320,2014,2016-01-15,9265,2014-01-19,0210,17021,,7,3,9,3900,0,1,1,,2,502,"RT 5","HOSPITAL RD",250.00,N,N,A,-,Y,SJ,10,5,-,R,21.780,H,-,N,Y,2,0,1,1,A,-,08,22107,,N,E,I,A,A,H,-,D,D,1,,,,,Y,,A,07,1,0,0,0,0,0,0,0,0,"- ","- ",38.129809999999999,-121.97666,"SAN JOAQUIN",UNINCORPORATED,-121.27988250999999,37.88671575
6380154,2014,2016-03-02,9265,2014-02-06,0730,013444,,4,1,9,3900,0,1,3,,2,006,"RT 99","CHEROKEE LN",30.00,S,N,C,-,Y,SJ,10,99,-,-,31.340,H,-,S,Y,2,0,1,3,A,-,03,22350,,N,D,C,A,B,H,-,A,A,1,,,Y,,Y,,A,07,1,0,0,0,0,0,0,0,1,"- ","- ",38.142420000000001,-121.26042,"SAN JOAQUIN",UNINCORPORATED,-121.26036757999999,38.142440190000002
6388324,2014,2015-02-11,9265,2014-02-06,1820,17856,,4,2,9,3900,0,2,4,,1,082,"ALPINE AV","FRANKLIN AV",0.00,,Y,B,-,N,,,,,,,,,,N,2,0,1,2,A,-,10,21950,A,N,G,B,B,A,H,-,C,A,0,Y,,,,Y,,A,01,1,0,0,0,1,0,0,0,0,"- ","- ",37.978870000000001,-121.34104000000001,"SAN JOAQUIN",UNINCORPORATED,-121.33140996,37.971979959999999
6413777,2014,2014-06-19,9265,2014-02-13,1807,017856,,4,2,9,3900,0,2,4,,1,052,"CHEROKEE RD","WIGWAM DR",528.00,W,N,A,-,N,,,,,,,,,,Y,2,0,2,2,A,-,01,23152,B,N,E,I,A,A,H,-,C,D,0,,,,,Y,Y,A,01,1,1,0,0,0,0,0,0,0,"- ","- ",37.985759999999999,-121.25863,"SAN JOAQUIN",UNINCORPORATED,-121.25871415,37.985703229999999
6420983,2014,2014-06-24,9266,2014-03-21,1900,18330,,5,2,9,3900,0,3,5,,2,003,"ARNAUDO BL","DE ANZA BL",0.00,,Y,A,-,N,,,,,,,,,,N,2,0,1,2,A,-,03,22350,,N,C,G,A,A,H,-,A,A,0,,Y,,,Y,,A,01,1,0,0,0,0,0,1,0,0,"- ","- ",37.775880000000001,-121.53444,"SAN JOAQUIN",UNINCORPORATED,-121.53468995999999,37.77584993
6421036,2014,2014-06-24,9266,2014-03-15,1715,17920,,6,2,9,3900,0,3,5,,2,003,"ESTES WY","MAIN ST",0.00,,Y,A,-,N,,,,,,,,,,N,2,0,1,2,A,-,21,22106,,N,D,G,A,A,H,-,A,D,0,,Y,,,Y,,L,04,1,0,0,0,0,0,1,0,0,"- ","- ",37.769539999999999,-121.54889,"SAN JOAQUIN",UNINCORPORATED,-121.54563,37.7801799
6441801,2014,2016-03-01,9265,2014-02-21,0002,18850,,5,3,9,3900,0,1,3,,2,004,"RT 99","CHEROKEE RD",702.00,S,N,A,-,Y,SJ,10,99,-,-,20.750,H,-,S,Y,2,0,3,1,A,-,01,23152,B,N,E,I,A,A,H,-,C,D,1,,,,,Y,Y,A,01,1,1,1,0,0,0,0,0,0,"- ","- ",37.989750000000001,-121.25203,"SAN JOAQUIN",UNINCORPORATED,-121.25211323000001,37.990341219999998
6463060,2014,2016-03-02,9265,2014-03-16,2000,016661,,7,2,9,3900,0,1,3,,1,011,"RT 120","CALLA DR",550.00,E,N,A,-,Y,SJ,10,120,-,-,7.680,H,-,W,Y,2,0,1,1,A,-,08,22107,,N,E,I,A,A,H,-,D,D,0,,,,,Y,,D,22,1,0,0,0,0,0,0,0,0,"- ","- ",37.797260000000001,-121.16463,"SAN JOAQUIN",UNINCORPORATED,-121.16423684,37.797577519999997