CASE_ID,ACCIDENT_YEAR,PROC_DATE,JURIS,COLLISION_DATE,COLLISION_TIME,OFFICER_ID,REPORTING_DISTRICT,DAY_OF_WEEK,CHP_SHIFT,POPULATION,CNTY_CITY_LOC,SPECIAL_COND,BEAT_TYPE,CHP_BEAT_TYPE,CITY_DIVISION_LAPD,CHP_BEAT_CLASS,BEAT_NUMBER,PRIMARY_RD,SECONDARY_RD,DISTANCE,DIRECTION,INTERSECTION,WEATHER_1,WEATHER_2,STATE_HWY_IND,CALTRANS_COUNTY,CALTRANS_DISTRICT,STATE_ROUTE,ROUTE_SUFFIX,POSTMILE_PREFIX,POSTMILE,LOCATION_TYPE,RAMP_INTERSECTION,SIDE_OF_HWY,TOW_AWAY,COLLISION_SEVERITY,NUMBER_KILLED,NUMBER_INJURED,PARTY_COUNT,PRIMARY_COLL_FACTOR,PCF_CODE_OF_VIOL,PCF_VIOL_CATEGORY,PCF_VIOLATION,PCF_VIOL_SUBSECTION,HIT_AND_RUN,TYPE_OF_COLLISION,MVIW,PED_ACTION,ROAD_SURFACE,ROAD_COND_1,ROAD_COND_2,LIGHTING,CONTROL_DEVICE,CHP_ROAD_TYPE,PEDESTRIAN_ACCIDENT,BICYCLE_ACCIDENT,MOTORCYCLE_ACCIDENT,TRUCK_ACCIDENT,NOT_PRIVATE_PROPERTY,ALCOHOL_INVOLVED,STWD_VEHTYPE_AT_FAULT,CHP_VEHTYPE_AT_FAULT,COUNT_SEVERE_INJ,COUNT_VISIBLE_INJ,COUNT_COMPLAINT_PAIN,COUNT_PED_KILLED,COUNT_PED_INJURED,COUNT_BICYCLIST_KILLED,COUNT_BICYCLIST_INJURED,COUNT_MC_KILLED,COUNT_MC_INJURED,PRIMARY_RAMP,SECONDARY_RAMP,LATITUDE,LONGITUDE,COUNTY,CITY,POINT_X,POINT_Y
6466640,2014,2015-03-05,9265,2014-03-13,2140,018821,,4,2,9,3900,0,1,3,,1,011,"RT 120","CALLA DR",805.00,E,N,A,-,Y,SJ,10,120,-,-,7.730,H,-,W,Y,1,1,1,2,A,-,01,23153,B,N,A,C,A,A,H,-,D,D,0,,,,,Y,Y,D,22,0,0,1,0,0,0,0,0,0,"- ","- ",37.797640000000001,-121.16123,"SAN JOAQUIN",UNINCORPORATED,-121.16332826,37.797579280000001
6467161,2014,2014-07-10,9265,2014-03-04,1830,15827,,2,2,9,3900,0,3,5,,2,060,"LIVE OAK RD","ALPINE RD",150.00,E,N,A,-,N,,,,,,,,,,N,2,0,1,1,A,-,03,22350,,N,E,J,A,A,C,-,D,D,0,,,Y,,Y,,C,02,1,0,0,0,0,0,0,0,1,"- ","- ",38.079619999999998,-121.21371000000001,"SAN JOAQUIN",UNINCORPORATED,-121.2138489,38.079585880000003
6471811,2014,2014-07-22,3900,2014-04-12,0318,126,LATHR,6,5,2,3920,0,0,0,,0,0NA,"SLATE ST","HARLAN RD",0.00,,Y,A,-,N,,,,,,,,,,Y,2,0,3,1,A,-,01,23153,A,N,E,I,A,A,H,-,C,D,0,,,,,Y,Y,A,01,1,1,1,0,0,0,0,0,0,"- ","- ",,,"SAN JOAQUIN",LATHROP,-121.28499995999999,37.840969909999998
6474649,2014,2014-07-24,9265,2014-04-19,2140,18784,,6,2,9,3900,0,3,5,,2,050,"HARDING WY","REPORT AV",0.00,,Y,A,-,N,,,,,,,,,,Y,2,0,1,1,A,-,01,23152,B,N,E,I,A,A,H,-,D,D,0,,,,,Y,Y,D,22,1,0,0,0,0,0,0,0,0,"- ","- ",37.975709999999999,-121.25172999999999,"SAN JOAQUIN",UNINCORPORATED,-121.25197996999999,37.975719949999998
6486682,2014,2016-04-09,9265,2014-05-04,0040,19307,9265,7,3,9,3900,0,1,3,,2,004,"RT 99","KETTLEMAN LN",1100.00,S,N,A,-,Y,SJ,10,99,-,-,29.290,H,-,S,Y,2,0,2,4,A,-,03,22350,,N,G,J,E,A,H,-,D,D,1,Y,,,Y,Y,,A,01,1,1,0,0,2,0,0,0,0,"- ","- ",38.110529999999997,-121.2593,"SAN JOAQUIN",UNINCORPORATED,-121.25868029999999,38.113214820000003
6508981,2014,2014-08-07,3901,2014-05-03,1736,L2,,6,5,2,3901,0,0,0,,0,,"MAIN ST","SAINT JOHN RD",0.00,,Y,A,-,N,,,,,,,,,,N,2,0,1,2,A,-,08,22107,,N,A,C,A,A,H,-,A,A,0,,,Y,,Y,,A,01,1,0,0,0,0,0,0,0,1,"- ","- ",,,"SAN JOAQUIN",ESCALON,-120.98692993,37.789689889999998
6516843,2014,2016-04-11,9265,2014-06-05,0209,018955,,4,3,6,3905,0,1,1,,2,504,"RT 5","BENJAMIN HOLT DR",3950.00,S,N,A,-,Y,SJ,10,5,-,-,30.700,H,-,S,Y,2,0,2,2,A,-,03,22350,,N,D,C,A,A,D,-,D,D,1,,,,,Y,,A,01,1,0,1,0,0,0,0,0,0,"- ","- ",37.596040000000002,-121.20825000000001,"SAN JOAQUIN",STOCKTON,-121.34739404,37.994167769999997
6518503,2014,2016-04-14,9265,2014-05-18,0215,018850,,7,3,9,3900,0,1,3,,2,025,"RT 120","AIRPORT WY",1073.00,W,N,A,-,Y,SJ,10,120,-,R,3.120,H,-,W,Y,2,0,2,2,A,-,01,23152,A,N,C,C,A,A,H,-,D,D,1,,,,,Y,Y,A,01,1,1,0,0,0,0,0,0,0,"- ","- ",37.7834,-121.25595,"SAN JOAQUIN",UNINCORPORATED,-121.25587477000001,37.783373769999997
6523853,2014,2014-07-17,9265,2014-04-04,1720,019341,,5,2,9,3900,0,1,3,,1,041,"MCDONALD RD","HOLT RD",4351.00,W,N,B,-,N,,,,,,,,,,Y,2,0,1,1,A,-,03,22350,,N,F,I,A,A,H,-,A,D,0,,,,,Y,,A,07,1,0,0,0,0,0,0,0,0,"- ","- ",37.574599999999997,-121.264,"SAN JOAQUIN",UNINCORPORATED,-121.43722116000001,37.955568040000003
6523885,2014,2014-07-17,9265,2014-04-09,1045,016581,,3,1,9,3900,0,2,4,,1,012,"JACK TONE RD","LOUIE AV",0.00,,Y,A,-,N,,,,,,,,,,Y,2,0,2,2,A,-,09,21802,A,N,D,C,A,A,H,-,A,A,0,,,,,Y,,A,01,1,0,1,0,0,0,0,0,0,"- ","- ",37.812429999999999,-121.14366,"SAN JOAQUIN",UNINCORPORATED,-121.14375994,37.812199980000003
6529376,2014,2016-04-09,9265,2014-06-13,0915,17405,,5,1,9,3900,0,1,1,,2,505,"RT 12","MOKELUMNE RIVER BR",475.00,E,N,A,-,Y,SJ,10,12,-,-,0.230,H,-,E,Y,2,0,2,2,A,-,03,22350,,N,C,C,A,A,D,-,A,D,0,,,,Y,Y,,F,24,1,0,1,0,0,0,0,0,0,"- ","- ",38.118949999999998,-121.56392,"SAN JOAQUIN",UNINCORPORATED,-121.57586616,38.124137509999997
6533811,2014,2014-08-14,9265,2014-06-11,2010,18525,,3,2,9,3900,0,2,4,,1,053,"WATERLOO RD","MYRAN AV",45.00,W,N,A,-,N,,,,,,,,,,N,2,0,1,2,A,-,11,21954,A,N,G,B,D,A,H,-,C,D,0,Y,,,,Y,,N,60,1,0,0,0,1,0,0,0,0,"- ","- ",37.978940000000001,-121.25751,"SAN JOAQUIN",UNINCORPORATED,-121.2574798,37.979840750000001
6565275,2014,2014-08-25,9265,2014-07-04,0130,019307,,5,3,6,3905,0,2,4,,1,051,"MYRTLE ST","ORO AV",23.00,E,N,A,-,N,,,,,,,,,,Y,2,0,2,1,A,-,08,22107,,N,E,I,A,A,H,-,C,A,0,,,,,Y,,A,01,2,0,0,0,0,0,0,0,0,"- ","- ",37.965730000000001,-121.23876,"SAN JOAQUIN",STOCKTON,-121.23875409,37.96577946
6567851,2014,2016-04-28,9265,2014-07-04,0640,015604,,5,1,9,3900,0,1,3,,1,062,"RT 88","WILCOX RD",1056.00,W,N,A,-,Y,SJ,10,88,-,-,0.310,H,-,E,Y,2,0,2,2,A,-,09,21804,A,N,D,C,A,A,H,-,A,D,0,,,Y,,Y,,A,01,1,0,1,0,0,0,0,0,1,"- ","- ",37.9876,-121.24533,"SAN JOAQUIN",UNINCORPORATED,-121.24570241000001,37.987418609999999
6570374,2014,2014-08-06,3902,2014-05-19,0721,16,,1,5,5,3902,0,0,0,,0,,"HARNEY LN","WINCHESTER DR",30.00,E,N,A,-,N,,,,,,,,,,Y,2,0,4,7,A,-,03,22350,,N,C,C,A,A,H,-,A,D,0,,,,,Y,Y,A,07,2,0,2,0,0,0,0,0,0,"- ","- ",,,"SAN JOAQUIN",LODI,-121.28091574,38.101030000000002
6570860,2014,2014-08-28,3902,2014-07-13,0722,MH42,,7,5,5,3902,0,0,0,,0,,"STOCKTON ST","LODI AV",0.00,,Y,A,-,N,,,,,,,,,,N,2,0,1,2,A,-,05,21650,1,N,H,G,A,A,H,-,A,A,0,,Y,,,Y,,L,04,1,0,0,0,0,0,1,0,0,"- ","- ",,,"SAN JOAQUIN",LODI,-121.26971992999999,38.130499970000002
6584438,2014,2014-08-15,3900,2014-05-27,0102,152430,3900,2,5,2,3920,0,0,0,,0,009,"LOUISE AV","MCKINLEY AV",2424.00,E,N,A,-,N,,,,,,,,,,Y,2,0,1,1,A,-,05,21650,,N,E,I,A,A,H,-,C,A,0,,,,,Y,,A,01,1,0,0,0,0,0,0,0,0,"- ","- ",,,"SAN JOAQUIN",LATHROP,-121.26303873000001,37.811870089999999
6596622,2014,2016-04-28,9265,2014-07-13,1040,018836,,7,1,9,3900,0,1,3,,1,062,"RT 88","NATHELLE LN",600.00,E,N,A,-,Y,SJ,10,88,-,-,9.350,H,-,W,Y,2,0,1,1,A,-,08,22107,,N,E,I,A,A,H,-,A,D,0,,,,,Y,,A,01,1,0,0,0,0,0,0,0,0,"- ","- ",38.09807,-121.17946000000001,"SAN JOAQUIN",UNINCORPORATED,-121.17936863,38.098042069999998
6606091,2014,2014-09-22,9265,2014-05-06,0832,18289,,2,1,9,3900,0,1,3,,2,004,"RT 99","UNION PACIFIC RAILROAD",949.00,S,N,A,-,Y,SJ,10,99,-,-,21.380,H,-,N,Y,1,1,2,2,A,-,08,22107,,N,B,C,A,A,H,-,A,D,1,,,,,Y,,A,07,1,1,0,0,0,0,0,0,0,"- ","- ",37.999040000000001,-121.25570999999999,"SAN JOAQUIN",UNINCORPORATED,-121.25544868999999,37.999112480000001
6606097,2014,2014-09-18,9265,2014-05-17,1610,15756,,6,2,2,3901,0,2,4,,1,014,"ESCALON BELLOTA RD","MARIPOSA RD",0.00,,Y,A,-,N,,,,,,,,,,Y,1,1,1,2,A,-,09,21802,A,N,D,C,A,A,H,-,A,A,0,,,,,Y,,A,01,0,1,0,0,0,0,0,0,0,"- ","- ",37.83464,-120.99834,"SAN JOAQUIN",ESCALON,-120.99834,37.83464
6606106,2014,2014-09-19,9265,2014-05-23,2128,19336,,5,2,9,3900,0,3,5,,2,060,"DUNCAN RD","TOBACCO RD",1975.00,N,N,A,-,N,,,,,,,,,,Y,1,1,0,1,A,-,01,23152,A,N,E,I,A,A,H,-,D,D,0,,,,,Y,Y,A,01,0,0,0,0,0,0,0,0,0,"- ","- ",38.002420000000001,-121.09522,"SAN JOAQUIN",UNINCORPORATED,-121.09525187,38.003023120000002
6616367,2014,2014-09-25,9265,2014-08-29,2130,018850,,5,2,9,3900,0,2,4,,1,064,"JACK TONE RD","PELTIER RD",639.00,N,N,A,-,N,,,,,,,,,,N,2,0,1,2,A,-,11,21956,,N,G,B,E,A,H,-,D,D,0,Y,,,,Y,,N,60,1,0,0,0,1,0,0,0,0,"- ","- ",38.19256,-121.15186,"SAN JOAQUIN",UNINCORPORATED,-121.15184961,38.192484159999999
6643589,2014,2014-11-05,9265,2014-09-09,2125,016661,,2,2,9,3900,0,2,4,,1,024,"AIRPORT WY","DIVISION RD",258.00,S,N,A,-,N,,,,,,,,,,Y,2,0,3,2,A,-,05,21460,A,N,A,C,A,A,H,-,D,D,0,,,,,Y,,A,01,2,0,1,0,0,0,0,0,0,"- ","- ",37.688319999999997,-121.25023,"SAN JOAQUIN",UNINCORPORATED,-121.2506779,37.687892099999999
6658276,2014,2016-04-09,9265,2014-09-25,0300,017021,,4,3,4,3903,0,1,3,,2,001,"RT 99","COTTAGE AV",100.00,S,N,A,-,Y,SJ,10,99,-,-,7.440,H,-,N,Y,2,0,2,3,A,-,03,22350,,N,C,E,E,A,D,-,C,A,1,Y,,,,Y,,A,07,1,1,0,0,1,0,0,0,0,"- ","- ",39.121200000000002,-121.1298,"SAN JOAQUIN",MANTECA,-121.19837259000001,37.807000680000002
6658564,2014,2016-04-29,9266,2014-09-30,0715,018888,,2,1,9,3900,0,1,1,,2,014,"RT 205","MOUNTAIN HOUSE PKWY",175.00,W,N,A,-,Y,SJ,10,205,-,-,1.380,H,-,W,Y,2,0,3,2,A,-,03,22350,,N,C,C,A,A,H,-,A,D,1,,,,,Y,,A,01,1,0,2,0,0,0,0,0,0,"- ","- ",37.742539999999998,-121.53158999999999,"SAN JOAQUIN",UNINCORPORATED,-121.53128943,37.742574619999999
6658679,2014,2014-12-19,9266,2014-10-12,1850,018330,,7,2,9,3900,0,1,1,,2,014,"RT 205","MOUNTAIN HOUSE PKWY",2075.00,W,N,A,-,Y,,,205,,,,,,,Y,2,0,5,2,A,-,01,23152,A,N,C,C,A,A,H,-,C,D,0,,,,,Y,Y,A,01,1,2,2,0,0,0,0,0,0,"- ","- ",37.743160000000003,-121.53952,"SAN JOAQUIN",UNINCORPORATED,-121.53952418,37.743095500000003
6665577,2014,2016-04-28,9265,2014-09-26,0852,018955,,5,1,9,3900,0,1,3,,1,041,"RT 4","JOHN TURK RD",141.00,W,N,A,-,Y,SJ,10,4,-,R,13.550,H,-,E,Y,2,0,1,3,A,-,03,22350,,N,C,C,A,A,H,-,A,D,0,,,,Y,Y,,F,26,1,0,0,0,0,0,0,0,0,"- ","- ",,,"SAN JOAQUIN",UNINCORPORATED,-121.33160242,37.927702709999998
6670745,2014,2016-01-15,9265,2014-09-14,0053,019906,,7,3,9,3900,0,2,4,,1,091,"LOWER SACRAMENTO RD","METTLER RD",410.00,N,N,A,-,N,,,,,,,,,,Y,2,0,1,1,C,-,18,,,N,H,H,A,A,H,-,D,D,0,,,,,Y,,-,"- ",1,0,0,0,0,0,0,0,0,"- ","- ",37.077440000000003,-121.31037999999999,"SAN JOAQUIN",UNINCORPORATED,-121.31045886,38.076735999999997
6678100,2015,2016-02-18,3903,2015-07-29,1910,2916,,3,5,4,3903,0,0,0,,0,,"WOODWARD AV","WELLINGTON AV",6.00,W,N,A,-,N,,,,,,,,,,Y,1,1,1,3,A,-,10,21950,A,N,G,B,B,A,H,-,B,A,0,Y,,,,Y,,A,07,1,0,0,1,1,0,0,0,0,"- ","- ",,,"SAN JOAQUIN",MANTECA,-121.20422076,37.775739999999999
6678187,2017,2018-01-18,3905,2017-08-20,2253,2133,LAK,7,5,6,3905,0,0,0,,0,,"HAMMER LN","LAN ARK DR",0.00,,Y,A,-,N,,,,,,,,,,Y,1,1,0,2,A,-,01,21200,5,F,H,G,A,A,H,-,C,A,0,,Y,,,Y,,L,04,0,0,0,0,0,1,0,0,0,"- ","- ",38.021050000000002,-121.30974000000001,"SAN JOAQUIN",STOCKTON,-121.30943000000001,38.020989970000002
6678262,2014,2014-10-29,3906,2014-09-05,1127,916,187,5,5,5,3906,0,0,0,,0,005,"TRACY BL","VALLERAND RD",371.00,N,N,A,-,N,,,,,,,,,,Y,1,1,1,2,A,-,09,21804,A,N,D,C,A,A,H,-,A,A,0,,,,,Y,,A,01,0,0,1,0,0,0,0,0,0,"- ","- ",,,"SAN JOAQUIN",TRACY,-121.43501999999999,37.751297229999999
6678348,2017,2018-01-23,3905,2017-08-14,1620,3410,PAR,1,5,6,3905,0,0,0,,0,,"PILGRIM ST","WORTH ST",120.00,N,N,A,-,N,,,,,,,,,,N,1,1,0,1,A,-,03,22350,,N,E,G,A,A,H,-,A,D,0,,Y,,,Y,,L,04,0,0,0,0,0,1,0,0,0,"- ","- ",37.946109999999997,-121.27307999999999,"SAN JOAQUIN",STOCKTON,-121.27313356000001,37.946522850000001
6682304,2014,2015-06-17,9266,2014-10-10,1740,017920,,5,2,9,3900,0,2,4,,1,012,"TRACY BL","GRIMES RD",2640.00,N,N,A,-,N,,,,,,,,,,Y,2,0,2,1,A,-,01,23152,A,N,F,I,A,A,H,-,A,D,0,,,,,Y,Y,A,01,2,0,0,0,0,0,0,0,0,"- ","- ",37.825629999999997,-121.45099999999999,"SAN JOAQUIN",UNINCORPORATED,-121.45077557,37.824827329999998
6699469,2014,2014-11-19,9265,2014-09-16,0659,018661,,2,1,9,3900,0,2,4,,1,014,"MARIPOSA RD","WAGNER RD",1584.00,W,N,A,-,N,,,,,,,,,,Y,2,0,1,1,A,-,01,23152,E,N,E,I,A,A,D,-,A,D,0,,,,,Y,,A,01,1,0,0,0,0,0,0,0,0,"- ","- ",37.884219999999999,-121.09831,"SAN JOAQUIN",UNINCORPORATED,-121.09615758,37.883108800000002
6702194,2014,2014-12-09,3900,2014-10-05,0144,152782,MNTCA,7,5,2,3920,0,0,0,,0,,"BROOKHURST BL","LATE HARVEST PL",63.00,E,N,A,-,N,,,,,,,,,,N,2,0,1,3,D,-,00,,,F,G,B,E,A,H,-,C,D,0,Y,,,,Y,Y,-,"- ",1,0,0,0,1,0,0,0,0,"- ","- ",,,"SAN JOAQUIN",LATHROP,-121.31039194,37.800060000000002
6706769,2014,2016-04-09,9265,2014-10-22,0030,016661,,3,3,6,3905,0,1,1,,2,503,"RT 5","8TH ST",600.00,N,N,A,-,Y,SJ,10,5,-,-,24.770,H,-,S,Y,2,0,1,1,A,-,08,22107,,N,F,A,A,A,H,-,D,D,1,,,Y,,Y,,C,02,1,0,0,0,0,0,0,0,1,"- ","- ",37.930140000000002,-121.29638,"SAN JOAQUIN",STOCKTON,-121.29524410000001,37.928350559999998
6718182,2014,2015-03-12,9265,2014-11-13,0005,19888,,4,3,9,3900,0,1,3,,1,062,"RT 88","KETTLEMAN LN",0.00,,Y,C,-,Y,SJ,10,88,-,-,10.651,I,5,W,Y,1,1,4,2,A,-,01,23152,A,N,D,C,A,B,H,-,C,A,0,,,,,Y,Y,A,01,2,0,2,0,0,0,0,0,0,"- ","- ",38.116219999999998,-121.17344,"SAN JOAQUIN",UNINCORPORATED,-121.17350605999999,38.11628906
6718382,2015,2015-03-19,9265,2015-01-13,0650,18836,,2,1,9,3900,0,1,3,,1,013,"RT 4","VAN ALLEN RD",0.00,,Y,E,-,Y,SJ,10,4,-,-,28.420,I,5,E,Y,1,5,4,2,A,-,12,22450,A,N,D,C,A,B,H,-,B,A,0,,,,,Y,,M,58,1,0,3,0,0,0,0,0,0,"- ","- ",37.933410000000002,-121.05674,"SAN JOAQUIN",UNINCORPORATED,-121.08435123,37.934716950000002
6718551,2014,2015-06-10,3905,2014-04-24,1945,1295,VAL,4,5,6,3905,0,0,0,,0,,"WEST LN","WEST LN E FR RD",0.00,,Y,B,-,N,,,,,,,,,,Y,1,2,0,4,A,-,12,21453,A,F,D,C,A,A,H,-,C,A,0,,,,,Y,,A,07,0,0,0,0,0,0,0,0,0,"- ","- ",,,"SAN JOAQUIN",STOCKTON,-121.54808989,37.773629890000002
6718669,2017,2019-04-08,3905,2017-11-13,1928,2424,BEA,1,5,6,3905,0,0,0,,0,,"EL DORADO ST","MARTINIQUE CT",25.00,N,N,C,-,N,,,,,,,,,,Y,1,1,0,2,A,-,11,21954,A,N,G,B,D,B,H,-,C,D,0,Y,,,,Y,Y,N,60,0,0,0,1,0,0,0,0,0,"- ","- ",38.029249999999998,-121.31646000000001,"SAN JOAQUIN",STOCKTON,-121.31628254,38.029178629999997
6718674,2017,2019-04-08,3905,2017-11-21,1815,2015,LAK,2,5,6,3905,0,0,0,,0,,"HAMMER LN","LAN ARK DR",0.00,,Y,A,-,N,,,,,,,,,,N,1,1,0,2,A,-,12,21453,A,F,H,G,A,A,H,-,C,A,0,,Y,,,Y,,L,04,0,0,0,0,0,1,0,0,0,"- ","- ",38.021050000000002,-121.30974000000001,"SAN JOAQUIN",STOCKTON,-121.30943000000001,38.020989970000002
6718681,2017,2019-04-08,3905,2017-12-16,2042,2853,,6,5,6,3905,0,0,0,,0,,"HARDING WY","SIERRA NEVADA ST",0.00,,Y,A,-,N,,,,,,,,,,N,1,1,0,2,A,-,11,21954,A,N,G,B,D,A,H,-,C,A,0,Y,,,,Y,,N,60,0,0,0,1,0,0,0,0,0,"- ","- ",37.970309999999998,-121.27667,"SAN JOAQUIN",STOCKTON,-121.27688994,37.970389959999999
6722612,2014,2015-06-26,9266,2014-11-18,1115,014807,,2,1,9,3900,0,2,4,,2,013,"BYRON RD","GREAT VALLEY PKWY",855.00,S,N,B,-,N,,,,,,,,,,Y,2,0,1,1,C,-,18,,,N,E,I,A,A,H,-,A,D,0,,,,,Y,,-,"- ",1,0,0,0,0,0,0,0,0,"- ","- ",37.792949999999998,-121.54761000000001,"SAN JOAQUIN",UNINCORPORATED,-121.54866699999999,37.793633
6768192,2014,2015-01-27,9265,2014-11-26,0730,19803,,3,1,9,3900,0,1,3,,1,041,"RT 4","INMAN DR",5280.00,W,N,E,-,Y,,,4,,,,,,,Y,2,0,2,2,A,-,06,21751,,N,A,C,A,A,H,-,A,D,0,,,,,Y,,A,07,2,0,0,0,0,0,0,0,0,"- ","- ",37.926819999999999,-121.41495,"SAN JOAQUIN",UNINCORPORATED,-121.41494953999999,37.926895799999997
6818161,2015,2015-03-04,3906,2015-01-19,1406,001184,301,1,5,5,3906,0,0,0,,0,007,"MOUNTAIN HOUSE PKWY","SCHULTE RD",3168.00,N,N,B,-,N,,,,,,,,,,Y,2,0,2,2,A,-,05,21460,A,N,A,C,A,A,H,-,A,D,0,,,,,Y,,A,01,1,0,1,0,0,0,0,0,0,"- ","- ",,,"SAN JOAQUIN",TRACY,-121.53130503,37.730860329999999
6822007,2015,2016-09-21,9265,2015-01-15,1150,019182,,4,1,6,3905,0,1,1,,2,503,"RT 5","RT 4",150.00,N,N,B,-,Y,SJ,10,5,-,-,26.220,H,-,S,Y,2,0,1,1,A,-,08,22107,,N,H,A,A,A,H,-,A,D,1,,,Y,,Y,,C,02,1,0,0,0,0,0,0,0,1,"- ","- ",37.946599999999997,-121.2997,"SAN JOAQUIN",STOCKTON,-121.30117332,37.948649779999997
6822011,2015,2016-09-21,9265,2015-01-24,0108,019888,,6,3,2,3920,0,1,1,,2,502,"RT 5","SAN JOAQUIN RIVER",2640.00,N,N,B,-,Y,SJ,10,5,-,R,15.037,R,1,N,Y,2,0,2,1,A,-,01,23152,A,N,F,A,A,A,H,-,C,D,1,,,,,Y,Y,A,07,1,1,0,0,0,0,0,0,0,"- ","- ",37.791550000000001,-121.30068,"SAN JOAQUIN",LATHROP,-121.30079241,37.791356700000001
6822017,2015,2016-09-19,9265,2015-01-05,1849,15174,,1,2,9,3900,0,2,4,,1,065,"RT 99","MORADA LN",310.00,N,N,A,-,Y,SJ,10,99,-,-,24.104,R,4,N,Y,2,0,1,2,A,-,09,21801,A,N,D,C,A,A,H,-,C,D,1,,,Y,,Y,,A,01,1,0,0,0,0,0,0,0,1,"- ","- ",38.037990000000001,-121.25727999999999,"SAN JOAQUIN",UNINCORPORATED,-121.2583137,38.03830542
6822193,2015,2015-02-26,9265,2015-01-23,1420,13515,,5,2,9,3900,0,2,4,,1,053,"WILSON WY","ALPINE AV",1056.00,N,N,B,-,N,,,,,,,,,,Y,2,0,2,4,A,-,01,23152,A,N,C,C,A,A,H,-,A,D,0,,,,,Y,Y,A,01,1,1,0,0,0,0,0,0,0,"- ","- ",37.990720000000003,-121.26737,"SAN JOAQUIN",UNINCORPORATED,-121.26730169,37.990466869999999
6826370,2015,2016-09-20,9265,2015-02-01,2500,019307,,7,4,4,3903,0,1,3,,2,001,"RT 99","LATHROP RD",823.00,S,N,A,-,Y,SJ,10,99,-,-,8.950,H,-,S,Y,2,0,1,1,A,-,01,23152,A,N,E,I,A,A,D,-,D,D,1,,,,,Y,Y,A,01,1,0,0,0,0,0,0,0,0,"- ","- ",37.823520000000002,-121.21674,"SAN JOAQUIN",MANTECA,-121.21658635999999,37.823052820000001
6828612,2015,2016-04-21,9266,2015-02-13,0700,018888,,5,1,5,3906,0,3,5,,2,002,"CORRAL HOLLOW RD","RT 580",5808.00,S,N,A,-,N,,,,,,,,,,Y,2,0,2,2,A,-,05,21460,A,N,A,C,A,A,H,-,A,A,0,,,,,Y,,D,22,1,1,0,0,0,0,0,0,0,"- ","- ",37.661540000000002,-121.47083000000001,"SAN JOAQUIN",TRACY,-121.47154777999999,37.660922220000003
6844667,2015,2015-03-17,3902,2015-02-01,0328,NW92,,7,5,5,3902,0,0,0,,0,,"TURNER RD","GUILD AV",27.00,E,N,E,-,N,,,,,,,,,,Y,2,0,1,1,A,-,01,23152,A,N,E,I,A,A,H,-,C,D,0,,,Y,,Y,Y,C,02,1,0,0,0,0,0,0,0,1,"- ","- ",,,"SAN JOAQUIN",LODI,-121.24808,38.14479
6848111,2015,2016-09-21,9265,2015-02-13,1215,13325,,5,1,4,3903,0,1,3,,2,025,"RT 120","MAIN ST",2640.00,E,N,A,-,Y,SJ,10,120,-,R,5.810,H,-,E,Y,2,0,1,5,A,-,03,22350,,N,C,C,A,A,H,-,A,D,1,,,,Y,Y,,G,25,1,0,0,0,0,0,0,0,0,"- ","- ",37.783169999999998,-121.20823,"SAN JOAQUIN",MANTECA,-121.20676828000001,37.783209130000003
6854626,2014,2015-05-20,3902,2014-07-16,1234,16,,3,5,5,3902,0,0,0,,0,,"N SACRAMENTO ST","LOCKEFORD ST",39.00,S,N,A,B,N,,,,,,,,,,Y,1,1,0,1,A,-,08,22107,,N,E,I,A,A,A,C,A,A,0,,,Y,,Y,,C,02,0,0,0,0,0,0,0,1,0,"- ","- ",,,"SAN JOAQUIN",LODI,-121.2720317,38.137652950000003
6854723,2015,2017-04-04,9265,2015-05-15,0700,17856,,5,1,9,3900,0,3,5,,2,090,"N CORREIA RD","EIGHT MILE RD",11616.00,N,N,A,-,N,,,,,,,,,,Y,1,1,0,1,A,-,08,22107,,N,F,A,A,A,H,-,A,D,0,,,,,Y,Y,A,01,0,0,0,0,0,0,0,0,0,"- ","- ",38.084690000000002,-121.47459000000001,"SAN JOAQUIN",UNINCORPORATED,-121.47197,38.083390000000001
6854795,2015,2017-05-09,9265,2015-04-05,2134,15174,,7,2,9,3900,0,2,4,,1,091,"WEST LN","EIGHT MILE RD",39.00,S,N,A,-,N,,,,,,,,,,Y,1,1,0,2,A,-,11,21954,A,N,G,B,D,A,H,-,C,A,0,Y,,,,Y,,N,60,0,0,0,1,0,0,0,0,0,"- ","- ",38.057400000000001,-121.29627000000001,"SAN JOAQUIN",UNINCORPORATED,-121.296333,38.057353040000002
6864787,2015,2015-04-22,9265,2015-03-03,1050,018836,,2,1,9,3900,0,2,4,,1,091,"LOWER SACRAMENTO RD","GRIDER WY",0.00,,Y,A,-,N,,,,,,,,,,Y,2,0,2,2,A,-,09,21453,C,N,A,C,A,A,H,-,A,D,0,,,,,Y,,A,01,1,0,1,0,0,0,0,0,0,"- ","- ",38.044550000000001,-121.32093,"SAN JOAQUIN",UNINCORPORATED,-121.32099997,38.044619969999999
6882342,2015,2015-04-23,3906,2015-04-05,1955,1263,,7,5,5,3906,0,0,0,,0,004,"W LOWELL","CHESTER DR",3.00,E,N,B,-,N,,,,,,,,,,N,2,0,1,2,A,-,05,21202,A,N,B,G,A,A,H,-,C,A,0,,Y,,,Y,,L,04,1,0,0,0,0,0,1,0,0,"- ","- ",,,"SAN JOAQUIN",TRACY,-121.43994961999999,37.748240000000003
6889354,2015,2015-06-02,9265,2015-03-25,1328,18784,,3,1,9,3900,0,2,4,,1,015,"ESCALON BELLOTA RD","EDWARDS AV",1056.00,S,N,A,-,N,,,,,,,,,,Y,1,1,2,2,A,-,09,21801,A,N,A,C,A,A,H,-,A,D,0,,,,,Y,,A,01,0,1,1,0,0,0,0,0,0,"- ","- ",37.840069999999997,-120.99815,"SAN JOAQUIN",UNINCORPORATED,-120.99799821000001,37.839331180000002