CASE_ID,ACCIDENT_YEAR,PROC_DATE,JURIS,COLLISION_DATE,COLLISION_TIME,OFFICER_ID,REPORTING_DISTRICT,DAY_OF_WEEK,CHP_SHIFT,POPULATION,CNTY_CITY_LOC,SPECIAL_COND,BEAT_TYPE,CHP_BEAT_TYPE,CITY_DIVISION_LAPD,CHP_BEAT_CLASS,BEAT_NUMBER,PRIMARY_RD,SECONDARY_RD,DISTANCE,DIRECTION,INTERSECTION,WEATHER_1,WEATHER_2,STATE_HWY_IND,CALTRANS_COUNTY,CALTRANS_DISTRICT,STATE_ROUTE,ROUTE_SUFFIX,POSTMILE_PREFIX,POSTMILE,LOCATION_TYPE,RAMP_INTERSECTION,SIDE_OF_HWY,TOW_AWAY,COLLISION_SEVERITY,NUMBER_KILLED,NUMBER_INJURED,PARTY_COUNT,PRIMARY_COLL_FACTOR,PCF_CODE_OF_VIOL,PCF_VIOL_CATEGORY,PCF_VIOLATION,PCF_VIOL_SUBSECTION,HIT_AND_RUN,TYPE_OF_COLLISION,MVIW,PED_ACTION,ROAD_SURFACE,ROAD_COND_1,ROAD_COND_2,LIGHTING,CONTROL_DEVICE,CHP_ROAD_TYPE,PEDESTRIAN_ACCIDENT,BICYCLE_ACCIDENT,MOTORCYCLE_ACCIDENT,TRUCK_ACCIDENT,NOT_PRIVATE_PROPERTY,ALCOHOL_INVOLVED,STWD_VEHTYPE_AT_FAULT,CHP_VEHTYPE_AT_FAULT,COUNT_SEVERE_INJ,COUNT_VISIBLE_INJ,COUNT_COMPLAINT_PAIN,COUNT_PED_KILLED,COUNT_PED_INJURED,COUNT_BICYCLIST_KILLED,COUNT_BICYCLIST_INJURED,COUNT_MC_KILLED,COUNT_MC_INJURED,PRIMARY_RAMP,SECONDARY_RAMP,LATITUDE,LONGITUDE,COUNTY,CITY,POINT_X,POINT_Y
6890095,2015,2015-05-08,9265,2015-03-25,0743,013444,,3,1,9,3900,0,3,5,,2,060,"ACAMPO RD","BRUELLA RD",0.00,,Y,A,-,N,,,,,,,,,,Y,2,0,2,2,A,-,12,22450,A,N,D,C,A,A,H,-,A,A,0,,,,,Y,,A,01,1,0,1,0,0,0,0,0,0,"- ","- ",,,"SAN JOAQUIN",UNINCORPORATED,-121.20683990000001,38.175069909999998
6895523,2015,2015-05-06,9265,2015-04-09,1815,013515,,4,2,9,3900,0,3,5,,2,020,"SOUTH AIRPORT WY","W RIPON RD",0.00,,Y,A,-,N,,,,,,,,,,Y,2,0,4,2,A,-,09,21801,A,N,A,C,A,A,H,-,A,D,0,,,,,Y,Y,A,07,2,2,0,0,0,0,0,0,0,"- ","- ",37.739699999999999,-121.25203999999999,"SAN JOAQUIN",UNINCORPORATED,-121.25210993,37.739409950000002
6895757,2015,2015-05-05,3906,2015-04-18,1930,1384,3906,6,5,5,3906,0,0,0,,0,002,"GLENBRIAR CIR","GLENBRIAR DR",0.00,,Y,A,-,N,,,,,,,,,,N,2,0,1,2,A,-,03,22350,,N,G,B,E,A,H,-,B,A,0,Y,,,,Y,,-,,1,0,0,0,1,0,0,0,0,"- ","- ",,,"SAN JOAQUIN",TRACY,-121.42076994,37.709469990000002
6932595,2015,2015-05-28,9265,2015-04-03,1422,018784,,5,2,9,3900,0,3,5,,2,060,"SUTTENFIELD RD","COLLIER RD",1584.00,S,N,A,-,N,,,,,,,,,,N,2,0,1,2,A,-,09,21804,A,N,D,G,A,A,H,-,A,D,0,,Y,,,Y,,L,04,1,0,0,0,0,0,1,0,0,"- ","- ",38.216659999999997,-121.14797,"SAN JOAQUIN",UNINCORPORATED,-121.14793736,38.215671190000002
6946639,2015,2015-07-01,9265,2015-05-09,1130,16479,,6,1,9,3900,0,3,5,,2,090,"RAY RD","PELTIER RD",0.00,,Y,A,-,N,,,,,,,,,,N,2,0,1,2,A,-,12,22450,,N,D,G,A,A,H,-,A,A,0,,Y,,,Y,,L,04,1,0,0,0,0,0,1,0,0,"- ","- ",38.1892,-121.3723,"SAN JOAQUIN",UNINCORPORATED,-121.37224000000001,38.189349999999997
6949741,2015,2016-12-07,9266,2015-05-17,1310,015432,,7,1,9,3900,0,1,1,,1,015,"RT 205","PARADISE CUT",1023.00,W,N,B,-,Y,SJ,10,205,-,R,12.920,H,-,E,Y,2,0,2,1,A,-,01,23152,A,N,F,A,A,A,H,-,A,D,1,,,,,Y,Y,A,01,1,1,0,0,0,0,0,0,0,"- ","- ",37.763869999999997,-121.32799,"SAN JOAQUIN",UNINCORPORATED,-121.32702006,37.768816749999999
6956331,2015,2016-11-19,9265,2015-04-17,1255,013325,,5,1,4,3903,0,1,3,,2,025,"RT 120","MAIN ST",1056.00,E,N,A,-,Y,SJ,10,120,-,R,5.510,H,-,E,Y,2,0,6,4,A,-,03,22350,,N,C,C,A,A,H,-,A,D,1,,,,,Y,,D,22,1,2,3,0,0,0,0,0,0,"- ","- ",37.783209999999997,-121.21217,"SAN JOAQUIN",MANTECA,-121.21224619,37.78320858
6956338,2015,2016-11-05,9265,2015-04-22,0620,013444,,3,1,9,3900,0,1,3,,1,063,"RT 12","TECKLENBERG RD",0.00,,Y,A,-,Y,SJ,10,12,-,-,19.500,I,5,E,Y,2,0,1,2,A,-,09,21801,A,N,D,C,A,A,H,-,B,D,0,,,Y,,Y,,D,22,1,0,0,0,0,0,0,0,1,"- ","- ",38.137680000000003,-121.23142,"SAN JOAQUIN",UNINCORPORATED,-121.23170095,38.137718839999998
6960242,2015,2015-06-26,9265,2015-05-01,1657,19803,,5,2,9,3900,0,3,5,,2,070,"LA JOLLA DR","NINA AV",0.00,,Y,A,-,N,,,,,,,,,,Y,2,0,2,2,A,-,03,22350,,N,D,C,A,A,H,-,A,D,0,,,,,Y,,A,07,1,0,1,0,0,0,0,0,0,"- ","- ",37.978439999999999,-121.33304,"SAN JOAQUIN",UNINCORPORATED,-121.33332991,37.978429929999997
6971955,2015,2017-01-24,9265,2015-04-15,1223,018047,,3,1,2,3920,0,1,1,,2,502,"RT 5","LOUISE AV",1500.00,S,N,A,-,Y,SJ,10,5,-,R,16.190,H,-,S,Y,2,0,2,1,A,-,08,22107,,N,F,A,A,A,H,-,A,D,1,,,,,Y,,A,01,2,0,0,0,0,0,0,0,0,"- ","- ",37.804290000000002,-121.29877999999999,"SAN JOAQUIN",LATHROP,-121.29723386000001,37.807749459999997
6977004,2014,2015-07-09,3900,2014-07-13,1846,152605,,7,5,2,3920,0,0,0,,0,,"THOMSEN RD","HALMAR LN",248.00,E,N,A,-,N,,,,,,,,,,Y,2,0,1,1,-,-,"- ",,,N,F,A,A,A,H,-,C,D,0,,,Y,,Y,,-,"- ",1,0,0,0,0,0,0,0,1,"- ","- ",,,"SAN JOAQUIN",LATHROP,-121.2807226,37.818865629999998
6979679,2015,2016-06-06,9265,2015-06-08,1410,18661,,1,2,9,3900,0,3,5,,2,050,"WALKER LN","SECTION AV",10.00,N,N,A,-,N,,,,,,,,,,N,2,0,1,1,A,-,01,23152,A,M,E,I,A,A,H,-,A,D,0,,,Y,,Y,Y,C,02,1,0,0,0,0,0,0,0,1,"- ","- ",37.950859999999999,-121.22020000000001,"SAN JOAQUIN",UNINCORPORATED,-121.22029094,37.950866060000003
6979680,2015,2015-07-09,9265,2015-06-03,1304,18955,,3,1,9,3900,0,2,4,,1,024,"AIRPORT WY","ROTH RD",53.00,N,N,A,-,N,,,,,,,,,,Y,2,0,4,2,A,-,01,23152,A,N,C,C,A,A,H,-,A,D,0,,,,,Y,Y,A,01,1,0,3,0,0,0,0,0,0,"- ","- ",37.85557,-121.25543999999999,"SAN JOAQUIN",UNINCORPORATED,-121.25547784,37.855735430000003
7006082,2015,2015-08-10,9265,2015-06-13,0025,19752,,6,3,9,3900,0,2,4,,1,022,"UNION RD","SHADY PINES ST",1376.00,N,N,A,-,N,,,,,,,,,,Y,1,1,0,2,A,-,11,21954,A,N,G,B,E,A,H,-,D,D,0,Y,,,,Y,Y,N,60,0,0,0,1,0,0,0,0,0,"- ","- ",37.841740000000001,-121.23653,"SAN JOAQUIN",UNINCORPORATED,-121.23655546000001,37.841426429999999
7033010,2015,2015-09-01,9265,2015-06-26,1237,017856,,5,1,9,3900,0,3,5,,2,090,"WEST HARNEY LN","LOWER SACRAMENTO RD",2006.00,W,N,A,-,N,,,,,,,,,,N,2,0,1,2,B,-,22,,,N,G,B,F,A,H,-,A,D,0,Y,,,,Y,,-,"- ",1,0,0,0,1,0,0,0,0,"- ","- ",38.098080000000003,-121.3176,"SAN JOAQUIN",UNINCORPORATED,-121.31336158000001,38.101071480000002
7033022,2015,2016-11-19,9265,2015-06-24,1845,019888,,3,2,9,3900,0,1,3,,1,016,"RT 120","RIPON RD",1056.00,E,N,A,-,Y,SJ,10,120,-,-,10.020,H,-,E,Y,2,0,1,2,A,-,05,21460,A,N,A,C,A,A,H,-,A,D,0,,,,Y,Y,,A,01,1,0,0,0,0,0,0,0,0,"- ","- ",37.79777,-121.12094,"SAN JOAQUIN",UNINCORPORATED,-121.12160178000001,37.797795229999998
7037317,2015,2016-11-19,9265,2015-06-26,1240,013325,,5,1,9,3900,0,1,3,,2,001,"RT 99","AUSTIN RD",200.00,S,N,A,-,Y,SJ,10,99,-,-,4.850,H,-,N,N,2,0,2,2,A,-,03,22350,,N,C,C,A,A,H,-,A,D,1,,,,,Y,,A,01,1,1,0,0,0,0,0,0,0,"- ","- ",37.775709999999997,-121.18047,"SAN JOAQUIN",UNINCORPORATED,-121.17871855,37.774329590000001
7096545,2015,2015-10-16,3906,2015-09-29,1738,1068,,2,5,5,3906,0,0,0,,0,001,"6TH ST","B ST",0.00,,Y,A,-,N,,,,,,,,,,Y,2,0,1,2,A,-,09,21802,A,N,B,C,A,A,H,-,A,A,0,,,Y,,Y,,A,01,1,0,0,0,0,0,0,0,1,"- ","- ",,,"SAN JOAQUIN",TRACY,-121.42861995,37.735209900000001
7111181,2015,2015-11-06,3906,2015-10-24,1655,1094,,6,5,5,3906,0,0,0,,0,004,"GRANT LINE RD","LINCOLN BL",0.00,,Y,A,-,N,,,,,,,,,,Y,2,0,1,2,A,-,09,21453,C,N,D,C,A,A,H,-,A,A,0,,,Y,,Y,,C,02,1,0,0,0,0,0,0,0,1,"- ","- ",,,"SAN JOAQUIN",TRACY,-121.44353986,37.754139879999997
7120397,2015,2015-11-23,3902,2015-10-17,1919,NG35,,6,5,5,3902,0,0,0,,0,,"NORTH CHEROKEE WY","VICTOR RD",0.00,,Y,A,-,N,,,,,,,,,,Y,2,0,3,2,A,-,12,21453,A,N,D,C,A,A,H,-,C,A,0,,,,,Y,,D,22,1,1,1,0,0,0,0,0,0,"- ","- ",,,"SAN JOAQUIN",LODI,-121.26092997000001,38.137279900000003
7145812,2015,2016-01-04,3902,2015-12-16,1157,20,,3,5,5,3902,0,0,0,,0,,"SOUTH HUTCHINS ST","OAK ST",57.00,S,N,A,-,N,,,,,,,,,,N,2,0,1,2,A,-,11,21954,A,F,G,B,E,A,H,-,A,D,0,Y,,,,Y,,N,60,1,0,0,0,1,0,0,0,0,"- ","- ",,,"SAN JOAQUIN",LODI,-121.27916359,38.133073539999998
7149630,2015,2016-01-08,3900,2015-12-26,0149,0126,LATHR,6,5,2,3920,0,0,0,,0,,"RIVER ISLANDS PKWY","GOLDEN VALLEY PKWY",0.00,,Y,A,-,N,,,,,,,,,,Y,2,0,5,2,A,-,01,23153,A,N,D,C,A,A,H,-,C,A,0,,,,,Y,Y,A,01,1,0,4,0,0,0,0,0,0,"- ","- ",,,"SAN JOAQUIN",LATHROP,-121.30027996,37.811809959999998
7175776,2015,2016-02-10,3905,2015-12-14,1930,2750,PAR,1,5,6,3905,0,0,0,,0,,"AIRPORT WY","FREMONT ST",53.00,S,N,A,-,N,,,,,,,,,,N,2,0,1,2,A,-,03,22350,,F,G,B,D,A,H,-,C,A,0,Y,,,,Y,Y,A,01,1,0,0,0,1,0,0,0,0,"- ","- ",37.960279999999997,-121.27542,"SAN JOAQUIN",STOCKTON,-121.27550042999999,37.960217849999999
7175816,2015,2016-02-10,3905,2015-12-11,1529,2770,PAR,5,5,6,3905,0,0,0,,0,,"AIRPORT WY","INDUSTRIAL DR",0.00,,Y,A,-,N,,,,,,,,,,Y,2,0,1,2,A,-,09,21453,B,N,D,C,A,A,H,-,A,A,0,,,,,Y,,A,07,1,0,0,0,0,0,0,0,0,"- ","- ",37.910879999999999,-121.25845,"SAN JOAQUIN",STOCKTON,-121.25856,37.910979920000003
7190147,2016,2018-09-27,3905,2016-03-08,2139,2021,BEA,2,5,6,3905,0,0,0,,0,,"EIGHT MILE RD","DAVIS RD",0.00,,Y,B,-,N,,,,,,,,,,Y,1,1,1,2,A,-,01,23152,A,N,D,C,A,A,H,-,C,A,0,,,,,Y,Y,A,01,0,1,0,0,0,0,0,0,0,"- ","- ",38.057870000000001,-121.33325000000001,"SAN JOAQUIN",STOCKTON,-121.33334985,38.057599930000002
7199491,2015,2017-04-04,3905,2015-08-17,2050,2758,CIV,1,5,6,3905,0,0,0,,0,,"EL DORADO ST","ESSEX ST",0.00,,Y,A,-,N,,,,,,,,,,N,1,1,0,2,A,-,03,22350,,F,G,B,C,A,H,-,C,D,0,Y,,,,Y,Y,A,01,0,0,0,1,0,0,0,0,0,"- ","- ",,,"SAN JOAQUIN",STOCKTON,-121.30221985,37.987169989999998
7199494,2015,2016-03-25,3905,2015-09-09,1958,2015,PAR,3,5,6,3905,0,0,0,,0,,"AIRPORT WY","ANDERSON ST",180.00,S,N,A,-,N,,,,,,,,,,N,1,1,1,3,A,-,11,21950,B,N,G,B,D,A,H,-,C,D,0,Y,,,,Y,,N,60,0,0,1,1,0,0,0,0,0,"- ","- ",37.945340000000002,-121.27153,"SAN JOAQUIN",STOCKTON,-121.27134242,37.944966090000001
7199524,2015,2016-04-29,3905,2015-10-08,1901,2021,LAK,4,5,6,3905,0,0,0,,0,,"PACIFIC AV","EDAN AV",447.00,N,N,A,-,N,,,,,,,,,,Y,1,1,0,2,A,-,11,21955,,N,G,B,D,A,H,-,B,D,0,Y,,,,Y,,N,60,0,0,0,1,0,0,0,0,0,"- ","- ",38.016579999999998,-121.32304000000001,"SAN JOAQUIN",STOCKTON,-121.32317777,38.017505419999999
7199780,2015,2016-08-12,3900,2015-12-20,1523,5966,,7,5,2,3920,0,0,0,,0,,"MANTHEY RD","S MANTHEY RD, 19091",0.00,,Y,B,-,N,,,,,,,,,,Y,1,1,0,2,A,-,11,21956,,N,G,B,E,A,H,-,A,D,0,Y,,,,Y,,N,60,0,0,0,1,0,0,0,0,0,"- ","- ",,,"SAN JOAQUIN",LATHROP,-121.30637883999999,37.78633473
7199940,2017,2019-04-08,3906,2017-01-01,1049,000916,,7,5,5,3906,0,0,0,,0,007,"SCHULTE RD","BUD LYONS WY",1370.00,E,N,B,-,N,,,,,,,,,,Y,1,1,0,1,A,-,01,23152,B,N,F,I,A,A,H,-,A,D,0,,,,,Y,Y,A,07,0,0,0,0,0,0,0,0,0,"- ","- ",,,"SAN JOAQUIN",TRACY,-121.50355338999999,37.721696420000001
7199959,2017,2019-04-08,3905,2017-01-10,0603,2416,CIV,2,5,6,3905,0,0,0,,0,,"CALIFORNIA ST","WALNUT ST",0.00,,Y,C,-,N,,,,,,,,,,N,1,1,0,2,A,-,11,21456,B,N,G,B,B,B,H,-,C,A,0,Y,,,,Y,,-,"- ",0,0,0,1,0,0,0,0,0,"- ","- ",37.970039999999997,-121.28885,"SAN JOAQUIN",STOCKTON,-121.28904986000001,37.970049959999997
7200137,2017,2017-06-20,3903,2017-04-07,0123,1751,,5,5,4,3903,0,0,0,,0,,"UNION RD","KELLEY DR",393.00,N,N,B,-,N,,,,,,,,,,N,1,1,0,1,A,-,01,23152,A,N,E,I,A,A,H,-,C,D,0,,,,,Y,,D,22,0,0,0,0,0,0,0,0,0,"- ","- ",37.807009999999998,-121.23515999999999,"SAN JOAQUIN",MANTECA,-121.23520295,37.807899020000001
7200239,2017,2017-07-13,3905,2017-03-17,2104,1532,PAR,5,5,6,3905,0,0,0,,0,,"RT 99","BOEING WY",404.00,N,N,A,-,N,,,99,,,,,,,N,1,1,0,2,A,-,01,21200,5,F,H,G,A,A,H,-,E,A,0,,Y,,Y,Y,,L,04,0,0,0,0,0,1,0,0,0,"- ","- ",37.911650000000002,-121.22583,"SAN JOAQUIN",STOCKTON,-121.22582568999999,37.911651579999997
8001406,2016,2016-04-05,3902,2016-02-07,1910,MH42,,7,5,5,3902,0,0,0,,0,,"STOCKTON ST","EAST PINE ST",123.00,S,N,A,-,N,,,,,,,,,,Y,2,0,2,1,A,-,01,23152,A,N,E,I,A,A,H,-,C,D,0,,,,,Y,Y,D,22,2,0,0,0,0,0,0,0,0,"- ","- ",,,"SAN JOAQUIN",LODI,-121.2694,38.134010000000004
8003083,2015,2016-03-24,3902,2015-12-11,1622,DC61,,5,5,5,3902,0,0,0,,0,,"E ELM ST","N STOCKTON ST",0.00,,Y,A,-,N,,,,,,,,,,N,2,0,1,2,D,-,00,,,F,G,B,E,A,H,-,A,A,0,Y,,,,Y,,-,"- ",1,0,0,0,1,0,0,0,0,"- ","- ",,,"SAN JOAQUIN",LODI,-121.26930996,38.135209940000003
8010175,2016,2016-04-11,3905,2016-03-01,1846,2768,,2,5,6,3905,0,0,0,,0,,"SWAIN RD","GLEN ST",36.00,W,N,A,-,N,,,,,,,,,,N,2,0,1,2,A,-,11,21954,A,N,G,B,D,A,H,-,D,D,0,Y,,,,Y,,N,60,1,0,0,0,1,0,0,0,0,"- ","- ",38.0032,-121.32411999999999,"SAN JOAQUIN",STOCKTON,-121.32477803,38.002917539999999
8015489,2016,2016-04-13,3905,2016-03-10,1000,3674,CIV,4,5,6,3905,0,0,0,,0,,"CALIFORNIA ST","MARKET ST",0.00,,Y,B,-,N,,,,,,,,,,N,2,0,2,2,A,-,12,21453,A,N,H,G,A,A,H,-,A,A,0,,Y,,,Y,,L,04,1,1,0,0,0,0,1,0,0,"- ","- ",37.952579999999998,-121.28428,"SAN JOAQUIN",STOCKTON,-121.28432993,37.952599980000002
8023646,2016,2016-04-25,3905,2016-04-06,0424,2671,VAL,3,5,6,3905,0,0,0,,0,,"HAMMER LN","PALISADES DR",222.00,E,N,A,-,N,,,,,,,,,,N,2,0,1,2,A,-,11,21956,,N,G,B,E,A,H,-,C,D,0,Y,,,,Y,Y,N,60,1,0,0,0,1,0,0,0,0,"- ","- ",38.020960000000002,-121.29774,"SAN JOAQUIN",STOCKTON,-121.29666949999999,38.021014110000003
8031779,2016,2016-05-09,3905,2016-04-15,2058,2786,PAR,5,5,6,3905,0,0,0,,0,,"AIRPORT WY","8TH ST",0.00,,Y,A,-,N,,,,,,,,,,N,2,0,1,2,A,-,11,21955,,N,G,B,D,A,H,-,C,A,0,Y,,,,Y,,N,60,1,0,0,0,1,0,0,0,0,"- ","- ",37.931510000000003,-121.26724,"SAN JOAQUIN",STOCKTON,-121.26709997,37.931659930000002
8050576,2016,2016-06-15,3905,2016-05-30,1519,1393,CIV,1,5,6,3905,0,0,0,,0,,"EL DORADO ST","WEBER AV",109.00,N,N,A,-,N,,,,,,,,,,Y,2,0,1,1,C,-,18,,,N,E,I,A,A,H,-,A,A,0,,,,,Y,,-,"- ",1,0,0,0,0,0,0,0,0,"- ","- ",37.953760000000003,-121.29004999999999,"SAN JOAQUIN",STOCKTON,-121.29019004,37.954094169999998
8072884,2016,2016-07-01,3905,2016-06-11,1959,2767,SEA,6,5,6,3905,0,0,0,,0,,"8TH ST","DIAMOND OAKS ST",0.00,,Y,A,-,N,,,,,,,,,,Y,2,0,2,2,A,-,01,23153,A,F,D,C,A,A,H,-,A,D,0,,,,,Y,Y,A,01,2,0,0,0,0,0,0,0,0,"- ","- ",37.926850000000002,-121.31686999999999,"SAN JOAQUIN",STOCKTON,-121.31653996,37.926649929999996
8102759,2016,2016-08-26,3905,2016-07-15,2002,2795,PAR,5,5,6,3905,0,0,0,,0,,"POCK LN","LONG ISLAND DR",49.00,S,N,A,-,N,,,,,,,,,,Y,2,0,1,2,A,-,03,22350,,N,C,E,A,A,H,-,B,D,0,,,Y,,Y,,C,02,1,0,0,0,0,0,0,0,1,"- ","- ",37.937019999999997,-121.24831,"SAN JOAQUIN",STOCKTON,-121.2481418,37.937143570000003
8106943,2016,2016-08-19,3905,2016-07-29,1549,2752,LAK,5,5,6,3905,0,0,0,,0,,"GROUSE RUN DR","COVEY CREEK CI",90.00,S,N,A,-,N,,,,,,,,,,Y,2,0,1,2,A,-,03,22350,,N,C,E,A,A,H,-,A,D,0,,,,,Y,,A,01,1,0,0,0,0,0,0,0,0,"- ","- ",37.994059999999998,-121.33347000000001,"SAN JOAQUIN",STOCKTON,-121.33376934,37.993590689999998
8108768,2015,2017-01-19,3905,2015-09-17,2147,2594,SEA,4,5,6,3905,0,0,0,,0,,"CENTER ST","JEFFERSON ST",45.00,S,N,A,-,N,,,,,,,,,,N,2,0,1,2,A,-,11,21954,A,N,G,B,D,A,H,-,C,D,0,Y,,,,Y,,N,60,1,0,0,0,1,0,0,0,0,"- ","- ",37.941600000000001,-121.28824,"SAN JOAQUIN",STOCKTON,-121.28809853,37.94148895
8118247,2016,2016-10-14,3905,2016-08-18,2225,2744,CIV,4,5,6,3905,0,0,0,,0,,"LINCOLN ST","WEBER AV",372.00,S,N,A,-,N,,,,,,,,,,N,2,0,1,2,A,-,11,21954,A,N,G,B,D,A,H,-,C,D,0,Y,,,,Y,,N,60,1,0,0,0,1,0,0,0,0,"- ","- ",37.95243,-121.29783,"SAN JOAQUIN",STOCKTON,-121.29757159,37.951347470000002
8125083,2016,2016-09-22,3903,2016-08-26,1805,3569,,5,5,4,3903,0,0,0,,0,,"LINCOLN AV","CENTER ST",224.00,N,N,A,-,N,,,,,,,,,,N,2,0,1,1,A,-,03,22350,,N,E,I,A,A,H,-,A,D,0,,Y,,,Y,,L,04,1,0,0,0,0,0,1,0,0,"- ","- ",37.799129999999998,-121.21408,"SAN JOAQUIN",MANTECA,-121.21400326,37.79973519
8153225,2016,2016-10-26,3902,2016-09-04,1227,CM91,,7,5,5,3902,0,0,0,,0,,"N BECKMAN RD","TURNER RD",242.00,S,N,A,-,N,,,,,,,,,,Y,2,0,1,2,A,-,06,21755,,N,B,C,A,A,H,-,A,D,0,,,Y,,Y,,C,02,1,0,0,0,0,0,0,0,1,"- ","- ",,,"SAN JOAQUIN",LODI,-121.25937747,38.145107539999998
8153621,2016,2016-10-26,3902,2016-09-05,1848,CS15,,1,5,5,3902,0,0,0,,0,,"W PINE ST","S ORANGE AV",0.00,,Y,A,-,N,,,,,,,,,,Y,2,0,1,2,A,-,08,22107,,N,A,C,A,A,H,-,A,D,0,,,,,Y,,A,01,1,0,0,0,0,0,0,0,0,"- ","- ",,,"SAN JOAQUIN",LODI,-121.28536996,38.134479949999999
8164073,2016,2016-11-07,3906,2016-10-31,1932,1068,,1,5,5,3906,0,0,0,,0,006,"W KAVANAGH AV","COVENTRY DR",0.00,,Y,B,-,N,,,,,,,,,,Y,2,0,2,1,A,-,01,23152,A,N,F,A,A,A,H,-,C,D,0,,,Y,,Y,Y,C,02,1,1,0,0,0,0,0,0,2,"- ","- ",,,"SAN JOAQUIN",TRACY,-121.42993987,37.757799919999997
8166759,2016,2018-09-27,3903,2016-12-21,1726,1751,,3,5,4,3903,0,0,0,,0,,"MAIN ST","ARGONAUT ST",62.00,N,N,A,-,N,,,,,,,,,,N,1,1,0,2,D,-,00,,,N,G,B,D,A,H,-,D,D,0,Y,,,,Y,,-,"- ",0,0,0,1,0,0,0,0,0,"- ","- ",37.80782,-121.21688,"SAN JOAQUIN",MANTECA,-121.21689589,37.807940209999998
8166785,2016,2017-03-29,3905,2016-11-21,0235,2015,CIV,1,5,6,3905,0,0,0,,0,,"PERSHING AV","PRINCETON AV",187.00,N,N,A,-,N,,,,,,,,,,Y,1,1,0,3,A,-,03,22350,,N,E,I,A,A,H,-,C,D,0,,,,,Y,,A,07,0,0,0,0,0,0,0,0,0,"- ","- ",37.977559999999997,-121.31798000000001,"SAN JOAQUIN",STOCKTON,-121.31848187999999,37.977848000000002
8166941,2016,2018-09-24,3905,2016-03-12,1228,,,6,5,6,3905,0,0,0,,0,,"EL DORADO ST","IVY AV",219.00,N,N,B,-,N,,,,,,,,,,Y,1,1,0,2,A,-,01,23152,A,N,D,C,A,A,H,-,A,D,0,,,Y,,Y,Y,A,07,0,0,0,0,0,0,0,1,0,"- ","- ",37.919400000000003,-121.279,"SAN JOAQUIN",STOCKTON,-121.27897496,37.919451930000001
8166970,2016,2018-09-24,3902,2016-02-24,2110,AB48,,3,5,5,3902,0,0,0,,0,,"STOCKTON ST","LOCKEFORD ST",277.00,S,N,A,-,N,,,,,,,,,,Y,1,1,0,1,A,-,01,23152,A,N,E,I,A,A,H,-,C,D,0,,,,,Y,Y,A,01,0,0,0,0,0,0,0,0,0,"- ","- ",,,"SAN JOAQUIN",LODI,-121.26918369000001,38.137150949999999
8167226,2017,2018-08-02,3900,2017-08-18,0904,7688,MANTE,5,5,2,3920,0,0,0,,0,,"LOUISE AV","HARLAN RD",0.00,,Y,A,-,N,,,,,,,,,,Y,1,1,1,4,A,-,12,21453,A,N,D,C,A,A,H,-,A,A,0,,,,,Y,,D,22,0,0,1,0,0,0,0,0,0,"- ","- ",,,"SAN JOAQUIN",LATHROP,-121.29383999,37.811799899999997
81682366,2021,2022-01-21,3905,2021-09-11,0339,2429,PAR,6,5,6,3905,0,0,0,,0,,"SPERRY RD","AIRPORT WY",0.00,,Y,A,-,N,,,,,,,,,,N,1,1,0,2,A,-,12,21453,A,N,D,C,A,A,H,-,C,A,0,,,,Y,Y,,A,01,0,0,0,0,0,0,0,0,0,"- ","- ",37.901809692382812,-121.25480651855469,"SAN JOAQUIN",STOCKTON,-121.25485229492188,37.90191650390625
81694133,2022,2022-02-07,3905,2022-01-02,0235,2896,LAK,7,5,6,3905,0,0,0,,0,,"BIANCHI RD","CLAREMONT AV",0.00,,Y,A,-,N,,,,,,,,,,Y,2,0,4,3,A,-,01,23153,A,N,C,C,A,A,H,-,C,A,0,,,,,Y,Y,A,01,1,1,2,0,0,0,0,0,0,"- ","- ",37.991470336914062,-121.30518341064453,"SAN JOAQUIN",STOCKTON,-121.30570983886719,37.991359710693359
81725804,2021,2022-03-17,3905,2021-11-20,1141,7161,PAR,6,5,6,3905,0,0,0,,0,,"AIRPORT WY","TWELFTH ST",0.00,,Y,A,-,N,,,,,,,,,,Y,2,0,1,2,A,-,09,21801,A,N,D,C,A,A,H,-,A,D,0,,,,,Y,,A,01,1,0,0,0,0,0,0,0,0,"- ","- ",37.926509857177734,-121.26544189453125,"SAN JOAQUIN",STOCKTON,-121.26529693603516,37.926666259765625
81751790,2021,2022-04-20,3905,2021-11-06,1900,2133,CIV,6,5,6,3905,0,0,0,,0,,"CALIFORNIA ST","WYANDOTTE ST",0.00,,Y,A,-,N,,,,,,,,,,N,1,1,0,3,A,-,10,21950,A,F,G,B,D,A,H,-,C,A,0,Y,,,,Y,,A,07,0,0,0,1,0,0,0,0,0,"- ","- ",37.972869873046875,-121.28971862792969,"SAN JOAQUIN",STOCKTON,-121.28997802734375,37.972873687744141
81751841,2022,2022-04-20,3905,2022-02-07,0657,2463,PAR,1,5,6,3905,0,0,0,,0,,"HAZELTON AV","WILSON WY",0.00,,Y,A,-,N,,,,,,,,,,Y,2,0,5,2,A,-,12,21453,A,N,D,C,A,A,H,-,B,A,0,,,,,Y,,A,01,1,2,2,0,0,0,0,0,0,"- ","- ",37.949169158935547,-121.27115631103516,"SAN JOAQUIN",STOCKTON,-121.26994323730469,37.949848175048828
81771295,2022,2022-05-13,3905,2022-03-26,2328,3113,PAR,6,5,6,3905,0,0,0,,0,,"UNION ST","LAFAYETTE ST",163.00,S,N,A,-,N,,,,,,,,,,N,2,0,1,2,A,-,11,21954,A,F,G,B,E,A,H,-,D,D,0,Y,,,,Y,Y,N,60,1,0,0,0,1,0,0,0,0,"- ","- ",37.951908111572266,-121.27593994140625,"SAN JOAQUIN",STOCKTON,-121.27584075927734,37.951541900634766