CASE_ID,ACCIDENT_YEAR,PROC_DATE,JURIS,COLLISION_DATE,COLLISION_TIME,OFFICER_ID,REPORTING_DISTRICT,DAY_OF_WEEK,CHP_SHIFT,POPULATION,CNTY_CITY_LOC,SPECIAL_COND,BEAT_TYPE,CHP_BEAT_TYPE,CITY_DIVISION_LAPD,CHP_BEAT_CLASS,BEAT_NUMBER,PRIMARY_RD,SECONDARY_RD,DISTANCE,DIRECTION,INTERSECTION,WEATHER_1,WEATHER_2,STATE_HWY_IND,CALTRANS_COUNTY,CALTRANS_DISTRICT,STATE_ROUTE,ROUTE_SUFFIX,POSTMILE_PREFIX,POSTMILE,LOCATION_TYPE,RAMP_INTERSECTION,SIDE_OF_HWY,TOW_AWAY,COLLISION_SEVERITY,NUMBER_KILLED,NUMBER_INJURED,PARTY_COUNT,PRIMARY_COLL_FACTOR,PCF_CODE_OF_VIOL,PCF_VIOL_CATEGORY,PCF_VIOLATION,PCF_VIOL_SUBSECTION,HIT_AND_RUN,TYPE_OF_COLLISION,MVIW,PED_ACTION,ROAD_SURFACE,ROAD_COND_1,ROAD_COND_2,LIGHTING,CONTROL_DEVICE,CHP_ROAD_TYPE,PEDESTRIAN_ACCIDENT,BICYCLE_ACCIDENT,MOTORCYCLE_ACCIDENT,TRUCK_ACCIDENT,NOT_PRIVATE_PROPERTY,ALCOHOL_INVOLVED,STWD_VEHTYPE_AT_FAULT,CHP_VEHTYPE_AT_FAULT,COUNT_SEVERE_INJ,COUNT_VISIBLE_INJ,COUNT_COMPLAINT_PAIN,COUNT_PED_KILLED,COUNT_PED_INJURED,COUNT_BICYCLIST_KILLED,COUNT_BICYCLIST_INJURED,COUNT_MC_KILLED,COUNT_MC_INJURED,PRIMARY_RAMP,SECONDARY_RAMP,LATITUDE,LONGITUDE,COUNTY,CITY,POINT_X,POINT_Y
8178026,2016,2016-12-05,3905,2016-11-02,0115,2747,CIV,3,5,6,3905,0,0,0,,0,,"FREMONT ST","CENTER ST",150.00,W,N,A,-,N,,,,,,,,,,Y,2,0,1,1,A,-,03,22350,,N,E,I,A,A,H,-,C,A,0,,,Y,,Y,,C,02,1,0,0,0,0,0,0,0,1,"- ","- ",37.957520000000002,-121.2924,"SAN JOAQUIN",STOCKTON,-121.29297750000001,37.957439190000002
8178034,2016,2016-12-05,3905,2016-11-06,0138,2652,,7,5,6,3905,0,0,0,,0,,"SWAIN RD","PLYMOUTH RD",0.00,,Y,A,-,N,,,,,,,,,,Y,2,0,1,1,A,-,03,22350,,N,E,I,A,A,H,-,C,D,0,,,Y,,Y,,C,02,1,0,0,0,0,0,0,0,1,"- ","- ",38.000219999999999,-121.34829999999999,"SAN JOAQUIN",STOCKTON,-121.34767997,38.000359959999997
8178067,2016,2016-12-06,3905,2016-11-21,2321,2673,PAR,1,5,6,3905,0,0,0,,0,,"WATERLOO RD","HIAWATHA AV",38.00,W,N,A,-,N,,,,,,,,,,N,2,0,1,2,A,-,09,21804,,F,G,G,A,A,H,-,C,D,0,,Y,,,Y,,L,04,1,0,0,0,0,0,1,0,0,"- ","- ",37.970489999999998,-121.26965,"SAN JOAQUIN",STOCKTON,-121.26999648,37.970689880000002
8178186,2016,2016-12-06,3905,2016-10-04,0730,2582,CIV,2,5,6,3905,0,0,0,,0,,"ORNELLA LN","ORNELLA LN  10120",0.00,,N,A,-,N,,,,,,,,,,N,2,0,1,2,B,-,22,,,F,G,B,F,A,H,-,A,D,0,Y,,,,Y,,A,07,1,0,0,0,1,0,0,0,0,"- ","- ",,,"SAN JOAQUIN",STOCKTON,-121.27210021,38.04569154
81812629,2022,2022-07-08,3905,2022-05-14,0114,2788,VAL,6,5,6,3905,0,0,0,,0,,"HOLMAN RD","MCALLEN RD",72.00,W,N,A,-,N,,,,,,,,,,Y,2,0,2,1,A,-,01,23153,A,N,E,I,A,A,H,-,C,A,0,,,,,Y,Y,A,01,2,0,0,0,0,0,0,0,0,"- ","- ",38.000099182128906,-121.26973724365234,"SAN JOAQUIN",STOCKTON,-121.27035522460938,38.000434875488281
81813863,2022,2022-07-11,3905,2022-05-04,2323,2528,LAK,3,5,6,3905,0,0,0,,0,,"MARCH LN","HILLSBORO WY",64.00,E,N,A,-,N,,,,,,,,,,N,2,0,1,2,A,-,11,21954,A,N,G,B,D,A,H,-,C,D,0,Y,,,,Y,,N,60,1,0,0,0,1,0,0,0,0,"- ","- ",38.000389099121094,-121.29763031005859,"SAN JOAQUIN",STOCKTON,-121.29804992675781,38.000457763671875
81834477,2022,2022-08-08,3905,2022-06-17,2054,2875,LAK,5,5,6,3905,0,0,0,,0,,"BENJAMIN HOLT DR","PACIFIC AV E FR RD",0.00,,Y,A,-,N,,,,,,,,,,Y,2,0,1,2,A,-,09,21802,A,N,D,C,A,A,H,-,C,A,0,,,Y,,Y,,A,01,1,0,0,0,0,0,0,0,1,"- ","- ",38.010818481445312,-121.32071685791016,"SAN JOAQUIN",STOCKTON,-121.32068634033203,38.011051177978516
81845211,2022,2022-08-22,3905,2022-06-25,1947,2915,,6,5,6,3905,0,0,0,,0,,"INGLEWOOD AV","EDAN AV",34.00,S,N,A,-,N,,,,,,,,,,N,2,0,1,2,A,-,03,22350,,N,C,E,A,A,H,-,A,D,0,,,Y,,Y,,C,03,1,0,0,0,0,0,0,0,1,"- ","- ",38.016738891601562,-121.31861877441406,"SAN JOAQUIN",STOCKTON,-121.31836700439453,38.016559600830078
81847317,2022,2022-08-24,3905,2022-07-14,1850,2915,LAK,4,5,6,3905,0,0,0,,0,,"ROSE MARIE LN","CROWN AV",0.00,,Y,A,-,N,,,,,,,,,,Y,2,0,1,2,A,-,03,22350,,F,D,C,A,A,H,-,A,D,0,,,,,Y,,A,01,1,0,0,0,0,0,0,0,0,"- ","- ",37.986598968505859,-121.32132720947266,"SAN JOAQUIN",STOCKTON,-121.32169342041016,37.98638916015625
81854963,2022,2022-09-01,3905,2022-03-23,1745,2890,CIV,3,5,6,3905,0,0,0,,0,,"WEST LN","HARDING WY",0.00,,Y,A,-,N,,,,,,,,,,N,2,0,1,2,A,-,05,21650,1,N,H,G,A,A,H,-,A,A,0,,Y,,,Y,,L,04,1,0,0,0,0,0,1,0,0,"- ","- ",37.969539642333984,-121.27916717529297,"SAN JOAQUIN",STOCKTON,-121.27820587158203,37.970180511474609
81861538,2022,2022-09-12,3905,2022-05-06,1843,2835,SEA,5,5,6,3905,0,0,0,,0,,"CALIFORNIA ST","JACKSON ST",0.00,,Y,A,-,N,,,,,,,,,,N,1,1,1,2,A,-,09,21802,A,N,D,C,A,A,H,-,A,A,0,,,Y,,Y,,A,08,0,0,1,0,0,0,0,1,0,"- ","- ",37.941680908203125,-121.28146362304688,"SAN JOAQUIN",STOCKTON,-121.2813720703125,37.941715240478516
81874119,2022,2022-09-27,3905,2022-07-16,0223,3067,VAL,6,5,6,3905,0,0,0,,0,,"HAMMER LN","MONTAUBAN AV",250.00,W,N,A,-,N,,,,,,,,,,Y,2,0,2,2,A,-,05,21651,B,N,D,C,A,A,H,-,C,A,0,,,,,Y,,A,01,1,0,1,0,0,0,0,0,0,"- ","- ",38.020938873291016,-121.29017639160156,"SAN JOAQUIN",STOCKTON,-121.290771484375,38.020851135253906
81889129,2022,2022-10-13,3905,2022-08-19,1605,2466,PAR,5,5,6,3905,0,0,0,,0,,"MARIPOSA RD","AUSTIN RD (W)",1600.00,W,N,A,-,N,,,,,,,,,,Y,2,0,2,3,A,-,05,21460,A,N,A,C,A,A,H,-,A,A,0,,,,Y,Y,,A,01,1,0,1,0,0,0,0,0,0,"- ","- ",37.912818908691406,-121.18695068359375,"SAN JOAQUIN",STOCKTON,-121.19002532958984,37.916435241699219
81893791,2022,2022-10-19,3905,2022-08-22,2047,2466,CIV,1,5,6,3905,0,0,0,,0,,"STANISLAUS ST","WASHINGTON ST",0.00,,Y,A,-,Y,,,,,,,,,,N,2,0,1,2,A,-,12,21453,A,N,D,G,A,A,G,H,B,A,0,,Y,,,Y,,L,04,1,0,0,0,0,0,1,0,0,"- ","- ",37.952011108398438,-121.28143310546875,"SAN JOAQUIN",STOCKTON,-121.28144836425781,37.9520263671875
81915530,2022,2022-11-11,3905,2022-09-22,1255,7034,CIV,4,5,6,3905,0,0,0,,0,,"MENDOCINO AV","PERSHING AV (S)",318.00,E,N,A,-,N,,,,,,,,,,Y,2,0,1,2,A,-,08,22103,,N,D,C,A,A,H,-,A,D,0,,,Y,,Y,,A,01,1,0,0,0,0,0,0,0,1,"- ","- ",37.97406005859375,-121.316650390625,"SAN JOAQUIN",STOCKTON,-121.3160400390625,37.974361419677734
81922459,2022,2022-11-21,3905,2022-10-16,0025,2772,LAK,7,5,6,3905,0,0,0,,0,,"GLENDORA AV","ALTURAS AV (E)",16.00,W,N,A,-,N,,,,,,,,,,Y,2,0,1,1,A,-,03,22350,,N,E,I,A,A,H,-,C,D,0,,,,,Y,Y,A,01,1,0,0,0,0,0,0,0,0,"- ","- ",38.009101867675781,-121.313232421875,"SAN JOAQUIN",STOCKTON,-121.31332397460938,38.008937835693359
81922481,2022,2022-11-21,3924,2022-11-19,0300,1270,L2,6,5,2,3920,0,0,0,,0,00C,"WEST LOUISE AV","SOUTH RAIL ROAD CROSSING ARMS",21.70,W,-,A,-,N,,,,,,,,,,N,2,0,1,2,A,-,03,22350,,F,H,G,A,A,H,-,D,D,0,,Y,,,Y,,-,99,1,0,0,0,0,0,1,0,0,"- ","- ",37.807300567626953,-121.26576232910156,"SAN JOAQUIN",LATHROP,-121.55191040039062,39.425331115722656
81926806,2022,2022-11-28,3905,2022-10-25,0902,3169,SEA,2,5,6,3905,0,0,0,,0,,"MARTIN LUTHER KING BL","SAN JOAQUIN ST",0.00,E,Y,A,-,N,,,,,,,,,,N,2,0,1,2,A,-,10,21950,A,N,G,B,B,A,H,-,A,A,0,Y,,,,Y,,D,22,1,0,0,0,1,0,0,0,0,"- ","- ",37.939361572265625,-121.28356170654297,"SAN JOAQUIN",STOCKTON,-121.28343963623047,37.939445495605469
81933346,2022,2022-12-05,3905,2022-09-26,0035,2660,BEA,1,5,6,3905,0,0,0,,0,,"HAMMER LN","RICHLAND WY",76.00,W,N,A,-,N,,,,,,,,,,Y,1,1,1,1,A,-,01,23152,B,N,E,I,A,A,H,-,C,A,0,,,,,Y,Y,A,01,0,0,1,0,0,0,0,0,0,"- ","- ",38.021171569824219,-121.35185241699219,"SAN JOAQUIN",STOCKTON,-121.35173034667969,38.021007537841797
81960561,2022,2023-01-05,3905,2022-11-29,0722,7254,VAL,2,5,6,3905,0,0,0,,0,,"WEST LN","WEST LN FRONTAGE W RD",0.00,,Y,-,-,N,,,,,,,,,,N,2,0,1,2,A,-,05,21650,1,N,D,G,A,A,H,-,A,A,0,,Y,,,Y,,L,04,1,0,0,0,0,0,1,0,0,"- ","- ",38.029701232910156,-121.29518127441406,"SAN JOAQUIN",STOCKTON,-121.28050231933594,37.975978851318359
81962998,2022,2023-01-09,3905,2022-11-20,0101,2907,VAL,7,5,6,3905,0,0,0,,0,,"SWAIN RD","TAM O SHANTER DR",4.00,E,N,A,-,N,,,,,,,,,,Y,2,0,3,1,A,-,03,22350,,F,E,J,A,A,H,-,C,A,0,,,,,Y,,A,01,1,1,1,0,0,0,0,0,0,"- ","- ",38.010398864746094,-121.29662322998047,"SAN JOAQUIN",STOCKTON,-121.29616546630859,38.010395050048828
81990399,2022,2023-02-09,3905,2022-11-09,1037,2785,SEA,3,5,6,3905,0,0,0,,0,,"EL DORADO ST","FIRST ST",0.00,,Y,B,-,N,,,,,,,,,,Y,1,1,0,2,A,-,05,21650,1,N,D,G,A,A,H,-,A,A,0,,Y,,,Y,,L,04,0,0,0,0,0,1,0,0,0,"- ","- ",37.937629699707031,-121.28582763671875,"SAN JOAQUIN",STOCKTON,-121.28567504882812,37.937664031982422
81996742,2022,2023-02-17,3905,2022-08-23,2155,1641,SEA,2,5,6,3905,0,0,0,,0,,"CHARTER WY","TILLIE LEWIS DR",0.00,,Y,A,-,Y,SJ,,4,,,14.719,H,,L,Y,1,1,0,3,A,-,05,21650,,F,G,B,E,A,H,-,D,D,0,Y,,,Y,Y,,F,25,0,0,0,1,0,0,0,0,0,"- ","- ",37.931468963623047,-121.31842803955078,"SAN JOAQUIN",STOCKTON,-121.318359375,37.931301116943359
82003654,2023,2023-02-27,3905,2023-01-07,1350,2463,PAR,6,5,6,3905,0,0,0,,0,,"UNION ST","PARK ST",0.00,,Y,B,-,N,,,,,,,,,,N,2,0,1,2,A,-,10,21950,A,F,G,B,E,A,H,-,A,A,0,Y,,,,Y,,A,01,1,0,0,0,1,0,0,0,0,"- ","- ",37.961261749267578,-121.27973175048828,"SAN JOAQUIN",STOCKTON,-121.27867126464844,37.961891174316406
82030255,2023,2023-03-28,3905,2023-01-29,1824,3040,LAK,7,5,6,3905,0,0,0,,0,,"MARCH LN","QUAIL LAKES DR",150.00,W,N,A,-,N,,,,,,,,,,N,2,0,1,2,A,-,11,21954,A,F,G,B,D,A,H,-,C,A,0,Y,,,,Y,,N,60,1,0,0,0,1,0,0,0,0,"- ","- ",37.984611511230469,-121.34069061279297,"SAN JOAQUIN",STOCKTON,-121.34050750732422,37.984855651855469
8203206,2016,2017-01-12,3903,2016-11-23,1313,1751,,3,5,4,3903,0,0,0,,0,,"MOFFAT BL","SPRECKELS AV",85.00,E,N,A,-,N,,,,,,,,,,Y,2,0,1,3,A,-,12,21453,A,N,D,C,A,A,H,-,A,A,0,,,,Y,Y,,A,01,1,0,0,0,0,0,0,0,0,"- ","- ",37.785910000000001,-121.20014999999999,"SAN JOAQUIN",MANTECA,-121.20009258,37.785912189999998
82043972,2023,2023-04-20,3905,2023-02-28,"759 ",3180,CIV,2,5,6,3905,0,0,0,,0,,"HARDING WY","LINCOLN ST",0.00,,Y,B,-,N,,,,,,,,,,Y,2,0,3,2,A,-,09,21801,A,N,A,C,A,B,H,-,A,A,0,,,,,Y,,A,07,1,0,2,0,0,0,0,0,0,"- ","- ",37.966270446777344,-121.30146789550781,"SAN JOAQUIN",STOCKTON,-121.30164337158203,37.966201782226562
82056463,2023,2023-05-01,3905,2023-03-19,"853 ",3176,SEA,7,5,6,3905,0,0,0,,0,,"MARTIN LUTHER KING BL","AMERICAN ST",0.00,,Y,B,G,N,,,,,,,,,,N,2,0,3,2,A,-,09,21802,A,F,D,C,A,A,H,-,A,A,0,,,,,Y,,A,07,1,1,1,0,0,0,0,0,0,"- ","- ",37.939998626708984,-121.27964782714844,"SAN JOAQUIN",STOCKTON,-121.27954864501953,37.940113067626953
82083198,2023,2023-06-02,3905,2023-04-29,"202 ",2578,BEA,6,5,6,3905,0,0,0,,0,,"HAMMER LN","ETNA ST",309.00,W,N,A,-,N,,,,,,,,,,Y,2,0,2,1,A,-,03,22350,,F,E,I,A,A,H,-,C,A,0,,,,,Y,,A,01,1,1,0,0,0,0,0,0,0,"- ","- ",38.021209716796875,-121.31973266601562,"SAN JOAQUIN",STOCKTON,-121.32049560546875,38.020900726318359
82094388,2023,2023-06-15,3905,2023-03-28,1524,2785,PAR,2,5,6,3905,0,0,0,,0,,"MARIPOSA RD","STAGECOACH RD",0.00,,Y,C,-,N,,,,,,,,,,Y,1,1,0,2,A,-,12,21453,A,N,D,G,A,B,H,-,A,A,0,,Y,,Y,Y,,F,25,0,0,0,0,0,1,0,0,0,"- ","- ",37.932060241699219,-121.22796630859375,"SAN JOAQUIN",STOCKTON,-121.22827911376953,37.931938171386719
82096417,2023,2023-06-19,3905,2023-04-22,"154 ",2896,LAK,6,5,6,3905,0,0,0,,0,,"PACIFIC AV","LOWER SACRAMENTO RD",7.00,S,N,A,-,N,,,,,,,,,,Y,2,0,1,1,A,-,03,22350,,N,E,I,A,A,H,-,C,A,0,,,,,Y,,A,01,1,0,0,0,0,0,0,0,0,"- ","- ",38.019779205322266,-121.32425689697266,"SAN JOAQUIN",STOCKTON,-121.32402801513672,38.019554138183594
82097235,2023,2023-06-19,3924,2023-06-08,"20  ",1334,L2,4,5,2,3920,0,0,0,,0,00C,"LOUISE AVE","HARLAN RD",0.00,,Y,A,-,N,,,,,,,,,,Y,2,0,3,3,A,-,01,23152,,N,C,C,A,A,H,-,C,A,0,,,,,Y,Y,A,01,1,2,0,0,0,0,0,0,0,"- ","- ",37.811840057373047,-121.29144287109375,"SAN JOAQUIN",LATHROP,-121.29386138916016,37.811798095703125
82101504,2023,2023-06-26,3905,2023-01-29,1833,2660,LAK,7,5,6,3905,0,0,0,,0,,"PACIFIC AV","DOUGLAS RD",271.00,N,N,C,-,N,,,,,,,,,,N,1,1,0,2,A,-,11,21954,A,F,G,B,D,B,H,-,C,A,0,Y,,,,Y,,N,60,0,0,0,1,0,0,0,0,0,"- ","- ",38.008438110351562,-121.31993103027344,"SAN JOAQUIN",STOCKTON,-121.31984710693359,38.008953094482422
82123547,2023,2023-07-24,3905,2023-06-06,1800,3020,SEA,2,5,6,3905,0,0,0,,0,,"SAN JOAQUIN ST","TAYLOR ST",72.00,N,N,A,-,N,,,,,,,,,,N,2,0,1,2,A,-,03,22350,,F,C,G,A,A,H,-,C,D,0,,Y,,,Y,,A,01,1,0,0,0,0,0,1,0,0,"- ","- ",,,"SAN JOAQUIN",STOCKTON,-121.28507995605469,37.945384979248047
82127263,2023,2023-07-27,3905,2023-05-03,1425,2660,VAL,3,5,6,3905,0,0,0,,0,,"BIANCHI RD","TOWNEHOME DR",0.00,,Y,A,-,N,,,,,,,,,,Y,1,1,2,3,A,-,12,22450,A,N,D,C,A,A,H,-,A,A,0,,,,,Y,,A,01,1,1,0,0,0,0,0,0,0,"- ","- ",37.996131896972656,-121.29483032226562,"SAN JOAQUIN",STOCKTON,-121.29531860351562,37.996101379394531
82130459,2023,2023-07-31,3905,2023-06-17,2231,3081,SEA,6,5,6,3905,0,0,0,,0,,"JACKSON ST","STANISLAUS ST",0.00,,Y,A,-,N,,,,,,,,,,N,2,0,1,2,A,-,01,23152,A,F,D,C,A,A,H,-,C,A,0,,,Y,,Y,Y,A,01,1,0,0,0,0,0,0,0,1,"- ","- ",37.942108154296875,-121.27883911132812,"SAN JOAQUIN",STOCKTON,-121.27874755859375,37.942180633544922
82134929,2023,2023-08-03,3905,2023-06-01,1608,3115,LAK,4,5,6,3905,0,0,0,,0,,"FEATHER RIVER DR","SEA GULL LN",1300.00,S,N,A,-,N,,,,,,,,,,Y,2,0,8,2,A,-,05,21460,A,N,A,C,A,A,H,-,A,D,0,,,,,Y,,A,07,1,4,3,0,0,0,0,0,0,"- ","- ",37.989650726318359,-121.34674835205078,"SAN JOAQUIN",STOCKTON,-121.34838104248047,37.994670867919922
82141513,2023,2023-08-14,3905,2023-06-18,2000,2845,SEA,7,5,6,3905,0,0,0,,0,,"SAN JOAQUIN ST","CHURCH ST",30.00,N,N,A,-,N,,,,,,,,,,N,1,1,0,2,A,-,11,21954,A,N,G,B,D,A,H,-,A,A,0,Y,,,,Y,Y,N,60,0,0,0,1,0,0,0,0,0,"- ","- ",37.948238372802734,-121.28588104248047,"SAN JOAQUIN",STOCKTON,-121.28587341308594,37.948360443115234
82141538,2023,2023-08-14,3905,2023-07-08,2350,2987,VAL,6,5,6,3905,0,0,0,,0,,"WEST LN","HAMMERTOWN DR",241.00,S,N,A,-,N,,,,,,,,,,Y,2,0,1,2,A,-,01,23152,A,F,C,C,A,A,H,-,C,A,0,,,Y,,Y,Y,A,01,1,0,0,0,0,0,0,0,1,"- ","- ",38.016040802001953,-121.29524993896484,"SAN JOAQUIN",STOCKTON,-121.29453277587891,38.015941619873047
82146322,2023,2023-08-17,3924,2023-07-29,"108 ",1275,L3,6,5,2,3920,0,0,0,,0,00R,"RIVER ISLANDS PKWY","NORBECK ST",0.00,,Y,A,-,N,,,,,,,,,,Y,2,0,2,1,A,-,03,22350,,N,E,I,A,A,H,-,C,A,0,,,,,Y,,A,01,1,0,1,0,0,0,0,0,0,"- ","- ",37.798809051513672,-121.31403350830078,"SAN JOAQUIN",LATHROP,-121.34274291992188,37.806690216064453
82161430,2023,2023-09-04,3905,2023-07-06,"709 ",7267,VAL,4,5,6,3905,0,0,0,,0,,"HAMMER LN","SAMPSON RD",0.00,,Y,A,-,N,,,,,,,,,,Y,2,0,2,2,A,-,12,21453,A,N,D,C,A,A,H,-,A,A,0,,,,,Y,,A,01,1,1,0,0,0,0,0,0,0,"- ","- ",38.020980834960938,-121.26808166503906,"SAN JOAQUIN",STOCKTON,-121.26779937744141,38.021102905273438
82167817,2023,2023-09-14,3905,2023-07-04,"1   ",3147,PAR,2,5,6,3905,0,0,0,,0,,"SIERRA NEVADA ST","MINER AV",147.00,N,N,A,-,N,,,,,,,,,,Y,2,0,1,2,A,-,03,22350,,N,C,E,A,A,H,-,C,D,0,,,Y,,Y,,C,02,1,0,0,0,0,0,0,0,1,"- ","- ",37.958469390869141,-121.27359008789062,"SAN JOAQUIN",STOCKTON,-121.27379608154297,37.958942413330078
82175705,2023,2023-09-22,3905,2023-08-19,2300,2972,PAR,6,5,6,3905,0,0,0,,0,,"UNION ST","LAFAYETTE ST",50.00,S,N,A,-,N,,,,,,,,,,N,2,0,1,4,A,-,03,22350,,F,G,B,E,A,H,-,C,D,0,Y,,,,Y,,A,07,1,0,0,0,1,0,0,0,0,"- ","- ",37.951908111572266,-121.27593994140625,"SAN JOAQUIN",STOCKTON,-121.27591705322266,37.951847076416016
82180432,2023,2023-09-26,3924,2023-08-02,"506 ",1332,L1,3,5,2,3920,0,0,0,,0,00H,"HARLAN RD","SLATE STREET",2680.00,N,-,A,-,N,,,,,,,,,,Y,2,0,1,3,A,-,09,21801,A,F,H,A,A,A,H,-,D,D,0,,,Y,,Y,Y,-,99,1,0,0,0,0,0,0,0,1,"- ","- ",37.847560882568359,-121.28089904785156,"SAN JOAQUIN",LATHROP,-121.28334045410156,37.848213195800781
82193729,2023,2023-10-09,3905,2023-05-18,1142,7267,CIV,4,5,6,3905,0,0,0,,0,,"HAZELTON AV","SAN JOAQUIN ST",13.00,E,N,A,-,N,,,,,,,,,,Y,2,0,1,2,A,-,03,22350,,M,D,G,A,A,H,-,A,A,0,,Y,,,Y,,-,99,1,0,0,0,0,0,1,0,0,"- ","- ",37.947200775146484,-121.28560638427734,"SAN JOAQUIN",STOCKTON,-121.28554534912109,37.947227478027344
82240209,2023,2023-11-20,3905,2023-10-16,1717,7034,SEA,1,5,6,3905,0,0,0,,0,,"EL DORADO ST","MOSSWOOD AV",50.00,S,N,A,-,N,,,,,,,,,,N,2,0,1,1,A,-,03,22350,,N,F,A,A,A,H,-,A,D,0,,,Y,,Y,,C,02,1,0,0,0,0,0,0,0,1,"- ","- ",37.924598693847656,-121.28085327148438,"SAN JOAQUIN",STOCKTON,-121.28099060058594,37.924400329589844
82262884,2023,2023-12-15,3905,2023-11-13,1132,7034,CIV,1,5,6,3905,0,0,0,,0,,"CALIFORNIA ST","ELLIS ST",15.00,S,N,A,-,N,,,,,,,,,,Y,2,0,4,3,A,-,09,21801,A,N,A,C,A,A,H,-,A,D,0,,,,,Y,,A,01,1,1,2,0,0,0,0,0,0,"- ","- ",37.976310729980469,-121.29250335693359,"SAN JOAQUIN",STOCKTON,-121.29160308837891,37.976840972900391
82264178,2023,2023-12-18,3905,2023-10-16,"554 ",2718,SEA,1,5,6,3905,0,0,0,,0,,"MARTIN LUTHER KING BL","GRANT ST",3.00,W,N,A,-,N,,,,,,,,,,Y,1,1,0,2,A,-,11,21456,A,N,G,B,B,A,H,-,C,A,0,Y,,,,Y,,N,60,0,0,0,1,0,0,0,0,0,"- ","- ",37.940418243408203,-121.27703857421875,"SAN JOAQUIN",STOCKTON,-121.27693939208984,37.940509796142578
82278735,2023,2024-01-04,3906,2023-12-23,"903 ",903,,6,5,5,3906,0,0,0,,0,005,"GRANT LINE RD","BYRON RD (W)",1014.00,W,N,A,-,N,,,,,,,,,,Y,2,0,1,2,A,-,05,21651,A,N,D,C,A,A,H,-,A,D,0,,,Y,,Y,,C,02,1,0,0,0,0,0,0,0,1,"- ","- ",37.758411407470703,-121.49198913574219,"SAN JOAQUIN",TRACY,-121.48486328125,37.753959655761719
82285681,2023,2024-01-12,3905,2023-12-05,1430,2909,,2,5,6,3905,0,0,0,,0,,"A G SPANOS BL","TIOGA DR",0.00,,Y,A,-,N,,,,,,,,,,N,2,0,1,2,A,-,11,21954,A,N,G,B,D,A,H,-,A,D,0,Y,,,,Y,,N,60,1,0,0,0,1,0,0,0,0,"- ","- ",38.051700592041016,-121.35881805419922,"SAN JOAQUIN",STOCKTON,-121.35883331298828,38.0517578125
82286549,2023,2024-01-15,3905,2023-09-25,1309,2133,,1,5,6,3905,0,0,0,,0,,"WILSON WY","SONORA ST",0.00,,Y,A,-,N,,,,,,,,,,N,1,1,0,2,A,-,09,21802,A,F,D,G,A,A,H,-,A,A,0,,Y,,,Y,,L,04,0,0,0,0,0,1,0,0,0,"- ","- ",37.951770782470703,-121.27047729492188,"SAN JOAQUIN",STOCKTON,-121.27050018310547,37.951885223388672
82291362,2023,2024-01-22,3905,2023-12-16,1714,3076,,6,5,6,3905,0,0,0,,0,,"HOLMAN RD","HAMMER LN",0.00,,Y,A,-,N,,,,,,,,,,Y,2,0,3,5,A,-,07,21658,A,N,D,C,A,A,H,-,B,A,0,,,,,Y,,A,01,1,0,2,0,0,0,0,0,0,"- ","- ",38.020980834960938,-121.27191162109375,"SAN JOAQUIN",STOCKTON,-121.271728515625,38.021076202392578
82292716,2022,2024-01-22,3905,2022-04-15,2336,3066,,5,5,6,3905,0,0,0,,0,,"EL DORADO ST","CHURCHILL ST",147.00,N,N,A,-,N,,,,,,,,,,Y,2,0,2,2,A,-,01,23152,A,N,A,C,A,A,H,-,C,A,0,,,,,Y,Y,D,22,1,1,0,0,0,0,0,0,0,"- ","- ",37.985988616943359,-121.30132293701172,"SAN JOAQUIN",STOCKTON,-121.30187225341797,37.986286163330078
82292757,2022,2024-01-22,3905,2022-07-03,2315,2850,,7,5,6,3905,0,0,0,,0,,"PACIFIC AV","BIANCHI RD",25.00,S,N,A,-,N,,,,,,,,,,N,2,0,2,2,A,-,11,21954,A,N,G,B,D,A,H,-,C,A,0,Y,,,,Y,,N,60,1,0,1,0,1,0,0,0,0,"- ","- ",37.987388610839844,-121.31207275390625,"SAN JOAQUIN",STOCKTON,-121.31239318847656,37.987476348876953
82292793,2023,2024-01-22,3905,2023-12-05,1708,3001,,2,5,6,3905,0,0,0,,0,,"D ST","FLORA ST (E)",205.00,N,N,A,-,N,,,,,,,,,,N,2,0,2,3,A,-,11,21954,A,F,G,B,E,A,H,-,A,D,0,Y,,,,Y,,N,60,1,1,0,0,2,0,0,0,0,"- ","- ",37.965930938720703,-121.26352691650391,"SAN JOAQUIN",STOCKTON,-121.2645263671875,37.966594696044922
82292983,2022,2024-01-23,3905,2022-08-27,2340,3090,,6,5,6,3905,0,0,0,,0,,"SAN JOAQUIN ST","HAZELTON AV",420.00,S,N,A,-,N,,,,,,,,,,N,2,0,1,2,A,-,11,21954,A,F,G,B,E,A,H,-,C,D,0,Y,,,,Y,,N,60,1,0,0,0,1,0,0,0,0,"- ","- ",37.946640014648438,-121.28681945800781,"SAN JOAQUIN",STOCKTON,-121.2852783203125,37.946094512939453
82292989,2022,2024-01-22,3905,2022-09-09,2001,2875,,5,5,6,3905,0,0,0,,0,,"MARTIN LUTHER KING BL","STANISLAUS ST",0.00,,Y,A,-,N,,,,,,,,,,N,2,0,1,2,A,-,11,21955,,N,G,B,D,A,H,-,C,D,0,Y,,,,Y,Y,N,60,1,0,0,0,1,0,0,0,0,"- ","- ",37.940200805664062,-121.27835083007812,"SAN JOAQUIN",STOCKTON,-121.27825164794922,37.940284729003906