CASE_ID,ACCIDENT_YEAR,PROC_DATE,JURIS,COLLISION_DATE,COLLISION_TIME,OFFICER_ID,REPORTING_DISTRICT,DAY_OF_WEEK,CHP_SHIFT,POPULATION,CNTY_CITY_LOC,SPECIAL_COND,BEAT_TYPE,CHP_BEAT_TYPE,CITY_DIVISION_LAPD,CHP_BEAT_CLASS,BEAT_NUMBER,PRIMARY_RD,SECONDARY_RD,DISTANCE,DIRECTION,INTERSECTION,WEATHER_1,WEATHER_2,STATE_HWY_IND,CALTRANS_COUNTY,CALTRANS_DISTRICT,STATE_ROUTE,ROUTE_SUFFIX,POSTMILE_PREFIX,POSTMILE,LOCATION_TYPE,RAMP_INTERSECTION,SIDE_OF_HWY,TOW_AWAY,COLLISION_SEVERITY,NUMBER_KILLED,NUMBER_INJURED,PARTY_COUNT,PRIMARY_COLL_FACTOR,PCF_CODE_OF_VIOL,PCF_VIOL_CATEGORY,PCF_VIOLATION,PCF_VIOL_SUBSECTION,HIT_AND_RUN,TYPE_OF_COLLISION,MVIW,PED_ACTION,ROAD_SURFACE,ROAD_COND_1,ROAD_COND_2,LIGHTING,CONTROL_DEVICE,CHP_ROAD_TYPE,PEDESTRIAN_ACCIDENT,BICYCLE_ACCIDENT,MOTORCYCLE_ACCIDENT,TRUCK_ACCIDENT,NOT_PRIVATE_PROPERTY,ALCOHOL_INVOLVED,STWD_VEHTYPE_AT_FAULT,CHP_VEHTYPE_AT_FAULT,COUNT_SEVERE_INJ,COUNT_VISIBLE_INJ,COUNT_COMPLAINT_PAIN,COUNT_PED_KILLED,COUNT_PED_INJURED,COUNT_BICYCLIST_KILLED,COUNT_BICYCLIST_INJURED,COUNT_MC_KILLED,COUNT_MC_INJURED,PRIMARY_RAMP,SECONDARY_RAMP,LATITUDE,LONGITUDE,COUNTY,CITY,POINT_X,POINT_Y
82296524,2023,2024-01-26,3906,2023-11-13,1945,1707,,1,5,5,3906,0,0,0,,0,002,"CORRAL HOLLOW RD","PEONY DR",25.00,S,N,A,-,Y,,,,,,,,,,Y,2,0,2,3,A,-,01,23153,A,N,C,C,A,A,H,-,C,A,0,,,,,Y,Y,A,07,1,1,0,0,0,0,0,0,0,"- ","- ",37.702358245849609,-121.45282745361328,"SAN JOAQUIN",TRACY,-121.45285797119141,37.702312469482422
82310989,2023,2024-02-12,3905,2023-09-17,2049,3061,PAR,7,5,6,3905,0,0,0,,0,,"AIRPORT WY","ARCH AIRPORT RD",0.00,,Y,A,-,N,,,,,,,,,,N,2,0,1,3,A,-,12,21453,A,F,A,C,A,A,H,-,C,A,0,,,,,Y,,-,99,1,0,0,0,0,0,0,0,0,"- ","- ",37.901809692382812,-121.25480651855469,"SAN JOAQUIN",STOCKTON,-121.25469970703125,37.901962280273438
82312277,2024,2024-02-13,3906,2024-01-26,1116,1824,,5,5,5,3906,0,0,0,,0,004,"GRANT LINE RD","LAMMERS RD",651.00,E,N,A,-,N,,,,,,,,,,Y,2,0,1,2,A,-,03,22350,,N,C,C,A,A,H,-,A,A,0,,,,,Y,,A,01,1,0,0,0,0,0,0,0,0,"- ","- ",37.754070281982422,-121.47657012939453,"SAN JOAQUIN",TRACY,-121.4744873046875,37.754039764404297
82335699,2023,2024-03-12,3905,2023-10-30,"440 ",2785,,1,5,6,3905,0,0,0,,0,,"FREMONT ST","SHASTA AV",49.00,W,N,A,-,N,,,,,,,,,,N,1,1,0,3,A,-,11,21950,B,F,G,B,E,A,H,-,C,D,0,Y,,,,Y,Y,N,60,0,0,0,1,0,0,0,0,0,"- ","- ",37.966709136962891,-121.25269317626953,"SAN JOAQUIN",STOCKTON,-121.25302124023438,37.966884613037109
82339039,2024,2024-03-15,3905,2024-01-21,1812,3041,,7,5,6,3905,0,0,0,,0,,"EL DORADO ST","ACACIA ST",0.00,,Y,C,-,N,,,,,,,,,,N,2,0,1,2,A,-,05,21650,1,N,A,G,A,B,H,-,C,D,0,,Y,,,Y,,L,04,1,0,0,0,0,0,1,0,0,"- ","- ",37.962631225585938,-121.29235076904297,"SAN JOAQUIN",STOCKTON,-121.29248809814453,37.962604522705078
82345251,2023,2024-03-25,3905,2023-12-16,"237 ",2660,CIV,6,5,6,3905,0,0,0,,0,,"PERSHING AV","PRINCETON AV",160.00,N,N,A,-,N,,,,,,,,,,Y,1,1,0,1,A,-,01,23152,B,N,E,I,A,A,H,-,C,D,0,,,,,Y,Y,A,01,0,0,0,0,0,0,0,0,0,"- ","- ",37.977558135986328,-121.31797790527344,"SAN JOAQUIN",STOCKTON,-121.31845092773438,37.977775573730469
82355502,2024,2024-04-05,3906,2024-01-26,1110,1266,,5,5,5,3906,0,0,0,,0,,"STONEBRIDGE DR","MACARTHUR DR",528.00,W,N,A,-,N,,,,,,,,,,Y,2,0,1,1,A,-,03,22350,,N,E,I,A,A,H,-,A,D,0,,,,,Y,,A,01,1,0,0,0,0,0,0,0,0,"- ","- ",37.742061614990234,-121.41075134277344,"SAN JOAQUIN",TRACY,-121.41274261474609,37.742118835449219
82361580,2024,2024-04-11,3906,2024-03-29,2113,1865,MANTE,5,5,5,3906,0,0,0,,0,003,"SCHULTE RD","SYCAMORE PKWY",802.00,W,N,C,-,Y,,,,,,,,,,Y,2,0,1,1,A,-,03,22350,,N,E,I,A,B,H,-,C,D,0,,,,,Y,,A,01,1,0,0,0,0,0,0,0,0,"- ","- ",37.724891662597656,-121.44061279296875,"SAN JOAQUIN",TRACY,-121.44276428222656,37.726432800292969
82386566,2024,2024-05-14,3905,2024-04-08,2114,3020,,1,5,6,3905,0,0,0,,0,,"MINER AV","E ST",0.00,,Y,A,-,N,,,,,,,,,,N,2,0,3,2,A,-,12,22450,,F,D,C,A,A,H,-,C,D,0,,,,,Y,,A,07,3,0,0,0,0,0,0,0,0,"- ","- ",37.961498260498047,-121.25927734375,"SAN JOAQUIN",STOCKTON,-121.25941467285156,37.961677551269531
82421026,2024,2024-06-24,3902,2024-04-22,1736,35,,1,5,5,3902,0,0,0,,0,003,"POPPY DR","HARNEY LN",9.00,N,N,A,-,N,,,,,,,,,,Y,2,0,1,1,A,-,01,23152,A,N,F,A,A,A,H,-,A,D,0,,,Y,,Y,Y,C,02,1,0,0,0,0,0,0,0,1,"- ","- ",38.101001739501953,-121.29087066650391,"SAN JOAQUIN",LODI,-121.29080200195312,38.101104736328125
82425579,2024,2024-07-01,3902,2024-03-29,1853,105,,5,5,5,3902,0,0,0,,0,004,"KETTLEMAN LN","CHURCH ST",115.00,E,N,A,-,Y,SJ,,12," "," ",17.089,H,,R,N,2,0,1,3,A,-,03,22350,,F,C,C,A,A,H,-,A,A,0,,,,,Y,,D,22,1,0,0,0,0,0,0,0,0,"- ","- ",38.11553955078125,-121.27606201171875,"SAN JOAQUIN",LODI,-121.27605438232422,38.115501403808594
82602279,2024,2024-07-25,3924,2024-07-10,"752 ",1298,,3,5,2,3920,0,0,0,,0,00C,"S HARLAN RD","D'ARCY PKWY",0.00,,Y,A,-,N,,,,,,,,,,N,2,0,1,2,A,-,09,21804,A,N,H,G,A,A,H,-,A,D,0,,Y,,,Y,,M,91,1,0,0,0,0,0,1,0,0,"- ","- ",37.803550720214844,-121.29785919189453,"SAN JOAQUIN",LATHROP,-121.29788970947266,37.803562164306641
8288166,2015,2017-01-20,3905,2015-02-21,1903,2734,SEA,6,5,6,3905,0,0,0,,0,,"MONROE ST","JACKSON ST",0.00,,Y,A,-,N,,,,,,,,,,N,2,0,1,2,A,-,11,21954,A,N,G,B,D,A,H,-,C,D,0,Y,,,,Y,,N,60,1,0,0,0,1,0,0,0,0,"- ","- ",,,"SAN JOAQUIN",STOCKTON,-121.29178992,37.939959930000001
8288203,2015,2017-01-23,3905,2015-01-17,1408,1084,PAR,6,5,6,3905,0,0,0,,0,,"MINER AV","F ST",181.00,W,N,A,-,N,,,,,,,,,,Y,2,0,1,2,A,-,09,21804,A,N,H,G,A,A,H,-,A,A,0,,Y,,,Y,,L,04,1,0,0,0,0,0,1,0,0,"- ","- ",,,"SAN JOAQUIN",STOCKTON,-121.25780150999999,37.962133309999999
8288324,2015,2017-01-20,3905,2015-08-18,1707,2482,LAK,2,5,6,3905,0,0,0,,0,,"HAMMER LN FRONTAGE RD","WOODSIDE DR",238.00,W,N,A,-,N,,,,,,,,,,Y,2,0,1,1,A,-,01,23152,E,N,E,I,A,A,H,-,A,D,0,,,,,Y,,A,01,1,0,0,0,0,0,0,0,0,"- ","- ",,,"SAN JOAQUIN",STOCKTON,-121.33784919999999,38.021045399999998
8288441,2015,2017-01-20,3905,2015-09-06,1940,2680,LAK,7,5,6,3905,0,0,0,,0,,"BENJAMIN HOLT DR","ALTURAS AV",0.00,,Y,A,-,N,,,,,,,,,,N,2,0,1,2,A,-,03,22350,,F,G,B,D,A,H,-,C,D,0,Y,,,,Y,,A,01,1,0,0,0,1,0,0,0,0,"- ","- ",38.012059999999998,-121.31363,"SAN JOAQUIN",STOCKTON,-121.31325997,38.01189995
8288631,2015,2017-01-20,3905,2015-10-18,1609,2438,VAL,7,5,6,3905,0,0,0,,0,,"TAM O SHANTER DR","DANNY DR",524.00,N,N,A,-,N,,,,,,,,,,Y,2,0,1,1,A,-,01,23152,A,N,E,I,A,A,H,-,A,D,0,,,,,Y,Y,A,01,1,0,0,0,0,0,0,0,0,"- ","- ",38.011310000000002,-121.29712000000001,"SAN JOAQUIN",STOCKTON,-121.29747073,38.012600810000002
8288671,2015,2017-01-20,3905,2015-07-07,1320,2463,CIV,2,5,6,3905,0,0,0,,0,,"CALIFORNIA ST","GEARY ST",1.00,N,N,A,-,N,,,,,,,,,,N,2,0,1,2,A,-,10,21950,A,N,G,B,B,A,H,-,A,A,0,Y,,,,Y,,A,01,1,0,0,0,1,0,0,0,0,"- ","- ",,,"SAN JOAQUIN",STOCKTON,-121.29133108000001,37.976182610000002
8288735,2015,2017-01-30,3905,2015-03-29,2013,2416,BEA,7,5,6,3905,0,0,0,,0,,"THORNTON RD","8 MILE RD",0.00,,Y,A,-,N,,,,,,,,,,Y,2,0,1,2,A,-,12,21453,A,N,A,C,A,A,H,-,C,A,0,,,Y,,Y,,C,02,1,0,0,0,0,0,0,0,1,"- ","- ",,,"SAN JOAQUIN",STOCKTON,-121.35182987,38.05765993
8288760,2015,2017-01-30,3905,2015-03-29,0931,1312,VAL,7,5,6,3905,0,0,0,,0,,"BRYANT DR","LOTT ST",0.00,,Y,A,-,N,,,,,,,,,,N,2,0,1,2,A,-,03,22350,,F,G,B,F,A,H,-,A,D,0,Y,,,,Y,,A,07,1,0,0,0,1,0,0,0,0,"- ","- ",,,"SAN JOAQUIN",STOCKTON,-121.26578992,38.02696993
8288834,2015,2017-01-23,3905,2015-03-14,2346,2616,SEA,6,5,6,3905,0,0,0,,0,,"WILLIAM MOSS BL","VILLA LOBOS PL",143.00,E,N,A,-,N,,,,,,,,,,Y,2,0,4,2,A,-,01,23152,,F,B,E,A,A,H,-,C,D,0,,,,,Y,Y,A,01,1,3,0,0,0,0,0,0,0,"- ","- ",,,"SAN JOAQUIN",STOCKTON,-121.30972686,37.90557905
8288921,2015,2017-01-20,3905,2015-07-17,1908,2719,CIV,5,5,6,3905,0,0,0,,0,,"MONTE DIABLO AV","MELBOURNE AV",54.00,W,N,A,-,N,,,,,,,,,,Y,2,0,1,2,A,-,03,22350,,N,C,E,A,A,H,-,A,D,0,,,Y,,Y,,C,02,1,0,0,0,0,0,0,0,1,"- ","- ",,,"SAN JOAQUIN",STOCKTON,-121.32380383,37.958111549999998
8288960,2015,2017-01-20,3905,2015-07-26,1457,2438,VAL,7,5,6,3905,0,0,0,,0,,"MARLETTE RD","8 MILE RD",0.00,,Y,A,-,N,,,,,,,,,,Y,2,0,2,2,A,-,12,21453,A,N,D,C,A,A,H,-,A,A,0,,,,,Y,,D,22,1,0,1,0,0,0,0,0,0,"- ","- ",,,"SAN JOAQUIN",STOCKTON,-121.31773994,38.057589950000001
8288967,2015,2017-01-23,3905,2015-04-06,2037,2453,CIV,1,5,6,3905,0,0,0,,0,,"CALIFORNIA ST","MARIPOSA AV",38.00,S,N,A,-,N,,,,,,,,,,N,2,0,1,2,A,-,05,21202,A,M,H,G,A,A,H,-,C,D,0,,Y,,,Y,Y,L,04,1,0,0,0,0,0,1,0,0,"- ","- ",,,"SAN JOAQUIN",STOCKTON,-121.29264963999999,37.979430649999998
8297039,2017,2017-03-01,3905,2017-01-16,0906,7053,LAK,1,5,6,3905,0,0,0,,0,0FO,"MARCH LN","EL DORADO ST",0.00,,Y,A,-,N,,,,,,,,,,Y,2,0,1,1,A,-,08,22107,,N,E,I,A,A,H,-,A,A,0,,,Y,,Y,,C,03,1,0,0,0,0,0,0,0,1,"- ","- ",37.996380000000002,-121.30507,"SAN JOAQUIN",STOCKTON,-121.30578986,37.996239979999999
8297484,2017,2017-12-27,3905,2017-02-05,1018,2537,VAL,7,5,6,3905,0,0,0,,0,,"HOLMAN RD","WAKEMAN DR",226.00,N,N,A,-,N,,,,,,,,,,Y,2,0,1,1,A,-,03,22350,,F,F,I,A,A,H,-,A,A,0,,,,,Y,,A,07,1,0,0,0,0,0,0,0,0,"- ","- ",38.023940000000003,-121.27151000000001,"SAN JOAQUIN",STOCKTON,-121.27102368,38.02465445
82996874,2024,2024-07-31,3906,2024-06-28,"39  ",1937,,5,5,5,3906,0,0,0,,0,006,"CHRISMAN RD","PARADISE AVE",0.00,,Y,A,-,Y,,,,,,,,,,Y,2,0,1,1,A,-,03,22350,,N,E,J,A,A,H,-,C,A,0,,,Y,,Y,,C,02,1,0,0,0,0,0,0,0,1,"- ","- ",37.760658264160156,-121.38921356201172,"SAN JOAQUIN",TRACY,-121.39824676513672,37.750400543212891
8303394,2017,2017-02-10,3902,2017-01-04,1918,71,,3,5,5,3902,0,0,0,,0,,"S LOWER SACRAMENTO RD","KRISTEN CT",0.00,,Y,A,-,N,,,,,,,,,,Y,2,0,3,2,A,-,09,21801,A,N,D,C,A,A,H,-,A,D,0,,,,,Y,,D,22,1,0,2,0,0,0,0,0,0,"- ","- ",,,"SAN JOAQUIN",LODI,-121.30641987,38.103309899999999
8303458,2017,2017-02-08,3902,2017-01-11,1904,30,,3,5,5,3902,0,0,0,,0,,"LOCKEFORD ST","N SACRAMENTO ST",0.00,,Y,B,-,N,,,,,,,,,,N,2,0,1,2,A,-,10,21950,A,F,G,B,B,A,H,-,C,A,0,Y,,,,Y,,A,01,1,0,0,0,1,0,0,0,0,"- ","- ",,,"SAN JOAQUIN",LODI,-121.27202997000001,38.137759959999997
8308711,2016,2017-02-16,3904,2016-12-04,1725,P077,4,7,5,3,3904,0,0,0,,0,00B,"2ND ST","ORANGE AV",0.00,,Y,A,-,N,,,,,,,,,,N,2,0,1,2,A,-,10,21950,A,N,G,B,B,A,H,-,C,D,0,Y,,,,Y,,A,01,1,0,0,0,1,0,0,0,0,"- ","- ",37.742489999999997,-121.12931,"SAN JOAQUIN",RIPON,-121.12970995000001,37.737579949999997
8324063,2017,2017-03-23,3902,2017-01-17,1832,27,,2,5,5,3902,0,0,0,,0,,"N HAM LN","LOUIE AV",0.00,,Y,A,-,N,,,,,,,,,,Y,2,0,1,2,A,-,09,21801,A,N,A,C,A,A,H,-,C,D,0,,,,,Y,,A,01,1,0,0,0,0,0,0,0,0,"- ","- ",,,"SAN JOAQUIN",LODI,-121.28853998,38.14333998
83491015,2024,2024-08-05,3905,2024-06-11,2351,2980,,2,5,6,3905,0,0,0,,0,,"LAFAYETTE ST","EL DORADO ST",8.00,W,N,A,-,N,,,,,,,,,,N,2,0,1,2,A,-,10,21950,A,F,G,B,B,A,H,-,C,A,0,Y,,,,Y,,A,01,1,0,0,0,1,0,0,0,0,"- ","- ",37.949241638183594,-121.29022979736328,"SAN JOAQUIN",STOCKTON,-121.28901672363281,37.949825286865234
8350984,2017,2018-03-20,3905,2017-04-15,1603,2714,VAL,6,5,6,3905,0,0,0,,0,,"EIGHT MILE RD","N STATE RT 99 W FR RD",1325.00,W,N,A,-,N,,,,,,,,,,Y,2,0,3,2,A,-,08,22103,,N,D,C,A,A,H,-,A,D,0,,,,,Y,,A,01,1,2,0,0,0,0,0,0,0,"- ","- ",38.057209999999998,-121.2612,"SAN JOAQUIN",STOCKTON,,
8351897,2017,2018-03-20,3905,2017-04-23,0157,2732,LAK,7,5,6,3905,0,0,0,,0,,"MARCH LN","GROUSE RUN DR",0.00,,Y,A,-,N,,,,,,,,,,Y,2,0,1,2,A,-,01,23152,A,N,G,B,D,A,H,-,C,A,0,Y,,,,Y,Y,A,01,1,0,0,0,1,0,0,0,0,"- ","- ",37.987490000000001,-121.32879,"SAN JOAQUIN",STOCKTON,-121.32920999,37.987279919999999
8353435,2017,2017-04-28,3905,2017-03-11,2224,2847,LAK,6,5,6,3905,0,0,0,,0,,"PERSHING AV","ROSE MARIE LN",0.00,,Y,A,-,N,,,,,,,,,,Y,2,0,3,2,A,-,01,23153,A,N,D,C,A,A,H,-,C,A,0,,,,,Y,Y,A,01,2,0,1,0,0,0,0,0,0,FR,"- ",37.986820000000002,-121.32039,"SAN JOAQUIN",STOCKTON,-121.32080995,37.986619910000002
8353439,2017,2017-04-28,3905,2017-03-12,2125,2786,PAR,7,5,6,3905,0,0,0,,0,,"AIRPORT WY","POPLAR ST",0.00,,Y,A,-,N,,,,,,,,,,N,2,0,1,2,A,-,11,21954,A,N,G,B,D,A,H,-,D,D,0,Y,,,,Y,,N,60,1,0,0,0,1,0,0,0,0,"- ","- ",37.964199999999998,-121.27643999999999,"SAN JOAQUIN",STOCKTON,-121.27659991,37.964269960000003
8355499,2017,2019-04-08,3905,2017-03-08,1239,2566,SEA,3,5,6,3905,0,0,0,,0,,"LINCOLN ST","SONORA ST",0.00,,Y,A,-,N,,,,,,,,,,N,1,1,0,2,A,-,12,22450,A,F,H,G,A,A,H,-,A,A,0,,Y,,,Y,,A,01,0,0,0,0,0,1,0,0,0,"- ","- ",,,"SAN JOAQUIN",STOCKTON,-121.29651996,37.947469990000002
8358069,2017,2017-05-02,3906,2017-04-24,1751,1403,,1,5,5,3906,0,0,0,,0,006,"GRANT LINE RD","TRACY BL",528.00,W,N,A,-,N,,,,,,,,,,Y,2,0,1,2,A,-,08,22107,,N,D,C,A,A,H,-,A,D,0,,,Y,,Y,,A,01,1,0,0,0,0,0,0,0,1,"- ","- ",,,"SAN JOAQUIN",TRACY,-121.4369665,37.754166380000001
8362581,2017,2017-05-10,3906,2017-04-28,1928,1473,,5,5,5,3906,0,0,0,,0,003,"WEST 11TH ST","CROSSROADS DR",29.00,W,N,A,-,N,,,,,,,,,,Y,2,0,2,3,D,-,00,,,N,-,B,B,A,H,-,A,A,0,Y,,,,Y,,-,"- ",1,0,1,0,2,0,0,0,0,"- ","- ",,,"SAN JOAQUIN",TRACY,-121.46437029000001,37.739209170000002
83767672,2024,2024-08-07,3905,2024-06-21,2037,2875,,5,5,6,3905,0,0,0,,0,,"BENJAMIN HOLT DR","GUNTON WY",0.00,,Y,A,-,N,,,,,,,,,,Y,2,0,1,2,A,-,09,21801,A,N,A,C,A,A,H,-,B,D,0,,,Y,,Y,,A,07,1,0,0,0,0,0,0,0,1,"- ","- ",38.011539459228516,-121.31545257568359,"SAN JOAQUIN",STOCKTON,-121.31492614746094,38.011932373046875
8380331,2017,2017-06-02,3906,2017-05-25,0017,1403,,4,5,5,3906,0,0,0,,0,004,"WEST GRANTLINE RD","W GRANTLINE RD 2753",21.00,N,N,A,-,N,,,,,,,,,,N,2,0,1,2,A,-,11,21954,A,N,G,B,D,A,H,-,C,A,0,Y,,,,Y,,N,60,1,0,0,0,1,0,0,0,0,"- ","- ",,,"SAN JOAQUIN",TRACY,-121.46775663,37.754141390000001
8389284,2017,2018-03-20,3905,2017-04-23,1938,2649,VAL,7,5,6,3905,0,0,0,,0,,"EIGHT MILE RD","MARLETTE RD",1870.00,W,N,A,-,N,,,,,,,,,,N,2,0,1,2,A,-,06,21750,A,F,H,G,A,A,H,-,A,D,0,,Y,,,Y,,D,22,1,0,0,0,0,0,1,0,0,"- ","- ",38.057780000000001,-121.31766,"SAN JOAQUIN",STOCKTON,-121.3242175,38.05792958
8392719,2017,2017-06-23,3905,2017-05-30,0020,2634,CIV,2,5,6,3905,0,0,0,,0,,"EDISON ST","ACACIA ST",120.00,S,N,A,-,N,,,,,,,,,,Y,2,0,1,1,A,-,03,22350,,N,E,I,A,A,H,-,C,D,0,,,,,Y,Y,A,01,1,0,0,0,0,0,0,0,0,"- ","- ",37.960929999999998,-121.30028,"SAN JOAQUIN",STOCKTON,-121.30282759000001,37.96051696
8394271,2017,2017-06-23,3905,2017-03-30,2109,2729,LAK,4,5,6,3905,0,0,0,,0,,"EL DORADO ST","LINCOLN RD",0.00,,Y,A,-,N,,,,,,,,,,N,2,0,1,2,A,-,11,21954,A,N,G,B,D,A,H,-,C,A,0,Y,,,,Y,Y,N,60,1,0,0,0,1,0,0,0,0,"- ","- ",38.01681,-121.31283000000001,"SAN JOAQUIN",STOCKTON,-121.31261994,38.016339930000001
8404459,2017,2017-09-13,3905,2017-05-12,0309,1532,VAL,5,5,6,3905,0,0,0,,0,,"HAMMER LN","LORRAINE AV",0.00,,Y,A,-,N,,,,,,,,,,N,1,1,0,2,A,-,11,21954,A,F,G,B,E,A,H,-,C,A,0,Y,,,,Y,,N,60,0,0,0,1,0,0,0,0,0,"- ","- ",38.020980000000002,-121.28358,"SAN JOAQUIN",STOCKTON,-121.28326994,38.020979930000003
8404461,2017,2017-09-13,3905,2017-06-06,1209,1084,SEA,2,5,6,3905,0,0,0,,0,,"WILLIAM MOSS BL","ZEALLY LN",760.00,E,N,A,-,N,,,,,,,,,,Y,1,1,0,3,A,-,03,22350,,N,D,E,A,A,H,-,A,D,0,,,Y,,Y,,C,02,0,0,0,0,0,0,0,1,0,"- ","- ",37.908340000000003,-121.31529,"SAN JOAQUIN",STOCKTON,-121.31300365,37.907057029999997
8404662,2017,2018-05-25,3902,2017-11-29,1909,CD93,,3,5,5,3902,0,0,0,,0,,"NORTH CHEROKEE WY","MURRAY ST",33.00,N,N,A,-,N,,,,,,,,,,N,1,1,0,2,A,-,11,21954,A,N,G,B,D,A,H,-,C,D,0,Y,,,,Y,,N,60,0,0,0,1,0,0,0,0,0,"- ","- ",,,"SAN JOAQUIN",LODI,-121.26108566000001,38.14067052
8404805,2018,2018-06-21,3905,2018-01-04,1950,1532,PAR,4,5,6,3905,0,0,0,,0,,"AIRPORT WY","2ND ST",294.00,S,N,B,-,N,,,,,,,,,,N,1,1,0,3,A,-,11,21954,A,F,G,B,D,-,H,-,C,A,0,Y,,,,Y,,N,60,0,0,0,1,0,0,0,0,0,"- ","- ",,,"SAN JOAQUIN",STOCKTON,-121.26967620849609,37.938636779785156
8404910,2018,2020-05-26,3905,2018-03-10,1924,2424,PAR,6,5,6,3905,0,0,0,,0,,"MAIN ST","SEARCHLIGHT AV",100.00,E,N,A,-,N,,,,,,,,,,N,1,1,0,2,A,-,11,21954,A,F,G,B,D,A,H,-,C,D,0,Y,,,,Y,Y,N,60,0,0,0,1,0,0,0,0,0,"- ","- ",37.954700469970703,-121.25332641601562,"SAN JOAQUIN",STOCKTON,-121.25300598144531,37.954902648925781
8426205,2017,2017-08-17,3905,2017-06-27,1935,2035,SEA,2,5,6,3905,0,0,0,,0,,"E W S WOODS BL","ISHI GOTO ST",0.00,,Y,A,-,N,,,,,,,,,,N,2,0,1,2,A,-,12,22450,A,N,G,G,A,A,H,-,B,D,0,,Y,,,Y,,L,04,1,0,0,0,0,0,1,0,0,"- ","- ",37.90945,-121.30459,"SAN JOAQUIN",STOCKTON,-121.30462998,37.909249959999997
8427453,2017,2017-08-17,3905,2017-07-17,0640,3409,CIV,1,5,6,3905,0,0,0,,0,,"HARDING WY","CENTER ST",0.00,,Y,A,-,N,,,,,,,,,,N,2,0,1,2,A,-,12,21453,A,N,D,G,A,A,H,-,A,A,0,,Y,,,Y,,L,04,1,0,0,0,0,0,1,0,0,"- ","- ",37.96734,-121.29494,"SAN JOAQUIN",STOCKTON,-121.29513987999999,37.967309929999999
84368526,2024,2024-08-26,3906,2024-08-13,1317,1824,,2,5,5,3906,0,0,0,,0,004,"CORRAL HOLLOW RD","BYRON RD",0.00,,Y,A,-,N,,,,,,,,,,Y,2,0,1,2,A,-,12,21453,A,N,D,C,A,A,H,-,A,A,0,,,,,Y,,A,01,1,0,0,0,0,0,0,0,0,"- ","- ",37.741371154785156,-121.45314025878906,"SAN JOAQUIN",TRACY,-121.45323181152344,37.741771697998047
84372674,2024,2024-08-28,3905,2024-07-07,"215 ",3183,,7,5,6,3905,0,0,0,,0,,"LAFAYETTE ST","AURORA ST",0.00,,Y,A,-,N,,,,,,,,,,N,2,0,1,2,A,-,12,21453,A,F,D,C,A,A,H,-,C,C,0,,,Y,,Y,,A,01,1,0,0,0,0,0,0,0,1,"- ","- ",37.951480865478516,-121.27855682373047,"SAN JOAQUIN",STOCKTON,-121.27857208251953,37.951541900634766
84389411,2024,2024-09-11,3906,2024-08-29,2145,1895,,4,5,5,3906,0,0,0,,0,006,"2626 N. TRACY BLVD.","GRANT LINE RD.",524.00,N,N,A,-,N,,,,,,,,,,N,2,0,1,2,A,-,11,21954,A,N,G,B,D,A,H,-,C,D,0,Y,,,,Y,Y,N,60,1,0,0,0,1,0,0,0,0,"- ","- ",37.755290985107422,-121.43504333496094,"SAN JOAQUIN",TRACY,-121.43498992919922,37.755607604980469
84390078,2024,2024-09-11,3924,2024-07-21,1610,1345,,7,5,2,3920,0,0,0,,0,00R,"370 FT S OF STEWART RD","PARADISE RD",6178.00,E,-,A,-,N,,,,,,,,,,Y,2,0,3,1,B,-,22,,,N,H,J,A,A,H,-,A,D,0,,,Y,,Y,,C,06,1,2,0,0,0,0,0,0,3,"- ","- ",37.791351318359375,-121.34973907470703,"SAN JOAQUIN",LATHROP,,
84392572,2024,2024-09-13,3902,2024-06-29,1411,35,,6,5,5,3902,0,0,0,,0,005,"STOCKTON ST","TOKAY ST",101.00,S,N,A,-,N,,,,,,,,,,Y,2,0,2,4,C,-,18,,,N,C,C,A,A,H,-,A,D,0,,,,,Y,,-,"- ",1,1,0,0,0,0,0,0,0,"- ","- ",38.126560211181641,-121.26983642578125,"SAN JOAQUIN",LODI,-121.26971435546875,38.12628173828125
84403448,2024,2024-09-23,3905,2024-08-18,"649 ",2463,,7,5,6,3905,0,0,0,,0,,"EIGHT MILE RD","THORNTON RD",0.00,,Y,A,-,N,,,,,,,,,,Y,2,0,3,2,A,-,12,21453,A,N,D,C,A,A,H,-,A,A,0,,,,,Y,,A,01,1,0,2,0,0,0,0,0,0,"- ","- ",38.057579040527344,-121.35176849365234,"SAN JOAQUIN",STOCKTON,-121.35182952880859,38.057659149169922
84408494,2024,2024-09-26,3906,2024-09-14,1047,1824,,6,5,5,3906,0,0,0,,0,003,"LAMMERS RD","CAPITAL PARK",391.00,S,N,A,-,N,,,,,,,,,,N,2,0,1,1,A,-,08,22107,,N,E,I,A,A,H,-,A,D,0,,,,,Y,,A,01,1,0,0,0,0,0,0,0,0,"- ","- ",37.734569549560547,-121.47669982910156,"SAN JOAQUIN",TRACY,-121.47685241699219,37.733467102050781
84446310,2024,2024-10-28,3905,2024-09-22,"254 ",3229,,7,5,6,3905,0,0,0,,0,PARK,"HAZELTON AV","AURORA ST",110.00,E,N,A,-,N,,,,,,,,,,N,2,0,1,2,A,-,11,21954,A,F,G,B,D,A,H,-,C,D,0,Y,,,,Y,,N,60,1,0,0,0,1,0,0,0,0,"- ","- ",37.948490142822266,-121.27777862548828,"SAN JOAQUIN",STOCKTON,-121.27741241455078,37.948619842529297
8446554,2017,2017-09-14,3905,2017-08-20,0021,2723,BEA,7,5,6,3905,0,0,0,,0,,"WATERBURY DR","DAVIS RD",125.00,W,N,A,-,N,,,,,,,,,,Y,2,0,1,1,A,-,01,23152,A,N,E,I,A,A,H,-,C,D,0,,,,,Y,Y,A,01,1,0,0,0,0,0,0,0,0,"- ","- ",38.055079999999997,-121.33306,"SAN JOAQUIN",STOCKTON,-121.33355955,38.054761489999997