CASE_ID,ACCIDENT_YEAR,PROC_DATE,JURIS,COLLISION_DATE,COLLISION_TIME,OFFICER_ID,REPORTING_DISTRICT,DAY_OF_WEEK,CHP_SHIFT,POPULATION,CNTY_CITY_LOC,SPECIAL_COND,BEAT_TYPE,CHP_BEAT_TYPE,CITY_DIVISION_LAPD,CHP_BEAT_CLASS,BEAT_NUMBER,PRIMARY_RD,SECONDARY_RD,DISTANCE,DIRECTION,INTERSECTION,WEATHER_1,WEATHER_2,STATE_HWY_IND,CALTRANS_COUNTY,CALTRANS_DISTRICT,STATE_ROUTE,ROUTE_SUFFIX,POSTMILE_PREFIX,POSTMILE,LOCATION_TYPE,RAMP_INTERSECTION,SIDE_OF_HWY,TOW_AWAY,COLLISION_SEVERITY,NUMBER_KILLED,NUMBER_INJURED,PARTY_COUNT,PRIMARY_COLL_FACTOR,PCF_CODE_OF_VIOL,PCF_VIOL_CATEGORY,PCF_VIOLATION,PCF_VIOL_SUBSECTION,HIT_AND_RUN,TYPE_OF_COLLISION,MVIW,PED_ACTION,ROAD_SURFACE,ROAD_COND_1,ROAD_COND_2,LIGHTING,CONTROL_DEVICE,CHP_ROAD_TYPE,PEDESTRIAN_ACCIDENT,BICYCLE_ACCIDENT,MOTORCYCLE_ACCIDENT,TRUCK_ACCIDENT,NOT_PRIVATE_PROPERTY,ALCOHOL_INVOLVED,STWD_VEHTYPE_AT_FAULT,CHP_VEHTYPE_AT_FAULT,COUNT_SEVERE_INJ,COUNT_VISIBLE_INJ,COUNT_COMPLAINT_PAIN,COUNT_PED_KILLED,COUNT_PED_INJURED,COUNT_BICYCLIST_KILLED,COUNT_BICYCLIST_INJURED,COUNT_MC_KILLED,COUNT_MC_INJURED,PRIMARY_RAMP,SECONDARY_RAMP,LATITUDE,LONGITUDE,COUNTY,CITY,POINT_X,POINT_Y
84481374,2024,2024-11-25,3905,2024-10-14,2049,3169,,1,5,6,3905,0,0,0,,0,,"MONTE DIABLO AV","BUENA VISTA AV",0.00,,Y,A,-,N,,,,,,,,,,N,2,0,1,1,A,-,03,22350,,N,E,I,A,A,H,-,C,D,0,,,,,Y,,A,01,1,0,0,0,0,0,0,0,0,"- ","- ",37.959178924560547,-121.31868743896484,"SAN JOAQUIN",STOCKTON,-121.31877136230469,37.958957672119141
84481380,2024,2024-11-29,3905,2024-10-18,2001,3115,,5,5,6,3905,0,0,0,,0,,"HAMMER LN","PAVILION PZ",0.00,,Y,A,-,N,,,,,,,,,,Y,2,0,1,2,A,-,03,22350,,N,C,C,A,A,H,-,C,A,0,,,Y,,Y,,A,07,1,0,0,0,0,0,0,0,1,"- ","- ",38.020980834960938,-121.27694702148438,"SAN JOAQUIN",STOCKTON,-121.27669525146484,38.021049499511719
84481401,2024,2024-12-06,3905,2024-10-22,2251,3223,,2,5,6,3905,0,0,0,,0,,"PERSHING AV","PRINCETON AV",570.00,N,N,A,-,N,,,,,,,,,,Y,2,0,1,1,A,-,03,22350,,N,E,I,A,A,H,-,C,D,0,,,,,Y,,A,07,1,0,0,0,0,0,0,0,0,"- ","- ",37.977558135986328,-121.31797790527344,"SAN JOAQUIN",STOCKTON,-121.31861877441406,37.978889465332031
84487258,2024,2024-11-29,3906,2024-10-23,"812 ",1824,,3,5,5,3906,0,0,0,,0,003,"TENNIS LN","LAURIANA LN",227.00,E,N,A,-,N,,,,,,,,,,N,2,0,1,2,A,-,08,22107,,N,D,C,A,A,H,-,A,D,0,,,,,Y,,A,01,1,0,0,0,0,0,0,0,0,"- ","- ",37.731620788574219,-121.44716644287109,"SAN JOAQUIN",TRACY,-121.44639587402344,37.731601715087891
84488111,2024,2024-12-04,3906,2024-11-20,2016,1707,,3,5,5,3906,0,0,0,,0,002,"CORRAL HOLLOW RD","TRACY HILLS DR",1926.00,S,N,A,-,N,,,,,,,,,,Y,2,0,1,2,A,-,09,21801,A,N,D,C,A,A,H,-,C,D,0,,,Y,,Y,,A,01,1,0,0,0,0,0,0,0,1,"- ","- ",37.675868988037109,-121.45362854003906,"SAN JOAQUIN",TRACY,-121.45259857177734,37.671070098876953
84496211,2024,2025-01-17,3905,2024-11-01,2126,3045,,5,5,6,3905,0,0,0,,0,,"MARIPOSA RD","EIGHTH ST",0.00,,Y,C,-,N,,,,,,,,,,N,2,0,1,2,A,-,11,21954,A,F,G,B,D,B,H,-,C,A,0,Y,,,,Y,Y,N,60,1,0,0,0,1,0,0,0,0,"- ","- ",37.937931060791016,-121.24295806884766,"SAN JOAQUIN",STOCKTON,-121.24285888671875,37.938232421875
84502749,2024,2024-12-24,3905,2024-10-23,"814 ",3001,,3,5,6,3905,0,0,0,,0,,"STOCKTON ST","CHARTER WY",62.00,N,N,A,-,N,,,,,,,,,,N,2,0,1,2,A,-,03,22350,,N,D,C,A,A,H,-,A,A,0,,,Y,,Y,,C,02,1,0,0,0,0,0,0,0,1,"- ","- ",37.936241149902344,-121.30003356933594,"SAN JOAQUIN",STOCKTON,-121.29982757568359,37.936370849609375
84512663,2024,2024-12-25,3905,2024-08-27,"540 ",2463,,2,5,6,3905,0,0,0,,0,,"ARCH AIRPORT RD","POCK LN",0.00,,Y,A,-,N,,,,,,,,,,Y,2,0,5,4,A,-,09,21801,A,N,D,C,A,A,H,-,A,A,0,,,,,Y,,D,22,2,1,2,0,0,0,0,0,0,"- ","- ",37.907180786132812,-121.23831939697266,"SAN JOAQUIN",STOCKTON,-121.23841094970703,37.906948089599609
8451495,2017,2017-09-15,3905,2017-07-31,1127,2463,SEA,1,5,6,3905,0,0,0,,0,,"CLAY ST","SAN JOAQUIN ST",170.00,E,N,A,-,N,,,,,,,,,,N,2,0,1,2,A,-,11,21954,A,F,G,B,D,A,H,-,A,D,0,Y,,,,Y,,N,60,1,0,0,0,1,0,0,0,0,"- ","- ",37.940280000000001,-121.28381,"SAN JOAQUIN",STOCKTON,-121.28312218000001,37.940412629999997
84539399,2024,2025-01-16,3905,2024-06-30,2122,2660,,7,5,6,3905,0,0,0,,0,,"WEST LN","FULTON ST",0.00,,Y,A,-,N,,,,,,,,,,Y,1,2,1,2,A,-,01,23153,B,N,D,C,A,A,H,-,C,A,0,,,,,Y,Y,A,08,1,0,0,0,0,0,0,0,0,"- ","- ",37.986900329589844,-121.28453826904297,"SAN JOAQUIN",STOCKTON,-121.28499603271484,37.9869384765625
84541370,2024,2025-01-17,3905,2024-12-09,"847 ",2463,,1,5,6,3905,0,0,0,,0,,"GIANNECCHINI LN","ARCH AIRPORT RD",0.00,,Y,A,-,N,,,,,,,,,,Y,2,0,2,2,A,-,09,21802,A,N,D,C,A,A,A,-,A,A,0,,,,,Y,,A,01,1,0,1,0,0,0,0,0,0,"- ","- ",37.906200408935547,-121.23548126220703,"SAN JOAQUIN",STOCKTON,-121.23374938964844,37.907108306884766
84549907,2024,2025-02-03,3905,2024-12-14,1815,3226,,6,5,6,3905,0,0,0,,0,,"MARCH LN","PALM PLAZA DR",0.00,,Y,A,-,N,,,,,,,,,,Y,2,0,1,2,A,-,12,21457,A,N,D,C,A,A,H,-,A,A,0,,,Y,,Y,,C,02,1,0,0,0,0,0,0,0,1,"- ","- ",38.001678466796875,-121.29193115234375,"SAN JOAQUIN",STOCKTON,-121.29253387451172,38.001743316650391
84560169,2024,2025-02-03,3902,2024-08-10,"843 ",32,,6,5,5,3902,0,0,0,,0,001,"LODI AVE","HUTCHINS ST",0.00,N,-,A,-,N,,,,,,,,,,Y,2,0,1,2,D,-,00,,,N,D,C,A,A,H,-,A,A,0,,,,,Y,,-,"- ",1,0,0,0,0,0,0,0,0,"- ","- ",,,"SAN JOAQUIN",LODI,-121.27908325195312,38.130012512207031
84560700,2024,2025-02-03,3902,2024-09-10,1845,68,,2,5,5,3902,0,0,0,,0,001,"MILLS AVE","SHORT AVE",521.00,N,-,A,-,N,,,,,,,,,,Y,2,0,2,2,A,-,09,21804,A,N,D,C,A,A,H,-,B,D,0,,,,,Y,,A,01,1,0,1,0,0,0,0,0,0,"- ","- ",,,"SAN JOAQUIN",LODI,-121.29763793945312,38.143501281738281
84561042,2024,2025-02-03,3902,2024-11-15,1550,114,,5,5,5,3902,0,0,0,,0,003,"HAM LN","NEWBURY CIR (N)",0.00,N,-,A,-,N,,,,,,,,,,N,2,0,1,2,A,-,05,21650,,N,A,G,A,A,H,-,A,D,0,,Y,,,Y,,L,04,1,0,0,0,0,0,1,0,0,"- ","- ",,,"SAN JOAQUIN",LODI,-121.28768920898438,38.106395721435547
84569734,2024,2025-02-12,3905,2024-12-21,2217,3093,,6,5,6,3905,0,0,0,,0,,"HAMMER LN","LORRAINE AV",4.00,E,N,C,-,N,,,,,,,,,,N,2,0,1,3,A,-,10,21950,A,F,G,B,B,B,H,-,C,A,0,Y,,,,Y,,A,07,1,0,0,0,1,0,0,0,0,"- ","- ",38.020980834960938,-121.28357696533203,"SAN JOAQUIN",STOCKTON,-121.28325653076172,38.020980834960938
84579486,2024,2025-02-17,3905,2024-11-22,1436,3197,,5,5,6,3905,0,0,0,,0,,"WEST LN","UNIVERSITY AV (N)",0.00,,Y,C,-,N,,,,,,,,,,N,2,0,1,2,A,-,05,21650,1,N,H,G,A,B,H,-,A,D,0,,Y,,,Y,,L,04,1,0,0,0,0,0,1,0,0,"- ","- ",37.974651336669922,-121.27973937988281,"SAN JOAQUIN",STOCKTON,-121.28000640869141,37.974681854248047
84599021,2025,2025-03-14,3924,2025-01-25,"118 ",1333,,6,5,2,3920,0,0,0,,0,00R,"GOLDEN VALLEY PKWY","STEWART RD",0.00,,Y,A,-,N,,,,,,,,,,Y,2,0,1,1,A,-,01,23152,A,N,A,I,A,A,H,-,C,A,0,,,,,Y,Y,A,01,1,0,0,0,0,0,0,0,0,"- ","- ",37.788158416748047,-121.31014251708984,"SAN JOAQUIN",LATHROP,,
84601110,2023,2025-03-18,3905,2023-10-11,"822 ",3201,,3,5,6,3905,0,0,0,,0,,"STANFIELD DR","LENOX PL",0.00,,Y,A,-,N,,,,,,,,,,Y,2,0,1,2,A,-,11,21954,A,N,G,B,D,A,H,-,A,A,0,Y,,,,Y,,N,60,1,0,0,0,1,0,0,0,0,"- ","- ",38.036579132080078,-121.34501647949219,"SAN JOAQUIN",STOCKTON,-121.34482574462891,38.036754608154297
84637195,2025,2025-04-04,3905,2025-03-01,"357 ",3099,,6,5,6,3905,0,0,0,,0,,"FRESNO AV","EIGHTH ST",0.00,,Y,A,-,N,,,,,,,,,,N,2,0,1,2,A,-,00,23103,A,F,G,B,E,A,H,-,C,A,0,Y,,,,Y,,A,01,1,0,0,0,1,0,0,0,0,"- ","- ",37.926799774169922,-121.31239318847656,"SAN JOAQUIN",STOCKTON,-121.31217956542969,37.926666259765625
84638796,2024,2025-04-07,3905,2024-11-23,"156 ",2747,,6,5,6,3905,0,0,0,,0,,"SPERRY RD","AIRPORT WY",500.00,W,N,C,-,N,,,,,,,,,,N,1,1,0,2,A,-,11,21954,A,F,G,B,E,B,H,-,C,D,0,Y,,,,Y,,N,60,0,0,0,1,0,0,0,0,0,"- ","- ",37.901180267333984,-121.25655364990234,"SAN JOAQUIN",STOCKTON,-121.25650024414062,37.901496887207031
84647400,2024,2025-04-14,3905,2024-09-01,"440 ",2785,,7,5,6,3905,0,0,0,,0,,"WEST LN","EL PINAL DR",421.00,N,N,A,-,N,,,,,,,,,,N,1,1,0,2,A,-,11,21954,A,F,G,B,D,A,H,-,C,D,0,Y,,,,Y,,N,60,0,0,0,1,0,0,0,0,0,"- ","- ",37.977878570556641,-121.28098297119141,"SAN JOAQUIN",STOCKTON,-121.28144836425781,37.978973388671875
84647692,2025,2025-04-14,3905,2025-02-18,"515 ",3217,,2,5,6,3905,0,0,0,,0,,"S 99 FRONTAGE RD","ARCH RD",1351.00,S,N,A,-,N,,,,,,,,,,N,2,0,1,2,A,-,11,21954,A,F,G,B,D,A,H,-,B,D,0,Y,,,,Y,,N,60,1,0,0,0,1,0,0,0,0,"- ","- ",,,"SAN JOAQUIN",STOCKTON,-121.22064208984375,37.905170440673828
84651029,2024,2025-04-21,3906,2024-12-19,1907,1469,,4,5,5,3906,0,0,0,,0,001,"TRACY BLVD","CENTRE COURT DR",5.00,N,N,B,-,N,,,,,,,,,,Y,2,0,1,2,A,-,11,21950,B,N,G,B,B,A,H,-,C,D,0,Y,,,,Y,,N,60,1,0,0,0,1,0,0,0,0,"- ","- ",37.733600616455078,-121.43482208251953,"SAN JOAQUIN",TRACY,-121.43486785888672,37.733634948730469
8465179,2017,2017-11-28,3903,2017-09-22,0719,2916,,5,5,4,3903,0,0,0,,0,,"NORTHGATE DR","JUNEWOOD PL",9.00,E,N,A,-,N,,,,,,,,,,N,2,0,1,2,A,-,03,22350,,N,G,B,B,A,H,-,B,D,0,Y,,,,Y,,A,01,1,0,0,0,1,0,0,0,0,"- ","- ",37.819850000000002,-121.23269999999999,"SAN JOAQUIN",MANTECA,-121.23234884999999,37.819930560000003
8465446,2017,2018-10-11,3905,2017-06-28,0150,,,3,5,6,3905,0,0,0,,0,,"DR MARTIN LUTHER KING JR BL","AIRPORT WY",0.00,,Y,A,-,N,,,,,,,,,,Y,1,1,2,2,B,-,22,,,N,D,C,A,A,H,-,C,A,0,,,,,Y,,J,48,2,0,0,0,0,0,0,0,0,"- ","- ",37.941569999999999,-121.27043,"SAN JOAQUIN",STOCKTON,-121.27057994,37.941559920000003
8465906,2019,2019-07-09,3905,2019-03-29,1337,2598,SEA,5,5,6,3905,0,0,0,,0,,"CHURCH ST","HARRISON ST",537.00,W,N,B,-,N,,,,,,,,,,Y,1,1,3,3,A,-,08,22107,,F,G,B,F,A,H,-,A,D,0,Y,,,,Y,,A,01,0,2,1,1,1,0,0,0,0,"- ","- ",,,"SAN JOAQUIN",STOCKTON,-121.29840850830078,37.946128845214844
84693219,2025,2025-07-17,3906,2025-02-03,2229,1245,,1,5,5,3906,0,0,0,,0,006,"TRACY BLVD","THE NORTH PROLONGATED CURB OF W. GRANTLINE RD",153.00,N,N,B,-,N,,,,,,,,,,Y,2,0,2,2,A,-,03,22350,,N,C,C,A,A,H,-,C,A,0,,,,,Y,Y,A,07,1,0,1,0,0,0,0,0,0,"- ","- ",37.754119873046875,-121.43512725830078,"SAN JOAQUIN",TRACY,,
84693225,2025,2025-05-20,3906,2025-03-29,1332,1475,,6,5,5,3906,0,0,0,,0,006,"BUTHMANN AVE","HELEN AVE",50.00,N,N,A,-,N,,,,,,,,,,Y,2,0,2,3,A,-,21,22106,,N,D,C,A,A,H,-,A,D,0,,,Y,,Y,,C,02,1,1,0,0,0,0,0,0,2,"- ","- ",37.757049560546875,-121.43232727050781,"SAN JOAQUIN",TRACY,-121.43229675292969,37.757175445556641
8470038,2017,2017-10-24,3906,2017-10-09,0935,1484,,1,5,5,3906,0,0,0,,0,004,"EATON AV","WILSON AV",25.00,W,N,A,-,N,,,,,,,,,,Y,2,0,1,2,A,-,09,21802,A,N,B,G,A,A,H,-,A,A,0,,Y,,,Y,,A,01,1,0,0,0,0,0,1,0,0,"- ","- ",,,"SAN JOAQUIN",TRACY,-121.43712646,37.743290899999998
84706761,2025,2025-07-07,3905,2025-04-24,1216,3229,,4,5,6,3905,0,0,0,,0,,"PERSHING AV","BUCKINGHAM WY",172.00,S,N,A,-,N,,,,,,,,,,N,2,0,1,2,A,-,09,21804,A,N,D,C,A,A,H,-,A,D,0,,,Y,,Y,,A,01,1,0,0,0,0,0,0,0,1,"- ","- ",38.000289916992188,-121.32557678222656,"SAN JOAQUIN",STOCKTON,-121.325927734375,37.999618530273438
8471542,2017,2017-10-23,3904,2017-07-31,2033,P072,2,1,5,3,3904,0,0,0,,0,00A,"E FRONTAGE RD","GILBERT DR",517.00,S,N,A,-,N,,,,,,,,,,Y,2,0,1,1,A,-,01,23152,A,N,E,I,A,A,H,-,C,D,0,,,,,Y,Y,D,22,1,0,0,0,0,0,0,0,0,"- ","- ",37.739409999999999,-121.12015,"SAN JOAQUIN",RIPON,-121.12112403,37.739990890000001
84725671,2025,2025-06-16,3905,2025-05-03,1031,7366,,6,5,6,3905,0,0,0,,0,,"OAK ST","STANISLAUS ST",0.00,,Y,B,-,N,,,,,,,,,,Y,2,0,2,2,A,-,09,21802,A,N,D,C,A,A,H,-,A,A,0,,,,,Y,,A,01,1,0,1,0,0,0,0,0,0,"- ","- ",37.959991455078125,-121.28350067138672,"SAN JOAQUIN",STOCKTON,-121.28358459472656,37.960048675537109
84734945,2025,2025-06-23,3906,2025-06-09,1805,1985,,1,5,5,3906,0,0,0,,0,006,"MACARTHUR DR","ARBOR AVE",0.00,,Y,A,-,N,,,,,,,,,,N,2,0,1,2,A,-,12,22450,A,F,D,C,A,A,H,-,A,A,0,,,,,Y,,-,99,1,0,0,0,0,0,0,0,0,"- ","- ",37.768131256103516,-121.41436004638672,"SAN JOAQUIN",TRACY,-121.41471862792969,37.768825531005859
84740186,2025,2025-06-26,3903,2025-01-29,1908,3615,,3,5,4,3903,0,0,0,,0,,"DANIELS ST","ENTERTAINMENT WAY",203.00,E,N,A,-,N,,,,,,,,,,Y,1,1,0,1,A,-,01,23152,F,N,E,I,A,A,H,-,C,D,0,,,Y,,Y,,C,02,0,0,0,0,0,0,0,1,0,"- ","- ",,,"SAN JOAQUIN",MANTECA,,
84743288,2025,2025-06-30,3905,2025-04-30,2125,3257,,3,5,6,3905,0,0,0,,0,,"AIRPORT WY","MAIN ST",0.00,,Y,A,-,N,,,,,,,,,,N,2,0,2,8,A,-,12,21453,A,N,D,C,A,A,H,-,C,A,0,,,,,Y,,A,07,2,0,0,0,0,0,0,0,0,"- ","- ",37.95526123046875,-121.27410888671875,"SAN JOAQUIN",STOCKTON,-121.274169921875,37.955356597900391
84769593,2025,2025-07-21,3905,2025-06-05,1414,3267,,4,5,6,3905,0,0,0,,0,,"TOGNINALI LN","S STATE ROUTE 99 W FR RD",0.00,,Y,A,-,N,,,,,,,,,,Y,2,0,2,2,A,-,09,21801,A,N,D,C,A,A,H,-,A,D,0,,,,,Y,,A,07,1,0,1,0,0,0,0,0,0,"- ","- ",37.918491363525391,-121.22853088378906,"SAN JOAQUIN",STOCKTON,-121.22856140136719,37.918338775634766
8477771,2017,2017-11-20,3905,2017-08-25,1949,2848,PAR,5,5,6,3905,0,0,0,,0,,"WILSON WY","ROOSEVELT ST",116.00,S,N,A,-,N,,,,,,,,,,N,2,0,1,2,A,-,09,21804,A,N,H,G,A,A,H,-,B,D,0,,Y,,,Y,,L,04,1,0,0,0,0,0,1,0,0,"- ","- ",37.967239999999997,-121.27451000000001,"SAN JOAQUIN",STOCKTON,-121.27460096,37.967019319999999
8480381,2017,2017-11-07,3905,2017-09-17,1820,3409,CIV,7,5,6,3905,0,0,0,,0,,"LINDSAY ST","SIERRA NEVADA ST",0.00,,Y,A,-,N,,,,,,,,,,Y,2,0,2,4,A,-,01,23152,A,F,D,C,A,A,H,-,A,A,0,,,,,Y,Y,D,22,2,0,0,0,0,0,0,0,0,"- ","- ",37.959519999999998,-121.27386,"SAN JOAQUIN",STOCKTON,-121.27398999,37.959609960000002
8480789,2017,2017-11-07,3905,2017-09-14,2210,2723,VAL,4,5,6,3905,0,0,0,,0,,"MARANATHA DR","HAMMER LN",0.00,,Y,A,-,N,,,,,,,,,,Y,2,0,5,2,A,-,01,23153,A,F,D,C,A,A,H,-,C,A,0,,,,,Y,Y,A,01,5,0,0,0,0,0,0,0,0,"- ","- ",38.020980000000002,-121.26443999999999,"SAN JOAQUIN",STOCKTON,-121.26411991000001,38.021249920000002
84819196,2025,2025-08-27,3906,2025-05-16,1409,1469,,5,5,5,3906,0,0,0,,0,005,"TRACY BLVD","EATON AVE",0.00,,Y,A,-,N,,,,,,,,,,Y,2,0,2,2,A,-,12,21453,A,N,D,C,A,A,H,-,A,A,0,,,Y,,Y,,C,02,1,0,1,0,0,0,0,0,1,"- ","- ",37.743320465087891,-121.43502807617188,"SAN JOAQUIN",TRACY,-121.43498992919922,37.743309020996094
8485004,2017,2017-11-27,3902,2017-09-15,0745,WH54,,5,5,5,3902,0,0,0,,0,,"SOUTH STOCKTON ST",ELGIN,28.00,S,N,A,-,N,,,,,,,,,,N,2,0,1,2,A,-,11,21954,A,N,G,B,D,A,H,-,A,D,0,Y,,,,Y,,N,60,1,0,0,0,1,0,0,0,0,"- ","- ",,,"SAN JOAQUIN",LODI,-121.26965117,38.114263110000003
8511348,2017,2017-12-21,3905,2017-10-26,0900,2861,CIV,4,5,6,3905,0,0,0,,0,,"LAFAYETTE ST","SAN JOAQUIN ST",0.00,,Y,A,-,N,,,,,,,,,,N,2,0,1,2,A,-,10,21950,A,N,G,B,B,A,H,-,A,A,0,Y,,,,Y,,A,08,1,0,0,0,1,0,0,0,0,"- ","- ",37.950200000000002,-121.2864,"SAN JOAQUIN",STOCKTON,-121.28637989000001,37.950219969999999
8519065,2017,2018-02-01,3905,2017-09-11,2308,2792,PAR,1,5,6,3905,0,0,0,,0,,"HARDING WY","PILGRIM ST",0.00,,Y,A,-,N,,,,,,,,,,N,2,0,1,2,A,-,14,21201,D,N,H,G,A,A,H,-,C,A,0,,Y,,,Y,,L,04,1,0,0,0,0,0,1,0,0,"- ","- ",37.969900000000003,-121.27930000000001,"SAN JOAQUIN",STOCKTON,-121.27948992,37.969959969999998
8520458,2017,2017-12-27,3905,2017-12-03,0809,1312,CIV,7,5,6,3905,0,0,0,,0,,"WASHINGTON ST","SAN JOAQUIN ST",0.00,,Y,A,-,N,,,,,,,,,,N,2,0,1,2,A,-,11,21453,D,N,G,B,B,A,H,-,A,A,0,Y,,,,Y,,N,60,1,0,0,0,1,0,0,0,0,"- ","- ",37.961179999999999,-121.28666,"SAN JOAQUIN",STOCKTON,-121.28662991,37.951209910000003
8547018,2017,2018-02-07,3905,2017-12-31,1929,2463,PAR,7,5,6,3905,0,0,0,,0,,"AIRPORT WY","POPLAR ST",148.00,S,N,A,-,N,,,,,,,,,,Y,2,0,3,1,A,-,03,22350,,N,E,I,A,A,H,-,C,D,0,,,,,Y,,A,01,1,1,1,0,0,0,0,0,0,"- ","- ",37.964199999999998,-121.27643999999999,"SAN JOAQUIN",STOCKTON,-121.27648951,37.963873059999997
8550199,2018,2018-02-09,3905,2018-01-08,1756,2463,SEA,1,5,6,3905,0,0,0,,0,,"MARTIN LUTHER KING BL","STANISLAUS ST",131.00,E,N,C,-,N,,,,,,,,,,N,2,0,1,2,A,-,09,21804,A,N,H,G,A,B,H,-,C,D,0,,Y,,,Y,,L,04,1,0,0,0,0,0,1,0,0,"- ","- ",37.940200805664062,-121.27835083007812,"SAN JOAQUIN",STOCKTON,-121.27780914306641,37.940357208251953
8550449,2018,2018-02-10,3905,2018-01-07,0010,2876,BEA,7,5,6,3905,0,0,0,,0,,"MOKELUMNE CI","MELONES WY",200.00,N,N,A,-,N,,,,,,,,,,Y,2,0,1,1,A,-,03,22350,,N,E,I,A,A,H,-,C,D,0,,,,,Y,,A,01,1,0,0,0,0,0,0,0,0,"- ","- ",38.050380706787109,-121.38552856445312,"SAN JOAQUIN",STOCKTON,-121.38525390625,38.05078125
8556339,2017,2018-02-26,3902,2017-12-24,1652,ZO57,,7,5,5,3902,0,0,0,,0,,"WASHINGTON ST","LODI AV",0.00,,Y,B,-,N,,,,,,,,,,N,2,0,1,2,A,-,11,21950,B,N,G,B,B,A,H,-,A,D,0,Y,,,,Y,,N,60,1,0,0,0,1,0,0,0,0,"- ","- ",,,"SAN JOAQUIN",LODI,-121.26826991999999,38.130579910000002
8557224,2018,2018-02-20,3903,2018-01-01,1438,2408,,1,5,4,3903,0,0,0,,0,,"AIRPORT WY","LOUISE AV",0.00,,Y,A,-,N,,,,,,,,,,Y,2,0,5,4,A,-,01,23152,A,N,D,C,A,A,H,-,A,A,0,,,,,Y,Y,A,07,2,0,3,0,0,0,0,0,0,"- ","- ",37.811840057373047,-121.25318145751953,"SAN JOAQUIN",MANTECA,-121.25302886962891,37.811759948730469
8570266,2018,2018-06-21,3905,2018-03-14,1900,2909,SEA,3,5,6,3905,0,0,0,,0,,"AURORA ST","SCOTTS AV",256.00,S,N,A,-,N,,,,,,,,,,Y,1,1,0,1,A,-,03,22350,,F,E,I,A,B,H,-,C,D,0,,,,,Y,,A,01,0,0,0,0,0,0,0,0,0,"- ","- ",37.947338104248047,-121.27748870849609,"SAN JOAQUIN",STOCKTON,-121.27726745605469,37.946720123291016
8578629,2018,2018-03-30,3905,2018-02-03,0237,2741,SEA,6,5,6,3905,0,0,0,,0,,"MARTIN LUTHER KING BL","LINCOLN ST",0.00,,Y,A,-,N,,,,,,,,,,N,2,0,2,3,A,-,11,21956,,N,G,B,D,A,H,-,C,A,0,Y,,,,Y,,N,60,2,0,0,0,2,0,0,0,0,"- ","- ",37.937538146972656,-121.29396820068359,"SAN JOAQUIN",STOCKTON,-121.29387664794922,37.93756103515625
8578687,2018,2018-03-27,3905,2018-01-26,0532,2723,SEA,5,5,6,3905,0,0,0,,0,,"CAROLYN WESTON BL","CADET WY",0.00,,Y,A,-,N,,,,,,,,,,Y,2,0,1,2,A,-,09,21802,A,N,D,C,A,A,H,-,A,D,0,,,,,Y,,A,01,1,0,0,0,0,0,0,0,0,"- ","- ",37.904201507568359,-121.32009887695312,"SAN JOAQUIN",STOCKTON,-121.32009124755859,37.9039306640625
8584540,2018,2018-03-29,3905,2018-02-23,2112,2826,LAK,5,5,6,3905,0,0,0,,0,,"PACIFIC AV","DOUGLAS RD",0.00,,Y,C,-,N,,,,,,,,,,Y,2,0,3,2,A,-,01,23152,A,N,D,C,A,A,H,-,A,A,0,,,,,Y,Y,A,07,3,0,0,0,0,0,0,0,0,"- ","- ",38.008438110351562,-121.31993103027344,"SAN JOAQUIN",STOCKTON,-121.31957244873047,38.00823974609375
8585428,2018,2018-04-05,3902,2018-02-22,1431,CD93,,4,5,5,3902,0,0,0,,0,,"S LOWER SACRAMENTO RD","KETTLEMAN LN",732.00,S,N,B,-,N,,,,,,,,,,N,2,0,2,2,A,-,12,21453,A,N,D,C,A,A,H,-,A,A,0,,,,,Y,,-,,1,1,0,0,0,0,0,0,0,"- ","- ",,,"SAN JOAQUIN",LODI,-121.30660247802734,38.113491058349609
8585432,2018,2018-04-05,3902,2018-02-12,0131,CD93,,1,5,5,3902,0,0,0,,0,,"W LODI AV","HUTCHINS ST",0.00,,Y,A,-,N,,,,,,,,,,Y,2,0,3,2,A,-,01,23152,A,F,D,C,A,A,H,-,C,A,0,,,,,Y,Y,A,07,1,2,0,0,0,0,0,0,0,"- ","- ",,,"SAN JOAQUIN",LODI,-121.27908325195312,38.130008697509766
8602357,2017,2018-06-05,3905,2017-10-30,0031,2786,SEA,1,5,6,3905,0,0,0,,0,,"EL DORADO ST","SONORA ST",0.00,,Y,A,-,N,,,,,,,,,,N,2,0,1,2,A,-,03,22350,,F,C,E,A,A,H,-,C,A,0,,,,,Y,,A,01,1,0,0,0,0,0,0,0,0,"- ","- ",37.948799999999999,-121.28874999999999,"SAN JOAQUIN",STOCKTON,-121.28871995999999,37.948809969999999
8602897,2018,2018-05-21,3905,2018-03-11,1951,2928,SEA,7,5,6,3905,0,0,0,,0,,"MANTHEY RD","CAROLYN WESTON BL E",1131.00,N,N,A,-,N,,,,,,,,,,N,2,0,3,4,A,-,05,21202,A,N,H,G,A,A,H,-,D,D,0,,Y,,,Y,,L,04,1,0,2,0,0,0,3,0,0,"- ","- ",37.913028717041016,-121.29080200195312,"SAN JOAQUIN",STOCKTON,-121.29463958740234,37.912258148193359
8602919,2018,2018-05-22,3905,2018-03-08,1942,2440,PAR,4,5,6,3905,0,0,0,,0,,"WILSON WY","WEBER AV",0.00,,Y,A,-,N,,,,,,,,,,N,2,0,1,2,A,-,11,21954,A,N,G,B,D,A,H,-,C,D,0,Y,,,,Y,,N,60,1,0,0,0,1,0,0,0,0,"- ","- ",37.956718444824219,-121.27176666259766,"SAN JOAQUIN",STOCKTON,-121.2718505859375,37.956840515136719