CASE_ID,ACCIDENT_YEAR,PROC_DATE,JURIS,COLLISION_DATE,COLLISION_TIME,OFFICER_ID,REPORTING_DISTRICT,DAY_OF_WEEK,CHP_SHIFT,POPULATION,CNTY_CITY_LOC,SPECIAL_COND,BEAT_TYPE,CHP_BEAT_TYPE,CITY_DIVISION_LAPD,CHP_BEAT_CLASS,BEAT_NUMBER,PRIMARY_RD,SECONDARY_RD,DISTANCE,DIRECTION,INTERSECTION,WEATHER_1,WEATHER_2,STATE_HWY_IND,CALTRANS_COUNTY,CALTRANS_DISTRICT,STATE_ROUTE,ROUTE_SUFFIX,POSTMILE_PREFIX,POSTMILE,LOCATION_TYPE,RAMP_INTERSECTION,SIDE_OF_HWY,TOW_AWAY,COLLISION_SEVERITY,NUMBER_KILLED,NUMBER_INJURED,PARTY_COUNT,PRIMARY_COLL_FACTOR,PCF_CODE_OF_VIOL,PCF_VIOL_CATEGORY,PCF_VIOLATION,PCF_VIOL_SUBSECTION,HIT_AND_RUN,TYPE_OF_COLLISION,MVIW,PED_ACTION,ROAD_SURFACE,ROAD_COND_1,ROAD_COND_2,LIGHTING,CONTROL_DEVICE,CHP_ROAD_TYPE,PEDESTRIAN_ACCIDENT,BICYCLE_ACCIDENT,MOTORCYCLE_ACCIDENT,TRUCK_ACCIDENT,NOT_PRIVATE_PROPERTY,ALCOHOL_INVOLVED,STWD_VEHTYPE_AT_FAULT,CHP_VEHTYPE_AT_FAULT,COUNT_SEVERE_INJ,COUNT_VISIBLE_INJ,COUNT_COMPLAINT_PAIN,COUNT_PED_KILLED,COUNT_PED_INJURED,COUNT_BICYCLIST_KILLED,COUNT_BICYCLIST_INJURED,COUNT_MC_KILLED,COUNT_MC_INJURED,PRIMARY_RAMP,SECONDARY_RAMP,LATITUDE,LONGITUDE,COUNTY,CITY,POINT_X,POINT_Y
8602923,2018,2018-05-22,3905,2018-03-19,2026,2916,SEA,1,5,6,3905,0,0,0,,0,,"CHARTER WY","STOCKTON ST",0.00,,Y,B,-,N,,,,,,,,,,N,2,0,1,2,A,-,03,22350,,F,G,B,F,A,H,-,C,A,0,Y,,,,Y,,-,99,1,0,0,0,1,0,0,0,0,"- ","- ",37.936241149902344,-121.30003356933594,"SAN JOAQUIN",STOCKTON,-121.29981994628906,37.936199188232422
8618995,2018,2018-05-21,3905,2018-04-22,2230,2703,CIV,7,5,6,3905,0,0,0,,0,,"MONTE DIABLO AV","RYDE AV",0.00,,Y,A,-,N,,,,,,,,,,N,2,0,1,2,A,-,12,22450,A,F,G,B,D,A,H,-,C,A,0,Y,,,,Y,,A,01,1,0,0,0,1,0,0,0,0,"- ","- ",37.956840515136719,-121.33313751220703,"SAN JOAQUIN",STOCKTON,-121.33322143554688,37.956508636474609
8623934,2018,2018-05-25,3905,2018-03-18,0717,2930,CIV,7,5,6,3905,0,0,0,,0,,"ACACIA ST","MADISON ST",0.00,,Y,A,-,N,,,,,,,,,,Y,2,0,1,2,A,-,09,21802,A,F,D,C,A,A,H,-,A,A,0,,,,,Y,,D,72,1,0,0,0,0,0,0,0,0,"- ","- ",37.961990356445312,-121.29627227783203,"SAN JOAQUIN",STOCKTON,-121.29640197753906,37.961948394775391
8639707,2018,2018-06-26,3905,2018-05-15,1632,2463,CIV,2,5,6,3905,0,0,0,,0,,"BAKER RD","PARK ST",0.00,,Y,A,-,N,,,,,,,,,,N,2,0,2,2,A,-,09,21802,A,N,D,C,A,A,H,-,A,A,0,,,,,Y,,D,22,1,0,1,0,0,0,0,0,0,"- ","- ",37.957790374755859,-121.30332946777344,"SAN JOAQUIN",STOCKTON,-121.30342102050781,37.957691192626953
8641962,2018,2018-06-25,3905,2018-06-03,0350,2743,VAL,7,5,6,3905,0,0,0,,0,,"WAKEMAN DR","HOLMAN RD",126.00,W,N,A,-,N,,,,,,,,,,Y,2,0,1,1,A,-,03,22350,,N,E,J,A,A,H,-,C,D,0,,,,,Y,,A,01,1,0,0,0,0,0,0,0,0,"- ","- ",38.023941040039062,-121.27150726318359,"SAN JOAQUIN",STOCKTON,-121.27175140380859,38.024227142333984
8648081,2018,2018-08-16,3905,2018-06-02,2045,2590,SEA,6,5,6,3905,0,0,0,,0,,"CHURCH ST","GARFIELD ST",0.00,,Y,A,-,N,,,,,,,,,,Y,1,1,0,2,A,-,03,22350,,N,D,E,A,A,H,-,B,A,0,,,Y,,Y,,C,02,0,0,0,0,0,0,0,1,0,"- ","- ",37.945240020751953,-121.3070068359375,"SAN JOAQUIN",STOCKTON,-121.30696868896484,37.945159912109375
8648225,2018,2018-10-09,3905,2018-06-15,1654,2015,CIV,5,5,6,3905,0,0,0,,0,,"ALPINE AV","SUTTER ST",0.00,,Y,A,-,N,,,,,,,,,,Y,1,1,0,2,A,-,01,21200,5,N,H,G,A,A,H,-,A,D,0,,Y,,,Y,,L,04,0,0,0,0,0,1,0,0,0,"- ","- ",37.981098175048828,-121.29511260986328,"SAN JOAQUIN",STOCKTON,-121.29547119140625,37.981040954589844
8648360,2018,2018-11-29,3905,2018-07-07,1534,1084,PAR,6,5,6,3905,0,0,0,,0,,"MARTIN LUTHER KING BL","GOLDEN GATE AV",2112.00,W,N,A,-,N,,,,,,,,,,Y,1,1,0,2,A,-,01,23152,F,N,D,C,A,A,H,-,A,D,0,,,,Y,Y,,A,01,0,0,0,0,0,0,0,0,0,"- ","- ",37.951000213623047,-121.24314880371094,"SAN JOAQUIN",STOCKTON,-121.24907684326172,37.948009490966797
8648362,2018,2018-11-29,3905,2018-08-10,0342,2424,LAK,5,5,6,3905,0,0,0,,0,,"MARCH LN","TYROL LN",405.00,E,N,A,-,N,,,,,,,,,,Y,1,1,0,2,A,-,01,21200,5,N,H,G,A,A,H,-,C,D,0,,Y,,,Y,,L,04,0,0,0,0,0,1,0,0,0,"- ","- ",37.988300323486328,-121.32553100585938,"SAN JOAQUIN",STOCKTON,-121.32456207275391,37.988304138183594
8648500,2018,2020-05-22,3905,2018-09-10,1948,2291,,1,5,6,3905,0,0,0,,0,,"HAZELTON AV","AURORA ST",62.00,W,N,A,-,N,,,,,,,,,,N,1,1,0,2,A,-,12,22450,A,F,H,G,A,A,H,-,C,A,0,,Y,,,Y,,A,01,0,0,0,0,0,1,0,0,0,"- ","- ",37.948490142822266,-121.27777862548828,"SAN JOAQUIN",STOCKTON,-121.27799987792969,37.948524475097656
8648502,2018,2019-01-09,3905,2018-12-19,1723,2424,LAK,3,5,6,3905,0,0,0,,0,,"PACIFIC AV","DOUGLAS RD",341.00,N,N,A,-,N,,,,,,,,,,Y,1,1,0,2,A,-,10,21954,,N,G,B,D,A,H,-,C,D,0,Y,,,,Y,,N,60,0,0,0,1,0,0,0,0,0,"- ","- ",38.008438110351562,-121.31993103027344,"SAN JOAQUIN",STOCKTON,-121.31992340087891,38.009132385253906
8648681,2018,2019-03-06,3905,2018-12-20,2103,2429,CIV,4,5,6,3905,0,0,0,,0,,"HARDING WY","LINCOLN ST",0.00,,Y,B,-,N,,,,,,,,,,Y,1,1,0,2,A,-,01,23152,A,F,G,B,B,A,H,-,C,A,0,Y,,,,Y,Y,A,07,0,0,0,1,0,0,0,0,0,"- ","- ",37.966270446777344,-121.30146789550781,"SAN JOAQUIN",STOCKTON,-121.30164337158203,37.966201782226562
8649617,2018,2018-08-20,3904,2018-04-14,2302,P064,2,6,5,3,3904,0,0,0,,0,00A,"MULHOLLAND DR","N MANLEY RD",161.00,W,N,A,-,N,,,,,,,,,,Y,2,0,2,3,A,-,01,23152,A,N,A,E,A,A,H,-,C,D,0,,,,,Y,Y,A,01,2,0,0,0,0,0,0,0,0,"- ","- ",,,"SAN JOAQUIN",RIPON,-121.11521911621094,37.745876312255859
8664223,2018,2018-07-23,3903,2018-06-18,1236,3743,,1,5,4,3903,0,0,0,,0,,"ATHERTON DR","TINNIN RD",154.00,W,N,A,-,N,,,,,,,,,,Y,2,0,1,1,A,-,03,22350,,N,E,I,A,A,H,-,A,D,0,,,Y,,Y,,C,02,1,0,0,0,0,0,0,0,1,"- ","- ",37.779289245605469,-121.22382354736328,"SAN JOAQUIN",MANTECA,-121.22440338134766,37.779239654541016
8667563,2018,2018-08-02,3906,2018-07-13,2108,1556,,5,5,5,3906,0,0,0,,0,003,"11TH ST","LAMMERS RD",199.00,W,N,A,-,N,,,,,,,,,,Y,2,0,1,3,A,-,08,22107,,F,D,C,A,A,H,-,C,A,0,,,,,Y,,D,22,1,0,0,0,0,0,0,0,0,"- ","- ",,,"SAN JOAQUIN",TRACY,-121.47745513916016,37.739360809326172
8674663,2018,2018-10-26,3905,2018-07-29,1447,1393,VAL,7,5,6,3905,0,0,0,,0,,"RT 99 W FR RD","WALLER RD",680.00,S,N,B,-,Y,SJ,10,99,-,-,24.670,H,-,S,Y,2,0,2,3,A,-,08,22107,,N,C,E,A,A,H,-,A,D,0,,,,,Y,,D,22,1,0,1,0,0,0,0,0,0,"- ","- ",38.048248291015625,-121.25921630859375,"SAN JOAQUIN",STOCKTON,-121.25883483886719,38.046512603759766
8674715,2018,2018-10-04,3905,2018-07-19,0637,1422,VAL,4,5,6,3905,0,0,0,,0,,"MARCH LN","FRED RUSSO DR",0.00,,Y,A,-,N,,,,,,,,,,Y,2,0,4,3,A,-,12,21453,A,N,D,C,A,A,H,-,A,A,0,,,,,Y,,D,22,2,0,2,0,0,0,0,0,0,"- ","- ",38.005458831787109,-121.27674102783203,"SAN JOAQUIN",STOCKTON,-121.27629089355469,38.005668640136719
8681741,2018,2018-09-04,3906,2018-07-22,2120,10118,3906,7,5,5,3906,0,0,0,,0,005,"BRICHETTO RD","CHRISMAN RD",855.00,E,N,A,-,N,,,,,,,,,,N,2,0,1,1,A,-,08,22107,,N,A,J,A,A,G,-,D,D,0,,,,,Y,Y,A,01,1,0,0,0,0,0,0,0,0,"- ","- ",,,"SAN JOAQUIN",TRACY,-121.39578247070312,37.744510650634766
8685152,2018,2018-09-14,3902,2018-05-17,0642,ML96,,4,5,5,3902,0,0,0,,0,,"VICTOR RD","BECKMAN RD",83.00,W,N,A,-,N,,,,,,,,,,N,2,0,1,2,A,-,05,21202,,N,D,G,A,A,H,-,A,D,0,,Y,,,Y,,L,04,1,0,0,0,0,0,1,0,0,"- ","- ",,,"SAN JOAQUIN",LODI,-121.25701904296875,38.137596130371094
8695194,2018,2018-09-21,3906,2018-06-28,1544,1052,187,4,5,5,3906,0,0,0,,0,004,"PARKER AV","WHITTIER AV",0.00,,Y,A,-,N,,,,,,,,,,N,2,0,3,3,A,-,12,22450,,N,D,C,A,A,H,-,A,A,0,,,,,Y,,A,01,1,2,0,0,0,0,0,0,0,"- ","- ",,,"SAN JOAQUIN",TRACY,-121.42990875244141,37.749698638916016
8703918,2018,2018-11-06,3905,2018-08-04,0033,2894,PAR,6,5,6,3905,0,0,0,,0,,"MARIPOSA RD","AUSTIN RD E",898.00,N,N,A,-,N,,,,,,,,,,Y,2,0,2,1,A,-,01,23153,A,F,E,J,A,A,H,-,D,D,0,,,,,Y,Y,A,01,2,0,0,0,0,0,0,0,0,"- ","- ",,,"SAN JOAQUIN",STOCKTON,-121.18827819824219,37.915122985839844
8706995,2018,2018-10-09,3905,2018-08-26,1401,2463,PAR,7,5,6,3905,0,0,0,,0,,"WATERLOO RD","SOLARI AV",0.00,,Y,A,-,N,,,,,,,,,,Y,2,0,2,2,A,-,09,21801,A,N,D,C,A,A,H,-,A,A,0,,,,,Y,,A,07,1,0,1,0,0,0,0,0,0,"- ","- ",37.967758178710938,-121.27178192138672,"SAN JOAQUIN",STOCKTON,-121.27201080322266,37.967750549316406
8712000,2018,2018-10-17,3905,2018-09-04,2232,2788,VAL,2,5,6,3905,0,0,0,,0,,"HAMMER LN","TAM O SHANTER DR",126.00,E,N,A,-,N,,,,,,,,,,N,2,0,1,2,A,-,11,21954,A,N,G,B,D,A,H,-,C,D,0,Y,,,,Y,,N,60,1,0,0,0,1,0,0,0,0,"- ","- ",38.020999908447266,-121.30084228515625,"SAN JOAQUIN",STOCKTON,-121.30010223388672,38.021015167236328
8718111,2018,2018-10-17,3902,2018-08-02,1448,WH54,,4,5,5,3902,0,0,0,,0,,"SOUTH CHEROKEE LN","ALMOND DR",0.00,,Y,A,-,N,,,,,,,,,,Y,2,0,1,2,A,-,09,21802,A,N,D,C,A,A,H,-,A,A,0,,,Y,,Y,,A,01,1,0,0,0,0,0,0,0,1,"- ","- ",,,"SAN JOAQUIN",LODI,-121.26040649414062,38.1114501953125
8736141,2018,2018-11-16,3903,2018-10-19,1340,3540,,5,5,4,3903,0,0,0,,0,,"YOSEMITE AV","VEACH AV",247.00,W,N,A,-,N,,,,,,,,,,Y,2,0,3,3,A,-,03,22350,,N,C,E,A,A,H,-,A,D,0,,,,,Y,Y,A,01,1,0,2,0,0,0,0,0,0,"- ","- ",37.797519683837891,-121.22514343261719,"SAN JOAQUIN",MANTECA,-121.22592163085938,37.79742431640625
8736586,2018,2018-11-26,3905,2018-10-30,2132,2649,BEA,2,5,6,3905,0,0,0,,0,,"HAMMER LN","ETNA ST",370.00,W,N,A,-,N,,,,,,,,,,N,2,0,1,2,A,-,11,21955,,F,G,B,D,A,H,-,C,D,0,Y,,,,Y,,N,60,1,0,0,0,1,0,0,0,0,"- ","- ",38.021209716796875,-121.31973266601562,"SAN JOAQUIN",STOCKTON,-121.32070159912109,38.021038055419922
8736634,2018,2018-11-26,3905,2018-08-02,2302,2021,SEA,4,5,6,3905,0,0,0,,0,,"MARTIN LUTHER KING BL","CALIFORNIA ST",0.00,,Y,A,-,N,,,,,,,,,,Y,2,0,1,2,A,-,01,21200,5,N,H,G,A,A,H,-,C,A,0,,Y,,,Y,Y,L,04,1,0,0,0,0,0,1,0,0,"- ","- ",37.939781188964844,-121.28095245361328,"SAN JOAQUIN",STOCKTON,-121.28085327148438,37.939891815185547
8736673,2018,2018-11-29,3905,2018-10-26,1945,2857,PAR,5,5,6,3905,0,0,0,,0,,"FILBERT ST","MINER AV",0.00,,Y,A,-,N,,,,,,,,,,Y,2,0,1,3,A,-,01,23152,A,N,A,C,A,A,H,-,C,D,0,,,,,Y,Y,A,07,1,0,0,0,0,0,0,0,0,"- ","- ",37.962631225585938,-121.25486755371094,"SAN JOAQUIN",STOCKTON,-121.25501251220703,37.962860107421875
8740364,2018,2018-11-21,3905,2018-09-12,2337,2911,LAK,3,5,6,3905,0,0,0,,0,,"PACIFIC AV","YOKUTS AV",544.00,N,N,A,-,N,,,,,,,,,,Y,2,0,1,1,A,-,01,23152,A,N,E,I,A,A,H,-,C,D,0,,,,,Y,Y,D,22,1,0,0,0,0,0,0,0,0,"- ","- ",37.996761322021484,-121.31430053710938,"SAN JOAQUIN",STOCKTON,-121.31528472900391,37.998065948486328
8756309,2018,2019-01-23,3902,2018-11-13,2207,JT43,,2,5,5,3902,0,0,0,,0,,"W LODI AV","S PLEASANT AV",64.00,E,N,A,-,N,,,,,,,,,,Y,2,0,2,1,A,-,01,23152,G,N,E,I,A,A,H,-,C,D,0,,,,,Y,,A,01,2,0,0,0,0,0,0,0,0,"- ","- ",,,"SAN JOAQUIN",LODI,-121.27645111083984,38.130134582519531
8768657,2018,2019-01-26,3905,2018-12-05,1644,2463,SEA,3,5,6,3905,0,0,0,,0,,"JACKSON ST","STANISLAUS ST",0.00,,Y,B,-,N,,,,,,,,,,Y,2,0,4,2,A,-,09,21802,A,N,D,C,A,A,H,-,C,A,0,,,,,Y,,A,01,1,0,3,0,0,0,0,0,0,"- ","- ",37.942108154296875,-121.27883911132812,"SAN JOAQUIN",STOCKTON,-121.27874755859375,37.942180633544922
8768663,2018,2019-02-02,3905,2018-12-30,1811,2463,SEA,7,5,6,3905,0,0,0,,0,,"MARTIN LUTHER KING BL","CALIFORNIA ST",0.00,,Y,A,-,N,,,,,,,,,,Y,2,0,1,2,A,-,11,21453,D,N,G,B,B,A,H,-,C,A,0,Y,,,,Y,,N,60,1,0,0,0,1,0,0,0,0,"- ","- ",37.939781188964844,-121.28095245361328,"SAN JOAQUIN",STOCKTON,-121.28085327148438,37.939891815185547
8768756,2018,2019-01-09,3905,2018-11-21,0239,2675,VAL,3,5,6,3905,0,0,0,,0,,"HAMMER LN","HOLMAN RD",0.00,,Y,B,-,N,,,,,,,,,,Y,2,0,1,2,A,-,11,21456,B,N,G,B,B,A,H,-,C,A,0,Y,,,,Y,,N,60,1,0,0,0,1,0,0,0,0,"- ","- ",38.020980834960938,-121.27191162109375,"SAN JOAQUIN",STOCKTON,-121.27173614501953,38.021270751953125
8768881,2018,2019-01-10,3905,2018-10-19,1129,2962,CIV,5,5,6,3905,0,0,0,,0,,"SUTTER ST","FULTON ST S",0.00,,Y,A,-,N,,,,,,,,,,N,2,0,2,2,D,-,00,,,N,H,G,A,A,H,-,A,A,0,,Y,,,Y,,-,"- ",2,0,0,0,0,0,1,0,0,"- ","- ",37.984149932861328,-121.29634094238281,"SAN JOAQUIN",STOCKTON,-121.29679107666016,37.984291076660156
8785289,2018,2019-01-31,3902,2018-12-12,1700,DS15,,3,5,5,3902,0,0,0,,0,,"S BECKMAN RD","INDUSTRIAL WY",0.00,,Y,A,-,N,,,,,,,,,,Y,2,0,1,2,A,-,01,23153,A,N,A,C,A,B,H,-,B,D,0,,,,,Y,Y,A,01,1,0,0,0,0,0,0,0,0,"- ","- ",,,"SAN JOAQUIN",LODI,-121.25681304931641,38.12554931640625
8802105,2019,2019-03-12,3905,2019-02-08,0904,1315,BEA,5,5,6,3905,0,0,0,,0,,"THORNTON RD","OTTO DR",388.00,N,N,B,-,N,,,,,,,,,,Y,2,0,1,3,A,-,03,22350,,N,A,E,A,A,H,-,A,D,0,,,,,Y,,D,22,1,0,0,0,0,0,0,0,0,"- ","- ",38.03900146484375,-121.34300231933594,"SAN JOAQUIN",STOCKTON,-121.34465789794922,38.039871215820312
8808103,2019,2019-04-23,3905,2019-02-23,0459,2429,VAL,6,5,6,3905,0,0,0,,0,,"WEST LN","WEST LN FRONTAGE RD",585.00,S,N,A,-,N,,,,,,,,,,Y,1,1,0,2,A,-,11,21955,,N,G,B,D,A,H,-,C,D,0,Y,,,,Y,Y,N,60,0,0,0,1,0,0,0,0,0,"- ","- ",38.029701232910156,-121.29518127441406,"SAN JOAQUIN",STOCKTON,-121.54754638671875,37.773429870605469
8809770,2018,2019-03-11,3905,2018-12-29,2115,2854,CIV,6,5,6,3905,0,0,0,,0,,"ALPINE AV","COMMERCE ST",168.00,W,N,A,-,N,,,,,,,,,,N,2,0,1,2,A,-,11,21954,A,F,G,B,E,A,H,-,C,D,0,Y,,,,Y,,N,60,1,0,0,0,1,0,0,0,0,"- ","- ",37.979221343994141,-121.30252838134766,"SAN JOAQUIN",STOCKTON,-121.30335235595703,37.979007720947266
8815509,2019,2019-03-11,3905,2019-01-27,2245,1726,PAR,7,5,6,3905,0,0,0,,0,,"MARIPOSA RD","SECTION AV",0.00,,Y,A,-,N,,,,,,,,,,Y,2,0,5,2,A,-,01,23152,A,N,A,C,A,A,H,-,C,D,0,,,,,Y,Y,A,01,1,1,3,0,0,0,0,0,0,"- ","- ",37.942420959472656,-121.25161743164062,"SAN JOAQUIN",STOCKTON,-121.25157165527344,37.942691802978516
8843930,2019,2019-04-18,3905,2019-02-24,2148,2902,SEA,7,5,6,3905,0,0,0,,0,,"WILSON WY","POPLAR ST",0.00,,Y,A,E,N,,,,,,,,,,Y,2,0,2,3,A,-,01,23153,B,F,C,C,A,A,H,-,C,A,0,,,,,Y,Y,A,01,2,0,0,0,0,0,0,0,0,"- ","- ",37.964500427246094,-121.2738037109375,"SAN JOAQUIN",STOCKTON,-121.27397918701172,37.964691162109375
8844125,2019,2019-04-19,3905,2019-03-10,2155,2791,LAK,7,5,6,3905,0,0,0,,0,LAK,"MARCH LN","PRECISSI LN",0.00,,Y,A,-,N,,,,,,,,,,Y,2,0,2,2,A,-,03,22350,,N,C,C,A,A,H,-,C,A,0,,,Y,,Y,,A,01,1,0,1,0,0,0,0,0,1,"- ","- ",37.990718841552734,-121.31529998779297,"SAN JOAQUIN",STOCKTON,-121.31575012207031,37.990631103515625
8844137,2019,2019-04-19,3905,2019-03-16,1532,3410,,6,5,6,3905,0,0,0,,0,,"HAMMER LN","LORRAINE AV",758.00,E,N,A,-,N,,,,,,,,,,N,2,0,1,1,D,-,00,,,N,H,A,A,A,H,-,A,D,0,,,Y,,Y,,-,"- ",1,0,0,0,0,0,0,0,1,"- ","- ",38.020980834960938,-121.28357696533203,"SAN JOAQUIN",STOCKTON,-121.2806396484375,38.021011352539062
8844153,2019,2019-04-19,3905,2019-03-14,1608,3410,BEA,4,5,6,3905,0,0,0,,0,,"EL DORADO ST","IRIS AV",0.00,,Y,A,-,N,,,,,,,,,,Y,2,0,3,2,A,-,09,21801,A,N,D,C,A,A,H,-,A,A,0,,,,,Y,,A,01,1,2,0,0,0,0,0,0,0,"- ","- ",38.022598266601562,-121.31580352783203,"SAN JOAQUIN",STOCKTON,-121.31552124023438,38.022449493408203
8854468,2019,2019-05-14,3902,2019-03-22,2255,WH54,,5,5,5,3902,0,0,0,,0,,"E AUTO CENTER DR","S PIXLEY PKWY",465.00,W,N,A,-,N,,,,,,,,,,Y,2,0,2,3,A,-,01,23152,A,N,A,E,A,B,H,-,C,D,0,,,,,Y,Y,A,01,2,0,0,0,0,0,0,0,0,"- ","- ",,,"SAN JOAQUIN",LODI,-121.25392913818359,38.119842529296875
8864989,2019,2019-06-05,3905,2019-05-09,2104,2819,LAK,4,5,6,3905,0,0,0,,0,,"PACIFIC AV","RIVARA RD",503.00,S,N,A,-,N,,,,,,,,,,N,2,0,1,2,A,-,11,21954,A,F,G,B,D,A,H,-,C,D,0,Y,,,,Y,,N,60,1,0,0,0,1,0,0,0,0,"- ","- ",38.019779205322266,-121.32425689697266,"SAN JOAQUIN",STOCKTON,-121.32347106933594,38.018264770507812
8883226,2019,2019-07-22,3900,2019-06-09,0331,152782,MANTE,7,5,2,3920,0,0,0,,0,009,"RIVER BEND DR","MARINA DR",0.00,,Y,A,-,N,,,,,,,,,,Y,2,0,1,1,A,-,00,21352,A,N,E,I,A,A,H,-,C,D,0,,,,,Y,Y,A,01,1,0,0,0,0,0,0,0,0,"- ","- ",,,"SAN JOAQUIN",LATHROP,-121.314195,37.798752999999998
8885546,2019,2019-07-09,3905,2019-05-17,2300,2961,LAK,5,5,6,3905,0,0,0,,0,,"PERSHING AV","ROSE MARIE LN",0.00,,Y,C,-,N,,,,,,,,,,Y,2,0,2,4,A,-,01,23152,A,N,C,C,A,B,H,-,C,A,0,,,,,Y,Y,A,01,1,1,0,0,0,0,0,0,0,"- ","- ",37.986820220947266,-121.32038879394531,"SAN JOAQUIN",STOCKTON,-121.32080841064453,37.986618041992188
8890293,2019,2019-07-09,3902,2019-05-29,2336,KD82,,3,5,5,3902,0,0,0,,0,,"LOWER SACRAMENTO RD","W TOKAY ST",0.00,,Y,A,-,N,,,,,,,,,,Y,2,0,6,2,A,-,01,23153,B,N,D,C,A,A,H,-,C,A,0,,,,,Y,Y,A,01,1,0,5,0,0,0,0,0,0,"- ","- ",,,"SAN JOAQUIN",LODI,-121.30673217773438,38.126308441162109
8890297,2019,2019-07-09,3902,2019-05-31,1614,JH6,,5,5,5,3902,0,0,0,,0,,"W VINE ST","HUTCHINS ST",278.00,W,N,A,-,N,,,,,,,,,,Y,2,0,3,2,A,-,21,22106,,N,D,C,A,A,H,-,A,D,0,,,,,Y,,A,01,1,0,2,0,0,0,0,0,0,"- ","- ",,,"SAN JOAQUIN",LODI,-121.27999877929688,38.122673034667969
8891185,2019,2019-07-19,3905,2019-06-16,0830,3000,LAK,7,5,6,3905,0,0,0,,0,,"ROSE MARIE LN","PRECISSI LN",143.00,E,N,A,-,N,,,,,,,,,,N,2,0,1,2,A,-,07,21658,A,N,H,G,A,A,H,-,A,D,0,,Y,,,Y,,L,04,1,0,0,0,0,0,1,0,0,"- ","- ",37.988269805908203,-121.31434631347656,"SAN JOAQUIN",STOCKTON,-121.31427764892578,37.988208770751953
8895679,2019,2019-08-15,3906,2019-07-10,0407,1556,MS6,3,5,5,3906,0,0,0,,0,003,"CORRAL HOLLOW DR","11TH ST",0.00,,Y,A,-,N,,,,,,,,,,N,2,0,3,2,A,-,01,23152,,N,D,C,A,A,H,-,B,A,0,,,,,Y,Y,A,01,2,0,1,0,0,0,0,0,0,"- ","- ",,,"SAN JOAQUIN",TRACY,-121.45321655273438,37.739410400390625
8904401,2019,2019-09-04,3905,2019-07-02,1328,2992,BEA,2,5,6,3905,0,0,0,,0,,"LAN ARK DR","HAMMER LN",58.00,N,N,A,-,N,,,,,,,,,,Y,2,0,1,2,A,-,01,23152,A,N,H,E,A,A,H,-,A,D,0,,,,,Y,Y,A,01,1,0,0,0,0,0,0,0,0,"- ","- ",38.021049499511719,-121.30973815917969,"SAN JOAQUIN",STOCKTON,-121.30944061279297,38.021148681640625
8906151,2019,2019-08-22,3900,2019-07-03,1913,162733,3900,3,5,2,3920,0,0,0,,0,009,"HARLAN RD","ROTH RD",2112.00,S,N,A,-,N,,,,,,,,,,Y,2,0,1,2,A,-,03,22350,,N,D,C,A,A,H,-,A,D,0,,,Y,,Y,,C,02,1,0,0,0,0,0,0,0,1,"- ","- ",,,"SAN JOAQUIN",LATHROP,-121.28288269042969,37.850208282470703
8910924,2020,2020-04-10,3905,2020-01-16,2019,3020,OAR,4,5,6,3905,0,0,0,,0,,"ARCH AIRPORT RD","AIRPORT WY",0.00,,Y,A,-,N,,,,,,,,,,N,1,1,0,2,A,-,11,21950,B,N,G,B,D,A,H,-,C,A,0,Y,,,Y,Y,,N,60,0,0,0,1,0,0,0,0,0,"- ","- ",37.901809692382812,-121.25480651855469,"SAN JOAQUIN",STOCKTON,-121.25469970703125,37.901958465576172
8910928,2020,2020-04-10,3905,2020-01-29,1915,2718,VAL,3,5,6,3905,0,0,0,,0,,"WEST LN","KNICKERBOCKER DR",367.00,N,N,A,-,N,,,,,,,,,,Y,1,1,1,2,A,-,11,21955,,N,G,B,D,A,H,-,C,D,0,Y,,,,Y,Y,N,60,0,1,0,1,0,0,0,0,0,"- ","- ",38.024238586425781,-121.29518890380859,"SAN JOAQUIN",STOCKTON,-121.29503631591797,38.025249481201172
8911368,2019,2020-08-03,3903,2019-11-24,1847,3768,,7,5,4,3903,0,0,0,,0,,"LATHROP RD","ARROWSMITH DR",0.00,,Y,A,-,N,,,,,,,,,,Y,1,1,0,2,A,-,01,23152,A,N,D,C,A,A,H,-,C,D,0,,,Y,,Y,Y,C,02,0,0,0,0,0,0,0,1,0,"- ","- ",37.826370239257812,-121.23374176025391,"SAN JOAQUIN",MANTECA,-121.23348999023438,37.826431274414062
8911393,2020,2020-08-12,3906,2020-04-03,0209,1473,,5,5,5,3906,0,0,0,,0,002,"CORRAL HOLLOW","LINNE RD",720.00,S,N,A,-,N,,,,,,,,,,Y,1,2,0,4,A,-,03,22350,,N,-,E,A,A,H,-,D,D,0,,,,Y,Y,,A,01,0,0,0,0,0,0,0,0,0,"- ","- ",,,"SAN JOAQUIN",TRACY,-121.45281982421875,37.693912506103516
8911486,2020,2022-06-11,3906,2020-06-15,0127,10118,3906,1,5,5,3906,0,0,0,,0,007,"INTERNATIONAL PKWY","PROMONTORY PKWY",915.00,N,N,A,-,N,,,,,,,,,,Y,1,1,1,2,A,-,05,21460,C,N,A,C,A,A,H,-,D,D,0,,,,,Y,Y,-,,0,1,0,0,0,0,0,0,0,"- ","- ",,,"SAN JOAQUIN",TRACY,-121.53147125244141,37.735652923583984