CASE_ID,ACCIDENT_YEAR,PROC_DATE,JURIS,COLLISION_DATE,COLLISION_TIME,OFFICER_ID,REPORTING_DISTRICT,DAY_OF_WEEK,CHP_SHIFT,POPULATION,CNTY_CITY_LOC,SPECIAL_COND,BEAT_TYPE,CHP_BEAT_TYPE,CITY_DIVISION_LAPD,CHP_BEAT_CLASS,BEAT_NUMBER,PRIMARY_RD,SECONDARY_RD,DISTANCE,DIRECTION,INTERSECTION,WEATHER_1,WEATHER_2,STATE_HWY_IND,CALTRANS_COUNTY,CALTRANS_DISTRICT,STATE_ROUTE,ROUTE_SUFFIX,POSTMILE_PREFIX,POSTMILE,LOCATION_TYPE,RAMP_INTERSECTION,SIDE_OF_HWY,TOW_AWAY,COLLISION_SEVERITY,NUMBER_KILLED,NUMBER_INJURED,PARTY_COUNT,PRIMARY_COLL_FACTOR,PCF_CODE_OF_VIOL,PCF_VIOL_CATEGORY,PCF_VIOLATION,PCF_VIOL_SUBSECTION,HIT_AND_RUN,TYPE_OF_COLLISION,MVIW,PED_ACTION,ROAD_SURFACE,ROAD_COND_1,ROAD_COND_2,LIGHTING,CONTROL_DEVICE,CHP_ROAD_TYPE,PEDESTRIAN_ACCIDENT,BICYCLE_ACCIDENT,MOTORCYCLE_ACCIDENT,TRUCK_ACCIDENT,NOT_PRIVATE_PROPERTY,ALCOHOL_INVOLVED,STWD_VEHTYPE_AT_FAULT,CHP_VEHTYPE_AT_FAULT,COUNT_SEVERE_INJ,COUNT_VISIBLE_INJ,COUNT_COMPLAINT_PAIN,COUNT_PED_KILLED,COUNT_PED_INJURED,COUNT_BICYCLIST_KILLED,COUNT_BICYCLIST_INJURED,COUNT_MC_KILLED,COUNT_MC_INJURED,PRIMARY_RAMP,SECONDARY_RAMP,LATITUDE,LONGITUDE,COUNTY,CITY,POINT_X,POINT_Y
8911722,2020,2020-10-23,3900,2020-08-04,0621,151272,MANTE,2,5,2,3920,0,0,0,,0,009,"EAST LOUISE AV","MCKINLEY AV",1042.00,E,N,A,-,N,,,,,,,,,,Y,1,1,0,1,A,-,05,21650,,N,E,I,A,A,H,-,A,D,0,,,,,Y,,A,01,0,0,0,0,0,0,0,0,0,"- ","- ",,,"SAN JOAQUIN",LATHROP,-121.267822265625,37.811851501464844
8911918,2020,2022-06-18,3905,2020-08-15,0408,2718,SEA,6,5,6,3905,0,0,0,,0,,"RT 4","AURORA ST",85.00,E,N,A,-,N,,,,,,,,,,Y,1,1,0,2,A,-,01,21200,5,N,C,G,A,A,H,-,C,D,0,,Y,,,Y,Y,L,04,0,0,0,0,0,1,0,0,0,"- ","- ",37.940689086914062,-121.27543640136719,"SAN JOAQUIN",STOCKTON,-121.27848052978516,37.952224731445312
8911956,2020,2022-06-18,3905,2020-08-30,1457,2718,BEA,7,5,6,3905,0,0,0,,0,,"RT 6","COLT DR",143.00,S,N,A,-,N,,,,,,,,,,Y,1,1,0,2,A,-,01,21200,5,N,C,G,A,A,H,-,A,D,0,,Y,,,Y,Y,L,04,0,0,0,0,0,1,0,0,0,"- ","- ",38.036449432373047,-121.34063720703125,"SAN JOAQUIN",STOCKTON,,
8916964,2019,2019-08-26,3905,2019-07-05,0901,2916,LAK,5,5,6,3905,0,0,0,,0,,"PACIFIC AV","LONGVIEW AV",0.00,,Y,A,-,N,,,,,,,,,,Y,2,0,2,2,A,-,05,21651,A,N,D,C,A,A,H,-,A,D,0,,,,,Y,,A,07,1,0,1,0,0,0,0,0,0,"- ","- ",38.003658294677734,-121.31697082519531,"SAN JOAQUIN",STOCKTON,-121.31758880615234,38.003429412841797
8923266,2019,2019-08-23,3905,2019-07-21,0157,2732,PARK,7,5,6,3905,0,0,0,,0,,"HAMMER LN","LOWER SACRAMENTO RD",0.00,,Y,A,-,N,,,,,,,,,,Y,2,0,1,1,A,-,03,22350,,N,E,I,A,A,H,-,C,A,0,,,Y,,Y,,C,02,1,0,0,0,0,0,0,0,1,"- ","- ",38.021278381347656,-121.32347869873047,"SAN JOAQUIN",STOCKTON,-121.32327270507812,38.020988464355469
8926621,2019,2019-08-26,3905,2019-07-02,1311,2992,BEA,2,5,6,3905,0,0,0,,0,,"HAMMER LN","LAN ARK DR",0.00,,Y,A,-,N,,,,,,,,,,Y,2,0,2,2,A,-,01,23152,A,N,C,C,A,A,H,-,A,A,0,,,,,Y,Y,A,01,1,0,1,0,0,0,0,0,0,"- ","- ",38.021049499511719,-121.30973815917969,"SAN JOAQUIN",STOCKTON,-121.30943298339844,38.020988464355469
8935787,2019,2019-09-19,3903,2019-08-16,1918,5014,,5,5,4,3903,0,0,0,,0,,"YOSEMITE AV","WATSON AV",21.00,W,N,A,-,N,,,,,,,,,,N,2,0,1,2,A,-,05,21202,A,N,H,G,A,A,H,-,A,D,0,,Y,,,Y,,L,04,1,0,0,0,0,0,1,0,0,"- ","- ",37.797210693359375,-121.23953247070312,"SAN JOAQUIN",MANTECA,-121.23947906494141,37.797370910644531
8939301,2019,2019-09-30,3905,2019-05-02,1957,2133,PAR,4,5,6,3905,0,0,0,,0,,"SIERRA NEVADA ST","SONORA ST",225.00,N,N,A,-,N,,,,,,,,,,N,1,1,0,2,A,-,06,21760,C,F,H,G,A,A,H,-,C,A,0,,Y,,,Y,,A,01,0,0,0,0,0,1,0,0,0,"- ","- ",37.951560974121094,-121.27178192138672,"SAN JOAQUIN",STOCKTON,-121.27198791503906,37.952266693115234
8939675,2019,2020-03-13,3905,2019-07-04,2055,2855,CIV,4,5,6,3905,0,0,0,,0,,"CALIFORNIA ST","MAPLE ST",0.00,,Y,A,-,N,,,,,,,,,,N,1,1,0,2,A,-,11,21461,5,F,G,B,D,A,H,-,C,D,0,Y,,,,Y,,N,60,0,0,0,1,0,0,0,0,0,"- ","- ",37.969318389892578,-121.28865814208984,"SAN JOAQUIN",STOCKTON,-121.28885650634766,37.969310760498047
8946544,2019,2020-02-13,3905,2019-08-28,1951,1412,BEA,3,5,6,3905,0,0,0,,0,,"HAMMER LN","MEADOW AV",0.00,,Y,A,-,N,,,,,,,,,,Y,2,0,1,2,A,-,12,21453,A,N,D,C,A,A,H,-,A,A,0,,,,,Y,,A,08,1,0,0,0,0,0,0,0,0,"- ","- ",38.021091461181641,-121.34580993652344,"SAN JOAQUIN",STOCKTON,-121.34543609619141,38.020999908447266
8946749,2019,2019-10-03,3905,2019-08-16,2200,2979,CIV,5,5,6,3905,0,0,0,,0,,"WEBER AV","SIERRA NEVADA ST",81.00,W,N,A,-,N,,,,,,,,,,N,2,0,1,2,A,-,03,22350,,F,G,B,D,A,H,-,C,A,0,Y,,,,Y,Y,A,01,1,0,0,0,1,0,0,0,0,"- ","- ",37.956508636474609,-121.27307891845703,"SAN JOAQUIN",STOCKTON,-121.27341461181641,37.956588745117188
8958175,2019,2019-10-21,3902,2019-09-03,2046,MG84,,2,5,5,3902,0,0,0,,0,,"CHURCH ST","FORREST AV",285.00,N,N,A,-,N,,,,,,,,,,Y,2,0,1,2,A,-,03,22350,,N,D,C,A,A,H,-,C,D,0,,,Y,,Y,,C,02,1,0,0,0,0,0,0,0,1,"- ","- ",,,"SAN JOAQUIN",LODI,-121.27476501464844,38.143051147460938
8978456,2019,2019-12-13,3905,2019-10-05,0737,7034,PAR,6,5,6,3905,0,0,0,,0,,"WILSON WY","FREMONT ST",0.00,,Y,A,-,N,,,,,,,,,,Y,2,0,1,3,A,-,12,21453,A,N,D,C,A,A,H,-,A,A,0,,,,,Y,,A,01,1,0,0,0,0,0,0,0,0,"- ","- ",37.960678100585938,-121.27281188964844,"SAN JOAQUIN",STOCKTON,-121.27291107177734,37.960758209228516
8978818,2019,2020-01-18,3905,2019-10-21,2052,1412,BEA,1,5,6,3905,0,0,0,,0,,"PONCE DE LEON AV","LOWER SACRAMENTO RD",0.00,,Y,A,-,N,,,,,,,,,,N,2,0,1,2,A,-,10,21950,A,N,G,B,B,A,H,-,C,A,0,Y,,,,Y,Y,A,01,1,0,0,0,1,0,0,0,0,"- ","- ",38.030311584472656,-121.32293701171875,"SAN JOAQUIN",STOCKTON,-121.32285308837891,38.030101776123047
8986376,2019,2019-12-16,3905,2019-10-22,0720,2994,LAK,2,5,6,3905,0,0,0,,0,,"BENJAMIN HOLT DR","PACIFIC AV",0.00,,Y,A,-,N,,,,,,,,,,N,2,0,1,2,A,-,11,21456,B,N,G,B,B,A,H,-,A,A,0,Y,,,,Y,,N,60,1,0,0,0,1,0,0,0,0,"- ","- ",38.011249542236328,-121.32102966308594,"SAN JOAQUIN",STOCKTON,-121.32068634033203,38.011051177978516
8986399,2019,2019-12-03,3905,2019-10-24,1721,2680,CIV,4,5,6,3905,0,0,0,,0,,"WASHINGTON ST","CENTER ST",0.00,,Y,A,-,N,,,,,,,,,,N,2,0,1,2,A,-,05,21650,1,F,H,G,A,A,H,-,A,A,0,,Y,,,Y,,L,04,1,0,0,0,0,0,1,0,0,"- ","- ",37.950469970703125,-121.29054260253906,"SAN JOAQUIN",STOCKTON,-121.29054260253906,37.950469970703125
8997396,2019,2020-02-08,3905,2019-09-27,2303,2932,SEA,5,5,6,3905,0,0,0,,0,,"MARTIN LUTHER KING BL","HARRISON ST",153.00,W,N,A,-,N,,,,,,,,,,N,2,0,1,2,A,-,11,21955,,F,G,B,D,A,H,-,C,D,0,Y,,,,Y,,N,60,1,0,0,0,1,0,0,0,0,"- ","- ",37.937328338623047,-121.29528045654297,"SAN JOAQUIN",STOCKTON,-121.29566955566406,37.937255859375
90006819,2015,2015-10-29,9265,2015-07-18,0210,019752,,6,3,9,3900,0,1,3,,2,003,"SR-99 S/B","FARMINGTON RD O/C",1700.00,S,N,A,-,Y,,,99,,,,,,S,Y,2,0,1,1,A,-,01,23152,A,N,E,I,A,A,D,-,D,D,0,,,,,Y,Y,A,07,1,0,0,0,0,0,0,0,0,"- ","- ",37.933770000000003,-121.23408999999999,"SAN JOAQUIN",UNINCORPORATED,-121.23411914,37.933766409999997
90007965,2015,2015-10-19,9265,2015-08-02,2347,017286,,7,3,9,3900,0,1,3,,2,003,"SR-99 S/B","MARIPOSA RD",2640.00,S,N,A,-,Y,,,99,,,,,,S,Y,2,0,1,1,A,-,01,23152,A,N,E,I,A,A,D,-,D,D,0,,,,,Y,Y,A,01,1,0,0,0,0,0,0,0,0,"- ","- ",37.934359999999998,-121.23414,"SAN JOAQUIN",UNINCORPORATED,-121.23420122,37.934346619999999
90009669,2015,2015-10-19,9265,2015-08-01,1410,018955,,6,2,9,3900,0,3,5,,2,010,"VAN ALLEN RD","DODDS RD",284.00,S,N,A,-,N,,,,,,,,,,N,2,0,1,2,A,-,03,22350,,N,C,C,A,A,H,-,A,D,0,,,Y,,Y,,C,02,1,0,0,0,0,0,0,0,1,"- ","- ",37.81344,-121.19819,"SAN JOAQUIN",UNINCORPORATED,-121.05394212,37.855650660000002
90010158,2015,2015-10-19,9265,2015-08-05,2325,019666,,3,3,6,3905,0,1,3,,1,042,"SR-4 E/B FROM FRESNO AVENUE","FRESNO AVE",35.00,E,N,A,-,Y,,,4,,,,R,,E,Y,2,0,1,1,A,-,01,23152,E,N,E,I,A,A,H,-,D,D,0,,,,,Y,,A,01,1,0,0,0,0,0,0,0,0,"- ","- ",37.942959999999999,-121.31180999999999,"SAN JOAQUIN",STOCKTON,-121.31180999999999,37.942959999999999
90011056,2015,2015-10-19,9266,2015-08-16,1615,014808,,7,2,9,3900,0,1,1,,2,021,"I-580 W/B","PATTERSON PASS RD O/C",6864.00,W,N,B,-,Y,,,580,,,,,,W,Y,2,0,2,1,A,-,08,22107,,N,F,I,A,A,H,-,A,D,0,,,,,Y,,A,01,1,0,1,0,0,0,0,0,0,"- ","- ",37.73516,-121.55240999999999,"SAN JOAQUIN",UNINCORPORATED,-121.55242844999999,37.735138239999998
90012232,2015,2015-10-19,9265,2015-08-19,1315,015490,,3,1,9,3900,0,1,3,,2,004,"SR-99 N/B","CALAVERAS RIVER",200.00,S,N,A,-,Y,,,99,,,,,,N,Y,2,0,1,1,A,-,01,23152,E,N,F,A,A,A,H,-,A,D,0,,,Y,,Y,,C,02,1,0,0,0,0,0,0,0,1,"- ","- ",38.004289999999997,-121.25744,"SAN JOAQUIN",UNINCORPORATED,-121.25741024,38.004297510000001
90012563,2015,2015-10-19,9265,2015-07-27,1447,018488,,1,2,9,3900,0,3,5,,2,060,"PELTIER RD","SAMRA HAYER LANE",15.00,W,N,A,-,N,,,,,,,,,,Y,2,0,1,2,A,-,08,22107,,N,D,C,A,A,H,-,A,D,0,,,Y,,Y,,A,01,1,0,0,0,0,0,0,0,1,"- ","- ",38.189999999999998,-121.1833,"SAN JOAQUIN",UNINCORPORATED,-121.18329219,38.189939289999998
90013820,2015,2015-10-19,9266,2015-08-25,1420,014808,,2,2,9,3900,0,1,1,,2,021,"I-580 W/B","BIRD RD O/C",2250.00,E,N,A,-,Y,,,580,,,,,,W,Y,2,0,1,1,A,-,08,22107,,N,E,I,A,A,H,-,A,D,0,,,Y,,Y,,C,02,1,0,0,0,0,0,0,0,1,"- ","- ",37.60783,-121.35523999999999,"SAN JOAQUIN",UNINCORPORATED,-121.35526134,37.607802239999998
90019016,2015,2015-10-19,9265,2015-09-07,0010,017286,,1,3,4,3903,0,1,3,,2,025,"SR-120 W/B","UNION RD",528.00,W,N,A,-,Y,,,120,,,,,,W,Y,2,0,1,1,A,-,01,23152,A,N,F,A,A,A,H,-,D,D,0,,,Y,,Y,Y,C,02,1,0,0,0,0,0,0,0,1,"- ","- ",37.783279999999998,-121.23823,"SAN JOAQUIN",MANTECA,-121.23823077999999,37.783464879999997
90021074,2015,2015-10-19,9265,2015-09-02,1105,015490,,3,1,9,3900,0,1,3,,2,004,"SR-99 N/B","MORADA LN.",500.00,S,N,A,-,Y,,,99,,,,,,N,N,2,0,1,1,C,-,18,,,N,H,A,A,A,H,-,A,D,0,,,,,Y,,-,"- ",1,0,0,0,0,0,0,0,0,"- ","- ",38.035710000000002,-121.25826000000001,"SAN JOAQUIN",UNINCORPORATED,-121.25828513,38.035709400000002
90022940,2015,2015-10-19,9265,2015-09-04,1830,019803,,5,2,9,3900,0,1,3,,1,011,"SR-120 E/B","VAN ALLEN RD",0.00,,Y,A,-,Y,,,,,,,,,,Y,2,0,1,2,A,-,09,21802,A,N,D,C,A,A,H,-,A,A,0,,,Y,,Y,,C,02,1,0,0,0,0,0,0,0,1,"- ","- ",37.799570000000003,-121.05174,"SAN JOAQUIN",UNINCORPORATED,-121.05208995,37.798479909999998
90027150,2015,2015-10-29,9265,2015-09-06,1437,018955,,7,2,4,3903,0,1,3,,2,001,"SR-99 N/B",SR-120,1700.00,S,N,A,-,Y,,,99,,,,,,N,Y,2,0,1,1,A,-,03,22350,,N,F,A,A,A,H,-,A,D,0,,,,Y,Y,,G,25,1,0,0,0,0,0,0,0,0,"- ","- ",37.780880000000003,-121.18564000000001,"SAN JOAQUIN",MANTECA,-121.18618965,37.780452760000003
90027193,2015,2015-10-19,9265,2015-08-28,0655,17405,,5,1,9,3900,0,3,5,,2,090,"PELTIER RD.","DAVIS RD.",921.00,E,N,A,-,N,,,,,,,,,,Y,2,0,1,1,A,-,08,22107,,N,E,I,A,A,H,-,B,D,0,,,,,Y,,A,01,1,0,0,0,0,0,0,0,0,"- ","- ",38.189250000000001,-121.3322,"SAN JOAQUIN",UNINCORPORATED,-121.33233199999999,38.189185999999999
90038650,2015,2015-10-27,9266,2015-10-25,1455,013650,,7,2,9,3900,0,3,5,,2,001,"HOWARD ROAD","UNDINE ROAD",0.00,,Y,A,-,N,,,,,,,,,,Y,2,0,1,2,A,-,09,21801,A,N,B,C,A,A,H,-,A,D,0,,,Y,,Y,,A,07,1,0,0,0,0,0,0,0,1,"- ","- ",37.852040000000002,-121.40833000000001,"SAN JOAQUIN",UNINCORPORATED,-121.40847998,37.852019910000003
90041871,2015,2015-10-30,9265,2015-10-04,1233,018289,,7,1,9,3900,0,1,3,,1,061,"STATE ROUTE 26","ARCHER ROAD",895.00,W,N,A,-,Y,,,26,,,,,,,Y,2,0,1,1,A,-,08,22107,,N,F,A,A,A,H,-,A,D,0,,,,,Y,,D,22,1,0,0,0,0,0,0,0,0,"- ","- ",38.006,-121.1306,"SAN JOAQUIN",UNINCORPORATED,-121.13062031,38.006082910000003
90042389,2015,2015-11-02,9266,2015-10-15,1657,017920,,4,2,9,3900,0,1,1,,2,014,"I-205 E/B","ELEVENTH STREET",719.00,W,N,B,-,Y,,,205,,,,,,E,Y,1,1,0,1,A,-,08,22107,,N,F,A,A,A,H,-,A,D,0,,,,,Y,,A,01,0,0,0,0,0,0,0,0,0,"- ","- ",37.740380000000002,-121.49973,"SAN JOAQUIN",UNINCORPORATED,-121.49973095,37.740459999999999
9004468,2019,2020-02-07,3906,2019-12-06,2239,1422,,5,5,5,3906,0,0,0,,0,007,"INTERNATIONAL PKWY","BERKELEY RD",0.00,,Y,A,-,N,,,,,,,,,,Y,2,0,1,2,A,-,12,21457,A,N,D,C,A,A,H,-,A,A,0,,,Y,Y,Y,,C,02,1,0,0,0,0,0,0,0,1,"- ","- ",,,"SAN JOAQUIN",TRACY,-121.53138,37.72898
90048343,2015,2015-11-10,9265,2015-10-25,1944,019774,,7,2,9,3900,0,3,5,,2,050,"S OLIVE AVENUE","WASHINGTON ST",814.00,S,N,A,-,N,,,,,,,,,,Y,2,0,1,2,A,-,08,22107,,N,E,I,A,A,H,-,C,D,0,,,,,Y,,A,01,1,0,0,0,0,0,0,0,0,"- ","- ",37.960059999999999,-121.23777,"SAN JOAQUIN",UNINCORPORATED,-121.23787256999999,37.960090039999997
90054819,2015,2015-11-19,9265,2015-11-15,0100,019991,,7,3,6,3905,0,1,3,,1,042,"SR-4 W/B TO I-5 S/B","LINCOLN STREET",900.00,W,N,A,-,Y,,,4,,,,R,,W,Y,2,0,1,1,A,-,01,23152,A,N,E,J,A,A,H,-,C,D,0,,,,,Y,Y,A,01,1,0,0,0,0,0,0,0,0,"- ","- ",37.948120000000003,-121.30045,"SAN JOAQUIN",STOCKTON,-121.30045,37.948120000000003
9006147,2019,2020-01-09,3902,2019-10-28,0740,AJ3,,1,5,5,3902,0,0,0,,0,,"S LOWER SACRAMENTO RD","W LODI AV",12.00,S,N,A,-,N,,,,,,,,,,N,2,0,1,2,D,-,00,,,N,D,G,A,A,H,-,A,A,0,,Y,,,Y,,-,"- ",1,0,0,0,0,0,1,0,0,"- ","- ",,,"SAN JOAQUIN",LODI,-121.30677795410156,38.130027770996094
90067476,2015,2015-12-08,9265,2015-11-12,2230,019341,,4,3,9,3900,0,2,4,,1,072,"PERSHING AVE","HAMMER LN",0.00,,Y,A,-,N,,,,,,,,,,N,2,0,1,1,A,-,08,22107,,N,E,I,A,A,H,-,C,D,0,,,,,Y,,A,01,1,0,0,0,0,0,0,0,0,"- ","- ",38.116,-121.1948,"SAN JOAQUIN",UNINCORPORATED,-121.32996989,38.021029949999999
90079474,2015,2015-12-21,9266,2015-11-14,0630,015432,,6,1,9,3900,0,1,3,,1,025,"SR-33 N/B","CALL BOX SJ 33 2.2",1030.00,N,N,E,-,Y,,,33,,,,,,N,Y,1,1,0,1,A,-,08,22107,,N,E,I,A,A,H,-,B,D,0,,,,,Y,,D,22,0,0,0,0,0,0,0,0,0,"- ","- ",37.655799999999999,-121.31516999999999,"SAN JOAQUIN",UNINCORPORATED,-121.31502537999999,37.655958910000003
90090635,2015,2016-01-07,9265,2015-11-24,1645,019558,,2,2,9,3900,0,1,3,,1,011,SR-120,"NORTH RIPON RD.",1169.00,W,N,B,-,Y,,,120,,,,,,,Y,1,1,0,4,A,-,04,21703,,N,C,C,A,A,H,-,D,D,0,,,,,Y,,A,08,0,0,0,0,0,0,0,0,0,"- ","- ",37.797809999999998,-121.13017000000001,"SAN JOAQUIN",UNINCORPORATED,-121.13016952,37.797752840000001
90098042,2016,2016-01-19,9266,2016-01-15,0415,019012,,5,3,9,3900,0,2,4,,2,013,"GRANT LINE ROAD","HANSEN ROAD",1000.00,W,N,B,-,N,,,,,,,,,,N,2,0,1,1,C,-,18,,,N,E,H,A,B,H,-,D,D,0,,,,,Y,,-,"- ",1,0,0,0,0,0,0,0,0,"- ","- ",37.75826,-121.5168,"SAN JOAQUIN",UNINCORPORATED,-121.5166993,37.758254690000001
90098186,2015,2016-01-19,9265,2015-12-10,1710,019888,,4,2,9,3900,0,2,4,,1,015,"ESCALON BELLOTA RD","MAHON RD",860.00,N,N,B,-,N,,,,,,,,,,Y,2,0,6,3,A,-,05,21650,,N,A,C,A,A,H,-,D,D,0,,,,,Y,,D,22,1,0,5,0,0,0,0,0,0,"- ","- ",37.812449999999998,-120.99715,"SAN JOAQUIN",UNINCORPORATED,-120.99715183000001,37.812421020000002
9010219,2019,2020-01-02,3900,2019-11-22,2057,164104,MANTE,5,5,2,3920,0,0,0,,0,009,"SPARTAN WY","GOLDEN VALLEY PKWY",2640.00,W,N,A,-,N,,,,,,,,,,Y,2,0,1,1,A,-,05,21650,,N,F,I,A,A,H,-,C,D,0,,,,,Y,,A,07,1,0,0,0,0,0,0,0,0,"- ","- ",,,"SAN JOAQUIN",LATHROP,-121.30455017089844,37.825119018554688
90102592,2016,2016-01-26,9266,2016-01-10,2221,018324,,7,3,9,3900,0,3,5,,2,002,"VALPICO ROAD","WILKINSON WAY",248.00,E,N,A,-,N,,,,,,,,,,Y,2,0,1,1,A,-,00,22017,,N,E,I,A,A,H,-,D,D,0,,,,,Y,,A,07,1,0,0,0,0,0,0,0,0,"- ","- ",37.710630000000002,-121.45761,"SAN JOAQUIN",UNINCORPORATED,-121.45732259,37.710582000000002
90103438,2015,2016-01-27,9265,2015-10-01,0618,013465,,4,1,9,3900,0,3,5,,2,050,"WALKER LANE","SECTION AVENUE",1200.00,N,N,B,C,N,,,,,,,,,,N,1,1,0,2,A,-,03,22350,,F,G,B,E,B,H,-,D,D,0,Y,,,,Y,,A,07,0,0,0,1,0,0,0,0,0,"- ","- ",37.954000000000001,-121.22161,"SAN JOAQUIN",UNINCORPORATED,-121.22159182,37.953967609999999
90123808,2016,2016-10-27,9265,2016-02-12,0544,017286,,5,3,9,3900,0,3,5,,2,010,"AUSTIN RD","GRAVES RD",820.00,N,N,A,-,N,,,,,,,,,,Y,2,0,2,2,A,-,01,23152,A,N,A,C,A,A,H,-,D,D,0,,,,,Y,Y,A,01,2,0,0,0,0,0,0,0,0,"- ","- ",37.782229999999998,-121.17954,"SAN JOAQUIN",UNINCORPORATED,-121.17941527000001,37.781611830000003
90145247,2016,2016-03-28,9265,2016-03-08,0600,019387,,2,1,6,3905,0,1,3,,1,042,"I-5 N/B TO FRESNO AVE",I-5,1200.00,W,N,A,-,Y,,,,,,,,,,Y,2,0,1,1,A,-,08,22107,,N,E,I,A,A,D,-,B,D,0,,,,Y,Y,,G,25,1,0,0,0,0,0,0,0,0,"- ","- ",37.947499999999998,-121.3053,"SAN JOAQUIN",STOCKTON,,
9014686,2019,2019-12-26,3903,2019-11-28,1846,5162,,4,5,4,3903,0,0,0,,0,,"LATHROP RD","AIRPORT WY",468.00,W,N,C,-,N,,,,,,,,,,Y,2,0,5,2,A,-,05,21650,,N,A,C,A,B,H,-,D,A,0,,,,,Y,,A,01,5,0,0,0,0,0,0,0,0,"- ","- ",37.826560974121094,-121.25399017333984,"SAN JOAQUIN",MANTECA,-121.25540161132812,37.826492309570312
90148408,2016,2018-08-17,9266,2016-03-13,2322,017940,,7,3,9,3900,0,1,3,,1,011,"STATE ROUTE 4 (W/B)","OLD RIVER BRIDGE",4752.00,E,N,C,-,Y,,,4,,,,,,,Y,1,2,4,2,A,-,01,23152,E,N,A,C,A,B,H,-,D,D,0,,,,,Y,,D,22,1,2,1,0,0,0,0,0,0,"- ","- ",37.890099999999997,-121.55336,"SAN JOAQUIN",UNINCORPORATED,-121.55335993,37.890052079999997
90149650,2016,2016-04-04,9265,2016-01-18,1805,019178,,1,2,9,3900,0,3,5,,2,020,"MCKINLEY AVENUE","ASH STREET",1320.00,S,N,B,-,N,,,,,,,,,,N,1,1,1,3,A,-,11,21956,,F,G,B,E,A,H,-,D,D,0,Y,,,,Y,Y,N,60,0,1,0,1,1,0,0,0,0,"- ","- ",37.878419999999998,-121.27415000000001,"SAN JOAQUIN",UNINCORPORATED,-121.27415272,37.878609300000001
90150780,2016,2016-04-05,9265,2016-03-26,1230,019795,,6,1,5,3902,0,1,3,,1,092,"SR-12 E/B TO I-5 S/B","SR-12 E/B",1584.00,S,N,A,-,Y,,,,,,,,,,Y,2,0,1,1,A,-,08,22107,,N,F,A,A,A,H,-,A,D,0,,,,,Y,,A,01,1,0,0,0,0,0,0,0,0,"- ","- ",38.113109999999999,-121.39688,"SAN JOAQUIN",LODI,,
90151664,2016,2016-04-06,9265,2016-03-19,0712,016639,,6,1,9,3900,0,3,5,,2,020,"ASH ST","7TH ST",0.00,,Y,A,-,N,,,,,,,,,,Y,2,0,2,2,A,-,09,21802,A,N,D,C,A,A,H,-,B,A,0,,,,,Y,,D,22,1,1,0,0,0,0,0,0,0,"- ","- ",,,"SAN JOAQUIN",UNINCORPORATED,-121.13560996,37.730769930000001
90157037,2016,2016-04-13,9265,2016-03-30,0640,17405,,3,1,9,3900,0,3,5,,2,090,"PELTIER RD.","BENDER RD.",1742.00,W,N,A,-,N,,,,,,,,,,Y,2,0,1,2,A,-,03,22350,,N,B,C,A,A,H,-,B,D,0,,,,,Y,,D,22,1,0,0,0,0,0,0,0,0,"- ","- ",38.189070000000001,-121.32361,"SAN JOAQUIN",UNINCORPORATED,-121.32352400000001,38.189126999999999
90164743,2016,2016-04-25,9265,2016-04-08,0622,17405,,5,1,9,3900,0,3,5,,2,090,"WOODBRIDGE RD.","DEVRIES RD.",1214.00,W,N,A,-,N,,,,,,,,,,Y,2,0,2,2,A,-,03,22350,,N,C,C,A,A,H,-,B,D,0,,,,,Y,,D,22,1,1,0,0,0,0,0,0,0,"- ","- ",38.160130000000002,-121.35744,"SAN JOAQUIN",UNINCORPORATED,-121.3573226,38.160240899999998
90166493,2016,2016-04-27,9265,2016-04-20,0155,018511,,3,3,9,3900,0,1,3,,1,061,SR-26,"ALPINE RD",528.00,W,N,A,-,Y,,,26,,,,,,,Y,2,0,1,1,A,-,01,23152,A,N,E,J,A,A,H,-,D,D,0,,,,,Y,Y,A,01,1,0,0,0,0,0,0,0,0,"- ","- ",37.984949999999998,-121.19834,"SAN JOAQUIN",UNINCORPORATED,-121.19834052,37.984950599999998
90174032,2016,2016-05-06,9265,2016-03-27,0942,019795,,7,1,9,3900,0,2,4,,1,093,"THORNTON ROAD","BEAVER SLOUGH",1105.00,S,N,A,-,N,,,,,,,,,,Y,1,1,0,1,A,-,01,23152,A,N,E,I,A,A,H,-,A,D,0,,,,,Y,Y,A,07,0,0,0,0,0,0,0,0,0,"- ","- ",38.200940000000003,-121.40922999999999,"SAN JOAQUIN",UNINCORPORATED,-121.40934,38.200924000000001
90176218,2016,2016-05-26,9265,2016-04-29,1345,013444,,5,1,9,3900,0,3,5,,2,060,"CLEMENTS ROAD","BRANDT RD",2640.00,N,N,A,-,N,,,,,,,,,,Y,2,0,1,1,A,-,08,22107,,N,E,I,A,A,H,-,A,D,0,,,,,Y,,A,07,1,0,0,0,0,0,0,0,0,"- ","- ",38.154240000000001,-121.07781,"SAN JOAQUIN",UNINCORPORATED,-121.07789694,38.15526929
90178729,2016,2016-05-13,9266,2016-04-30,1025,015432,,6,1,9,3900,0,1,1,,2,024,"I-5 N/B","STEWART RD. U/C",205.00,N,N,A,-,Y,,,5,,,,,,N,Y,2,0,1,2,A,-,07,21658,A,N,B,C,A,A,H,-,A,D,0,,,Y,,Y,,A,01,1,0,0,0,0,0,0,0,1,"- ","- ",37.77955,-121.31421,"SAN JOAQUIN",UNINCORPORATED,-121.31431236,37.77968912