CASE_ID,ACCIDENT_YEAR,PROC_DATE,JURIS,COLLISION_DATE,COLLISION_TIME,OFFICER_ID,REPORTING_DISTRICT,DAY_OF_WEEK,CHP_SHIFT,POPULATION,CNTY_CITY_LOC,SPECIAL_COND,BEAT_TYPE,CHP_BEAT_TYPE,CITY_DIVISION_LAPD,CHP_BEAT_CLASS,BEAT_NUMBER,PRIMARY_RD,SECONDARY_RD,DISTANCE,DIRECTION,INTERSECTION,WEATHER_1,WEATHER_2,STATE_HWY_IND,CALTRANS_COUNTY,CALTRANS_DISTRICT,STATE_ROUTE,ROUTE_SUFFIX,POSTMILE_PREFIX,POSTMILE,LOCATION_TYPE,RAMP_INTERSECTION,SIDE_OF_HWY,TOW_AWAY,COLLISION_SEVERITY,NUMBER_KILLED,NUMBER_INJURED,PARTY_COUNT,PRIMARY_COLL_FACTOR,PCF_CODE_OF_VIOL,PCF_VIOL_CATEGORY,PCF_VIOLATION,PCF_VIOL_SUBSECTION,HIT_AND_RUN,TYPE_OF_COLLISION,MVIW,PED_ACTION,ROAD_SURFACE,ROAD_COND_1,ROAD_COND_2,LIGHTING,CONTROL_DEVICE,CHP_ROAD_TYPE,PEDESTRIAN_ACCIDENT,BICYCLE_ACCIDENT,MOTORCYCLE_ACCIDENT,TRUCK_ACCIDENT,NOT_PRIVATE_PROPERTY,ALCOHOL_INVOLVED,STWD_VEHTYPE_AT_FAULT,CHP_VEHTYPE_AT_FAULT,COUNT_SEVERE_INJ,COUNT_VISIBLE_INJ,COUNT_COMPLAINT_PAIN,COUNT_PED_KILLED,COUNT_PED_INJURED,COUNT_BICYCLIST_KILLED,COUNT_BICYCLIST_INJURED,COUNT_MC_KILLED,COUNT_MC_INJURED,PRIMARY_RAMP,SECONDARY_RAMP,LATITUDE,LONGITUDE,COUNTY,CITY,POINT_X,POINT_Y
90185039,2016,2016-05-23,9266,2016-04-09,0157,019532,,6,3,2,3920,0,1,1,,2,024,"INTERSTATE 5 NORTHBOUND","PARADISE OVERFLOW/STEWART RD. U/C",88.00,N,N,C,-,Y,,,5,,,,,,N,Y,1,1,1,1,A,-,08,22107,,N,E,I,A,B,H,-,D,D,0,,,,,Y,,A,07,0,1,0,0,0,0,0,0,0,"- ","- ",37.779260000000001,-121.315,"SAN JOAQUIN",LATHROP,-121.31496333,37.779210159999998
90191395,2016,2016-05-31,9265,2016-05-17,0535,019178,,2,3,9,3900,0,3,5,,2,060,"PELTIER RD",SR-99,3640.00,E,N,A,-,N,,,,,,,,,,Y,2,0,1,2,A,-,03,22350,,N,C,C,A,A,H,-,B,D,0,,,,,Y,,D,22,1,0,0,0,0,0,0,0,0,"- ","- ",38.189050000000002,-121.24979999999999,"SAN JOAQUIN",UNINCORPORATED,-121.26282,38.189219999999999
90191587,2016,2016-05-31,9265,2016-05-18,2046,019795,,3,2,6,3905,0,1,1,,2,504,"I-5 S/B","BENJAMIN HOLT DR",165.00,N,N,A,-,Y,,,5,,,,,,S,Y,2,0,1,2,A,-,07,21658,A,N,B,C,A,A,D,-,C,D,0,,,,Y,Y,,-,"- ",1,0,0,0,0,0,0,0,0,"- ","- ",38.005339999999997,-121.3518,"SAN JOAQUIN",STOCKTON,-121.35181417,38.005334449999999
90191856,2016,2016-05-31,9265,2016-05-29,0637,019657,,7,1,9,3900,0,2,4,,1,051,"MAIN STREET","CARDINAL AVE",78.00,E,N,A,-,N,,,,,,,,,,Y,2,0,1,2,A,-,09,21801,A,N,A,C,A,A,H,-,A,D,0,,,,,Y,Y,D,22,1,0,0,0,0,0,0,0,0,"- ","- ",37.958419999999997,-121.21895000000001,"SAN JOAQUIN",UNINCORPORATED,-121.21908688000001,37.958359860000002
90200402,2016,2016-06-13,9265,2016-05-28,0155,019136,,6,3,9,3900,0,1,3,,1,011,SR-120,"SEIDNER RD",1360.00,E,N,A,-,Y,,,,,,,,,,Y,2,0,1,1,A,-,01,23152,A,M,E,I,A,A,H,-,D,D,0,,,,,Y,Y,D,22,1,0,0,0,0,0,0,0,0,"- ","- ",37.473759999999999,-120.56484,"SAN JOAQUIN",UNINCORPORATED,-120.94609445,37.793843109999997
90207269,2016,2016-06-22,9265,2016-06-10,1550,015490,,5,2,9,3900,0,3,5,,2,060,"ASHLEY LN","FOPPIANO LN",528.00,N,N,A,-,N,,,,,,,,,,N,2,0,1,1,A,-,08,22107,,N,F,A,A,A,H,-,A,D,0,,,Y,,Y,,C,02,1,0,0,0,0,0,0,0,1,"- ","- ",38.030630000000002,-121.22589000000001,"SAN JOAQUIN",UNINCORPORATED,-121.22568353,38.030221939999997
90209799,2016,2016-06-27,9265,2016-04-27,1317,013325,,3,1,9,3900,0,1,3,,1,062,"STATE ROUTE 88","BLOSSOM COURT",580.00,W,N,A,B,Y,,,88,,,,,,,Y,1,1,0,2,C,-,18,,,N,B,G,A,A,H,-,A,D,0,,Y,,Y,Y,,-,"- ",0,0,0,0,0,1,0,0,0,"- ","- ",38.155459999999998,-121.15525,"SAN JOAQUIN",UNINCORPORATED,-121.15525943999999,38.155464070000001
90212170,2016,2016-06-29,9265,2016-05-28,0558,018452,,6,3,9,3900,0,3,5,,2,030,"SR-99 WEST FRONTAGE RD.","EAST MUNFORD AVE.",72.00,N,N,A,-,N,,,99,,,,,,,N,1,1,0,2,A,-,03,22350,,N,C,G,A,A,H,-,A,D,0,,Y,,,Y,,D,22,0,0,0,0,0,1,0,0,0,"- ","- ",37.928400000000003,-121.23260000000001,"SAN JOAQUIN",UNINCORPORATED,-121.23252912,37.928429170000001
90220929,2016,2016-07-12,9265,2016-05-12,1840,019073,,4,2,9,3900,0,3,5,,2,090,"JAHANT RD","LOWER SACRAMENTO RD",2112.00,E,N,A,-,N,,,,,,,,,,N,1,1,0,1,A,-,03,22350,,N,E,I,A,A,A,-,A,A,0,,Y,,,Y,,L,04,0,0,0,0,0,1,0,0,0,"- ","- ",38.201419999999999,-121.28793,"SAN JOAQUIN",UNINCORPORATED,-121.29533000000001,38.203699999999998
90222073,2016,2016-07-13,9265,2016-07-02,0430,019991,,6,3,9,3900,0,1,1,,2,503,"I-5 S/B","WEBER AVE",10.00,N,N,A,-,Y,,,,,,,,,,Y,2,0,1,2,A,-,03,22350,,N,D,C,A,A,H,-,C,D,0,,,,Y,Y,Y,G,25,1,0,0,0,0,0,0,0,0,"- ","- ",37.951430000000002,-121.30592,"SAN JOAQUIN",UNINCORPORATED,,
90222484,2016,2016-07-14,9265,2016-07-04,2220,019996,,1,3,9,3900,0,1,1,,2,502,"FRENCH CAMP RD TO SB I-5","FRENCH CAMP ROAD",30.00,S,N,A,-,Y,,,,,,,,,,Y,2,0,1,1,A,-,01,23152,A,N,E,I,A,A,H,-,D,D,0,,,Y,,Y,Y,C,02,1,0,0,0,0,0,0,0,1,"- ","- ",37.534880000000001,-121.17048,"SAN JOAQUIN",UNINCORPORATED,-121.32026,37.897210000000001
90241166,2016,2016-08-19,9265,2016-02-29,2307,019489,,1,3,9,3900,0,1,3,,2,006,"STATE ROUTE 99 SOUTHBOUND","LIBERTY RD",875.00,S,N,A,-,Y,,,99,,,,,,S,Y,1,1,0,1,A,-,08,22107,,N,E,I,A,A,H,-,D,D,0,,,,,Y,,A,01,0,0,0,0,0,0,0,0,0,"- ","- ",38.231009999999998,-121.27894999999999,"SAN JOAQUIN",UNINCORPORATED,-121.27887173000001,38.231059889999997
90245034,2016,2016-10-21,9266,2016-07-29,1135,015969,,5,1,9,3900,0,2,4,,1,016,"11TH STREET E/B","BANTA ROAD",1447.00,W,N,A,-,N,,,,,,,,,,Y,2,0,2,3,A,-,01,23153,A,N,A,C,A,A,H,-,A,A,0,,,,,Y,Y,A,01,1,1,0,0,0,0,0,0,0,"- ","- ",37.739730000000002,-121.38405,"SAN JOAQUIN",UNINCORPORATED,-121.38499573,37.73966137
90250776,2016,2016-08-23,9265,2016-07-20,2232,019666,,3,3,9,3900,0,1,1,,2,505,"I-5 S/B","WALNUT GROVE RD",3480.00,N,N,A,-,Y,,,5,,,,,,S,Y,2,0,2,2,A,-,01,23152,A,N,C,E,A,A,H,-,D,D,0,,,,,Y,Y,A,01,1,1,0,0,0,0,0,0,0,"- ","- ",38.234490000000001,-121.43707000000001,"SAN JOAQUIN",UNINCORPORATED,-121.43700367,38.234537709999998
90259968,2016,2016-09-02,9265,2016-08-06,1145,015604,,6,1,4,3903,0,1,3,,2,025,"SR-120 E/B","AIRPORT WAY",321.00,E,N,A,-,Y,,,120,,,,,,E,Y,2,0,2,3,A,-,03,22350,,N,C,C,A,A,H,-,A,D,0,,,,,Y,,D,22,1,0,1,0,0,0,0,0,0,"- ","- ",37.78295,-121.25122,"SAN JOAQUIN",MANTECA,-121.25121984,37.783062649999998
90262354,2016,2016-09-06,9265,2016-07-29,1030,018452,,5,1,9,3900,0,1,3,,1,092,SR-12,"DAVIS RD",0.00,,Y,A,-,Y,,,12,,,,,,,Y,2,0,6,2,A,-,12,21453,A,N,D,C,A,A,H,-,A,A,0,,,,,Y,,A,01,1,2,3,0,0,0,0,0,0,"- ","- ",38.115499999999997,-121.334,"SAN JOAQUIN",UNINCORPORATED,-121.33399969,38.115545560000001
90265473,2016,2016-11-02,9265,2016-08-14,0830,016661,,7,1,9,3900,0,3,5,,2,030,"BOWMAN RD","MANTHEY RD",0.00,,Y,A,-,N,,,,,,,,,,N,2,0,1,1,A,-,03,22350,,F,E,I,A,A,H,-,A,D,0,,,,,Y,Y,D,22,1,0,0,0,0,0,0,0,0,"- ","- ",,,"SAN JOAQUIN",UNINCORPORATED,-121.27972998,37.865739929999997
90266326,2016,2016-10-03,9265,2016-07-30,2350,019991,,6,3,9,3900,0,3,5,,2,030,"ODELL AVE","IVY AVE",693.00,S,N,A,-,N,,,,,,,,,,Y,1,1,0,1,A,-,01,23152,A,N,E,I,A,A,H,-,C,D,0,,,,,Y,Y,A,08,0,0,0,0,0,0,0,0,0,"- ","- ",37.915750000000003,-121.28223,"SAN JOAQUIN",UNINCORPORATED,-121.28255126000001,37.915916420000002
90269777,2016,2016-09-19,9265,2016-08-24,2017,019073,,3,2,9,3900,0,1,3,,1,062,SR-88,"LIVE OAK RD",0.00,,Y,A,-,Y,,,88,,,,,,,Y,2,0,3,3,A,-,12,22450,A,N,D,C,A,A,H,-,D,A,0,,,,,Y,,A,01,1,1,1,0,0,0,0,0,0,"- ","- ",38.07978,-121.18506000000001,"SAN JOAQUIN",UNINCORPORATED,-121.18497572,38.07975356
90271717,2016,2016-09-20,9265,2016-08-28,2000,019246,,7,2,3,3904,0,1,3,,2,001,"SR-99 S/B","JACK TONE RD",1478.00,N,N,A,-,Y,,,,,,,,,,Y,2,0,2,2,A,-,03,22350,,F,C,C,A,A,H,-,C,D,0,,,,,Y,,A,07,1,1,0,0,0,0,0,0,0,"- ","- ",37.451749999999997,-121.85072,"SAN JOAQUIN",RIPON,-121.14223,37.753010000000003
90276503,2016,2016-09-27,9265,2016-09-10,1520,019193,,6,2,9,3900,0,1,3,,1,062,"CORD RD","ACAMPO RD",2000.00,N,N,A,-,N,,,,,,,,,,Y,2,0,1,1,A,-,08,22107,,N,E,I,A,A,H,-,A,D,0,,,,,Y,,A,01,1,0,0,0,0,0,0,0,0,"- ","- ",38.186349999999997,-121.01873999999999,"SAN JOAQUIN",UNINCORPORATED,-121.01874614,38.183111879999998
9027740,2020,2020-07-13,3906,2020-02-08,0443,1251,,6,5,5,3906,0,0,0,,0,005,"E GRANT LINE RD","N MACARTHUR DR",137.00,W,N,A,-,N,,,,,,,,,,N,2,0,1,2,A,-,11,21950,B,N,A,B,D,A,H,-,D,D,0,Y,,,,Y,,N,60,1,0,0,0,1,0,0,0,0,"- ","- ",37.754188537597656,-121.41532897949219,"SAN JOAQUIN",TRACY,-121.41512298583984,37.754234313964844
90281119,2016,2016-09-30,9266,2016-09-20,0406,013668,,2,3,9,3900,0,2,4,,1,022,"CORRAL HOLLOW ROAD","VALPICO ROAD",1287.00,S,N,A,-,N,,,,,,,,,,Y,1,1,1,2,A,-,05,21460,A,N,A,C,A,A,H,-,D,D,0,,,,,Y,,A,01,0,0,1,0,0,0,0,0,0,"- ","- ",37.706760000000003,-121.45287,"SAN JOAQUIN",UNINCORPORATED,-121.45287626,37.707055140000001
90293763,2016,2016-10-19,9265,2016-07-22,2148,019666,,5,2,4,3903,0,1,3,,2,025,"STATE ROUTE 120 EASTBOUND","MCKINLEY AVE",380.00,E,N,A,-,Y,,,120,,,,,,E,Y,1,1,2,3,A,-,08,22107,,N,D,C,A,A,H,-,D,D,0,,,,Y,Y,,A,01,1,0,1,0,0,0,0,0,0,"- ","- ",37.784500000000001,-121.26926,"SAN JOAQUIN",MANTECA,-121.26928186000001,37.784419970000002
9029761,2019,2020-02-11,3905,2019-12-24,1712,2463,LAK,2,5,6,3905,0,0,0,,0,,"PACIFIC AV","MARCH LN",253.00,S,N,B,-,N,,,,,,,,,,N,2,0,1,2,A,-,11,21955,,N,G,B,D,A,H,-,C,D,0,Y,,,,Y,,N,60,1,0,0,0,1,0,0,0,0,"- ","- ",37.991489410400391,-121.31227874755859,"SAN JOAQUIN",STOCKTON,-121.31259918212891,37.990749359130859
90300985,2016,2016-10-25,9265,2016-09-28,1635,019558,,3,2,6,3905,0,1,3,,1,042,"I-5 TO SR-4 E/B","MADISON ST.",528.00,W,N,A,-,Y,,,,,,,,,,Y,1,1,0,2,A,-,11,21954,A,N,G,B,D,A,H,-,A,D,0,Y,,,,Y,,N,60,0,0,0,1,0,0,0,0,0,"- ","- ",37.949759999999998,-121.29486,"SAN JOAQUIN",STOCKTON,-121.28967,37.93186
90305751,2016,2016-10-28,9265,2016-08-04,0500,019073,,4,3,6,3905,0,1,1,,2,503,"I-5 N/B","ANDERSON AVE",10.00,S,N,A,-,Y,,,5,,,,,,N,N,1,1,0,2,A,-,11,21954,A,N,G,B,D,A,D,-,C,A,0,Y,,,,Y,Y,N,60,0,0,0,1,0,0,0,0,0,"- ","- ",37.94079,-121.29817,"SAN JOAQUIN",STOCKTON,-121.2980926,37.940803440000003
90308963,2016,2016-11-01,9265,2016-08-07,0236,019906,,7,3,9,3900,0,3,5,,2,030,"FRENCH CAMP ROAD","I-5 S/B TO/FROM FRENCH CAMP RD",0.00,,Y,A,-,Y,,,,,,,,,,N,1,1,0,1,C,-,18,,,N,H,A,A,A,H,-,C,A,0,,,,,Y,,-,"- ",0,0,0,0,0,0,0,0,0,"- ","- ",37.897170000000003,-121.28572,"SAN JOAQUIN",UNINCORPORATED,,
90309309,2016,2016-11-02,9265,2016-10-25,2305,017021,,2,3,9,3900,0,1,1,,2,505,"I-5 N/B","WALNUT GROVE RD",3538.00,S,N,B,-,Y,,,,,,,,,,Y,2,0,1,1,A,-,01,23152,A,N,E,I,A,A,H,-,D,D,0,,,,,Y,Y,A,01,1,0,0,0,0,0,0,0,0,"- ","- ",38.4651,-121.2375,"SAN JOAQUIN",UNINCORPORATED,,
90315350,2016,2016-11-09,9265,2016-09-03,2128,018784,,6,2,9,3900,0,2,4,,1,015,"ESCALON BELLOTA RD","MARIPOSA RD",100.00,E,N,A,-,N,,,,,,,,,,Y,1,1,5,2,A,-,01,23152,F,N,A,C,A,A,H,-,E,D,0,,,,,Y,Y,A,01,4,1,0,0,0,0,0,0,0,"- ","- ",37.83419,-120.9979,"SAN JOAQUIN",UNINCORPORATED,-120.997984,37.834175000000002
90324663,2016,2016-11-18,9265,2016-11-12,1420,018836,,6,2,9,3900,0,3,5,,2,040,"WOODSBORO RD",SR-4,2534.00,N,N,A,-,N,,,,,,,,,,Y,2,0,1,1,A,-,03,22350,,N,E,I,A,A,H,-,A,D,0,,,,,Y,,D,22,1,0,0,0,0,0,0,0,0,"- ","- ",37.933909999999997,-121.36703,"SAN JOAQUIN",UNINCORPORATED,-121.36698546,37.933858710000003
90332131,2016,2017-10-18,9266,2016-11-18,2038,018751,,5,2,9,3900,0,2,4,,2,030,"MOUNTAIN HOUSE PKWY","MASCOT BLVD",1335.00,S,N,A,-,N,,,,,,,,,,Y,1,1,0,1,A,-,08,22107,,N,E,I,A,A,H,-,C,D,0,,,,,Y,,A,01,0,0,0,0,0,0,0,0,0,"- ","- ",37.764510000000001,-121.53228,"SAN JOAQUIN",UNINCORPORATED,-121.5317294,37.763363720000001
90337888,2016,2016-12-06,9266,2016-11-04,2255,019730,,5,3,9,3900,0,1,1,,2,021,"I-580 E/B TO SR-132 E/B","CHRISMAN ROAD",4715.00,W,N,A,-,Y,,,580,,,,R,,E,Y,1,1,0,1,A,-,08,22107,,N,F,I,A,A,H,-,D,D,0,,,,,Y,,A,01,0,0,0,0,0,0,0,0,0,"- ","- ",37.644280000000002,-121.41189,"SAN JOAQUIN",UNINCORPORATED,-121.41189,37.644280000000002
90344942,2016,2016-12-14,9265,2016-12-05,1120,019387,,1,1,6,3905,0,1,1,,2,503,"INTERSTATE 5 SOUTHBOUND",SR-4,250.00,S,N,B,-,Y,,,5,,,,,,S,Y,2,0,2,2,A,-,03,22350,,N,C,C,A,A,H,-,A,D,0,,,,,Y,,A,01,1,0,1,0,0,0,0,0,0,"- ","- ",37.946800000000003,-121.29949999999999,"SAN JOAQUIN",STOCKTON,-121.29971423000001,37.946684429999998
90347013,2016,2016-12-16,9265,2016-12-14,0948,019906,,3,1,6,3905,0,1,1,,2,503,"I-5 N/B","CHURCH ST",200.00,N,N,B,-,Y,,,5,,,,,,N,Y,2,0,1,1,A,-,00,21685,,N,E,I,A,A,H,-,A,D,0,,,,,Y,,A,01,1,0,0,0,0,0,0,0,0,"- ","- ",37.946800000000003,-121.29967000000001,"SAN JOAQUIN",STOCKTON,-121.29950701999999,37.946887439999998
90348970,2016,2016-12-20,9265,2016-10-01,2131,018825,,6,2,9,3900,0,2,4,,1,072,"WEST LANE","FULTON STREET",139.00,S,N,A,-,N,,,,,,,,,,Y,1,2,1,3,A,-,01,23152,A,N,C,E,A,A,H,-,D,D,0,,,,,Y,Y,A,01,1,0,0,0,0,0,0,0,0,"- ","- ",37.986400000000003,-121.28489999999999,"SAN JOAQUIN",UNINCORPORATED,-121.28486812,37.986572799999998
90352167,2016,2016-12-27,9265,2016-12-05,0019,017039,,1,3,2,3920,0,1,1,,2,502,"I-5 S/B","LATHROP RD",535.00,N,N,A,-,Y,,,5,,,,,,S,Y,1,1,1,2,A,-,07,21658,A,N,B,C,A,A,D,-,C,D,0,,,,Y,Y,Y,G,25,0,0,1,0,0,0,0,0,0,"- ","- ",37.827469999999998,-121.29042,"SAN JOAQUIN",LATHROP,-121.2898878,37.827263180000003
90355516,2016,2016-12-27,9266,2016-12-13,0710,019730,,2,1,9,3900,0,1,1,,2,014,"I-205 W/B","ELEVENTH ST.",2112.00,W,N,A,-,Y,,,205,,,,,,W,Y,2,0,2,2,A,-,07,21658,A,N,B,C,A,A,H,-,A,D,0,,,,Y,Y,,D,22,2,0,0,0,0,0,0,0,0,"- ","- ",37.740699999999997,-121.504,"SAN JOAQUIN",UNINCORPORATED,-121.50399066999999,37.740841920000001
90355814,2016,2016-12-28,9265,2016-12-25,1735,019996,,7,2,9,3900,0,3,5,,2,060,"N. CHEROKEE LANE","JAHANT ROAD",850.00,N,N,A,-,N,,,,,,,,,,Y,2,0,4,1,A,-,01,23152,A,N,E,I,A,A,H,-,D,D,0,,,,,Y,Y,A,07,1,3,0,0,0,0,0,0,0,"- ","- ",38.206829999999997,-121.26284,"SAN JOAQUIN",UNINCORPORATED,-121.26203838000001,38.206009209999998
90359550,2016,2017-02-13,9266,2016-12-28,0410,018330,,3,3,9,3900,0,2,4,,2,013,"BYRON ROAD","HANSEN ROAD",353.00,E,N,A,-,N,,,,,,,,,,Y,2,0,1,1,A,-,03,22350,,N,E,H,A,A,C,-,D,D,0,,,,,Y,,A,01,1,0,0,0,0,0,0,0,0,"- ","- ",37.77131,-121.51269000000001,"SAN JOAQUIN",UNINCORPORATED,-121.51226521,37.770939480000003
90370363,2016,2017-01-17,9265,2016-12-20,1742,019991,,2,2,9,3900,0,2,4,,1,074,"BENJAMIN HOLT DR","GETTYSBURG PL",295.00,E,N,A,-,N,,,,,,,,,,N,1,1,0,2,A,-,11,21954,A,N,G,B,D,A,H,-,C,D,0,Y,,,,Y,Y,N,60,0,0,0,1,0,0,0,0,0,"- ","- ",38.010629999999999,-121.32186,"SAN JOAQUIN",UNINCORPORATED,-121.32300028,38.010392500000002
9038813,2020,2020-02-26,3905,2020-01-12,2230,2788,CIV,7,5,6,3905,0,0,0,,0,,"WEST LN","ALPINE AV",1020.00,S,N,A,-,N,,,,,,,,,,,2,0,1,2,A,-,11,21954,A,N,G,B,E,A,H,-,D,D,0,Y,,,,Y,Y,N,60,1,0,0,0,1,0,0,0,0,"- ","- ",37.983940124511719,-121.28349304199219,"SAN JOAQUIN",STOCKTON,-121.28282165527344,37.981292724609375
90388735,2017,2017-02-08,9265,2017-01-11,2500,019128,,3,4,6,3905,0,1,1,,2,503,"I-5 N/B","DR. MARTIN LUTHER KING JR. BLVD.",1024.00,N,N,B,C,Y,,,5,,,,,,N,Y,1,1,0,1,A,-,08,22107,,N,E,I,A,B,H,-,C,D,0,,,,,Y,,D,22,0,0,0,0,0,0,0,0,0,"- ","- ",37.939439999999998,-121.29776,"SAN JOAQUIN",STOCKTON,-121.2978379,37.939427979999998
90393643,2017,2017-02-15,9265,2017-01-20,0520,019341,,5,3,5,3902,0,1,3,,2,006,"SR-99 NORTHBOUND","CHEROKEE LANE OVERCROSSING",259.00,S,N,B,C,Y,,,99,,,,,,N,Y,1,1,0,1,A,-,03,22350,,N,E,I,A,B,H,-,D,D,0,,,,,Y,,A,01,0,0,0,0,0,0,0,0,0,"- ","- ",38.108060000000002,-121.25944,"SAN JOAQUIN",LODI,-121.25954344,38.108082330000002
90408404,2017,2017-03-08,9265,2017-02-21,1237,016661,,2,1,9,3900,0,1,1,,2,502,"I-5 S/B","HOSPITAL RD",59.00,S,N,A,-,Y,,,5,,,,,,S,Y,2,0,1,1,A,-,08,22107,,N,E,I,A,A,H,-,A,D,0,,,,,Y,,A,01,1,0,0,0,0,0,0,0,0,"- ","- ",37.883920000000003,-121.27914,"SAN JOAQUIN",UNINCORPORATED,-121.27932074,37.883878979999999
90410158,2017,2017-03-10,9266,2017-02-18,1130,014717,,6,1,9,3900,0,1,1,,2,014,"I-205 E/B","BYRON ROAD",2577.00,W,N,B,-,Y,,,205,,,,,,E,Y,1,1,0,3,A,-,07,21658,A,F,E,I,A,A,H,-,A,D,0,,,,,Y,,-,99,0,0,0,0,0,0,0,0,0,"- ","- ",37.745249999999999,-121.4842,"SAN JOAQUIN",UNINCORPORATED,-121.48422481,37.745310609999997
90413795,2017,2017-03-16,9265,2017-03-11,0758,019413,,6,1,9,3900,0,3,5,,2,010,"SR-4 E/B","WAVERLY RD",2112.00,E,N,A,-,Y,,,4,,,,,,E,Y,2,0,1,1,A,-,08,22107,,N,F,A,A,A,H,-,A,D,0,,,,,Y,,D,22,1,0,0,0,0,0,0,0,0,"- ","- ",37.944859999999998,-120.93639,"SAN JOAQUIN",UNINCORPORATED,-120.93639,37.944860939999998
90425888,2017,2017-04-03,9265,2017-03-23,1730,019885,,4,2,9,3900,0,3,5,,2,090,"COLLIER RD","CHEROKEE LN",0.00,,Y,A,-,N,,,,,,,,,,N,2,0,1,2,A,-,09,21801,A,N,D,C,A,A,H,-,A,D,0,,,Y,,Y,,A,01,1,0,0,0,0,0,0,0,1,"- ","- ",38.218310000000002,-121.2632,"SAN JOAQUIN",UNINCORPORATED,-121.26318999999999,38.218339929999999
90426208,2017,2017-04-03,9265,2017-03-22,0818,018836,,3,1,6,3905,0,1,1,,2,503,"I-5 S/B","CHARTER WAY",1109.00,S,N,C,-,Y,,,5,,,,,,S,Y,2,0,1,1,A,-,08,22107,,N,E,I,A,B,H,-,A,D,0,,,,,Y,,A,01,1,0,0,0,0,0,0,0,0,"- ","- ",37.933619999999998,-121.29727,"SAN JOAQUIN",STOCKTON,-121.29711193,37.933655180000002
90427369,2017,2017-04-04,9266,2017-03-30,1440,013866,,4,2,9,3900,0,1,1,,2,021,"I-580 E/B","HANSEN RD. U/C",30.00,W,N,A,-,Y,,,580,,,,,,E,Y,2,0,2,3,A,-,03,22350,,N,C,C,A,A,H,-,A,D,0,,,,Y,Y,,A,01,1,0,1,0,0,0,0,0,0,"- ","- ",37.70599,-121.51289,"SAN JOAQUIN",UNINCORPORATED,-121.51301004,37.705792219999999
90427822,2017,2017-04-05,9265,2017-03-28,1910,019774,,2,2,9,3900,0,1,1,,2,505,"I-5 N/B","EIGHT MILE RD",2732.00,N,N,A,-,Y,,,5,,,,,,N,Y,2,0,1,2,A,-,08,22107,,N,B,C,A,A,H,-,B,D,0,,,,,Y,,A,07,1,0,0,0,0,0,0,0,0,"- ","- ",38.064019999999999,-121.37434,"SAN JOAQUIN",UNINCORPORATED,-121.37439388,38.064003069999998
90438437,2017,2017-04-20,9265,2017-04-10,1005,019193,,1,1,9,3900,0,1,3,,1,062,SR-88,"2ND ST",0.00,,Y,A,-,Y,,,88,,,,,,,Y,2,0,1,2,A,-,01,23152,A,N,A,C,A,A,H,-,A,D,0,,,,,Y,Y,D,22,1,0,0,0,0,0,0,0,0,"- ","- ",38.190719999999999,-121.0885,"SAN JOAQUIN",UNINCORPORATED,-121.08848319000001,38.190662119999999
90443126,2017,2017-04-27,9265,2017-04-18,1820,019996,,2,2,9,3900,0,3,5,,2,040,"MATHEWS ROAD","DELIVERY DRIVE",0.00,,Y,A,-,N,,,,,,,,,,Y,2,0,1,2,A,-,05,21752,D,N,D,C,A,A,H,-,A,D,0,,,Y,,Y,,C,02,1,0,0,0,0,0,0,0,1,"- ","- ",37.882390000000001,-121.28838,"SAN JOAQUIN",UNINCORPORATED,-121.28836993,37.882389940000003
90446450,2017,2017-05-01,9265,2017-04-24,0032,019774,,1,3,4,3903,0,1,3,,2,025,"SR-120 E/B",SR-99,1320.00,W,N,B,-,Y,,,120,,,,,,E,Y,2,0,1,3,A,-,01,23152,A,N,B,C,A,A,H,-,D,D,0,,,,Y,Y,Y,A,01,1,0,0,0,0,0,0,0,0,"- ","- ",37.783279999999998,-121.21245999999999,"SAN JOAQUIN",MANTECA,-121.21246003,37.783208649999999
90449699,2017,2017-05-05,9265,2017-05-03,1310,015490,,3,1,9,3900,0,3,5,,2,060,"SR-99 EAST FRONTAGE ROAD","HAMMER LN",1056.00,S,N,A,-,N,,,99,,,,,,,Y,2,0,1,2,A,-,09,21801,A,N,D,C,A,A,H,-,A,D,0,,,,,Y,,A,07,1,0,0,0,0,0,0,0,0,"- ","- ",38.01755,-121.25776,"SAN JOAQUIN",UNINCORPORATED,-121.25802908999999,38.017545349999999
90451708,2017,2017-05-09,9265,2017-05-01,0255,019991,,1,3,9,3900,0,1,3,,2,004,"SR-99 S/B","EIGHT MILE ROAD",328.00,S,N,A,-,Y,,,99,,,,,,S,Y,2,0,1,1,A,-,01,23152,A,N,E,I,A,A,H,-,D,D,0,,,,,Y,Y,A,01,1,0,0,0,0,0,0,0,0,"- ","- ",38.056460000000001,-121.25973999999999,"SAN JOAQUIN",UNINCORPORATED,-121.25955884,38.056473740000001
90454136,2017,2017-05-11,9265,2017-05-03,1803,013193,,3,2,9,3900,0,3,5,,2,090,"PELTIER RD","UPRR TRACKS",2640.00,E,N,A,-,N,,,,,,,,,,Y,2,0,1,1,A,-,01,23152,A,N,F,A,A,A,H,-,A,D,0,,,,,Y,Y,A,01,1,0,0,0,0,0,0,0,0,"- ","- ",38.189399999999999,-121.38976,"SAN JOAQUIN",UNINCORPORATED,-121.38976,38.189399999999999
90457652,2017,2017-05-17,9265,2017-05-08,0005,015629,,1,3,3,3904,0,1,3,,2,001,"SR-99 S/B","JACK TONE ROAD",2212.00,N,N,A,-,Y,,,99,,,,,,S,Y,2,0,2,4,A,-,01,23152,A,N,C,C,A,A,D,-,C,A,0,,,,,Y,Y,A,01,1,0,1,0,0,0,0,0,0,"- ","- ",37.755380000000002,-121.14908,"SAN JOAQUIN",RIPON,-121.14890378,37.755675420000003