CASE_ID,ACCIDENT_YEAR,PROC_DATE,JURIS,COLLISION_DATE,COLLISION_TIME,OFFICER_ID,REPORTING_DISTRICT,DAY_OF_WEEK,CHP_SHIFT,POPULATION,CNTY_CITY_LOC,SPECIAL_COND,BEAT_TYPE,CHP_BEAT_TYPE,CITY_DIVISION_LAPD,CHP_BEAT_CLASS,BEAT_NUMBER,PRIMARY_RD,SECONDARY_RD,DISTANCE,DIRECTION,INTERSECTION,WEATHER_1,WEATHER_2,STATE_HWY_IND,CALTRANS_COUNTY,CALTRANS_DISTRICT,STATE_ROUTE,ROUTE_SUFFIX,POSTMILE_PREFIX,POSTMILE,LOCATION_TYPE,RAMP_INTERSECTION,SIDE_OF_HWY,TOW_AWAY,COLLISION_SEVERITY,NUMBER_KILLED,NUMBER_INJURED,PARTY_COUNT,PRIMARY_COLL_FACTOR,PCF_CODE_OF_VIOL,PCF_VIOL_CATEGORY,PCF_VIOLATION,PCF_VIOL_SUBSECTION,HIT_AND_RUN,TYPE_OF_COLLISION,MVIW,PED_ACTION,ROAD_SURFACE,ROAD_COND_1,ROAD_COND_2,LIGHTING,CONTROL_DEVICE,CHP_ROAD_TYPE,PEDESTRIAN_ACCIDENT,BICYCLE_ACCIDENT,MOTORCYCLE_ACCIDENT,TRUCK_ACCIDENT,NOT_PRIVATE_PROPERTY,ALCOHOL_INVOLVED,STWD_VEHTYPE_AT_FAULT,CHP_VEHTYPE_AT_FAULT,COUNT_SEVERE_INJ,COUNT_VISIBLE_INJ,COUNT_COMPLAINT_PAIN,COUNT_PED_KILLED,COUNT_PED_INJURED,COUNT_BICYCLIST_KILLED,COUNT_BICYCLIST_INJURED,COUNT_MC_KILLED,COUNT_MC_INJURED,PRIMARY_RAMP,SECONDARY_RAMP,LATITUDE,LONGITUDE,COUNTY,CITY,POINT_X,POINT_Y
90461463,2017,2017-05-23,9265,2017-05-14,1505,018047,,7,2,6,3905,0,1,1,,2,504,"I-5 N/B TO EIGHT MILE RD","EIGHT MILE RD",800.00,S,N,A,-,Y,,,5,,,,R,,N,N,2,0,1,2,A,-,03,22350,,N,C,C,A,A,H,-,A,A,0,,,,,Y,,A,01,1,0,0,0,0,0,0,0,0,"- ","- ",38.057639999999999,-121.37209,"SAN JOAQUIN",STOCKTON,-121.37209,38.057639999999999
90462711,2017,2017-05-24,9265,2017-05-18,1758,019885,,4,2,9,3900,0,2,4,,1,091,"WEST LN","EIGHT MILE RD",0.00,,Y,A,-,N,,,,,,,,,,Y,2,0,2,3,A,-,12,21453,A,N,D,C,A,A,H,-,A,A,0,,,,,Y,,A,01,1,1,0,0,0,0,0,0,0,"- ","- ",38.05706,-121.29643,"SAN JOAQUIN",UNINCORPORATED,-121.29633990000001,38.05745993
90468256,2017,2017-05-31,9265,2017-05-19,1742,019795,,5,2,9,3900,0,1,3,,1,041,"HOWARD RD","ROBERTS RD",100.00,W,N,A,-,N,,,,,,,,,,Y,2,0,3,2,A,-,05,21460,A,N,A,C,A,A,H,-,A,D,0,,,,,Y,,A,01,1,0,2,0,0,0,0,0,0,"- ","- ",37.877459999999999,-121.34113000000001,"SAN JOAQUIN",UNINCORPORATED,-121.3427465,37.877400000000002
90469358,2017,2017-09-20,9266,2017-05-09,0655,013668,,2,1,9,3900,0,1,1,,2,014,"I-205 W/B","HANSEN ROAD",1584.00,W,N,A,-,Y,,,205,,,,,,W,Y,1,1,0,3,A,-,07,21658,A,N,B,C,A,A,H,-,A,D,0,,,Y,Y,Y,,C,02,0,0,0,0,0,0,0,1,0,"- ","- ",37.741689999999998,-121.51817,"SAN JOAQUIN",UNINCORPORATED,-121.51816705,37.741737819999997
90470589,2017,2017-06-05,9265,2017-05-24,0525,019991,,3,3,2,3920,0,1,1,,2,502,"I-5 S/B TO LOUISE AVE","LOUISE AVE",1422.00,N,N,C,-,Y,,,5,,,,R,,S,Y,2,0,1,2,A,-,07,21658,A,N,B,C,A,A,H,-,A,D,0,,,Y,,Y,,A,01,1,0,0,0,0,0,0,0,0,"- ","- ",37.813780000000001,-121.29528999999999,"SAN JOAQUIN",LATHROP,-121.29528999999999,37.813780000000001
90472578,2017,2017-06-07,9265,2017-05-26,0400,018836,,5,3,9,3900,0,1,3,,1,063,SR-12,"MC INTIRE RD",770.00,E,N,A,-,Y,,,12,,,,,,,Y,2,0,1,1,A,-,08,22107,,N,F,A,A,A,H,-,D,D,0,,,,,Y,,A,01,1,0,0,0,0,0,0,0,0,"- ","- ",38.201369999999997,-121.03440999999999,"SAN JOAQUIN",UNINCORPORATED,-121.03440664,38.201308750000003
90476305,2017,2017-06-12,9265,2017-05-22,0729,018289,,1,1,9,3900,0,1,3,,1,062,"STATE ROUTE 88","FAIRCHILD ROAD",479.00,W,N,A,-,Y,,,88,,,,,,,Y,2,0,3,1,A,-,01,23152,F,N,E,I,A,A,H,-,A,D,0,,,,,Y,,A,01,2,1,0,0,0,0,0,0,0,"- ","- ",38.004199999999997,-121.22029999999999,"SAN JOAQUIN",UNINCORPORATED,-121.22040883,38.004323110000001
90501075,2017,2017-07-14,9265,2017-06-29,1420,017989,,4,2,9,3900,0,1,1,,2,505,"I-5 S/B","EIGHT MILE RD",3168.00,N,N,A,-,Y,,,5,,,,,,S,Y,2,0,1,1,A,-,08,22107,,N,F,A,A,A,H,-,A,D,0,,,,,Y,,D,22,1,0,0,0,0,0,0,0,0,"- ","- ",38.067689999999999,-121.37567,"SAN JOAQUIN",UNINCORPORATED,-121.37588454999999,38.067624700000003
90502806,2017,2017-07-18,9265,2017-07-07,1820,020785,,5,2,2,3920,0,1,3,,2,025,"SR-120 W/B","I-5 S/B",50.00,W,N,A,-,Y,,,120,,,,,,W,Y,2,0,1,1,A,-,08,22107,,N,E,I,A,A,H,-,A,D,0,,,,,Y,,D,22,1,0,0,0,0,0,0,0,0,"- ","- ",37.788359999999997,-121.30266,"SAN JOAQUIN",LATHROP,-121.30216811,37.788656080000003
90503889,2017,2017-07-19,9265,2017-07-07,2050,019341,,5,2,9,3900,0,1,3,,2,004,"SR-99 N/B","EIGHT MILE RD",2197.00,S,N,A,-,Y,,,99,,,,,,N,Y,2,0,3,2,A,-,08,22107,,N,B,C,A,A,H,-,D,D,0,,,,,Y,,D,22,1,2,0,0,0,0,0,0,0,"- ","- ",38.051769999999998,-121.25908,"SAN JOAQUIN",UNINCORPORATED,-121.25903434999999,38.051773429999997
90507366,2017,2017-07-25,9265,2017-07-14,2325,019888,,5,3,4,3903,0,1,3,,2,025,"SR-120 E/B TO SR-99 N/B","SR-99 S/B",148.00,W,N,A,-,Y,,,120,,,,R,,E,Y,2,0,1,1,A,-,01,23152,A,N,E,I,A,A,H,-,D,D,0,,,,,Y,Y,A,01,1,0,0,0,0,0,0,0,0,"- ","- ",37.785220000000002,-121.18883,"SAN JOAQUIN",MANTECA,-121.18883,37.785220000000002
90508226,2017,2017-07-25,9265,2017-07-21,1143,17405,,5,1,9,3900,0,3,5,,2,010,"FRENCH CAMP RD.","AUSTIN RD.",0.00,,Y,A,-,N,,,,,,,,,,Y,2,0,3,2,A,-,12,22450,A,N,D,C,A,A,H,-,A,A,0,,,,Y,Y,,G,27,1,1,1,0,0,0,0,0,0,"- ","- ",37.847630000000002,-121.18626999999999,"SAN JOAQUIN",UNINCORPORATED,-121.18633989999999,37.847599930000001
90511564,2017,2017-07-28,9265,2017-04-22,0433,019073,,6,3,3,3904,0,1,3,,2,001,"SR-99 S/B","MAIN ST",1637.00,S,N,A,-,Y,,,99,,,,,,S,N,1,1,0,2,A,-,11,21954,A,F,G,B,E,A,H,-,D,D,0,Y,,,,Y,Y,N,60,0,0,0,1,0,0,0,0,0,"- ","- ",37.736400000000003,-121.11734,"SAN JOAQUIN",RIPON,-121.11735089,37.736387010000001
90515402,2017,2017-08-03,9265,2017-06-20,1620,016661,,2,2,2,3920,0,1,1,,2,502,"I-5 S/B","LATHROP RD",2733.00,N,N,A,-,Y,,,5,,,,,,S,Y,2,0,3,1,A,-,08,22107,,N,E,I,A,A,H,-,A,D,0,,,,,Y,,A,07,3,0,0,0,0,0,0,0,0,"- ","- ",37.834690000000002,-121.2876,"SAN JOAQUIN",LATHROP,-121.28719861,37.834584900000003
90517986,2017,2017-08-17,9265,2017-08-04,2129,018784,,5,2,9,3900,0,1,1,,2,504,"I-5 S/B","HAMMER LN",4224.00,N,N,A,-,Y,,,,,,,,,,Y,2,0,2,2,A,-,01,23152,A,N,B,E,A,A,H,-,D,D,0,,,,Y,Y,Y,A,01,2,0,0,0,0,0,0,0,0,"- ","- ",38.034140000000001,-121.36548000000001,"SAN JOAQUIN",UNINCORPORATED,,
90523243,2017,2017-08-15,9265,2017-08-12,2241,020550,,6,3,9,3900,0,1,3,,2,004,"SR-99 S/B","WATERLOO RD",8.00,S,N,A,-,Y,,,99,,,,,,S,Y,2,0,4,3,A,-,01,23152,A,N,E,I,A,A,H,-,D,D,0,,,,,Y,Y,A,07,1,1,2,0,0,0,0,0,0,"- ","- ",37.98451,-121.25032,"SAN JOAQUIN",UNINCORPORATED,-121.25023837000001,37.984513710000002
90523508,2017,2017-08-15,9265,2017-08-02,0545,015756,,3,3,9,3900,0,2,4,,1,064,"JACK TONE RD","COPPEROPOLIS RD",2534.00,N,N,A,-,N,,,,,,,,,,Y,2,0,2,2,A,-,03,22350,,N,C,C,A,A,H,-,B,D,0,,,,,Y,,A,07,1,0,1,0,0,0,0,0,0,"- ","- ",37.97748,-121.1489,"SAN JOAQUIN",UNINCORPORATED,-121.1488956,37.977417090000003
90523794,2017,2017-08-15,9265,2017-08-03,0005,019073,,4,3,9,3900,0,2,4,,1,093,"LOWER SACRAMENTO RD","ACAMPO RD",420.00,N,N,A,-,N,,,,,,,,,,Y,2,0,1,1,A,-,01,23152,A,N,E,I,A,A,H,-,C,D,0,,,,,Y,Y,A,01,1,0,0,0,0,0,0,0,0,"- ","- ",38.176090000000002,-121.29404,"SAN JOAQUIN",UNINCORPORATED,-121.29409722,38.175823370000003
90534497,2017,2017-08-28,9266,2017-08-18,1905,019312,,5,2,9,3900,0,2,4,,2,010,"HOWARD ROAD","WING LEVEE ROAD",528.00,W,N,A,-,N,,,,,,,,,,Y,2,0,1,1,A,-,01,23152,A,N,F,A,A,A,H,-,A,D,0,,,Y,,Y,Y,C,02,1,0,0,0,0,0,0,0,1,"- ","- ",37.877020000000002,-121.38813,"SAN JOAQUIN",UNINCORPORATED,-121.38581949,37.877057360000002
90538558,2017,2017-09-01,9265,2017-08-02,1740,019888,,3,2,9,3900,0,2,4,,1,091,"WEST LN","ARMSTRONG RD",0.00,,Y,A,-,N,,,,,,,,,,Y,2,0,3,4,A,-,12,21453,A,N,D,C,A,A,H,-,A,A,0,,,,,Y,,A,01,1,2,0,0,0,0,0,0,0,"- ","- ",38.086440000000003,-121.27858000000001,"SAN JOAQUIN",UNINCORPORATED,-121.27860998,38.086460000000002
90544799,2017,2017-09-26,9265,2017-08-10,1120,019128,,4,1,9,3900,0,3,5,,2,030,"KAISER ROAD","MARIPOSA ROAD",3590.00,N,N,A,-,N,,,,,,,,,,Y,2,0,2,2,A,-,09,21804,A,N,D,C,A,A,H,-,A,D,0,,,,,Y,,A,01,1,1,0,0,0,0,0,0,0,"- ","- ",37.551360000000003,-121.95659000000001,"SAN JOAQUIN",UNINCORPORATED,-121.16598514,37.920457249999998
90548388,2017,2017-09-15,9265,2017-09-05,0845,015490,,2,1,9,3900,0,1,3,,2,004,"SR-99 N/B","CHEROKEE RD",1945.00,N,N,A,-,Y,,,,,,,,,,Y,2,0,1,1,A,-,08,22107,,N,E,I,A,A,H,-,A,D,0,,,,,Y,,A,07,1,0,0,0,0,0,0,0,0,"- ","- ",37.99973,-121.25445999999999,"SAN JOAQUIN",UNINCORPORATED,-121.25468628,37.997300109999998
90553779,2017,2017-09-22,9265,2017-09-15,0550,019182,,5,3,5,3902,0,1,3,,1,092,"SR-12 W/B",I-5,1056.00,W,N,A,-,Y,,,,,,,,,,Y,2,0,1,2,A,-,08,22107,,N,C,C,A,A,H,-,D,D,0,,,Y,,Y,,C,02,1,0,0,0,0,0,0,0,1,"- ","- ",38.116109999999999,-121.40195,"SAN JOAQUIN",LODI,-121.40187045,38.116053209999997
90553866,2017,2017-09-22,9265,2017-09-14,1150,015756,,4,1,6,3905,0,1,3,,1,042,"SR-99 S/B TO SR-4 W/B","FILBERT ST",2904.00,E,N,A,-,Y,,,99,,,,R,,S,Y,2,0,1,1,C,-,18,,,N,H,A,A,D,G,-,A,D,0,,,Y,,Y,,-,"- ",1,0,0,0,0,0,0,0,1,"- ","- ",37.961849999999998,-121.24402000000001,"SAN JOAQUIN",STOCKTON,-121.24402000000001,37.961849999999998
90554962,2017,2017-09-25,9265,2017-09-08,0548,019182,,5,3,9,3900,0,1,3,,1,011,SR-120,"FRENCH CAMP RD",0.00,,Y,A,-,Y,,,120,,,,,,,Y,2,0,4,6,A,-,03,22350,,N,D,C,E,A,H,-,D,D,0,Y,,,,Y,,D,22,1,1,2,0,3,0,0,0,0,"- ","- ",37.798000000000002,-121.0926,"SAN JOAQUIN",UNINCORPORATED,-121.0926006,37.798062369999997
90561682,2017,2017-10-03,9266,2017-08-29,1610,013866,,2,2,9,3900,0,1,1,,2,021,"I-580 E/B",SR-132,400.00,W,N,A,-,Y,,,580,,,,,,E,Y,1,1,0,1,A,-,08,22107,,N,E,I,A,A,H,-,A,D,0,,,,,Y,,A,01,0,0,0,0,0,0,0,0,0,"- ","- ",37.639090000000003,-121.40312,"SAN JOAQUIN",UNINCORPORATED,-121.40305074,37.639200819999999
90562005,2017,2017-10-03,9265,2017-09-16,2129,019795,,6,2,9,3900,0,2,4,,1,014,"MARIPOSA ROAD","CARPENTER RD",5808.00,E,N,A,-,N,,,,,,,,,,Y,2,0,1,2,A,-,03,22350,,F,C,C,A,A,H,-,D,D,0,,,Y,,Y,,-,99,1,0,0,0,0,0,0,0,1,"- ","- ",37.920769999999997,-121.19883,"SAN JOAQUIN",UNINCORPORATED,-121.19890878,37.92074435
90562703,2017,2017-10-04,9265,2017-09-23,1018,020539,,6,1,9,3900,0,3,5,,2,060,"JOHNSON RD (21000 BLOCK)","ACAMPO RD",750.00,N,N,A,-,N,,,,,,,,,,Y,2,0,2,1,A,-,08,22107,,N,F,A,A,A,H,-,A,D,0,,,Y,,Y,,C,02,1,1,0,0,0,0,0,0,2,"- ","- ",38.179789999999997,-121.04114,"SAN JOAQUIN",UNINCORPORATED,-121.04107550000001,38.179719050000003
90566609,2017,2018-08-15,9265,2017-09-30,2045,019341,,6,2,9,3900,0,3,5,,2,060,"JACK TONE RD","BRANDT RD",0.00,,Y,A,-,N,,,,,,,,,,Y,1,1,2,2,A,-,09,21802,A,N,D,C,A,A,H,-,D,A,0,,,,,Y,,A,01,0,0,2,0,0,0,0,0,0,"- ","- ",38.084800000000001,-121.0902,"SAN JOAQUIN",UNINCORPORATED,-121.15065998999999,38.146969910000003
90567732,2017,2017-10-11,9266,2017-10-04,0211,019012,,3,3,9,3900,0,1,1,,2,021,"I-580 W/B","TRACY BLVD",186.00,W,N,A,-,Y,,,580,,,,,,W,Y,2,0,3,1,A,-,01,23153,A,N,E,I,A,A,H,-,D,D,0,,,,,Y,Y,A,01,1,1,1,0,0,0,0,0,0,"- ","- ",37.659280000000003,-121.43547,"SAN JOAQUIN",UNINCORPORATED,-121.43549219000001,37.659243670000002
90567767,2017,2017-10-11,9266,2017-10-02,2220,019532,,1,3,9,3900,0,2,4,,1,016,"11TH STREET","KASSON ROAD",3960.00,E,N,A,-,N,,,,,,,,,,Y,2,0,1,1,A,-,08,22107,,N,F,A,A,A,H,-,C,D,0,,,,,Y,,A,01,1,0,0,0,0,0,0,0,0,"- ","- ",37.759399999999999,-121.3404,"SAN JOAQUIN",UNINCORPORATED,-121.3404,37.759399999999999
90569369,2017,2017-10-12,9265,2017-09-30,1700,015756,,6,2,9,3900,0,3,5,,2,050,"CARDINAL AVE","WEBER AVE",363.00,N,N,A,-,N,,,,,,,,,,Y,2,0,1,1,A,-,08,22107,,N,E,I,A,A,H,-,A,D,0,,,Y,,Y,,C,02,1,0,0,0,0,0,0,0,1,"- ","- ",37.969970000000004,-121.22414000000001,"SAN JOAQUIN",UNINCORPORATED,-121.22441363,37.970209310000001
90572928,2017,2017-10-18,9266,2017-10-12,0450,019532,,4,3,9,3900,0,1,3,,1,011,SR-4,"MIDDLE RIVER BRIDGE",6864.00,W,N,A,-,Y,,,4,,,,,,,Y,2,0,2,2,A,-,06,21751,,N,A,C,A,A,H,-,D,D,0,,,,,Y,,A,07,1,0,1,0,0,0,0,0,0,"- ","- ",37.889969999999998,-121.51669,"SAN JOAQUIN",UNINCORPORATED,-121.51668865000001,37.890076520000001
90582688,2017,2017-10-30,9265,2017-09-29,1805,019888,,5,2,9,3900,0,2,4,,1,022,"UNION RD","LOVELACE RD",0.00,,Y,A,-,N,,,,,,,,,,Y,2,0,5,2,A,-,09,21801,A,N,D,C,A,A,H,-,A,D,0,,,,,Y,,A,01,1,1,3,0,0,0,0,0,0,"- ","- ",37.848260000000003,-121.23694,"SAN JOAQUIN",UNINCORPORATED,-121.23688994,37.848239990000003
90582787,2017,2017-10-30,9265,2017-10-10,1810,020071,,2,2,9,3900,0,3,5,,2,090,"PRIVATE DIRT ROAD","PELTIER RD",972.00,S,N,A,-,N,,,,,,,,,,N,2,0,1,1,B,-,22,,,N,F,I,A,A,H,-,B,D,0,,,Y,,Y,,-,"- ",1,0,0,0,0,0,0,0,1,"- ","- ",38.188510000000001,-121.39904,"SAN JOAQUIN",UNINCORPORATED,,
90582841,2017,2017-10-30,9265,2017-09-28,2052,#13193,,4,2,9,3900,0,3,5,,2,090,"WALNUT GROVE RD",I-5,241.00,W,N,A,-,N,,,,,,,,,,Y,2,0,2,2,A,-,09,21802,A,N,D,C,A,A,H,-,D,A,0,,,,Y,Y,Y,G,25,1,0,1,0,0,0,0,0,0,"- ","- ",38.226089999999999,-121.43204,"SAN JOAQUIN",UNINCORPORATED,-121.43204,38.226089999999999
90583865,2017,2017-10-31,9266,2017-10-26,0750,013866,,4,1,9,3900,0,3,5,,2,003,"W. LEGACY  DR.","S. CURIOSO ST.",0.00,,Y,A,-,N,,,,,,,,,,N,2,0,1,2,A,-,10,21950,A,N,G,B,B,A,H,-,A,A,0,Y,,,,Y,,A,07,1,0,0,0,1,0,0,0,0,"- ","- ",37.773539999999997,-121.54656,"SAN JOAQUIN",UNINCORPORATED,-121.54656992,37.773680040000002
90584237,2017,2017-10-31,9265,2017-10-24,0635,019885,,2,1,9,3900,0,2,4,,1,031,"HOWARD RD","SAN JOAQUIN RIVER",454.00,E,N,A,-,N,,,,,,,,,,Y,2,0,1,1,A,-,08,22107,,N,F,A,A,A,H,-,B,D,0,,,,,Y,,A,07,1,0,0,0,0,0,0,0,0,"- ","- ",37.877879999999998,-121.33004,"SAN JOAQUIN",UNINCORPORATED,-121.33049699999999,37.877800999999998
90591472,2017,2017-11-09,9266,2017-10-27,1000,014717,,5,1,9,3900,0,2,4,,2,013,"BYRON ROAD","REEVES ROAD",1288.00,W,N,A,-,N,,,,,,,,,,Y,2,0,1,3,A,-,08,22107,,N,B,C,A,A,H,-,A,D,0,,,,,Y,,A,01,1,0,0,0,0,0,0,0,0,"- ","- ",37.765309999999999,-121.5033,"SAN JOAQUIN",UNINCORPORATED,-121.50305985999999,37.765286830000001
90592653,2017,2017-11-13,9265,2017-10-19,0125,019136,,4,3,9,3900,0,1,1,,2,505,"I-5 N/B","EIGHT MILE RD",7392.00,N,N,A,-,Y,,,5,,,,,,N,Y,2,0,2,3,A,-,08,22107,,N,B,C,A,A,H,-,D,D,0,,,,Y,Y,,A,01,1,0,1,0,0,0,0,0,0,"- ","- ",38.077710000000003,-121.37868,"SAN JOAQUIN",UNINCORPORATED,-121.37869738000001,38.077704539999999
90608001,2017,2017-12-01,9266,2017-11-18,2340,019730,,6,3,9,3900,0,1,1,,2,014,"I-205 E/B","TRACY BLVD",3696.00,W,N,A,-,Y,,,205,,,,,,E,Y,2,0,3,1,A,-,08,22107,,N,F,A,A,A,H,-,D,D,0,,,,,Y,,A,01,1,1,1,0,0,0,0,0,0,"- ","- ",37.760159999999999,-121.44808999999999,"SAN JOAQUIN",UNINCORPORATED,-121.44807025,37.760111709999997
90608829,2017,2017-12-04,9265,2017-11-23,2153,018784,,4,2,9,3900,0,1,1,,2,504,"I-5 N/B","HAMMER LN",7392.00,N,N,A,-,Y,,,,,,,,,,Y,2,0,3,3,A,-,01,23152,A,N,C,C,A,A,H,-,C,D,0,,,,,Y,Y,A,01,2,1,0,0,0,0,0,0,0,"- ","- ",38.040199999999999,-121.36703,"SAN JOAQUIN",UNINCORPORATED,-121.36706271,38.040586449999999
90609265,2017,2017-12-04,9265,2017-10-30,0442,017021,,1,3,9,3900,0,1,3,,1,092,SR-12,"GUARD RD",282.00,W,N,E,-,Y,,,12,,,,,,,Y,1,1,1,2,A,-,08,22107,,N,F,A,A,A,H,-,D,D,0,,,,Y,Y,,G,25,0,1,0,0,0,0,0,0,0,"- ","- ",38.115929999999999,-121.42628999999999,"SAN JOAQUIN",UNINCORPORATED,-121.42629442,38.116071750000003
90609335,2017,2017-12-04,9265,2017-10-21,1109,018289,,6,1,9,3900,0,2,4,,1,091,"WEST LANE","ARMSTRONG ROAD",2323.00,N,N,A,-,N,,,,,,,,,,Y,2,0,1,1,A,-,08,22107,,N,F,I,A,A,H,-,A,D,0,,,,,Y,,A,01,1,0,0,0,0,0,0,0,0,"- ","- ",38.092869999999998,-121.27879,"SAN JOAQUIN",UNINCORPORATED,-121.27872538,38.092839050000002
90610172,2017,2017-12-05,9265,2017-11-07,2210,018511,,2,3,9,3900,0,3,5,,2,050,"NEWTON RD","STEVENSON AVE",570.00,S,N,A,-,N,,,,,,,,,,Y,2,0,6,4,A,-,08,22107,,N,B,C,A,A,H,-,D,D,0,,,,,Y,Y,A,07,2,0,4,0,0,0,0,0,0,"- ","- ",37.995539999999998,-121.25817000000001,"SAN JOAQUIN",UNINCORPORATED,-121.25821745,37.995806469999998
90610259,2017,2017-12-05,9265,2017-11-26,2042,018511,,7,2,9,3900,0,1,3,,1,062,SR-88,"VICTOR RD",60.00,E,N,B,-,Y,,,88,,,,,,,Y,2,0,1,1,A,-,01,23152,A,N,E,I,A,B,H,-,C,D,0,,,,,Y,Y,A,07,1,0,0,0,0,0,0,0,0,"- ","- ",38.138800000000003,-121.16218000000001,"SAN JOAQUIN",UNINCORPORATED,-121.16223422,38.138823680000002
90621773,2017,2017-12-20,9265,2017-08-16,2320,019666,,3,3,9,3900,0,3,5,,2,020,"AIRPORT WAY","KASSON RD",2727.00,N,N,A,-,N,,,,,,,,,,N,1,1,0,2,A,-,11,21954,A,F,G,B,E,A,H,-,D,A,0,Y,,,,Y,Y,N,60,0,0,0,1,0,0,0,0,0,"- ","- ",37.677619999999997,-121.26226,"SAN JOAQUIN",UNINCORPORATED,-121.26576,37.675559999999997
90627889,2017,2017-12-27,9265,2017-12-18,2300,017021,,1,3,9,3900,0,1,3,,1,092,"SR-12 W/B","CORREIA RD",100.00,W,N,A,-,Y,,,12,,,,,,W,Y,2,0,1,1,A,-,08,22107,,N,F,A,A,A,H,-,D,D,0,,,,,Y,,A,01,1,0,0,0,0,0,0,0,0,"- ","- ",38.115560000000002,-121.47517999999999,"SAN JOAQUIN",UNINCORPORATED,-121.47518036,38.115400350000002
90630677,2017,2018-01-02,9265,2017-12-17,0710,019489,,7,1,9,3900,0,2,4,,1,012,"JACK TONE RD","MARIE BAKER ROAD",780.00,S,N,A,-,N,,,,,,,,,,Y,2,0,1,1,A,-,08,22107,,N,E,I,A,A,H,-,A,D,0,,,,,Y,,D,22,1,0,0,0,0,0,0,0,0,"- ","- ",37.853700000000003,-121.14566000000001,"SAN JOAQUIN",UNINCORPORATED,-121.14553213000001,37.854118739999997
90631155,2017,2018-01-02,9265,2017-12-10,2000,015174,,7,2,9,3900,0,3,5,,2,060,"EIGHT MILE ROAD",SR-99,1056.00,E,N,A,-,N,,,,,,,,,,Y,2,0,3,3,A,-,01,23152,A,N,A,C,A,A,H,-,D,D,0,,,,,Y,Y,D,22,1,1,1,0,0,0,0,0,0,"- ","- ",38.032600000000002,-121.1515,"SAN JOAQUIN",UNINCORPORATED,-121.25942999999999,38.05742
90635774,2017,2018-01-09,9265,2017-12-19,2253,020071,,2,3,9,3900,0,2,4,,1,024,"AIRPORT WAY","DIVISION RD",2112.00,S,N,B,-,N,,,,,,,,,,Y,2,0,2,1,A,-,08,22107,,N,E,I,A,A,H,-,D,D,0,,,,,Y,,A,01,2,0,0,0,0,0,0,0,0,"- ","- ",37.683140000000002,-121.25295,"SAN JOAQUIN",UNINCORPORATED,-121.25291989,37.683187289999999
90640207,2017,2018-01-16,9265,2017-12-31,0215,015174,,7,3,9,3900,0,2,4,,1,065,"ASHLEY LN","SR-99 E FRONTAGE RD",0.00,,Y,A,-,N,,,,,,,,,,Y,2,0,1,1,A,-,01,23152,A,N,E,I,A,A,H,-,D,D,0,,,,,Y,Y,A,01,1,0,0,0,0,0,0,0,0,"- ","- ",37.585500000000003,-121.15300000000001,"SAN JOAQUIN",UNINCORPORATED,-121.25811,38.042669979999999
90642326,2018,2018-01-18,9265,2018-01-06,1830,019336,,6,2,4,3903,0,1,3,,2,001,SR-99,"LOUIE AVE",573.00,N,N,B,-,Y,,,,,,,,,,Y,2,0,2,2,A,-,03,22350,,M,C,C,A,A,H,-,D,D,0,,,,,Y,,A,01,1,0,1,0,0,0,0,0,0,"- ","- ",37.484729766845703,-121.12225341796875,"SAN JOAQUIN",MANTECA,-121.20615386962891,37.813076019287109
90645391,2018,2018-01-23,9265,2018-01-03,0110,019246,,3,3,9,3900,0,1,3,,1,063,SR-12,SR-88,2640.00,E,N,A,-,Y,,,,,,,,,,Y,2,0,1,1,A,-,01,23152,A,N,E,I,A,A,H,-,D,D,0,,,,,Y,Y,A,01,1,0,0,0,0,0,0,0,0,"- ","- ",38.121170043945312,-121.33307647705078,"SAN JOAQUIN",UNINCORPORATED,-121.15936279296875,38.145561218261719
90649874,2018,2018-01-29,9265,2018-01-21,2046,019246,,7,2,9,3900,0,2,4,,1,082,"ALPINE AVE","FRANKLIN AVE",5.00,W,N,B,-,N,,,,,,,,,,N,2,0,1,2,A,-,10,21950,A,N,G,B,B,A,H,-,C,D,0,Y,,,,Y,,A,01,1,0,0,0,1,0,0,0,0,"- ","- ",37.581901550292969,-121.19537353515625,"SAN JOAQUIN",UNINCORPORATED,-121.33142852783203,37.971977233886719
90654920,2018,2018-02-05,9265,2018-01-01,1415,018452,,1,2,9,3900,0,3,5,,2,060,"DRY CREEK RD.","LIBERTY RD",4752.00,N,N,A,-,N,,,,,,,,,,Y,2,0,2,1,A,-,08,22107,,N,E,I,A,A,G,-,A,D,0,,,,,Y,,A,01,1,1,0,0,0,0,0,0,0,"- ","- ",38.247779846191406,-121.13523101806641,"SAN JOAQUIN",UNINCORPORATED,-121.13518524169922,38.247909545898438
90656654,2018,2018-04-30,9265,2018-01-09,1930,020071,,2,2,9,3900,0,1,3,,1,042,"SR-99 N/B TO SR-4 W/B","FILBERT ST",3168.00,E,N,C,-,Y,,,99,,,,R,,N,Y,2,0,1,3,A,-,08,22107,,N,E,I,A,B,H,-,D,D,0,,,,Y,Y,,G,25,1,0,0,0,0,0,0,0,0,"- ","- ",37.961330413818359,-121.24163055419922,"SAN JOAQUIN",UNINCORPORATED,-121.24163055419922,37.961330413818359