CASE_ID,ACCIDENT_YEAR,PROC_DATE,JURIS,COLLISION_DATE,COLLISION_TIME,OFFICER_ID,REPORTING_DISTRICT,DAY_OF_WEEK,CHP_SHIFT,POPULATION,CNTY_CITY_LOC,SPECIAL_COND,BEAT_TYPE,CHP_BEAT_TYPE,CITY_DIVISION_LAPD,CHP_BEAT_CLASS,BEAT_NUMBER,PRIMARY_RD,SECONDARY_RD,DISTANCE,DIRECTION,INTERSECTION,WEATHER_1,WEATHER_2,STATE_HWY_IND,CALTRANS_COUNTY,CALTRANS_DISTRICT,STATE_ROUTE,ROUTE_SUFFIX,POSTMILE_PREFIX,POSTMILE,LOCATION_TYPE,RAMP_INTERSECTION,SIDE_OF_HWY,TOW_AWAY,COLLISION_SEVERITY,NUMBER_KILLED,NUMBER_INJURED,PARTY_COUNT,PRIMARY_COLL_FACTOR,PCF_CODE_OF_VIOL,PCF_VIOL_CATEGORY,PCF_VIOLATION,PCF_VIOL_SUBSECTION,HIT_AND_RUN,TYPE_OF_COLLISION,MVIW,PED_ACTION,ROAD_SURFACE,ROAD_COND_1,ROAD_COND_2,LIGHTING,CONTROL_DEVICE,CHP_ROAD_TYPE,PEDESTRIAN_ACCIDENT,BICYCLE_ACCIDENT,MOTORCYCLE_ACCIDENT,TRUCK_ACCIDENT,NOT_PRIVATE_PROPERTY,ALCOHOL_INVOLVED,STWD_VEHTYPE_AT_FAULT,CHP_VEHTYPE_AT_FAULT,COUNT_SEVERE_INJ,COUNT_VISIBLE_INJ,COUNT_COMPLAINT_PAIN,COUNT_PED_KILLED,COUNT_PED_INJURED,COUNT_BICYCLIST_KILLED,COUNT_BICYCLIST_INJURED,COUNT_MC_KILLED,COUNT_MC_INJURED,PRIMARY_RAMP,SECONDARY_RAMP,LATITUDE,LONGITUDE,COUNTY,CITY,POINT_X,POINT_Y
90657015,2018,2018-02-07,9265,2018-01-30,0530,019413,,2,3,6,3905,0,1,1,,2,503,"I-5 N/B","CHARTER WAY",240.00,S,N,A,-,Y,,,5,,,,,,N,Y,2,0,1,2,A,-,08,22107,,N,B,C,A,A,H,-,D,D,0,,,,Y,Y,,A,01,1,0,0,0,0,0,0,0,0,"- ","- ",37.936061859130859,-121.29723358154297,"SAN JOAQUIN",STOCKTON,-121.29728698730469,37.936050415039062
90660493,2018,2018-02-13,9265,2018-02-05,1525,018452,,1,2,5,3902,0,1,3,,2,006,"SR-99 S/B TO SR-12 (VICTOR RD.)","SR-12 (VICTOR RD.)",565.00,S,N,A,-,Y,,,99,,,,R,,S,Y,2,0,1,2,A,-,01,23152,A,N,A,C,A,A,H,-,A,D,0,,,,,Y,Y,A,07,1,0,0,0,0,0,0,0,0,"- ","- ",38.135791778564453,-121.25791931152344,"SAN JOAQUIN",LODI,-121.25791931152344,38.135791778564453
9066277,2020,2020-07-14,3905,2020-03-08,2000,3035,PAR,7,5,6,3905,0,0,0,,0,,"AIRPORT WY","ACACIA ST",0.00,,Y,C,-,N,,,,,,,,,,N,2,0,1,2,A,-,03,22350,,N,G,B,B,A,H,-,D,A,0,Y,,,,Y,Y,A,08,1,0,0,0,1,0,0,0,0,"- ","- ",37.964611053466797,-121.27789306640625,"SAN JOAQUIN",STOCKTON,-121.27686309814453,37.965248107910156
9066404,2020,2020-06-08,3905,2020-02-08,1830,3004,VAL,6,5,6,3905,0,0,0,,0,,"WEST LN","SWAIN RD",100.00,N,N,A,-,N,,,,,,,,,,Y,2,0,1,2,A,-,11,21954,A,N,G,B,D,A,H,-,C,D,0,Y,,,,Y,,N,60,1,0,0,0,1,0,0,0,0,"- ","- ",38.010341644287109,-121.29467010498047,"SAN JOAQUIN",STOCKTON,-121.29435729980469,38.011146545410156
90678161,2018,2018-03-08,9266,2018-03-03,1630,020599,,6,2,9,3900,0,1,1,,2,021,"I-580 E/B","MOUNTAIN HOUSE PKWY",6547.00,W,N,B,-,Y,,,580,,,,,,E,Y,2,0,1,1,A,-,08,22107,,N,E,I,A,B,H,-,A,D,0,,,,,Y,,A,07,1,0,0,0,0,0,0,0,0,"- ","- ",37.73236083984375,-121.54929351806641,"SAN JOAQUIN",UNINCORPORATED,-121.54954528808594,37.732078552246094
90684982,2018,2019-11-12,9265,2018-02-09,0042,019073,,5,3,9,3900,0,3,5,,2,060,"KETTLEMAN LN","TRETHAWAY RD",1901.00,W,N,A,-,N,,,,,,,,,,Y,1,1,0,1,A,-,01,23152,A,N,E,I,A,A,H,-,D,D,0,,,,,Y,Y,A,01,0,0,0,0,0,0,0,0,0,"- ","- ",38.116199493408203,-121.18332672119141,"SAN JOAQUIN",UNINCORPORATED,-121.184814453125,38.116222381591797
90701417,2018,2018-04-19,9265,2018-03-30,0805,015629,,5,1,6,3905,0,1,1,,2,503,"I-5 N/B","CALAVERAS RIVER",1618.00,S,N,A,-,Y,,,,,,,,,,Y,2,0,2,4,A,-,04,21703,,N,C,C,A,A,H,-,A,D,0,,,,,Y,,A,07,1,1,0,0,0,0,0,0,0,"- ","- ",37.584888458251953,-121.20359802246094,"SAN JOAQUIN",STOCKTON,,
90704564,2018,2018-04-12,9265,2018-03-30,0220,018850,,5,3,4,3903,0,1,3,,2,025,"SR-120 W/B","UNION ROAD",638.00,W,N,A,-,Y,,,120,,,,,,W,Y,2,0,2,2,A,-,01,23152,G,N,C,C,A,A,H,-,D,D,0,,,,Y,Y,Y,A,01,2,0,0,0,0,0,0,0,0,"- ","- ",37.783611297607422,-121.23622894287109,"SAN JOAQUIN",MANTECA,-121.23622894287109,37.783473968505859
90705940,2018,2018-04-16,9265,2018-04-05,0434,013193,,4,3,2,3920,0,1,1,,2,502,"I-5 S/B","LOUISE AVE",1056.00,S,N,A,-,Y,,,5,,,,,,S,N,2,0,1,1,A,-,08,22107,,N,F,A,A,A,H,-,C,D,0,,,Y,,Y,,C,02,1,0,0,0,0,0,0,0,1,"- ","- ",37.810291290283203,-121.29618835449219,"SAN JOAQUIN",LATHROP,-121.29632568359375,37.810337066650391
90706379,2018,2018-04-16,9265,2018-03-13,0934,019795,,2,1,9,3900,0,1,3,,1,092,SR-12,I-5,3168.00,W,N,B,C,Y,,,,,,,,,,Y,1,4,1,2,A,-,05,21460,A,N,A,C,A,B,H,-,A,D,0,,,,,Y,,A,07,1,0,0,0,0,0,0,0,0,"- ","- ",37.1160888671875,-121.40947723388672,"SAN JOAQUIN",UNINCORPORATED,-121.40921020507812,38.116073608398438
90706542,2018,2018-04-16,9265,2018-04-11,1120,019752,,3,1,9,3900,0,3,5,,2,090,"CINDY WAY","ALAN AVE",17.00,S,N,B,-,N,,,,,,,,,,N,2,0,1,1,A,-,13,22515,A,N,H,A,A,A,H,-,A,D,0,,,,,Y,,D,22,1,0,0,0,0,0,0,0,0,"- ","- ",38.922679901123047,-121.18280029296875,"SAN JOAQUIN",UNINCORPORATED,-121.30788421630859,38.1563720703125
90712315,2018,2018-06-18,9265,2018-02-17,0236,019885,,6,3,9,3900,0,1,1,,2,504,"I-5 N/B","BENJAMIN HOLT DR",1470.00,S,N,A,-,Y,,,5,,,,,,N,Y,1,1,1,3,A,-,01,23152,A,N,C,C,E,A,H,-,C,D,0,Y,,,,Y,Y,A,01,0,0,1,1,0,0,0,0,0,"- ","- ",38.001121520996094,-121.34983825683594,"SAN JOAQUIN",UNINCORPORATED,-121.34978485107422,38.001140594482422
90712699,2018,2018-04-25,9265,2018-02-20,0159,019307,,2,3,2,3920,0,1,1,,2,502,"INTERSTATE 5 NORTHBOUND","ROTH ROAD",1824.00,S,N,A,-,Y,,,5,,,,,,N,Y,1,1,1,2,A,-,11,21954,A,N,G,B,E,A,H,-,D,D,0,Y,,,,Y,,N,60,0,0,1,1,0,0,0,0,0,"- ","- ",37.850700378417969,-121.2830810546875,"SAN JOAQUIN",LATHROP,-121.28309631347656,37.850704193115234
90712763,2018,2018-04-25,9265,2018-04-23,2020,020513,,1,2,9,3900,0,3,5,,2,010,"ESCALON BELLOTA RD","LONE TREE RD",1040.00,S,N,A,-,N,,,,,,,,,,Y,2,0,3,3,A,-,01,23152,A,N,C,C,A,A,H,-,D,D,0,,,,,Y,Y,D,22,1,2,0,0,0,0,0,0,0,"- ","- ",37.824748992919922,-120.99748992919922,"SAN JOAQUIN",UNINCORPORATED,-120.99752044677734,37.824825286865234
90718090,2018,2018-05-02,9265,2018-04-23,2135,019307,,1,2,9,3900,0,3,5,,2,090,"LOWER SACRAMENTO RD","ALBERG ROAD",351.00,N,N,A,-,N,,,,,,,,,,Y,2,0,3,1,A,-,01,23152,A,N,F,I,A,A,H,-,D,D,0,,,,,Y,Y,A,07,1,1,1,0,0,0,0,0,0,"- ","- ",38.099658966064453,-121.30670928955078,"SAN JOAQUIN",UNINCORPORATED,-121.30672454833984,38.099590301513672
90727553,2018,2018-05-16,9265,2018-04-26,1335,015756,,4,1,9,3900,0,3,5,,2,060,SR-26,"ESCALON BELLOTA RD",3168.00,W,N,A,-,Y,,,26,,,,,,,Y,2,0,1,1,A,-,08,22107,,N,F,A,A,A,H,-,A,D,0,,,,,Y,,D,22,1,0,0,0,0,0,0,0,0,"- ","- ",38.045368194580078,-121.02446746826172,"SAN JOAQUIN",UNINCORPORATED,-121.02438354492188,38.0452880859375
90732950,2018,2018-05-24,9266,2018-04-23,0519,019012,,1,3,9,3900,0,1,3,,1,026,"STATE ROUTE 132","STATE ROUTE 33",3236.00,W,N,A,-,Y,,,132,,,,,,,Y,1,1,1,3,A,-,08,22107,,N,D,C,A,A,H,-,D,D,0,,,,,Y,,A,07,0,1,0,0,0,0,0,0,0,"- ","- ",37.638050079345703,-121.30799865722656,"SAN JOAQUIN",UNINCORPORATED,-121.30799865722656,37.638095855712891
90736160,2018,2018-05-29,9265,2018-02-20,2100,020071,,2,2,9,3900,0,2,4,,1,022,"UNION RD","SHADY PINES ST",1219.00,N,N,A,-,N,,,,,,,,,,Y,1,1,0,2,A,-,17,21200,,N,C,G,A,A,H,-,D,D,0,,Y,,,Y,,L,04,0,0,0,0,0,1,0,0,0,"- ","- ",37.840831756591797,-121.23647308349609,"SAN JOAQUIN",UNINCORPORATED,-121.23653411865234,37.840995788574219
90736211,2018,2018-05-29,9265,2018-05-12,0125,020550,,6,3,9,3900,0,3,5,,2,030,"S. GOLDEN GATE AVENUE","SECTION AVE",450.00,N,N,A,-,N,,,,,,,,,,Y,2,0,1,1,A,-,01,23152,G,M,E,J,A,A,H,-,D,D,0,,,,,Y,Y,A,07,1,0,0,0,0,0,0,0,0,"- ","- ",37.947860717773438,-121.24152374267578,"SAN JOAQUIN",UNINCORPORATED,-121.24156188964844,37.947658538818359
90737602,2018,2018-05-30,9266,2018-05-04,0533,020083,,5,3,9,3900,0,1,1,,2,014,"I-205 W/B","MOUNTAIN HOUSE PKWY",200.00,W,N,A,-,Y,,,205,,,,,,W,N,2,0,1,2,A,-,03,22350,,N,B,C,A,A,H,-,B,D,0,,,Y,,Y,,C,02,1,0,0,0,0,0,0,0,1,"- ","- ",37.742549896240234,-121.53243255615234,"SAN JOAQUIN",UNINCORPORATED,-121.53242492675781,37.742645263671875
90738961,2018,2018-06-01,9265,2018-04-15,0225,019336,,7,3,9,3900,0,1,3,,2,003,"SR-99 N/B","ARCH RD",1013.00,S,N,A,-,Y,,,99,,,,,,N,Y,1,1,0,1,A,-,01,23152,A,N,E,I,A,A,H,-,C,D,0,,,,,Y,Y,A,01,0,0,0,0,0,0,0,0,0,"- ","- ",37.901569366455078,-121.22151947021484,"SAN JOAQUIN",UNINCORPORATED,-121.22149658203125,37.901580810546875
90742949,2018,2018-06-07,9266,2018-06-04,1848,018365,,1,2,9,3900,0,1,1,,1,015,"I-205 W/B","MACARTHUR DRIVE",3696.00,E,N,A,-,Y,,,205,,,,,,W,Y,2,0,1,1,A,-,08,22107,,N,E,I,A,A,H,-,A,D,0,,,,,Y,,D,22,1,0,0,0,0,0,0,0,0,"- ","- ",37.765079498291016,-121.40135955810547,"SAN JOAQUIN",UNINCORPORATED,-121.40135955810547,37.7650146484375
90744100,2018,2018-06-08,9265,2018-05-26,1620,015756,,6,2,9,3900,0,1,3,,1,061,SR-26,"PINASCO RD",447.00,W,N,A,-,Y,,,26,,,,,,,Y,2,0,4,2,A,-,08,22107,,N,A,C,A,A,H,-,A,D,0,,,,,Y,,A,01,1,0,3,0,0,0,0,0,0,"- ","- ",37.993190765380859,-121.17585754394531,"SAN JOAQUIN",UNINCORPORATED,-121.17584991455078,37.993141174316406
90745329,2018,2018-06-11,9266,2018-06-02,1955,019717,,6,2,9,3900,0,1,1,,1,015,"I-205 W/B","TOM PAINE SLOUGH",2501.00,W,N,A,-,Y,,,205,,,,,,W,Y,2,0,2,2,A,-,01,23153,A,N,C,C,A,A,H,-,A,D,0,,,,,Y,Y,A,01,1,1,0,0,0,0,0,0,0,"- ","- ",37.765140533447266,-121.35809326171875,"SAN JOAQUIN",UNINCORPORATED,-121.35809326171875,37.765102386474609
90747658,2018,2018-06-13,9265,2018-05-18,1649,013444,,5,2,9,3900,0,1,3,,1,062,SR-88,"SR-12 (VICTOR RD)",1584.00,W,N,A,-,Y,,,88,,,,,,,Y,2,0,1,1,A,-,08,22107,,N,E,I,A,A,H,-,A,D,0,,,,,Y,,A,01,1,0,0,0,0,0,0,0,0,"- ","- ",38.134220123291016,-121.16414642333984,"SAN JOAQUIN",UNINCORPORATED,-121.16426086425781,38.134273529052734
90751403,2018,2018-06-19,9266,2018-06-14,2220,018751,,4,3,9,3900,0,1,1,,1,015,"I-205 E/B","I-5 S/B",3284.00,W,N,A,-,Y,,,205,,,,,,E,Y,2,0,1,1,A,-,08,22107,,N,F,A,A,A,H,-,D,D,0,,,,,Y,,A,07,1,0,0,0,0,0,0,0,0,"- ","- ",37.766010284423828,-121.34559631347656,"SAN JOAQUIN",UNINCORPORATED,-121.34556579589844,37.76568603515625
90753859,2018,2018-06-22,9265,2018-06-06,1305,019128,,3,1,4,3903,0,1,3,,2,001,"SR-99 N/B","AUSTIN ROAD",1056.00,N,N,A,-,Y,,,99,,,,,,N,Y,2,0,9,6,A,-,03,22350,,N,C,C,A,A,H,-,A,D,0,,,,Y,Y,,F,26,5,1,3,0,0,0,0,0,0,"- ","- ",37.777820587158203,-121.18311309814453,"SAN JOAQUIN",MANTECA,-121.18314361572266,37.777778625488281
90759968,2018,2018-06-29,9265,2018-06-21,0720,019182,,4,1,9,3900,0,3,5,,2,080,"CLEMENT AVE","WALLACE AVE",0.00,,Y,A,-,N,,,,,,,,,,Y,2,0,1,2,A,-,09,21802,A,N,D,C,A,A,H,-,A,A,0,,,Y,,Y,,A,01,1,0,0,0,0,0,0,0,1,"- ","- ",37.968238830566406,-121.34702301025391,"SAN JOAQUIN",UNINCORPORATED,-121.34705352783203,37.968250274658203
90766576,2018,2019-12-13,9265,2018-06-02,0532,018047,,6,3,9,3900,0,1,3,,1,016,SR-120,"SUTLIFF RD",181.00,W,N,A,-,Y,,,120,,,,,,,Y,1,1,3,3,A,-,06,21751,,N,A,C,A,A,H,-,A,D,0,,,,,Y,,A,07,3,0,0,0,0,0,0,0,0,"- ","- ",37.793758392333984,-120.93734741210938,"SAN JOAQUIN",UNINCORPORATED,-120.93734741210938,37.793731689453125
90772816,2018,2018-07-19,9265,2018-06-30,0510,019136,,6,3,4,3903,0,1,3,,2,025,"SR-120 E/B","UNION RD",2376.00,E,N,A,-,Y,,,120,,,,,,E,Y,2,0,1,2,A,-,03,22350,,N,C,C,A,A,H,-,C,D,0,,,Y,,Y,,C,02,1,0,0,0,0,0,0,0,1,"- ","- ",37.783191680908203,-121.22573852539062,"SAN JOAQUIN",MANTECA,-121.22573852539062,37.783157348632812
90774361,2018,2018-07-23,9265,2018-06-29,1625,019128,,5,2,9,3900,0,1,1,,2,502,"I-5 S/B","SAN JOAQUIN RIVER",1320.00,N,N,A,-,Y,,,,,,,,,,Y,2,0,2,1,A,-,08,22107,,N,E,I,A,A,D,-,A,D,0,,,,,Y,,A,01,1,0,1,0,0,0,0,0,0,"- ","- ",37.471809387207031,-121.18849945068359,"SAN JOAQUIN",UNINCORPORATED,,
90774417,2018,2018-07-23,9265,2018-07-13,0554,016639,,5,3,9,3900,0,1,1,,2,502,"I-5 N/B","MATHEWS RD",200.00,S,N,B,-,Y,,,,,,,,,,N,2,0,1,1,C,-,18,,,N,H,A,A,A,H,-,B,D,0,,,,,Y,,-,"- ",1,0,0,0,0,0,0,0,0,"- ","- ",37.893451690673828,-121.28356170654297,"SAN JOAQUIN",UNINCORPORATED,-121.27858734130859,37.881484985351562
90776966,2018,2018-10-12,9265,2018-07-18,2230,019489,,3,3,9,3900,0,3,5,,2,010,"LONE TREE RD","STEINEGUL RD",1015.00,E,N,A,-,N,,,,,,,,,,Y,2,0,1,1,A,-,08,22107,,N,E,I,A,A,H,-,D,D,0,,,,,Y,,A,01,1,0,0,0,0,0,0,0,0,"- ","- ",37.493949890136719,-120.57391357421875,"SAN JOAQUIN",UNINCORPORATED,-120.9573974609375,37.827613830566406
9078047,2020,2021-08-02,3901,2020-02-21,0851,135,,5,5,2,3901,0,0,0,,0,,"RT 120","ELIZABETH AV",0.00,,Y,A,-,Y,SJ,10,120,-,-,17.835,I,5,W,Y,2,0,1,2,A,-,09,21801,A,N,D,C,A,A,H,-,A,D,0,,,,,Y,,A,01,1,0,0,0,0,0,0,0,0,"- ","- ",37.379501342773438,-120.98520660400391,"SAN JOAQUIN",ESCALON,-120.98483276367188,37.794288635253906
90781729,2018,2018-08-01,9265,2018-07-22,2255,019307,,7,3,9,3900,0,3,5,,2,060,"CLEMENTS ROAD","BRANDT ROAD",3379.00,N,N,A,-,N,,,,,,,,,,Y,2,0,1,1,A,-,01,23152,A,N,E,I,A,A,H,-,D,D,0,,,,,Y,Y,A,07,1,0,0,0,0,0,0,0,0,"- ","- ",38.157291412353516,-121.07805633544922,"SAN JOAQUIN",UNINCORPORATED,-121.07792663574219,38.157299041748047
90782525,2018,2018-08-02,9265,2018-06-24,1304,019413,,7,1,9,3900,0,3,5,,2,030,"POCK LN","CARPENTER RD",568.00,S,N,A,-,N,,,,,,,,,,Y,2,0,1,2,A,-,03,22350,,N,D,C,A,A,H,-,A,D,0,,,Y,,Y,,C,02,1,0,0,0,0,0,0,0,1,"- ","- ",37.920330047607422,-121.24131774902344,"SAN JOAQUIN",UNINCORPORATED,-121.24134063720703,37.920356750488281
90783721,2018,2018-08-03,9265,2018-06-22,1245,016639,,5,1,9,3900,0,3,5,,2,020,"WILLIAMSON RD","OAK AVE",1320.00,E,N,A,-,N,,,,,,,,,,Y,2,0,2,1,A,-,03,22350,,N,F,I,A,A,H,-,A,D,0,,,,,Y,,A,01,1,1,0,0,0,0,0,0,0,"- ","- ",37.771518707275391,-121.29422760009766,"SAN JOAQUIN",UNINCORPORATED,-121.29389190673828,37.771312713623047
90789213,2018,2018-08-13,9266,2018-06-11,0137,018324,,1,3,2,3920,0,1,1,,1,015,"I-205 E/B","PARADISE CUT",960.00,E,N,A,-,Y,,,205,,,,,,E,Y,1,1,7,7,A,-,03,22350,,N,B,C,E,A,H,-,D,D,0,Y,,,Y,Y,,G,25,3,1,3,1,1,0,0,0,0,"- ","- ",37.773288726806641,-121.32273101806641,"SAN JOAQUIN",LATHROP,-121.32274627685547,37.773311614990234
90793152,2018,2018-08-17,9266,2018-08-14,0710,014808,,2,1,9,3900,0,1,1,,2,021,"I-580 W/B","CHRISMAN RD. O/C",5280.00,E,N,A,-,Y,,,580,,,,,,W,Y,2,0,2,2,A,-,03,22350,,N,C,C,A,A,H,-,A,D,0,,,,Y,Y,,G,25,1,0,1,0,0,0,0,0,0,"- ","- ",37.667098999023438,-121.44927215576172,"SAN JOAQUIN",UNINCORPORATED,-121.44905090332031,37.667453765869141
90795810,2018,2018-08-22,9265,2018-08-12,1100,015756,,7,1,9,3900,0,3,5,,2,050,"COLLEGE AVE","BERKELEY AVE",125.00,E,N,A,-,N,,,,,,,,,,Y,2,0,1,3,A,-,08,22107,,N,B,C,E,A,H,-,A,D,0,Y,,,,Y,,A,01,1,0,0,0,1,0,0,0,0,"- ","- ",37.973480224609375,-121.27989196777344,"SAN JOAQUIN",UNINCORPORATED,-121.28016662597656,37.973381042480469
90807153,2018,2018-09-06,9265,2018-08-25,1700,020651,,6,2,9,3900,0,1,3,,1,062,"SR-26 E/B","WIMER RD",1325.00,W,N,A,-,Y,,,26,,,,,,E,Y,2,0,1,1,A,-,03,22350,,N,E,I,A,A,H,-,A,D,0,,,,,Y,Y,A,01,1,0,0,0,0,0,0,0,0,"- ","- ",38.091548919677734,-120.94774627685547,"SAN JOAQUIN",UNINCORPORATED,-120.94776916503906,38.091571807861328
90809252,2018,2018-09-10,9265,2018-04-22,0451,018511,,7,3,9,3900,0,1,3,,2,004,"SR-99 N/B","ARMSTRONG DR",1478.00,S,N,A,-,Y,,,99,,,,,,N,Y,2,0,2,2,A,-,03,22350,,N,D,C,A,A,H,-,D,D,0,,,,,Y,,A,01,2,0,0,0,0,0,0,0,0,"- ","- ",38.083358764648438,-121.25977325439453,"SAN JOAQUIN",UNINCORPORATED,-121.25988006591797,38.083358764648438
90818366,2018,2018-10-19,9265,2018-07-25,0519,019888,,3,3,9,3900,0,1,3,,2,004,"SR-99 N/B","ARMSTRONG DR",680.00,S,N,A,-,Y,,,99,,,,,,N,Y,1,1,1,3,A,-,03,22350,,N,C,C,A,A,C,-,B,D,0,,,,,Y,,A,01,0,1,0,0,0,0,0,0,0,"- ","- ",38.085838317871094,-121.25988006591797,"SAN JOAQUIN",UNINCORPORATED,-121.25990295410156,38.085838317871094
90822539,2018,2018-09-27,9265,2018-09-07,0435,019666,,5,3,6,3905,0,1,1,,2,503,"I-5 S/B","MONTE DIABLO AVE",875.00,S,N,A,-,Y,,,5,,,,,,S,Y,2,0,2,2,A,-,03,22350,,N,C,C,A,A,H,-,C,D,0,,,,,Y,,A,07,1,0,1,0,0,0,0,0,0,"- ","- ",37.956241607666016,-121.32688140869141,"SAN JOAQUIN",STOCKTON,-121.32686614990234,37.956302642822266
90824557,2018,2018-09-28,9265,2018-09-06,0300,019336,,4,3,9,3900,0,1,3,,2,003,SR-99,"YOSEMITE AVE",406.00,N,N,A,-,Y,,,,,,,,,,Y,2,0,1,1,A,-,08,22107,,N,E,I,A,A,H,-,D,D,0,,,,Y,Y,,G,25,1,0,0,0,0,0,0,0,0,"- ","- ",37.798809051513672,-121.19181823730469,"SAN JOAQUIN",UNINCORPORATED,-121.191650390625,37.798580169677734
90827067,2018,2018-10-02,9265,2018-08-17,1345,020785,,5,1,5,3902,1,4,S,,2,901,"SR-12 (KETTLEMAN LANE)","SCHOOL ST",0.00,,Y,A,-,Y,,,12,,,,,,,N,1,1,0,2,A,-,09,21802,A,N,H,G,A,A,H,-,A,D,0,,Y,,,Y,,L,04,0,0,0,0,0,1,0,0,0,"- ","- ",38.115619659423828,-121.27497100830078,"SAN JOAQUIN",LODI,-121.27497100830078,38.115669250488281
90827848,2018,2018-10-26,9265,2018-09-23,1214,019073,,7,1,9,3900,0,3,5,,2,060,"ACAMPO RD","KENNEFICK RD",0.00,,Y,A,-,N,,,,,,,,,,Y,1,1,2,2,A,-,09,21802,A,N,D,C,A,A,H,-,A,A,0,,,,,Y,,A,07,1,0,1,0,0,0,0,0,0,"- ","- ",38.174568176269531,-121.24342346191406,"SAN JOAQUIN",UNINCORPORATED,-121.24340057373047,38.174461364746094
90827895,2018,2018-10-03,9265,2018-09-23,1856,020071,,7,2,9,3900,0,3,5,,2,010,"W RIPON ROAD","MANTECA RD",33.00,E,N,A,-,N,,,,,,,,,,Y,2,0,1,2,A,-,01,23152,A,N,C,C,A,A,H,-,B,A,0,,,Y,,Y,Y,C,02,1,0,0,0,0,0,0,0,1,"- ","- ",37.739398956298828,-121.21518707275391,"SAN JOAQUIN",UNINCORPORATED,-121.21528625488281,37.739410400390625
90829196,2018,2018-10-04,9265,2018-09-21,0542,017537,,5,3,9,3900,0,1,1,,2,503,"I-5 N/B","MARCH LN",2640.00,S,N,A,-,Y,,,5,,,,,,N,Y,2,0,1,2,A,-,08,22107,,N,B,C,A,A,H,-,C,D,0,,,,Y,Y,,-,"- ",1,0,0,0,0,0,0,0,0,"- ","- ",37.972148895263672,-121.33840179443359,"SAN JOAQUIN",UNINCORPORATED,-121.33834838867188,37.972171783447266
90829398,2018,2018-10-05,9266,2018-09-22,0110,021975,,6,3,9,3900,0,2,4,,2,013,"BYRON ROAD","GRANT LINE ROAD",0.00,,Y,A,-,N,,,,,,,,,,Y,2,0,1,1,A,-,03,22350,,M,E,I,A,A,H,-,D,D,0,,,Y,,Y,Y,C,02,1,0,0,0,0,0,0,0,1,"- ","- ",37.758510589599609,-121.49228668212891,"SAN JOAQUIN",UNINCORPORATED,-121.48486328125,37.753959655761719
90833357,2018,2018-10-10,9265,2018-05-13,2114,019996,,7,2,9,3900,0,1,3,,1,041,SR-4,"ROBERTS ROAD",219.00,E,N,A,-,Y,,,4,,,,,,,N,1,1,0,2,A,-,11,21954,A,N,G,B,D,A,H,-,D,D,0,Y,,,,Y,,N,60,0,0,0,1,0,0,0,0,0,"- ","- ",37.927570343017578,-121.33199310302734,"SAN JOAQUIN",UNINCORPORATED,-121.33200073242188,37.927597045898438
90834510,2018,2018-10-12,9265,2018-10-02,0840,017123,,2,1,9,3900,0,2,4,,1,093,"LOWER SACRAMENTO RD","PELTIER RD",0.00,,Y,B,-,N,,,,,,,,,,Y,2,0,1,3,A,-,12,22450,A,N,D,C,A,A,H,-,A,A,0,,,,Y,Y,,A,01,1,0,0,0,0,0,0,0,0,"- ","- ",38.189281463623047,-121.29448699951172,"SAN JOAQUIN",UNINCORPORATED,-121.29454040527344,38.189201354980469
90834920,2018,2018-10-12,9265,2018-08-09,1235,019128,,4,1,9,3900,0,3,5,,2,050,"ADELBERT AVENUE","SECTION AVE",79.00,S,N,A,-,N,,,,,,,,,,Y,1,1,2,3,A,-,01,23152,F,N,G,B,E,A,H,-,A,D,0,Y,,,Y,Y,,A,01,0,2,0,1,0,0,0,0,0,"- ","- ",37.565460205078125,-121.13504791259766,"SAN JOAQUIN",UNINCORPORATED,-121.23075866699219,37.948581695556641
90836099,2018,2018-10-15,9265,2018-10-03,1618,017537,,3,2,6,3905,0,1,1,,2,504,"I-5 S/B","MARCH LN",528.00,N,N,B,C,Y,,,5,,,,,,S,Y,2,0,1,2,A,-,03,22350,,N,D,C,A,B,H,-,A,D,0,,,,Y,Y,,A,01,1,0,0,0,0,0,0,0,0,"- ","- ",37.986679077148438,-121.34459686279297,"SAN JOAQUIN",STOCKTON,-121.34447479248047,37.986728668212891
90839108,2018,2018-10-18,9265,2018-09-28,2023,019795,,5,2,2,3920,0,1,1,,2,502,"I-5 S/B","LATHROP RD",2640.00,N,N,A,-,Y,,,5,,,,,,S,Y,2,0,1,2,A,-,03,22350,,N,C,C,A,A,H,-,C,D,0,,,,,Y,,A,07,1,0,0,0,0,0,0,0,0,"- ","- ",37.833320617675781,-121.28762817382812,"SAN JOAQUIN",LATHROP,-121.28756713867188,37.833301544189453