CASE_ID,ACCIDENT_YEAR,PROC_DATE,JURIS,COLLISION_DATE,COLLISION_TIME,OFFICER_ID,REPORTING_DISTRICT,DAY_OF_WEEK,CHP_SHIFT,POPULATION,CNTY_CITY_LOC,SPECIAL_COND,BEAT_TYPE,CHP_BEAT_TYPE,CITY_DIVISION_LAPD,CHP_BEAT_CLASS,BEAT_NUMBER,PRIMARY_RD,SECONDARY_RD,DISTANCE,DIRECTION,INTERSECTION,WEATHER_1,WEATHER_2,STATE_HWY_IND,CALTRANS_COUNTY,CALTRANS_DISTRICT,STATE_ROUTE,ROUTE_SUFFIX,POSTMILE_PREFIX,POSTMILE,LOCATION_TYPE,RAMP_INTERSECTION,SIDE_OF_HWY,TOW_AWAY,COLLISION_SEVERITY,NUMBER_KILLED,NUMBER_INJURED,PARTY_COUNT,PRIMARY_COLL_FACTOR,PCF_CODE_OF_VIOL,PCF_VIOL_CATEGORY,PCF_VIOLATION,PCF_VIOL_SUBSECTION,HIT_AND_RUN,TYPE_OF_COLLISION,MVIW,PED_ACTION,ROAD_SURFACE,ROAD_COND_1,ROAD_COND_2,LIGHTING,CONTROL_DEVICE,CHP_ROAD_TYPE,PEDESTRIAN_ACCIDENT,BICYCLE_ACCIDENT,MOTORCYCLE_ACCIDENT,TRUCK_ACCIDENT,NOT_PRIVATE_PROPERTY,ALCOHOL_INVOLVED,STWD_VEHTYPE_AT_FAULT,CHP_VEHTYPE_AT_FAULT,COUNT_SEVERE_INJ,COUNT_VISIBLE_INJ,COUNT_COMPLAINT_PAIN,COUNT_PED_KILLED,COUNT_PED_INJURED,COUNT_BICYCLIST_KILLED,COUNT_BICYCLIST_INJURED,COUNT_MC_KILLED,COUNT_MC_INJURED,PRIMARY_RAMP,SECONDARY_RAMP,LATITUDE,LONGITUDE,COUNTY,CITY,POINT_X,POINT_Y
90847241,2018,2018-12-10,9265,2018-10-27,0316,019774,,6,3,6,3905,0,1,1,,2,504,"I-5 N/B","MARCH LN",175.00,N,N,A,-,Y,,,5,,,,,,N,Y,2,0,2,2,A,-,01,23152,A,N,C,C,A,A,H,-,C,D,0,,,,,Y,Y,A,01,2,0,0,0,0,0,0,0,0,"- ","- ",37.985198974609375,-121.34365081787109,"SAN JOAQUIN",STOCKTON,-121.34354400634766,37.985240936279297
90848401,2018,2018-10-30,9265,2018-10-21,2215,020260,,7,3,9,3900,0,1,1,,2,505,"I-5 N/B","BARBER RD",1540.00,N,N,A,-,Y,,,,,,,,,,Y,2,0,2,1,A,-,16,29003,A,N,H,A,A,A,H,-,D,D,0,,,,,Y,,E,22,1,0,1,0,0,0,0,0,0,"- ","- ",37.249130249023438,-121.44544982910156,"SAN JOAQUIN",UNINCORPORATED,-121.44589996337891,38.250152587890625
90850164,2018,2018-10-31,9265,2018-10-14,1638,019413,,7,2,6,3905,0,1,1,,2,503,"SR-4 W/B TO I-5 S/B","CHURCH ST",303.00,N,N,A,-,Y,,,4,,,,R,,W,Y,2,0,3,1,A,-,08,22107,,N,E,I,A,A,H,-,A,D,0,,,,,Y,,D,22,2,1,0,0,0,0,0,0,0,"- ","- ",37.946701049804688,-121.30030059814453,"SAN JOAQUIN",STOCKTON,-121.30030059814453,37.946701049804688
90850251,2018,2018-10-31,9265,2018-10-10,1650,019413,,3,2,9,3900,0,2,4,,1,014,"MARIPOSA RD","DODDS RD",0.00,,Y,A,-,N,,,,,,,,,,Y,2,0,1,2,A,-,09,21802,A,N,D,C,A,A,H,-,A,A,0,,,,Y,Y,,A,08,1,0,0,0,0,0,0,0,0,"- ","- ",37.856620788574219,-121.04235076904297,"SAN JOAQUIN",UNINCORPORATED,-121.0423583984375,37.856678009033203
90850740,2018,2018-11-01,9265,2018-10-22,1605,019996,,1,2,9,3900,0,1,3,,1,066,SR-26,"OSPITAL ROAD",580.00,W,N,A,-,Y,,,26,,,,,,,Y,2,0,1,2,A,-,05,21460,A,N,C,C,A,A,H,-,A,D,0,,,Y,,Y,,-,"- ",1,0,0,0,0,0,0,0,1,"- ","- ",38.093170166015625,-120.94621276855469,"SAN JOAQUIN",UNINCORPORATED,-120.94619750976562,38.093154907226562
90851869,2018,2018-11-02,9265,2018-10-29,2250,020260,,1,3,9,3900,0,3,5,,2,090,"LOWER SACRAMENTO ROAD S/B","EXTENSION ROAD",0.00,,Y,A,-,N,,,,,,,,,,Y,2,0,1,1,A,-,03,22350,,N,F,I,A,A,H,-,D,D,0,,,Y,,Y,,C,02,1,0,0,0,0,0,0,0,1,"- ","- ",38.975021362304688,-121.30980682373047,"SAN JOAQUIN",UNINCORPORATED,-121.30979919433594,38.097480773925781
90852201,2018,2018-11-02,9266,2018-10-26,1647,015432,,5,2,9,3900,0,1,1,,1,015,"I-205 E/B","CANAL BLVD",386.00,E,N,A,-,Y,,,205,,,,,,E,Y,2,0,2,2,A,-,07,21658,A,N,B,C,A,A,H,-,A,D,0,,,Y,,Y,,A,01,1,0,1,0,0,0,0,0,1,"- ","- ",37.765750885009766,-121.34712219238281,"SAN JOAQUIN",UNINCORPORATED,-121.34709930419922,37.765533447265625
90852694,2018,2018-11-05,9265,2018-10-20,0904,018767,,6,1,9,3900,0,1,3,,1,011,SR-120,"RIPON RD",0.00,,Y,A,-,Y,,,120,,,,,,,Y,2,0,1,2,A,-,09,21801,A,N,A,C,A,A,H,-,A,D,0,,,,,Y,,D,22,1,0,0,0,0,0,0,0,0,"- ","- ",37.797740936279297,-121.12526702880859,"SAN JOAQUIN",UNINCORPORATED,-121.12526702880859,37.797744750976562
90854078,2018,2018-11-06,9266,2018-10-30,0910,014808,,2,1,5,3906,0,1,1,,2,014,"I-205 W/B","GRANT LINE RD. U/C",1000.00,E,N,B,-,Y,,,205,,,,,,W,Y,2,0,1,2,A,-,03,22350,,N,C,C,A,A,H,-,A,D,0,,,Y,,Y,,C,02,1,0,0,0,0,0,0,0,1,"- ","- ",37.755611419677734,-121.46025085449219,"SAN JOAQUIN",TRACY,-121.460205078125,37.755500793457031
90854461,2018,2018-11-06,9265,2018-10-26,1209,018767,,5,1,4,3903,0,1,3,,2,001,"SR-99 S/B","YOSEMITE AVE",2640.00,S,N,A,-,Y,,,99,,,,,,S,Y,2,0,2,1,A,-,08,22107,,N,F,A,A,A,H,-,A,D,0,,,,,Y,,A,01,1,0,1,0,0,0,0,0,0,"- ","- ",37.789421081542969,-121.18949890136719,"SAN JOAQUIN",MANTECA,-121.18932342529297,37.789463043212891
90855263,2018,2018-11-07,9265,2018-05-27,1113,019657,,7,1,9,3900,0,1,3,,1,061,SR-26,"MURRAY RD",2685.00,W,N,A,-,Y,,,26,,,,,,,Y,1,1,2,2,A,-,08,22107,,N,B,C,A,A,H,-,A,D,0,,,,,Y,,A,01,0,1,1,0,0,0,0,0,0,"- ","- ",38.008369445800781,-121.12255096435547,"SAN JOAQUIN",UNINCORPORATED,-121.12255096435547,38.008365631103516
90862720,2018,2018-11-19,9265,2018-11-16,1850,019136,,5,2,9,3900,0,2,4,,1,053,"WATERLOO RD","FILBERT ST",0.00,,Y,A,-,N,,,,,,,,,,N,2,0,1,2,A,-,05,21650,,N,D,G,A,A,H,-,C,A,0,,Y,,,Y,,L,04,1,0,0,0,0,0,1,0,0,"- ","- ",37.977008819580078,-121.26172637939453,"SAN JOAQUIN",UNINCORPORATED,-121.26183319091797,37.977039337158203
90866309,2018,2018-11-26,9265,2018-11-17,1500,015756,,6,2,9,3900,0,1,3,,2,006,"SR-99 N/B","JAHANT RD",2112.00,N,N,A,-,Y,,,99,,,,,,N,Y,2,0,1,2,A,-,08,22107,,N,C,C,A,A,H,-,A,D,0,,,Y,,Y,,A,08,1,0,0,0,0,0,0,0,1,"- ","- ",38.208419799804688,-121.26413726806641,"SAN JOAQUIN",UNINCORPORATED,-121.26419067382812,38.208389282226562
90866392,2018,2018-11-26,9265,2018-11-22,0022,018047,,4,3,6,3905,0,1,1,,2,503,"I-5 N/B","FRENCH CAMP RD",3115.00,N,N,B,C,Y,,,5,,,,,,N,Y,2,0,1,1,A,-,08,22107,,N,E,I,A,B,H,-,D,D,0,,,,,Y,,A,01,1,0,0,0,0,0,0,0,0,"- ","- ",37.905979156494141,-121.2867431640625,"SAN JOAQUIN",STOCKTON,-121.28682708740234,37.905948638916016
90866694,2018,2018-11-26,9265,2018-11-23,2210,019136,,5,3,9,3900,0,3,5,,2,060,"HARNEY LN","ALPINE RD",1244.00,E,N,B,C,N,,,,,,,,,,Y,2,0,1,1,A,-,01,23152,A,N,E,I,A,B,H,-,D,D,0,,,,,Y,Y,A,01,1,0,0,0,0,0,0,0,0,"- ","- ",38.101478576660156,-121.21098327636719,"SAN JOAQUIN",UNINCORPORATED,-121.21065521240234,38.101451873779297
90877416,2018,2018-12-06,9266,2018-11-21,1335,013866,,3,1,9,3900,0,2,4,,1,023,"LINNE RD.","CHRISMAN RD.",0.00,,Y,A,-,N,,,,,,,,,,Y,2,0,2,2,A,-,17,21461,A,N,A,C,A,A,H,-,A,A,0,,,,Y,Y,,G,25,1,1,0,0,0,0,0,0,0,"- ","- ",37.696159362792969,-121.3980712890625,"SAN JOAQUIN",UNINCORPORATED,-121.39810180664062,37.696159362792969
90883185,2018,2018-12-14,9266,2018-12-08,0805,014808,,6,1,9,3900,0,1,3,,1,026,"SR-132 W/B","GREENWOOD RD.",406.00,E,N,E,-,Y,,,132,,,,,,W,Y,2,0,1,2,A,-,09,21804,A,N,D,C,A,B,H,-,A,D,0,,,Y,,Y,,A,07,1,0,0,0,0,0,0,0,1,"- ","- ",37.638320922851562,-121.27200317382812,"SAN JOAQUIN",UNINCORPORATED,-121.27200317382812,37.638294219970703
90888943,2018,2018-12-24,9265,2018-12-12,1541,017405,,3,2,9,3900,0,3,5,,2,030,"HOWARD RD.","ROBERTS RD.",19.00,W,N,A,-,N,,,,,,,,,,Y,2,0,2,2,A,-,09,21801,A,N,A,C,A,A,H,-,A,D,0,,,,,Y,,D,22,1,0,1,0,0,0,0,0,0,"- ","- ",37.87744140625,-121.34095001220703,"SAN JOAQUIN",UNINCORPORATED,-121.34246826171875,37.877399444580078
90889678,2018,2018-12-26,9266,2018-12-25,0100,021956,,2,3,9,3900,0,1,1,,1,015,I-205,"PARADISE ROAD",70.00,W,N,B,C,Y,,,205,,,,,,,Y,2,0,5,2,A,-,01,23152,A,N,C,C,A,B,H,-,D,D,0,,,,,Y,Y,A,01,1,1,3,0,0,0,0,0,0,"- ","- ",37.764789581298828,-121.38836669921875,"SAN JOAQUIN",UNINCORPORATED,-121.38836669921875,37.764747619628906
90898017,2018,2019-08-05,9265,2018-12-27,1727,019885,,4,2,9,3900,0,3,5,,2,010,"VAN ALLEN RD","LONE TREE RD",2340.00,S,N,A,-,N,,,,,,,,,,Y,2,0,1,2,A,-,16,24002,B,N,C,C,A,A,H,-,D,D,0,,,,,Y,,M,96,1,0,0,0,0,0,0,0,0,"- ","- ",37.820850372314453,-121.05284881591797,"SAN JOAQUIN",UNINCORPORATED,-121.05282592773438,37.821037292480469
90909479,2019,2019-01-23,9265,2019-01-13,1622,018836,,7,2,9,3900,0,3,5,,2,090,"SR-99 W FRONTAGE RD","SR-99 W FRONTAGE ROAD",0.00,,Y,A,-,Y,,,,,,,,,,Y,2,0,2,2,A,-,09,21801,A,N,D,C,A,A,H,-,A,D,0,,,Y,,Y,,A,07,1,1,0,0,0,0,0,0,2,"- ","- ",38.219440460205078,-121.27272033691406,"SAN JOAQUIN",UNINCORPORATED,,
90913529,2019,2019-01-28,9265,2019-01-17,1505,018850,,4,2,9,3900,0,1,3,,1,061,SR-26,"KASTELL RD",210.00,W,N,B,-,Y,,,26,,,,,,,Y,2,0,1,2,A,-,03,22350,,N,C,C,A,B,H,-,A,D,0,,,,Y,Y,,D,22,1,0,0,0,0,0,0,0,0,"- ","- ",37.978610992431641,-121.21495056152344,"SAN JOAQUIN",UNINCORPORATED,-121.21495819091797,37.978626251220703
90915822,2018,2019-03-18,9265,2018-12-16,0640,017989,,7,1,9,3900,0,1,1,,2,503,"I-5 S/B","ALPINE AVE",1056.00,N,N,A,-,Y,,,5,,,,,,S,Y,2,0,1,2,A,-,03,22350,,F,C,C,A,A,H,-,D,D,0,,,Y,,Y,,A,07,1,0,0,0,0,0,0,0,1,"- ","- ",37.976299285888672,-121.34046936035156,"SAN JOAQUIN",UNINCORPORATED,-121.34036254882812,37.976341247558594
90916425,2019,2019-01-31,9266,2019-01-29,1630,015805,,2,2,9,3900,0,1,1,,2,024,"I-5 N/B","PARADISE CUT",155.00,S,N,A,-,Y,,,5,,,,,,N,Y,2,0,1,2,A,-,03,22350,,N,C,C,A,A,H,-,A,D,0,,,,Y,Y,,A,01,1,0,0,0,0,0,0,0,0,"- ","- ",37.770519256591797,-121.32720947265625,"SAN JOAQUIN",UNINCORPORATED,-121.32710266113281,37.770378112792969
90917185,2019,2019-02-01,9265,2019-01-25,0429,020651,,5,3,9,3900,0,1,3,,2,001,"SR-99 N/B TO AUSTIN RD","AUSTIN RD",280.00,S,N,A,-,Y,,,99,,,,R,,N,Y,2,0,1,1,A,-,01,23152,A,N,F,A,A,A,H,-,D,D,0,,,,,Y,Y,D,22,1,0,0,0,0,0,0,0,0,"- ","- ",37.775241851806641,-121.17877960205078,"SAN JOAQUIN",UNINCORPORATED,-121.17877960205078,37.775241851806641
90920017,2019,2019-02-06,9265,2019-01-30,0603,015629,,3,1,9,3900,0,1,3,,1,092,SR-12,"GUARD ROAD",7920.00,W,N,B,-,N,,,12,,,,,,,Y,2,0,2,2,A,-,05,21460,A,N,A,C,A,A,H,-,D,D,0,,,,,Y,,A,01,1,0,1,0,0,0,0,0,0,"- ","- ",38.115440368652344,-121.43063354492188,"SAN JOAQUIN",UNINCORPORATED,-121.43063354492188,38.115444183349609
90922101,2019,2019-02-08,9265,2019-01-31,0810,015629,,4,1,9,3900,0,3,5,,2,090,"THORNTON ROAD","TURNER ROAD",1368.00,N,N,E,-,N,,,,,,,,,,Y,2,0,2,2,A,-,05,21650,,N,A,C,A,B,H,-,A,D,0,,,,Y,Y,,D,22,1,1,0,0,0,0,0,0,0,"- ","- ",38.148818969726562,-121.39878082275391,"SAN JOAQUIN",UNINCORPORATED,-121.39877319335938,38.149707794189453
90922410,2019,2019-02-08,9265,2019-01-14,0235,019307,,1,3,6,3905,0,1,1,,2,503,"I-5 N/B TO MONTE DIABLO AVENUE","MONTE DIABLO AVENUE",240.00,S,N,A,-,Y,,,5,,,,R,,N,Y,2,0,4,3,A,-,03,22350,,N,C,C,F,A,H,-,D,D,0,Y,,,,Y,,A,01,1,0,3,0,1,0,0,0,0,"- ","- ",37.956981658935547,-121.32695007324219,"SAN JOAQUIN",STOCKTON,-121.32695007324219,37.956981658935547
90925190,2019,2019-02-13,9265,2019-02-08,0320,019307,,5,3,9,3900,0,1,3,,1,061,SR-26,"WALL ROAD",1161.00,E,N,A,-,Y,,,26,,,,,,,Y,2,0,2,1,A,-,01,23152,A,N,E,I,A,A,H,-,D,D,0,,,,,Y,Y,A,08,1,1,0,0,0,0,0,0,0,"- ","- ",38.025768280029297,-121.06935882568359,"SAN JOAQUIN",UNINCORPORATED,-121.06935119628906,38.025737762451172
90930841,2019,2019-02-21,9265,2019-02-11,1714,019413,,1,2,9,3900,0,3,5,,2,060,"ELLIOTT RD","ACAMPO RD",2746.00,S,N,A,-,N,,,,,,,,,,Y,2,0,1,1,A,-,08,22107,,N,E,I,A,A,H,-,A,D,0,,,,,Y,,D,22,1,0,0,0,0,0,0,0,0,"- ","- ",38.17327880859375,-121.16195678710938,"SAN JOAQUIN",UNINCORPORATED,-121.16211700439453,38.173526763916016
90931841,2019,2019-02-22,9265,2019-02-17,0315,020513,,7,3,9,3900,0,1,3,,2,006,"SR-99 S/B","ACAMPO RD",910.00,S,N,B,-,Y,,,99,,,,,,S,Y,2,0,2,1,A,-,01,23152,A,N,E,I,A,A,H,-,D,D,0,,,,,Y,Y,A,01,2,0,0,0,0,0,0,0,0,"- ","- ",38.172161102294922,-121.26242828369141,"SAN JOAQUIN",UNINCORPORATED,-121.26233673095703,38.172164916992188
90932673,2019,2019-02-25,9265,2019-02-15,2005,019413,,5,2,9,3900,0,2,4,,1,082,"COUNTRY CLUB BLVD","FRANKLIN AVE",53.00,W,N,B,-,N,,,,,,,,,,N,2,0,1,2,A,-,11,21954,A,N,G,B,D,A,H,-,D,D,0,Y,,,,Y,,N,60,1,0,0,0,1,0,0,0,0,"- ","- ",37.966018676757812,-121.32890319824219,"SAN JOAQUIN",UNINCORPORATED,-121.32937622070312,37.965896606445312
90935553,2019,2019-02-27,9265,2019-02-24,1828,019996,,7,2,9,3900,0,1,3,,1,062,SR-88,"KETTLEMAN LANE",250.00,E,N,B,-,Y,,,88,,,,,,,Y,2,0,6,3,A,-,01,23152,A,N,C,C,A,A,H,-,D,A,0,,,,,Y,Y,A,07,2,2,2,0,0,0,0,0,0,"- ","- ",38.116851806640625,-121.17343139648438,"SAN JOAQUIN",UNINCORPORATED,-121.17330169677734,38.116798400878906
90942341,2019,2019-03-08,9265,2019-03-02,1226,018955,,6,1,4,3903,0,1,3,,2,025,"SR-120 E/B","MAIN ST",2750.00,E,N,B,C,Y,,,120,,,,,,E,Y,2,0,1,2,A,-,04,21703,,N,C,C,A,B,H,-,A,D,0,,,,,Y,,A,01,1,0,0,0,0,0,0,0,0,"- ","- ",37.783111572265625,-121.20614624023438,"SAN JOAQUIN",MANTECA,-121.20614624023438,37.783206939697266
90943210,2019,2019-03-11,9265,2019-02-24,1347,019387,,7,1,6,3905,0,1,1,,2,503,"I-5 S/B","FRENCH CAMP ROAD",3345.00,N,N,A,-,Y,,,5,,,,,,S,Y,2,0,1,1,A,-,08,22107,,M,E,I,A,A,H,-,A,D,0,,,,,Y,,D,22,1,0,0,0,0,0,0,0,0,"- ","- ",37.904880523681641,-121.28688049316406,"SAN JOAQUIN",STOCKTON,-121.28679656982422,37.904911041259766
90945841,2019,2019-03-14,9265,2019-03-06,2147,018511,,3,2,9,3900,0,3,5,,2,060,"SR-99 E. FRONTAGE RD","ACAMPO RD",1830.00,N,N,C,-,N,,,99,,,,,,,Y,2,0,1,1,A,-,01,23152,A,N,E,I,A,B,H,-,D,D,0,,,,,Y,Y,D,22,1,0,0,0,0,0,0,0,0,"- ","- ",38.180168151855469,-121.26210784912109,"SAN JOAQUIN",UNINCORPORATED,-121.26233673095703,38.180164337158203
90948115,2018,2019-03-19,9265,2018-10-27,0225,013193,,6,3,6,3905,0,1,1,,2,504,"I-5 N/B","BENJAMIN HOLT DR",3168.00,S,N,A,-,Y,,,5,,,,,,N,Y,1,2,3,6,A,-,03,22350,,N,D,C,E,A,H,-,C,D,0,Y,,,,Y,,A,01,0,2,1,2,0,0,0,0,0,"- ","- ",37.999851226806641,-121.34934234619141,"SAN JOAQUIN",STOCKTON,-121.34928894042969,37.999866485595703
90955874,2019,2019-03-28,9266,2019-02-13,0222,019717,,3,3,5,3906,0,1,1,,1,015,"I-205 E/B","MACARTHUR DRIVE",1939.00,W,N,B,C,Y,,,,,,,,,,Y,1,1,0,2,A,-,08,22107,,N,C,E,A,B,H,-,D,D,0,,,,,Y,,A,01,0,0,0,0,0,0,0,0,0,"- ","- ",37.760299682617188,-121.42169952392578,"SAN JOAQUIN",TRACY,-121.42136383056641,37.763141632080078
90969420,2019,2019-04-17,9265,2019-03-28,0230,020651,,4,3,9,3900,0,1,3,,2,001,"SR-99 S/B","LATHROP RD",1567.00,N,N,A,-,Y,,,99,,,,,,S,Y,1,1,0,1,A,-,01,23152,G,N,E,I,A,A,H,-,C,A,0,,,,,Y,Y,A,01,0,0,0,0,0,0,0,0,0,"- ","- ",37.831321716308594,-121.21726989746094,"SAN JOAQUIN",UNINCORPORATED,-121.21762084960938,37.831306457519531
90971349,2019,2019-04-22,9265,2019-04-09,1529,018955,,2,2,4,3903,0,1,3,,2,001,"SR-99 N/B","YOSEMITE AVE",985.00,S,N,A,-,Y,,,99,,,,,,N,Y,2,0,1,1,A,-,03,22350,,N,F,A,A,A,H,-,A,D,0,,,Y,,Y,,C,02,1,0,0,0,0,0,0,0,1,"- ","- ",37.7947998046875,-121.19043731689453,"SAN JOAQUIN",MANTECA,-121.19046020507812,37.794795989990234
90971412,2019,2019-04-19,9265,2019-04-09,1421,018955,,2,2,4,3903,0,1,3,,2,025,"SR-120 E/B","MAIN ST",854.00,W,N,A,-,Y,,,120,,,,,,E,Y,2,0,1,2,A,-,03,22350,,N,C,C,A,A,H,-,A,D,0,,,,,Y,,A,01,1,0,0,0,0,0,0,0,0,"- ","- ",37.783180236816406,-121.21877288818359,"SAN JOAQUIN",MANTECA,-121.21877288818359,37.783191680908203
90973512,2019,2019-04-23,9266,2019-03-27,0520,019312,,3,3,9,3900,0,2,4,,2,028,"SCHULTE ROAD","QUALITY LANE",20.00,E,N,A,-,N,,,,,,,,,,Y,2,0,2,2,A,-,05,21460,A,N,D,C,A,A,H,-,D,D,0,,,,,Y,,A,01,1,0,1,0,0,0,0,0,0,"- ","- ",37.721549987792969,-121.4876708984375,"SAN JOAQUIN",UNINCORPORATED,-121.4876708984375,37.721549987792969
90974320,2019,2019-04-24,9266,2019-04-10,1820,015029,,3,2,9,3900,0,1,1,,2,021,"I-580 E/B","VALPICO ROAD U/C",3696.00,W,N,A,-,Y,,,,,,,,,,Y,2,0,2,1,C,-,18,,,N,E,I,A,A,H,-,A,D,0,,,,,Y,,-,"- ",1,0,1,0,0,0,0,0,0,"- ","- ",37.6885986328125,-121.48459625244141,"SAN JOAQUIN",UNINCORPORATED,,
90977619,2019,2019-04-29,9265,2019-04-22,1448,019387,,1,2,6,3905,0,1,1,,2,503,"INTERSTATE 5 SOUTHBOUND","CHARTER WAY",1600.00,N,N,A,-,Y,,,5,,,,,,S,Y,2,0,4,3,A,-,01,23152,A,N,C,C,A,A,H,-,A,D,0,,,,,Y,Y,A,01,1,3,0,0,0,0,0,0,0,"- ","- ",37.941020965576172,-121.29840850830078,"SAN JOAQUIN",STOCKTON,-121.29840850830078,37.941020965576172
90978627,2019,2019-04-30,9265,2019-04-19,1840,019387,,5,2,6,3905,0,3,5,,2,050,"OLIVE AVENUE","HORNER AVE",660.00,N,N,A,-,N,,,,,,,,,,Y,2,0,1,2,A,-,08,22107,,N,A,E,A,A,H,-,A,D,0,,,,,Y,,D,22,1,0,0,0,0,0,0,0,0,"- ","- ",37.959251403808594,-121.23750305175781,"SAN JOAQUIN",STOCKTON,-121.23752593994141,37.959228515625
90979904,2019,2019-05-01,9265,2019-04-09,1845,019657,,2,2,9,3900,0,3,5,,2,060,"ADA AVE","SIBLEY AVE",195.00,W,N,A,-,N,,,,,,,,,,N,2,0,1,2,A,-,09,21804,A,N,D,G,A,A,H,-,A,D,0,,Y,,,Y,,L,04,1,0,0,0,0,0,1,0,0,"- ","- ",37.976291656494141,-121.16338348388672,"SAN JOAQUIN",UNINCORPORATED,-121.163330078125,37.976284027099609
90980644,2019,2019-05-02,9265,2019-02-10,1242,015756,,7,1,9,3900,0,2,4,,1,065,"SR-99 E FRONTAGE ROAD","MORADA LN",620.00,N,N,A,-,N,,,99,,,,,,,Y,1,1,3,2,A,-,05,21460,A,N,A,C,A,A,H,-,A,D,0,,,,,Y,,A,01,3,0,0,0,0,0,0,0,0,"- ","- ",38.038738250732422,-121.25801086425781,"SAN JOAQUIN",UNINCORPORATED,-121.25832366943359,38.038730621337891
90982949,2019,2019-05-06,9266,2019-04-26,1652,015029,,5,2,9,3900,0,1,1,,2,021,"I-580 W/B","MOUNTAIN HOUSE PARKWAY",3875.00,W,N,A,-,Y,,,580,,,,,,W,Y,2,0,2,1,A,-,01,23152,A,N,F,A,A,A,H,-,A,D,0,,,,,Y,Y,A,01,1,1,0,0,0,0,0,0,0,"- ","- ",37.732421875,-121.54929351806641,"SAN JOAQUIN",UNINCORPORATED,-121.54932403564453,37.732383728027344
90997264,2019,2019-05-28,9265,2019-05-19,0230,021401,,7,3,9,3900,0,1,3,,2,003,"SR-99 N/B","ARCH RD",5650.00,S,N,C,-,Y,,,99,,,,,,N,Y,2,0,2,2,A,-,01,23152,A,N,C,C,A,B,H,-,D,D,0,,,,,Y,Y,A,01,1,1,0,0,0,0,0,0,0,"- ","- ",37.889530181884766,-121.22013854980469,"SAN JOAQUIN",UNINCORPORATED,-121.22021484375,37.889530181884766
90998888,2019,2019-05-30,9265,2019-04-20,2238,019489,,6,3,9,3900,0,1,3,,2,003,"SR-99 N/B","FARMINGTON RD",171.00,S,N,A,-,Y,,,99,,,,,,N,Y,1,1,0,2,A,-,11,21954,A,N,G,B,D,A,H,-,D,D,0,Y,,,,Y,Y,N,60,0,0,0,1,0,0,0,0,0,"- ","- ",37.940750122070312,-121.23471069335938,"SAN JOAQUIN",UNINCORPORATED,-121.23478698730469,37.940742492675781
90999253,2019,2019-05-30,9265,2019-01-08,0505,019489,,2,3,9,3900,0,1,3,,2,003,"SR-99 N/B","ARCH RD",1930.00,S,N,E,-,Y,,,99,,,,,,N,Y,1,1,1,3,A,-,03,22350,,N,C,C,A,B,H,-,C,D,0,,,,Y,Y,,G,25,0,0,1,0,0,0,0,0,0,"- ","- ",37.900661468505859,-121.22103881835938,"SAN JOAQUIN",UNINCORPORATED,-121.22111511230469,37.900630950927734
91004827,2019,2019-06-06,9266,2019-05-26,0530,013866,,7,3,9,3900,0,1,1,,2,021,"I-205 E/B","PARADISE RD.",250.00,W,N,A,-,Y,,,205,,,,,,E,Y,2,0,3,2,A,-,03,22356,B,N,C,C,A,A,H,-,D,D,0,,,,,Y,,A,01,3,0,0,0,0,0,0,0,0,"- ","- ",37.764739990234375,-121.38823699951172,"SAN JOAQUIN",UNINCORPORATED,-121.38823699951172,37.764751434326172
91004955,2019,2019-06-06,9266,2019-06-02,0204,018324,,7,3,9,3900,0,1,1,,2,014,"I-205 E/B","HANSEN ROAD",785.00,W,N,A,-,Y,,,205,,,,,,E,Y,2,0,2,1,A,-,01,23152,A,N,E,I,A,A,H,-,D,D,0,,,,,Y,Y,A,01,1,1,0,0,0,0,0,0,0,"- ","- ",37.741298675537109,-121.51603698730469,"SAN JOAQUIN",UNINCORPORATED,-121.51602935791016,37.741409301757812
91018045,2019,2020-01-07,9266,2019-06-05,0635,013866,,3,1,9,3900,0,2,4,,1,016,"11TH ST.","BIRD RD.",0.00,,Y,A,-,N,,,,,,,,,,Y,2,0,1,2,A,-,12,21453,A,N,D,C,A,A,H,-,A,A,0,,,,Y,Y,,F,27,1,0,0,0,0,0,0,0,0,"- ","- ",37.745559692382812,-121.36181640625,"SAN JOAQUIN",UNINCORPORATED,-121.36179351806641,37.745941162109375
91022235,2019,2019-07-01,9265,2019-06-22,1028,018047,,6,1,9,3900,0,2,4,,1,024,"AIRPORT WAY","FRENCH CAMP RD",2112.00,S,N,A,-,N,,,,,,,,,,Y,2,0,1,3,A,-,01,23152,A,F,A,C,A,A,H,-,A,D,0,,,,,Y,Y,D,22,1,0,0,0,0,0,0,0,0,"- ","- ",37.867599487304688,-121.25621032714844,"SAN JOAQUIN",UNINCORPORATED,-121.25611114501953,37.868289947509766