CASE_ID,ACCIDENT_YEAR,PROC_DATE,JURIS,COLLISION_DATE,COLLISION_TIME,OFFICER_ID,REPORTING_DISTRICT,DAY_OF_WEEK,CHP_SHIFT,POPULATION,CNTY_CITY_LOC,SPECIAL_COND,BEAT_TYPE,CHP_BEAT_TYPE,CITY_DIVISION_LAPD,CHP_BEAT_CLASS,BEAT_NUMBER,PRIMARY_RD,SECONDARY_RD,DISTANCE,DIRECTION,INTERSECTION,WEATHER_1,WEATHER_2,STATE_HWY_IND,CALTRANS_COUNTY,CALTRANS_DISTRICT,STATE_ROUTE,ROUTE_SUFFIX,POSTMILE_PREFIX,POSTMILE,LOCATION_TYPE,RAMP_INTERSECTION,SIDE_OF_HWY,TOW_AWAY,COLLISION_SEVERITY,NUMBER_KILLED,NUMBER_INJURED,PARTY_COUNT,PRIMARY_COLL_FACTOR,PCF_CODE_OF_VIOL,PCF_VIOL_CATEGORY,PCF_VIOLATION,PCF_VIOL_SUBSECTION,HIT_AND_RUN,TYPE_OF_COLLISION,MVIW,PED_ACTION,ROAD_SURFACE,ROAD_COND_1,ROAD_COND_2,LIGHTING,CONTROL_DEVICE,CHP_ROAD_TYPE,PEDESTRIAN_ACCIDENT,BICYCLE_ACCIDENT,MOTORCYCLE_ACCIDENT,TRUCK_ACCIDENT,NOT_PRIVATE_PROPERTY,ALCOHOL_INVOLVED,STWD_VEHTYPE_AT_FAULT,CHP_VEHTYPE_AT_FAULT,COUNT_SEVERE_INJ,COUNT_VISIBLE_INJ,COUNT_COMPLAINT_PAIN,COUNT_PED_KILLED,COUNT_PED_INJURED,COUNT_BICYCLIST_KILLED,COUNT_BICYCLIST_INJURED,COUNT_MC_KILLED,COUNT_MC_INJURED,PRIMARY_RAMP,SECONDARY_RAMP,LATITUDE,LONGITUDE,COUNTY,CITY,POINT_X,POINT_Y
91030407,2019,2019-07-15,9265,2019-07-02,1205,018047,,2,1,9,3900,0,1,3,,1,092,"SR-12 W/B","MOKELUMNE RIVER",772.00,E,N,A,-,Y,,,12,,,,,,W,Y,2,0,1,2,A,-,01,23152,A,N,D,E,A,A,H,-,A,D,0,,,,,Y,Y,A,01,1,0,0,0,0,0,0,0,0,"- ","- ",38.124568939208984,-121.57659912109375,"SAN JOAQUIN",UNINCORPORATED,-121.57663726806641,38.124477386474609
91032334,2019,2019-07-17,9266,2019-07-10,0346,018324,,3,3,9,3900,0,1,1,,2,024,"I-5 S/B","LINNE ROAD",10560.00,N,N,A,-,Y,,,5,,,,,,S,N,2,0,1,1,A,-,13,22515,A,N,G,B,A,A,H,-,D,D,0,,,,,Y,Y,E,22,1,0,0,0,0,0,0,0,0,"- ","- ",37.726360321044922,-121.34403991699219,"SAN JOAQUIN",UNINCORPORATED,-121.34376525878906,37.726360321044922
91032528,2019,2019-07-17,9266,2019-06-10,0625,018711,,1,1,5,3906,0,1,1,,2,014,"I-205 W/B","GRANT LINE ROAD",70.00,E,N,A,-,Y,,,205,,,,,,W,Y,2,0,4,4,A,-,03,22350,,N,C,C,A,A,H,-,A,A,0,,,,,Y,,A,01,3,0,1,0,0,0,0,0,0,"- ","- ",37.75482177734375,-121.4615478515625,"SAN JOAQUIN",TRACY,-121.46159362792969,37.754932403564453
91033124,2019,2019-07-18,9266,2019-07-11,1930,014717,,4,2,9,3900,0,1,1,,2,014,"I-205 W/B","DELTA MENDOTA CANAL",1470.00,E,N,A,-,Y,,,205,,,,,,W,Y,2,0,1,1,A,-,08,22107,,N,F,J,A,A,H,-,A,D,0,,,,,Y,,A,01,1,0,0,0,0,0,0,0,0,"- ","- ",37.743679046630859,-121.54824829101562,"SAN JOAQUIN",UNINCORPORATED,-121.54824829101562,37.74365234375
91036860,2019,2020-02-10,9266,2019-06-27,1100,019312,,4,1,9,3900,0,2,4,,1,016,"ELEVENTH STREET","BANTA ROAD",1862.00,E,N,A,-,N,,,,,,,,,,Y,1,1,2,2,A,-,08,22107,,N,D,C,A,A,H,-,A,D,0,,,,,Y,,A,01,2,0,0,0,0,0,0,0,0,"- ","- ",37.739830017089844,-121.37332916259766,"SAN JOAQUIN",UNINCORPORATED,-121.37355804443359,37.739738464355469
91039968,2019,2019-07-29,9265,2019-07-20,0600,019073,,6,1,9,3900,0,3,5,,2,060,"MORADA LN","OAKWILDE AVE",389.00,W,N,A,-,N,,,,,,,,,,Y,2,0,1,1,A,-,08,22107,,N,E,I,A,A,H,-,B,D,0,,,,,Y,Y,A,01,1,0,0,0,0,0,0,0,0,"- ","- ",38.037471771240234,-121.24463653564453,"SAN JOAQUIN",UNINCORPORATED,-121.24462890625,38.037452697753906
91042739,2019,2019-07-31,9265,2019-07-22,2335,019136,,1,3,9,3900,0,1,3,,2,004,"SR-99 SB TO WILSON WAY","NEWTON RD",737.00,N,N,A,-,Y,,,99,,,,R,,S,Y,2,0,1,3,A,-,01,23152,A,N,E,I,A,A,H,-,D,D,0,,,,,Y,Y,A,01,1,0,0,0,0,0,0,0,0,"- ","- ",38.002170562744141,-121.25884246826172,"SAN JOAQUIN",UNINCORPORATED,-121.25884246826172,38.002170562744141
91043238,2019,2019-08-01,9266,2019-07-16,1647,020083,,2,2,9,3900,0,1,3,,1,026,SR-132,SR-33,820.00,W,N,A,-,Y,,,132,,,,,,,Y,2,0,1,1,A,-,03,22350,,N,F,A,A,A,H,-,A,D,0,,,Y,,Y,,C,02,1,0,0,0,0,0,0,0,1,"- ","- ",37.637969970703125,-121.29837036132812,"SAN JOAQUIN",UNINCORPORATED,-121.29837036132812,37.637996673583984
91044025,2019,2019-08-02,9265,2019-07-23,1255,018836,,2,1,9,3900,0,2,4,,1,093,"LOWER SACRAMENTO RD","ACAMPO RD",120.00,S,N,A,-,N,,,,,,,,,,N,2,0,1,2,A,-,09,21804,A,N,D,C,A,A,H,-,A,D,0,,,Y,,Y,,C,02,1,0,0,0,0,0,0,0,1,"- ","- ",38.174308776855469,-121.29412841796875,"SAN JOAQUIN",UNINCORPORATED,-121.29412841796875,38.174343109130859
91048881,2019,2019-08-09,9265,2019-08-01,1230,018694,,4,1,9,3900,0,3,5,,2,060,"JACK TONE ROAD","COPPEROPOLIS RD",30.00,S,N,A,-,N,,,,,,,,,,Y,2,0,3,2,A,-,12,22450,A,N,D,C,A,A,H,-,A,A,0,,,,Y,Y,,A,01,1,2,0,0,0,0,0,0,0,"- ","- ",37.970329284667969,-121.14868927001953,"SAN JOAQUIN",UNINCORPORATED,-121.14868927001953,37.970458984375
9105323,2020,2020-10-31,3905,2020-05-18,1350,1412,BEA,1,5,6,3905,0,0,0,,0,,"HAMMER LN","EL DORADO ST",0.00,,Y,B,-,N,,,,,,,,,,N,2,0,1,2,A,-,10,21950,A,N,G,B,B,A,H,-,A,A,0,Y,,,,Y,,A,01,1,0,0,0,1,0,0,0,0,"- ","- ",38.020610809326172,-121.31556701660156,"SAN JOAQUIN",STOCKTON,-121.31520080566406,38.021011352539062
9105331,2020,2021-02-12,3905,2020-05-16,0650,2411,BEA,6,5,6,3905,0,0,0,,0,,"DAVID RD","ST MORITZ CIR",114.00,S,N,A,-,N,,,,,,,,,,Y,2,0,1,1,A,-,08,22107,,N,E,I,A,A,H,-,B,D,0,,,,,Y,,A,08,1,0,0,0,0,0,0,0,0,"- ","- ",,,"SAN JOAQUIN",STOCKTON,-121.33310699462891,38.054458618164062
91053689,2019,2019-08-16,9265,2019-05-28,2240,019136,,2,3,9,3900,0,1,3,,1,062,SR-88,"WALNUT ST",300.00,W,N,A,-,Y,,,88,,,,,,,N,1,1,0,2,C,-,18,,,N,G,B,E,A,H,-,D,D,0,Y,,,,Y,,-,"- ",0,0,0,1,0,0,0,0,0,"- ","- ",38.161258697509766,-121.15247344970703,"SAN JOAQUIN",UNINCORPORATED,-121.15248107910156,38.161266326904297
91058332,2019,2019-08-23,9265,2019-08-18,1145,018694,,7,1,3,3904,0,1,3,,2,001,"SR-99 N/B","FULTON AVENUE",180.00,S,N,A,-,Y,,,99,,,,,,N,Y,2,0,6,2,A,-,03,22350,,N,C,C,A,A,H,-,A,D,0,,,,,Y,,A,01,2,2,2,0,0,0,0,0,0,"- ","- ",37.746311187744141,-121.13272094726562,"SAN JOAQUIN",RIPON,-121.13269805908203,37.746345520019531
91065611,2019,2019-09-03,9266,2019-08-26,1700,019532,,1,2,9,3900,0,2,4,,2,020,"KASSON RD.","DURHAM FERRY ROAD",640.00,N,N,A,-,N,,,,,,,,,,Y,2,0,1,1,A,-,08,22107,,N,E,I,A,A,H,-,A,D,0,,,,,Y,,D,22,1,0,0,0,0,0,0,0,0,"- ","- ",37.673721313476562,-121.27414703369141,"SAN JOAQUIN",UNINCORPORATED,-121.27429962158203,37.673568725585938
91069305,2019,2019-09-06,9265,2019-08-18,1040,018694,,7,1,9,3900,0,1,3,,2,001,"SR-99 N/B","AUSTIN ROAD",1056.00,S,N,A,-,Y,,,99,,,,,,N,Y,2,0,3,2,A,-,03,22350,,N,C,C,A,A,H,-,A,D,0,,,Y,,Y,,C,02,3,0,0,0,0,0,0,0,3,"- ","- ",37.772838592529297,-121.17672729492188,"SAN JOAQUIN",UNINCORPORATED,-121.1767578125,37.772804260253906
91071384,2019,2019-10-02,9266,2019-09-09,1005,019312,,1,1,9,3900,0,2,4,,1,016,"ELEVENTH STREET","BIRD ROAD",30.00,W,N,A,-,N,,,,,,,,,,Y,1,1,0,2,A,-,03,22350,,N,C,C,A,A,H,-,A,D,0,,,,,Y,,D,22,0,0,0,0,0,0,0,0,0,"- ","- ",37.746158599853516,-121.36695861816406,"SAN JOAQUIN",UNINCORPORATED,-121.36186218261719,37.745883941650391
91072207,2019,2019-09-11,9266,2019-08-16,0405,020599,,5,3,5,3906,0,1,1,,1,015,"I-205 W/B","MACARTHUR DRIVE",1795.00,W,N,A,-,Y,,,205,,,,,,W,N,1,1,0,2,A,-,00,21960,,N,G,B,E,A,H,-,D,D,0,Y,,,,Y,,N,60,0,0,0,1,0,0,0,0,0,"- ","- ",37.763320922851562,-121.42138671875,"SAN JOAQUIN",TRACY,-121.42140197753906,37.763412475585938
91073147,2019,2019-09-12,9265,2019-08-03,1830,019139,,6,2,9,3900,0,3,5,,2,060,"COMSTOCK RD","COX RD",210.00,E,N,A,-,N,,,,,,,,,,Y,2,0,1,1,A,-,01,23152,A,N,E,I,A,A,H,-,A,D,0,,,,,Y,Y,A,01,1,0,0,0,0,0,0,0,0,"- ","- ",38.045169830322266,-121.08075714111328,"SAN JOAQUIN",UNINCORPORATED,-121.08160400390625,38.045101165771484
91073988,2019,2019-09-13,9265,2019-09-04,0851,017123,,3,1,9,3900,0,1,3,,1,041,SR-4,"JOHN TURK RD",26.00,W,N,A,-,Y,,,4,,,,,,,Y,2,0,1,2,A,-,05,21752,D,N,C,C,A,A,H,-,A,D,0,,,,Y,Y,,A,01,1,0,0,0,0,0,0,0,0,"- ","- ",37.926399230957031,-121.34139251708984,"SAN JOAQUIN",UNINCORPORATED,-121.34139251708984,37.926971435546875
91074018,2019,2019-09-13,9265,2019-09-04,1635,018289,,3,2,9,3900,0,3,5,,2,050,"ALPINE AVENUE","E STREET",49.00,W,N,A,-,N,,,,,,,,,,N,2,0,1,2,A,-,03,22350,,N,C,C,A,A,H,-,A,D,0,,,Y,,Y,,C,02,1,0,0,0,0,0,0,0,1,"- ","- ",37.987239837646484,-121.2713623046875,"SAN JOAQUIN",UNINCORPORATED,-121.27138519287109,37.987163543701172
91081877,2019,2019-09-24,9266,2019-09-18,1630,014717,,3,2,9,3900,0,1,1,,1,015,"I-205 E/B","EAST EDGE PARADISE CUT BRIDGE",115.00,W,N,B,-,Y,,,205,,,,,,E,Y,2,0,2,2,A,-,07,21658,A,F,E,I,A,A,H,-,A,D,0,,,,,Y,,-,99,1,1,0,0,0,0,0,0,0,"- ","- ",37.771041870117188,-121.32480621337891,"SAN JOAQUIN",UNINCORPORATED,-121.32469940185547,37.770957946777344
91082520,2019,2019-09-25,9265,2019-09-07,2244,021440,,6,3,9,3900,0,1,3,,1,092,SR-12,"SACRAMENTO COUNTY LINE",50.00,E,N,A,-,Y,,,12,,,,,,,Y,2,0,6,2,A,-,08,22107,,N,A,C,A,A,H,-,D,A,0,,,,,Y,Y,A,01,1,3,2,0,0,0,0,0,0,"- ","- ",38.125869750976562,-121.57993316650391,"SAN JOAQUIN",UNINCORPORATED,-121.57992553710938,38.125877380371094
91082553,2019,2019-09-25,9265,2019-09-20,1520,021781,,5,2,9,3900,0,1,3,,2,004,"SR-99 NORTHBOUND","EIGHT MILE ROAD",150.00,S,N,A,-,Y,,,99,,,,,,N,Y,2,0,2,1,A,-,01,23152,A,N,E,I,A,A,H,-,A,D,0,,,,,Y,,A,01,1,1,0,0,0,0,0,0,0,"- ","- ",38.057758331298828,-121.25930023193359,"SAN JOAQUIN",UNINCORPORATED,-121.25942230224609,38.057754516601562
91085708,2019,2019-09-27,9265,2019-09-12,1900,020313,,4,2,9,3900,0,3,5,,2,010,"RIVER ROAD","SEIDNER RD",1000.00,E,N,A,-,N,,,,,,,,,,N,2,0,1,2,A,-,08,22107,,N,C,G,A,A,H,-,A,D,0,,Y,,,Y,,A,01,1,0,0,0,0,0,1,0,0,"- ","- ",37.762039184570312,-120.94660949707031,"SAN JOAQUIN",UNINCORPORATED,-120.94664001464844,37.762027740478516
91089289,2019,2019-10-02,9265,2019-09-22,1735,020156,,7,2,9,3900,0,1,1,,2,505,"I-5 S/B  TO WALNUT GROVE RD","WALNUT GROVE RD",528.00,N,N,A,-,Y,,,5,,,,R,,S,Y,2,0,3,1,A,-,01,23152,A,N,E,I,A,A,H,-,A,D,0,,,,,Y,Y,A,07,2,1,0,0,0,0,0,0,0,"- ","- ",38.227169036865234,-121.43228912353516,"SAN JOAQUIN",UNINCORPORATED,-121.43228912353516,38.227169036865234
91089838,2019,2019-10-03,9265,2019-02-12,2340,013193,,2,3,6,3905,0,1,1,,2,503,"I-5 N/B","PERSHING AVE",252.00,S,N,C,-,Y,,,5,,,,,,N,Y,1,1,0,2,A,-,08,22107,,F,E,I,A,B,H,-,C,D,0,,,,,Y,,A,07,0,0,0,0,0,0,0,0,0,"- ","- ",37.955059051513672,-121.31266021728516,"SAN JOAQUIN",STOCKTON,-121.31265258789062,37.955074310302734
91094564,2019,2019-10-10,9266,2019-09-27,1758,020083,,5,2,5,3906,0,1,1,,2,014,"I-205 E/B","TRACY BLVD",2640.00,W,N,A,-,Y,,,205,,,,,,E,Y,2,0,3,4,A,-,03,22350,,N,C,C,A,A,H,-,A,D,0,,,,,Y,,A,01,1,0,2,0,0,0,0,0,0,"- ","- ",37.761341094970703,-121.44567108154297,"SAN JOAQUIN",TRACY,-121.44558715820312,37.761127471923828
91094663,2019,2019-10-10,9265,2019-09-30,1530,019885,,1,2,9,3900,0,3,5,,2,090,"SR-99 W FRONTAGE RD","WOODBRIDGE RD",0.00,,Y,A,-,N,,,,,,,,,,Y,2,0,2,2,A,-,09,21802,A,N,D,C,A,A,H,-,A,A,0,,,,,Y,,A,01,1,1,0,0,0,0,0,0,0,"- ","- ",38.160011291503906,-121.26363372802734,"SAN JOAQUIN",UNINCORPORATED,-121.263384,38.160218999999998
91096427,2019,2019-10-14,9265,2019-09-16,1024,015629,,1,1,6,3905,0,1,1,,2,504,"I-5 S/B","HAMMER LANE",4752.00,N,N,C,-,Y,,,5,,,,,,S,Y,1,1,1,1,A,-,03,22350,,N,E,I,A,B,H,-,A,D,0,,,,,Y,,A,01,1,0,0,0,0,0,0,0,0,"- ","- ",38.033420562744141,-121.36509704589844,"SAN JOAQUIN",STOCKTON,-121.36498260498047,38.033477783203125
91096913,2019,2019-10-14,9266,2019-10-03,0723,018544,,4,1,9,3900,0,3,5,,2,001,"LAMMERS ROAD","TRACY BLVD",540.00,W,N,A,-,N,,,,,,,,,,N,2,0,1,2,A,-,03,22350,,N,C,G,A,A,H,-,B,D,0,,Y,,,Y,,A,01,1,0,0,0,0,0,1,0,0,"- ","- ",37.790370941162109,-121.44947814941406,"SAN JOAQUIN",UNINCORPORATED,-121.44824981689453,37.790363311767578
91097924,2019,2019-10-15,9266,2019-10-09,0600,018217,,3,1,9,3900,0,1,1,,2,014,"I-205 W/B","MOUNTAIN HOUSE PKWY",3400.00,E,N,A,-,Y,,,205,,,,,,W,Y,2,0,1,2,A,-,07,21658,A,N,B,C,A,A,H,-,D,D,0,,,Y,,Y,,A,01,1,0,0,0,0,0,0,0,1,"- ","- ",37.741718292236328,-121.51944732666016,"SAN JOAQUIN",UNINCORPORATED,-121.51944732666016,37.741817474365234
91097949,2019,2019-10-15,9266,2019-10-12,0809,015029,,6,1,9,3900,0,1,1,,2,014,"I-205 E/B","MOUNTAIN HOUSE PKWY",3195.00,W,N,A,-,Y,,,,,,,,,,Y,2,0,1,1,A,-,08,22107,,N,E,I,A,A,H,-,A,D,0,,,,,Y,,A,01,1,0,0,0,0,0,0,0,0,"- ","- ",37.443000793457031,-121.31269836425781,"SAN JOAQUIN",UNINCORPORATED,-121.54264068603516,37.743091583251953
91120458,2019,2019-11-14,9265,2019-10-25,0745,019128,,5,1,4,3903,0,1,3,,2,025,"SR-120 W/B","UNION ROAD",1110.00,W,N,A,-,Y,,,120,,,,,,W,Y,2,0,3,5,A,-,03,22350,,N,C,C,A,A,H,-,A,D,0,,,,Y,Y,,G,25,1,1,1,0,0,0,0,0,0,"- ","- ",37.783458709716797,-121.23715209960938,"SAN JOAQUIN",MANTECA,-121.23715209960938,37.783470153808594
91124849,2019,2019-11-20,9265,2019-11-08,0733,013515,,5,1,6,3905,0,3,5,,2,060,"COMSTOCK ROAD","FERGUSON ROAD",2640.00,E,N,A,-,N,,,,,,,,,,Y,2,0,2,2,A,-,09,21804,A,N,D,C,A,A,H,-,A,D,0,,,,,Y,,A,01,2,0,0,0,0,0,0,0,0,"- ","- ",37.037391662597656,-121.17706298828125,"SAN JOAQUIN",STOCKTON,-121.17678070068359,38.037471771240234
91127528,2019,2019-11-22,9265,2019-08-10,2302,021401,,6,3,9,3900,0,3,5,,2,060,"N. ALPINE ROAD","FINKBOHNER ROAD",660.00,S,N,A,-,N,,,,,,,,,,Y,1,1,1,2,A,-,01,23152,G,N,A,C,A,A,H,-,D,D,0,,,,,Y,Y,A,01,1,0,0,0,0,0,0,0,0,"- ","- ",37.979808807373047,-121.19078826904297,"SAN JOAQUIN",UNINCORPORATED,-121.19070434570312,37.979732513427734
91140374,2019,2019-12-10,9265,2019-09-04,2256,021440,,3,3,9,3900,0,3,5,,2,020,"MCKINLEY AVE","ROTH RD",575.00,N,N,A,-,N,,,,,,,,,,N,1,1,0,2,A,-,11,21954,A,N,G,D,E,A,H,-,D,A,0,Y,,,,Y,,N,60,0,0,0,1,0,0,0,0,0,"- ","- ",37.857200622558594,-121.27429962158203,"SAN JOAQUIN",UNINCORPORATED,-121.27436828613281,37.857170104980469
91142170,2019,2019-12-12,9265,2019-05-23,0730,017989,,4,1,9,3900,0,1,1,,2,505,"I-5 N/B","EIGHT MILE RD",5280.00,N,N,A,-,Y,,,5,,,,,,N,Y,1,2,2,7,A,-,03,22350,,N,C,C,A,A,H,-,A,A,0,,,,Y,Y,,G,25,1,0,1,0,0,0,0,0,0,"- ","- ",38.072788238525391,-121.37725830078125,"SAN JOAQUIN",UNINCORPORATED,-121.37716674804688,38.072818756103516
91150768,2019,2019-12-23,9265,2019-11-26,2224,018511,,2,3,9,3900,0,2,4,,1,064,"EIGHT MILE RD","SR-99 E. FRONTAGE ROAD",35.00,W,N,B,G,N,,,,,,,,,,Y,2,0,1,1,A,-,08,22107,,N,F,A,A,B,H,-,D,A,0,,,Y,,Y,,C,02,1,0,0,0,0,0,0,0,1,"- ","- ",38.057281494140625,-121.257568359375,"SAN JOAQUIN",UNINCORPORATED,-121.25768280029297,38.057430267333984
91153326,2019,2019-12-26,9265,2019-12-11,1203,017989,,3,1,9,3900,0,2,4,,1,074,"BENJAMIN HOLT DR","BELMONT PL",528.00,W,N,B,-,N,,,,,,,,,,Y,2,0,1,2,C,-,18,,,N,B,E,A,A,H,-,A,D,0,,,,,Y,,-,"- ",1,0,0,0,0,0,0,0,0,"- ","- ",38.005119323730469,-121.34528350830078,"SAN JOAQUIN",UNINCORPORATED,-121.34521484375,38.005168914794922
91154312,2019,2019-12-27,9265,2019-12-03,1742,017537,,2,2,9,3900,0,3,5,,2,060,"COLLIER RD","CHEROKEE LANE",30.00,W,N,B,-,N,,,,,,,,,,Y,2,0,1,2,A,-,01,23152,A,N,D,C,A,B,H,-,B,A,0,,,,Y,Y,Y,D,22,1,0,0,0,0,0,0,0,0,"- ","- ",38.218311309814453,-121.26335144042969,"SAN JOAQUIN",UNINCORPORATED,-121.26329803466797,38.218338012695312
91161390,2019,2020-01-08,9265,2019-12-27,0955,018694,,5,1,4,3903,0,1,3,,2,001,"SR-99 N/B","AUSTIN ROAD",1056.00,N,N,A,-,Y,,,99,,,,,,N,Y,2,0,2,2,A,-,03,22350,,N,C,C,A,A,H,-,A,D,0,,,,Y,Y,,A,07,1,0,1,0,0,0,0,0,0,"- ","- ",37.776889801025391,-121.18196105957031,"SAN JOAQUIN",MANTECA,-121.18197631835938,37.776866912841797
91163772,2020,2020-01-27,9266,2020-01-11,0016,021241,,6,3,9,3900,0,1,1,,1,015,"I-205 W/B","EL RANCHO RD.",110.00,E,N,A,-,Y,,,205,,,,,,W,Y,2,0,5,1,A,-,08,22107,,N,E,I,A,A,H,-,D,D,0,,,,,Y,,A,07,4,1,0,0,0,0,0,0,0,"- ","- ",37.765140533447266,-121.37198638916016,"SAN JOAQUIN",UNINCORPORATED,-121.37198638916016,37.765071868896484
91166628,2019,2020-01-16,9266,2019-12-21,0255,013652,,6,3,9,3900,0,3,5,,2,003,"TRADITION STREET","PHELPS STREET",0.00,,Y,A,-,N,,,,,,,,,,Y,2,0,4,1,A,-,01,23152,A,N,A,I,A,A,H,-,A,A,0,,,,,Y,Y,A,01,1,0,3,0,0,0,0,0,0,"- ","- ",37.759540557861328,-121.54312133789062,"SAN JOAQUIN",UNINCORPORATED,-121.542963,37.759512999999998
91167547,2019,2020-01-17,9265,2019-12-30,0004,021440,,1,3,2,3920,0,1,1,,2,502,"I-5 S/B","ROTH ROAD",2323.00,S,N,A,-,Y,,,5,,,,,,S,Y,2,0,4,2,A,-,01,23152,A,N,C,C,A,B,H,-,D,D,0,,,,,Y,Y,A,01,2,1,1,0,0,0,0,0,0,"- ","- ",37.849288940429688,-121.28382873535156,"SAN JOAQUIN",LATHROP,-121.28375244140625,37.849273681640625
91169165,2020,2020-01-21,9265,2020-01-11,2303,018784,,6,3,9,3900,0,1,1,,2,505,"I-5 N/B","PELTIER RD",2112.00,S,N,A,-,Y,,,5,,,,,,N,Y,2,0,4,2,A,-,01,23152,A,N,C,C,A,A,H,-,D,D,0,,,,,Y,Y,A,01,1,3,0,0,0,0,0,0,0,"- ","- ",38.183361053466797,-121.40068817138672,"SAN JOAQUIN",UNINCORPORATED,-121.40068054199219,38.183361053466797
91170443,2020,2020-01-22,9265,2020-01-10,1604,021401,,5,2,9,3900,0,3,5,,2,010,"MURPHY RD","MILGEO AVE",1344.00,N,N,A,-,N,,,,,,,,,,N,2,0,1,2,A,-,06,21760,B,N,B,G,A,A,H,-,A,D,0,,Y,,,Y,,A,01,1,0,0,0,0,0,1,0,0,"- ","- ",37.750370025634766,-121.10572052001953,"SAN JOAQUIN",UNINCORPORATED,-121.10568237304688,37.750339508056641
91170698,2020,2020-01-22,9266,2020-01-22,0545,013650,,3,3,9,3900,0,2,4,,2,020,"KASSON ROAD","GREENWOOD ROAD",3696.00,N,N,B,-,N,,,,,,,,,,Y,2,0,1,1,A,-,08,22107,,N,F,A,A,A,H,-,D,D,0,,,,,Y,,D,22,1,0,0,0,0,0,0,0,0,"- ","- ",37.664039611816406,-121.26068878173828,"SAN JOAQUIN",UNINCORPORATED,-121.26073455810547,37.664031982421875
91175027,2020,2020-01-28,9265,2020-01-02,0810,022364,,4,1,9,3900,0,2,4,,1,014,"MARIPOSA RD","CARPENTER RD",2112.00,E,N,A,-,N,,,,,,,,,,Y,2,0,2,2,A,-,08,22107,,N,A,C,A,A,H,-,A,D,0,,,,,Y,,A,01,1,0,1,0,0,0,0,0,0,"- ","- ",37.925418853759766,-121.20909881591797,"SAN JOAQUIN",UNINCORPORATED,-121.21004486083984,37.925765991210938
9117687,2020,2020-08-27,3905,2020-05-23,1933,2890,CIV,6,5,6,3905,0,0,0,,0,,"ALDER ST","COMMERCE ST",0.00,,Y,A,-,N,,,,,,,,,,Y,2,0,2,1,A,-,03,22350,,N,E,I,A,A,H,-,A,A,0,,,,,Y,,A,01,1,0,1,0,0,0,0,0,0,"- ","- ",37.969001770019531,-121.29836273193359,"SAN JOAQUIN",STOCKTON,-121.29737854003906,37.969490051269531
91179832,2020,2020-03-11,9265,2020-01-24,2144,022134,,5,2,9,3900,0,1,3,,2,004,"ARMSTRONG RD","99 FRONTAGE RD.",5.00,W,N,B,-,N,,,,,,,,,,Y,2,0,2,2,A,-,01,23152,A,N,D,C,A,A,H,-,D,D,0,,,,,Y,Y,A,01,1,0,1,0,0,0,0,0,0,"- ","- ",38.088348388671875,-121.26119232177734,"SAN JOAQUIN",UNINCORPORATED,-121.2615966796875,38.087123870849609
91182533,2019,2020-02-07,9265,2019-09-26,1400,021414,,4,2,9,3900,0,1,3,,2,006,"SR-99 SOUTHBOUND","JAHANT RD",1584.00,S,N,G,-,Y,,,99,,,,,,S,N,1,1,0,2,C,-,18,,,N,H,A,A,A,H,-,A,D,0,,,,Y,Y,,-,"- ",0,0,0,0,0,0,0,0,0,"- ","- ",38.199550628662109,-121.26309967041016,"SAN JOAQUIN",UNINCORPORATED,-121.26307678222656,38.199550628662109
91182814,2020,2020-02-10,9265,2020-02-06,2015,018289,,4,2,9,3900,0,3,5,,2,050,"MCALLEN ROAD","HOLMAN ROAD",752.00,E,N,A,-,N,,,,,,,,,,Y,2,0,5,2,A,-,01,23152,A,N,A,C,A,A,H,-,D,D,0,,,,,Y,Y,A,01,1,3,1,0,0,0,0,0,0,"- ","- ",38.000301361083984,-121.26753234863281,"SAN JOAQUIN",UNINCORPORATED,-121.26767730712891,38.000335693359375
91188383,2020,2020-02-18,9265,2020-02-09,1550,022356,,7,2,9,3900,0,3,5,,2,010,"LOUISE AVE","JACK TONE RD",2400.00,W,N,A,-,N,,,,,,,,,,Y,2,0,1,1,A,-,08,22107,,N,F,A,A,A,H,-,A,D,0,,,,,Y,,D,22,1,0,0,0,0,0,0,0,0,"- ","- ",37.812339782714844,-121.15213012695312,"SAN JOAQUIN",UNINCORPORATED,-121.14376068115234,37.812198638916016
91190252,2020,2020-02-20,9265,2020-01-17,2035,022365,,5,2,9,3900,0,2,4,,1,065,"SR-99 E. FRONTAGE RD.","MORADA LANE",500.00,N,N,A,-,Y,,,99,,,,,,,Y,2,0,1,1,A,-,08,22107,,N,E,I,A,A,H,-,D,D,0,,,,,Y,,D,22,1,0,0,0,0,0,0,0,0,"- ","- ",38.038421630859375,-121.25803375244141,"SAN JOAQUIN",UNINCORPORATED,-121.25831604003906,38.038417816162109