CASE_ID,ACCIDENT_YEAR,PROC_DATE,JURIS,COLLISION_DATE,COLLISION_TIME,OFFICER_ID,REPORTING_DISTRICT,DAY_OF_WEEK,CHP_SHIFT,POPULATION,CNTY_CITY_LOC,SPECIAL_COND,BEAT_TYPE,CHP_BEAT_TYPE,CITY_DIVISION_LAPD,CHP_BEAT_CLASS,BEAT_NUMBER,PRIMARY_RD,SECONDARY_RD,DISTANCE,DIRECTION,INTERSECTION,WEATHER_1,WEATHER_2,STATE_HWY_IND,CALTRANS_COUNTY,CALTRANS_DISTRICT,STATE_ROUTE,ROUTE_SUFFIX,POSTMILE_PREFIX,POSTMILE,LOCATION_TYPE,RAMP_INTERSECTION,SIDE_OF_HWY,TOW_AWAY,COLLISION_SEVERITY,NUMBER_KILLED,NUMBER_INJURED,PARTY_COUNT,PRIMARY_COLL_FACTOR,PCF_CODE_OF_VIOL,PCF_VIOL_CATEGORY,PCF_VIOLATION,PCF_VIOL_SUBSECTION,HIT_AND_RUN,TYPE_OF_COLLISION,MVIW,PED_ACTION,ROAD_SURFACE,ROAD_COND_1,ROAD_COND_2,LIGHTING,CONTROL_DEVICE,CHP_ROAD_TYPE,PEDESTRIAN_ACCIDENT,BICYCLE_ACCIDENT,MOTORCYCLE_ACCIDENT,TRUCK_ACCIDENT,NOT_PRIVATE_PROPERTY,ALCOHOL_INVOLVED,STWD_VEHTYPE_AT_FAULT,CHP_VEHTYPE_AT_FAULT,COUNT_SEVERE_INJ,COUNT_VISIBLE_INJ,COUNT_COMPLAINT_PAIN,COUNT_PED_KILLED,COUNT_PED_INJURED,COUNT_BICYCLIST_KILLED,COUNT_BICYCLIST_INJURED,COUNT_MC_KILLED,COUNT_MC_INJURED,PRIMARY_RAMP,SECONDARY_RAMP,LATITUDE,LONGITUDE,COUNTY,CITY,POINT_X,POINT_Y
91190403,2019,2020-02-20,9265,2019-11-07,0405,018784,,4,3,9,3900,0,1,3,,1,092,SR-12,"CORREIA RD",1030.00,W,N,E,-,Y,,,12,,,,,,,Y,1,1,3,2,A,-,05,21460,A,N,A,C,A,A,H,-,D,D,0,,,,,Y,,A,07,3,0,0,0,0,0,0,0,0,"- ","- ",38.115440368652344,-121.47648620605469,"SAN JOAQUIN",UNINCORPORATED,-121.47649383544922,38.115402221679688
91191027,2020,2020-02-21,9265,2020-02-11,0020,019307,,2,3,2,3920,0,1,3,,2,025,"SR-120 W/B","GUTHMILLER ROAD",1700.00,W,N,A,-,Y,,,120,,,,,,W,Y,2,0,1,1,A,-,01,23152,A,N,E,I,A,A,H,-,D,D,0,,,,,Y,Y,A,07,1,0,0,0,0,0,0,0,0,"- ","- ",37.790470123291016,-121.29241180419922,"SAN JOAQUIN",LATHROP,-121.29241180419922,37.7904052734375
91204186,2020,2020-03-09,9265,2020-01-12,1813,020313,,7,2,9,3900,0,3,5,,2,030,"MATHEWS RD","DELIVERY DRIVE",550.00,E,N,A,-,N,,,,,,,,,,Y,1,1,0,2,A,-,21,22106,,N,D,C,A,A,H,-,D,D,0,,,Y,,Y,,D,22,0,0,0,0,0,0,0,1,0,"- ","- ",37.882358551025391,-121.28634643554688,"SAN JOAQUIN",UNINCORPORATED,-121.28646850585938,37.882350921630859
91208794,2020,2020-03-16,9266,2020-03-04,0045,020599,,3,3,9,3900,0,3,5,,2,001,"DELTA AVE","MACARTHUR DRIVE",50.00,E,N,A,-,N,,,,,,,,,,Y,2,0,3,1,A,-,01,23152,A,F,E,I,A,A,H,-,D,D,0,,,,,Y,Y,A,07,1,1,1,0,0,0,0,0,0,"- ","- ",37.798191070556641,-121.41177368164062,"SAN JOAQUIN",UNINCORPORATED,-121.41176605224609,37.798110961914062
91214063,2020,2020-03-23,9265,2020-01-25,2204,021440,,6,3,9,3900,0,1,3,,1,062,"SR-88 (WATERLOO ROAD)","WILCOX RD",432.00,W,N,A,-,Y,,,88,,,,,,,Y,1,1,1,2,A,-,01,23152,A,N,G,B,D,B,H,-,C,D,0,Y,,,,Y,Y,A,01,0,1,0,1,0,0,0,0,0,"- ","- ",37.987560272216797,-121.24575042724609,"SAN JOAQUIN",UNINCORPORATED,-121.2457275390625,37.987525939941406
91214214,2019,2020-05-11,9265,2019-12-06,1815,019136,,5,2,9,3900,0,3,5,,2,090,"SR-99 W FRONTAGE RD","COLLIER ROAD",490.00,N,N,B,-,Y,,,99,,,,,,,N,1,1,0,2,A,-,10,21950,A,N,G,B,D,A,H,-,C,D,0,Y,,,,Y,,D,22,0,0,0,1,0,0,0,0,0,"- ","- ",38.219688415527344,-121.27268981933594,"SAN JOAQUIN",UNINCORPORATED,-121.272739,38.219580000000001
91217622,2020,2020-03-27,9265,2020-02-21,1858,018289,,5,2,9,3900,0,1,3,,2,004,"STATE ROUTE 99 S/B TO SR-88/WATERLOO RD","SR-88/WATERLOO ROAD",428.00,N,N,A,-,Y,,,99,,,,R,,S,Y,1,1,0,1,A,-,08,22107,,N,E,I,A,A,H,-,D,A,0,,,,,Y,,A,01,0,0,0,0,0,0,0,0,0,"- ","- ",37.985530853271484,-121.25064086914062,"SAN JOAQUIN",UNINCORPORATED,-121.25064086914062,37.985530853271484
91222657,2020,2020-04-07,9265,2020-04-05,0050,021625,,7,3,9,3900,0,1,1,,2,505,"I-5 N/B","EIGHT MILE RD",10560.00,N,N,B,-,Y,,,5,,,,,,N,Y,2,0,1,1,A,-,08,22107,,N,E,I,A,B,H,-,D,D,0,,,,,Y,,A,01,1,0,0,0,0,0,0,0,0,"- ","- ",38.086990356445312,-121.3814697265625,"SAN JOAQUIN",UNINCORPORATED,-121.38164520263672,38.086921691894531
91224610,2020,2020-04-13,9265,2020-04-11,0050,021625,,6,3,9,3900,0,1,1,,2,505,"I-5 N/B","HIGHWAY 12",10560.00,S,N,A,-,Y,,,5,,,,,,N,Y,2,0,1,1,A,-,01,23152,A,N,E,I,A,A,H,-,D,D,0,,,,,Y,Y,A,01,1,0,0,0,0,0,0,0,0,"- ","- ",38.088390350341797,-121.38204956054688,"SAN JOAQUIN",UNINCORPORATED,-121.38227081298828,38.088279724121094
91228064,2019,2020-04-21,9265,2019-12-06,1725,021246,,5,2,9,3900,0,3,5,,2,010,"SANTA FE RD.","REILE AVE.",750.00,E,N,B,-,N,,,,,,,,,,Y,1,1,1,3,A,-,05,21650,,N,A,C,A,A,H,-,B,D,0,,,,,Y,,A,07,0,1,0,0,0,0,0,0,0,"- ","- ",37.786800384521484,-120.98300933837891,"SAN JOAQUIN",UNINCORPORATED,-120.98307800292969,37.786781311035156
91233307,2020,2020-05-04,9265,2020-04-22,2000,021526,,3,2,9,3900,0,3,5,,2,060,"ATKINSON RD","NORTH RUOTOLO LANE",190.00,W,N,A,-,N,,,,,,,,,,N,2,0,1,2,A,-,11,21956,A,N,G,B,E,A,H,-,B,D,0,Y,,,,Y,,N,60,1,0,0,0,1,0,0,0,0,"- ","- ",38.091178894042969,-121.16300201416016,"SAN JOAQUIN",UNINCORPORATED,-121.16292572021484,38.091152191162109
91233464,2020,2020-05-04,9265,2020-04-21,0300,022155,,2,3,9,3900,0,1,3,,1,062,SR-88,"ALPINE RD",4264.00,E,N,A,-,Y,,,88,,,,,,,Y,2,0,1,2,A,-,08,22107,,N,A,C,A,A,H,-,D,D,0,,,,Y,Y,Y,A,01,1,0,0,0,0,0,0,0,0,"- ","- ",38.025028228759766,-121.19773101806641,"SAN JOAQUIN",UNINCORPORATED,-121.19774627685547,38.025047302246094
91234089,2020,2020-05-05,9265,2020-04-04,1400,019413,,6,2,6,3905,0,1,3,,1,042,"SR-4 E/B","EL DORADO ST",166.00,E,N,C,-,Y,,,4,,,,,,E,Y,1,1,0,2,A,-,08,22107,,N,D,E,A,B,H,-,A,D,0,,,,Y,Y,Y,A,01,0,0,0,0,0,0,0,0,0,"- ","- ",37.950351715087891,-121.28848266601562,"SAN JOAQUIN",STOCKTON,-121.28847503662109,37.950302124023438
91237930,2020,2020-05-14,9265,2020-05-03,2244,021537,,7,3,5,3902,0,3,5,,2,090,"LOWER SACRAMENTO RD","LIBERTY RD",795.00,N,N,A,-,Y,,,,,,,,,,Y,2,0,1,1,A,-,01,23152,A,N,E,I,A,A,H,-,D,D,0,,,,,Y,Y,D,22,1,0,0,0,0,0,0,0,0,"- ","- ",38.235210418701172,-121.29109954833984,"SAN JOAQUIN",LODI,-121.29122161865234,38.235675811767578
91238398,2020,2020-05-15,9265,2020-05-04,2228,019139,,1,3,6,3905,0,1,3,,1,042,"SR-4 E/B","WILSON WAY",800.00,E,N,A,-,Y,,,4,,,,,,E,Y,2,0,4,3,A,-,01,23152,A,N,B,C,A,A,H,-,C,D,0,,,,,Y,Y,A,01,2,0,2,0,0,0,0,0,0,"- ","- ",37.954219818115234,-121.26753234863281,"SAN JOAQUIN",STOCKTON,-121.26753234863281,37.954227447509766
91240824,2020,2020-05-21,9265,2020-05-17,0520,022123,,7,3,6,3905,0,1,1,,2,504,"I-5 N/B","W. SWAIN RD.",1180.00,N,N,B,-,Y,,,5,,,,,,N,Y,2,0,7,2,A,-,03,22350,,N,C,C,A,A,H,-,B,D,0,,,,,Y,,A,01,4,0,3,0,0,0,0,0,0,"- ","- ",38.000808715820312,-121.34967803955078,"SAN JOAQUIN",STOCKTON,-121.34966278076172,38.000820159912109
91248918,2020,2020-06-08,9265,2020-05-05,1642,018955,,2,2,9,3900,0,3,5,,2,010,"DUNCAN RD","TOBACCO RD",1779.00,N,N,A,-,N,,,,,,,,,,Y,2,0,1,2,A,-,03,22350,,F,C,C,A,A,H,-,A,D,0,,,,,Y,,A,01,1,0,0,0,0,0,0,0,0,"- ","- ",38.000251770019531,-121.09522247314453,"SAN JOAQUIN",UNINCORPORATED,-121.09524536132812,38.002483367919922
91249053,2020,2020-06-08,9266,2020-05-22,1600,020083,,5,2,9,3900,0,2,4,,2,020,"KASSON ROAD","GREENWOOD ROAD",412.00,N,N,A,-,N,,,,,,,,,,Y,2,0,1,1,A,-,01,23152,F,N,E,I,A,A,H,-,A,D,0,,,,,Y,,D,22,1,0,0,0,0,0,0,0,0,"- ","- ",37.355129241943359,-121.2587890625,"SAN JOAQUIN",UNINCORPORATED,-121.25888824462891,37.655139923095703
91250392,2020,2020-06-10,9265,2020-05-27,2250,019139,,3,3,9,3900,0,1,3,,1,061,"COPPEROPOLIS RD","WAVERLY RD",975.00,W,N,A,-,N,,,,,,,,,,Y,2,0,1,1,A,-,01,23152,A,N,F,I,A,A,H,-,D,D,0,,,,,Y,Y,D,22,1,0,0,0,0,0,0,0,0,"- ","- ",37.973701477050781,-121.94809722900391,"SAN JOAQUIN",UNINCORPORATED,-120.94808197021484,37.973686218261719
91252124,2020,2020-06-15,9265,2020-06-09,1545,018047,,2,2,2,3920,0,1,1,,2,502,"I-5 S/B","LATHROP RD",4224.00,S,N,A,-,Y,,,5,,,,,,S,Y,2,0,1,1,A,-,03,22350,,N,C,A,A,A,H,-,A,D,0,,,Y,,Y,,C,02,1,0,0,0,0,0,0,0,1,"- ","- ",37.806869506835938,-121.29717254638672,"SAN JOAQUIN",LATHROP,-121.29750061035156,37.806987762451172
91253499,2020,2020-06-17,9265,2020-02-18,1817,021414,,2,2,9,3900,0,1,3,,1,013,"SR-4 (FARMINGTON ROAD)","SINCLAIR AVENUE",0.00,,Y,A,-,Y,,,4,,,,,,,Y,1,1,0,2,A,-,09,21802,A,N,D,C,A,A,H,-,B,A,0,,,,Y,Y,,G,25,0,0,0,0,0,0,0,0,0,"- ","- ",37.942699432373047,-121.22593688964844,"SAN JOAQUIN",UNINCORPORATED,-121.22594451904297,37.942707061767578
91254077,2020,2020-07-15,9265,2020-06-01,0955,015756,,1,1,9,3900,0,1,3,,1,067,SR-88,"LIBERTY RD",0.00,,Y,A,-,Y,,,88,,,,,,,Y,2,0,2,3,A,-,12,22450,A,N,D,C,A,A,H,-,A,A,0,,,,Y,Y,,A,08,2,0,0,0,0,0,0,0,0,"- ","- ",38.236061096191406,-121.05110168457031,"SAN JOAQUIN",UNINCORPORATED,-121.05107879638672,38.236042022705078
91254450,2020,2020-06-19,9265,2020-06-07,1415,013539,,7,2,9,3900,0,3,5,,2,030,"PRIEST ROAD","KRELL LANE",0.00,,Y,A,-,Y,,,,,,,,,,Y,2,0,1,2,B,-,22,,,N,H,J,A,A,H,-,A,A,0,,,,,Y,,M,95,1,0,0,0,0,0,0,0,0,"- ","- ",37.863571166992188,-121.26638031005859,"SAN JOAQUIN",UNINCORPORATED,-121.26840209960938,37.863548278808594
91259112,2020,2020-06-26,9265,2020-06-14,1154,018511,,7,1,9,3900,0,1,3,,1,063,"SR-12 (VICTOR RD)","LOCUST TREE RD",912.00,W,N,A,-,Y,,,12,,,,,,,Y,2,0,1,1,A,-,01,23152,A,N,E,I,A,A,H,-,A,D,0,,,,,Y,Y,D,22,1,0,0,0,0,0,0,0,0,"- ","- ",38.137641906738281,-121.20005035400391,"SAN JOAQUIN",UNINCORPORATED,-121.20005035400391,38.137996673583984
91263874,2020,2020-07-06,9265,2020-04-26,2105,021526,,7,2,5,3902,0,1,3,,2,006,"SR-99 S/B","KETTLEMAN LANE",1810.00,N,N,A,-,Y,,,99,,,,,,S,Y,1,1,1,1,A,-,01,23152,F,N,E,I,A,A,H,-,C,D,0,,,,,Y,,A,01,1,0,0,0,0,0,0,0,0,"- ","- ",38.121318817138672,-121.25747680664062,"SAN JOAQUIN",LODI,-121.25743103027344,38.121322631835938
91264599,2020,2020-07-07,9265,2020-06-27,2052,021644,,6,2,9,3900,0,1,3,,2,006,"BRANDT RD","TAYLOR RANCH RD",467.00,E,N,A,-,N,,,,,,,,,,Y,2,0,1,1,A,-,01,23152,A,N,F,I,A,A,H,-,D,D,0,,,,,Y,Y,A,01,1,0,0,0,0,0,0,0,0,"- ","- ",38.146869659423828,-121.16869354248047,"SAN JOAQUIN",UNINCORPORATED,-121.16873931884766,38.146820068359375
91267342,2020,2020-07-13,9265,2020-06-16,2135,019489,,2,2,6,3905,0,1,3,,1,042,"SR-4 W/B","AIRPORT WAY",40.00,E,N,A,-,Y,,,4,,,,,,W,Y,2,0,2,1,A,-,08,22107,,N,E,I,A,A,H,-,C,D,0,,,,,Y,,A,01,1,1,0,0,0,0,0,0,0,"- ","- ",37.953041076660156,-121.2730712890625,"SAN JOAQUIN",STOCKTON,-121.27308654785156,37.953140258789062
91267416,2020,2020-07-13,9265,2020-06-29,1931,019413,,1,2,6,3905,0,1,3,,1,042,"SR-4 W/B","SR-99 S/B",800.00,W,N,A,-,Y,,,4,,,,,,W,Y,2,0,3,2,A,-,08,22107,,N,B,C,A,A,H,-,A,D,0,,,,,Y,,A,01,1,1,1,0,0,0,0,0,0,"- ","- ",37.961570739746094,-121.24497222900391,"SAN JOAQUIN",STOCKTON,-121.24495697021484,37.961475372314453
91267486,2020,2020-08-26,9266,2020-06-28,0700,014808,,7,1,9,3900,0,1,1,,2,021,"I-580 W/B","VALLEY VIEW U/C",354.00,E,N,A,-,Y,,,580,,,,,,W,Y,1,1,0,1,A,-,01,23152,F,N,F,A,A,A,H,-,A,D,0,,,,,Y,,A,01,0,0,0,0,0,0,0,0,0,"- ","- ",37.699878692626953,-121.50250244140625,"SAN JOAQUIN",UNINCORPORATED,-121.50251007080078,37.699863433837891
91276894,2020,2020-07-30,9266,2020-07-10,1302,013866,,5,1,9,3900,0,1,3,,1,025,SR-33,"KOSTER RD.",528.00,S,N,A,-,Y,,,33,,,,,,,Y,2,0,2,2,A,-,03,22350,,N,C,C,A,A,H,-,A,D,0,,,,,Y,,A,07,1,1,0,0,0,0,0,0,0,"- ","- ",37.661998748779297,-121.32215881347656,"SAN JOAQUIN",UNINCORPORATED,-121.32192993164062,37.662250518798828
91277072,2020,2020-07-30,9265,2020-07-21,0842,015630,,2,1,5,3902,0,1,3,,2,006,"SR-99 S/B FROM TURNER ROAD","S. CHEROKEE LANE",0.00,,Y,A,-,Y,,,,,,,,,,Y,2,0,1,1,A,-,03,22350,,N,E,I,A,A,H,-,A,D,0,,,Y,,Y,,C,02,1,0,0,0,0,0,0,0,1,"- ","- ",38.081401824951172,-121.15309906005859,"SAN JOAQUIN",LODI,,
91287250,2020,2020-08-17,9266,2020-08-07,1728,021822,,5,2,5,3906,0,1,1,,2,014,"I-205 E/B","GRANT LINE ROAD",1519.00,E,N,A,-,Y,,,205,,,,,,E,Y,2,0,1,4,A,-,07,21658,A,N,B,C,A,A,H,-,A,D,0,,,Y,,Y,,A,01,1,0,0,0,0,0,0,0,1,"- ","- ",37.756488800048828,-121.45670318603516,"SAN JOAQUIN",TRACY,-121.45673370361328,37.756568908691406
91287696,2020,2020-08-17,9265,2020-08-06,0810,017405,,4,1,2,3920,0,1,1,,2,502,"I-5 N/B TO LOUISE AVE","LOUISE AVE.",15.00,S,N,A,-,Y,,,5,,,,R,,N,N,2,0,1,2,A,-,09,21453,B,N,G,B,B,A,H,-,A,A,0,Y,,,,Y,,D,22,1,0,0,0,1,0,0,0,0,"- ","- ",37.811679840087891,-121.29474639892578,"SAN JOAQUIN",LATHROP,-121.29474639892578,37.811679840087891
91291205,2020,2020-08-24,9265,2020-08-10,0255,022356,,1,3,6,3905,0,1,1,,2,504,"I-5 N/B","HAMMER LN",2419.00,S,N,A,-,Y,,,5,,,,,,N,Y,2,0,2,1,A,-,08,22107,,F,E,I,A,A,H,-,D,D,0,,,,,Y,,A,01,1,0,1,0,0,0,0,0,0,"- ","- ",38.014938354492188,-121.35569000244141,"SAN JOAQUIN",STOCKTON,-121.35552215576172,38.015018463134766
91292139,2020,2020-08-25,9265,2020-08-15,2015,021526,,6,2,9,3900,0,3,5,,2,040,SR-4,"WHISKEY SLOUGH RD",1056.00,E,N,A,-,Y,,,4,,,,,,,Y,2,0,4,2,A,-,01,23152,A,N,C,C,A,A,H,-,C,D,0,,,,,Y,Y,A,07,1,0,3,0,0,0,0,0,0,"- ","- ",37.926868438720703,-121.42575073242188,"SAN JOAQUIN",UNINCORPORATED,-121.42575073242188,37.926906585693359
91295369,2020,2020-08-28,9265,2020-08-02,0145,022123,,7,3,9,3900,0,1,1,,2,505,"I-5 N/B","TURNER RD",45.00,N,N,A,-,Y,,,5,,,,,,N,Y,1,1,0,1,A,-,01,23152,G,N,E,I,A,A,H,-,D,D,0,,,,,Y,Y,D,22,0,0,0,0,0,0,0,0,0,"- ","- ",38.146190643310547,-121.39910888671875,"SAN JOAQUIN",UNINCORPORATED,-121.39906311035156,38.146190643310547
91295923,2020,2020-08-31,9266,2020-08-22,0945,022498,,6,1,9,3900,0,1,3,,1,011,SR-4,"MIDDLE RIVER BRIDGE",7128.00,W,N,A,-,Y,,,,,,,,,,Y,2,0,1,1,A,-,03,22350,,N,F,A,A,A,H,-,A,D,0,,,Y,,Y,,C,02,1,0,0,0,0,0,0,0,1,"- ","- ",37.532398223876953,-121.30490112304688,"SAN JOAQUIN",UNINCORPORATED,,
91297789,2020,2020-09-02,9265,2020-08-23,0756,013515,,7,1,9,3900,0,1,3,,1,061,"STATE ROUTE 26","BALDWIN LANE",870.00,E,N,A,-,Y,,,26,,,,,,,Y,2,0,2,2,A,-,01,23152,F,N,E,I,A,A,H,-,A,D,0,,,,,Y,,A,01,1,0,1,0,0,0,0,0,0,"- ","- ",37.980579376220703,-121.20738983154297,"SAN JOAQUIN",UNINCORPORATED,-121.20738983154297,37.9805908203125
9129849,2020,2020-10-02,3906,2020-07-15,2044,1476,3906,3,5,5,3906,0,0,0,,0,000,"INTERNATIONAL PKWY","BERKELEY RD",868.00,N,N,A,-,N,,,,,,,,,,Y,2,0,1,2,A,-,00,22650,,N,-,C,A,A,H,-,C,A,0,,,,Y,Y,,A,01,1,0,0,0,0,0,0,0,0,"- ","- ",,,"SAN JOAQUIN",TRACY,-121.53138732910156,37.731391906738281
91302516,2020,2020-09-10,9265,2020-08-31,0605,019128,,1,1,9,3900,0,1,3,,1,011,SR-120,"FRENCH CAMP ROAD",35.00,W,N,A,-,Y,,,120,,,,,,,Y,2,0,2,2,A,-,03,22350,,N,C,C,A,A,H,-,D,D,0,,,,,Y,,A,07,1,0,1,0,0,0,0,0,0,"- ","- ",37.798210144042969,-121.09214782714844,"SAN JOAQUIN",UNINCORPORATED,-121.09214782714844,37.798103332519531
91305158,2020,2020-09-15,9265,2020-09-05,1425,022134,,6,2,9,3900,0,1,1,,2,505,"I-5 S/B","EIGHT MILE RD",7920.00,N,N,A,-,Y,,,5,,,,,,S,Y,2,0,2,1,A,-,08,22107,,N,F,I,A,A,H,-,A,D,0,,,,,Y,,A,01,1,1,0,0,0,0,0,0,0,"- ","- ",38.082729339599609,-121.38072967529297,"SAN JOAQUIN",UNINCORPORATED,-121.38057708740234,38.082775115966797
91306036,2020,2020-09-16,9265,2020-08-30,1250,018694,,7,1,9,3900,0,3,5,,2,020,"S. UNION ROAD","PERRIN ROAD",1584.00,S,N,A,-,N,,,,,,,,,,Y,1,1,0,1,A,-,01,23152,G,N,F,J,A,A,H,-,A,D,0,,,,,Y,Y,D,22,0,0,0,0,0,0,0,0,0,"- ","- ",37.721179962158203,-121.23374176025391,"SAN JOAQUIN",UNINCORPORATED,-121.23368835449219,37.720531463623047
91309818,2020,2020-09-23,9265,2020-09-17,0917,013515,,4,1,9,3900,0,3,5,,2,010,"MARIPOSA ROAD","WAGNER ROAD",1584.00,E,N,B,-,N,,,,,,,,,,Y,2,0,1,1,A,-,08,22107,,N,E,I,A,A,H,-,A,D,0,,,,,Y,,A,01,1,0,0,0,0,0,0,0,0,"- ","- ",37.877819061279297,-121.08580017089844,"SAN JOAQUIN",UNINCORPORATED,-121.0869140625,37.87841796875
91309851,2020,2020-09-23,9266,2020-09-15,0205,019312,,2,3,9,3900,0,1,1,,2,014,"I-205 E/B","MOUNTAIN HOUSE PKWY",3696.00,E,N,A,-,Y,,,205,,,,,,E,Y,2,0,2,2,A,-,01,23152,A,N,C,C,A,A,H,-,D,D,0,,,,,Y,Y,A,01,1,0,1,0,0,0,0,0,0,"- ","- ",37.741741180419922,-121.52153778076172,"SAN JOAQUIN",UNINCORPORATED,-121.52153778076172,37.741764068603516
91310464,2020,2020-09-24,9265,2020-09-13,0630,019128,,7,1,9,3900,0,1,1,,2,505,"I-5 N/B","BARBER ROAD",900.00,S,N,B,F,Y,,,5,,,,,,N,Y,2,0,1,1,A,-,08,22107,,N,E,I,A,A,H,-,A,D,0,,,,,Y,,A,07,1,0,0,0,0,0,0,0,0,"- ","- ",38.24517822265625,-121.44390869140625,"SAN JOAQUIN",UNINCORPORATED,-121.44393920898438,38.245162963867188
91310690,2020,2020-09-24,9265,2020-09-19,2050,022356,,6,2,9,3900,0,2,4,,1,072,"WEST LN","STADIUM DR",0.00,,Y,A,-,N,,,,,,,,,,Y,2,0,1,2,A,-,09,21801,B,F,D,C,A,A,H,-,D,A,0,,,Y,,Y,,C,02,1,0,0,0,0,0,0,0,1,"- ","- ",37.985469818115234,-121.28450775146484,"SAN JOAQUIN",UNINCORPORATED,-121.28449249267578,37.985519409179688
91313592,2020,2020-09-28,9265,2020-08-21,2200,022155,,5,3,9,3900,0,1,3,,2,004,"SR-99 S/B","CHEROKEE RD",80.00,S,N,A,-,Y,,,99,,,,,,S,Y,1,1,0,1,A,-,01,23152,F,N,E,I,A,A,H,-,C,D,0,,,,,Y,,A,01,0,0,0,0,0,0,0,0,0,"- ","- ",37.99169921875,-121.25257110595703,"SAN JOAQUIN",UNINCORPORATED,-121.25263977050781,37.991672515869141
91316820,2020,2020-10-02,9265,2020-09-24,0735,017123,,4,1,6,3905,0,1,1,,2,503,"I-5 S/B","CARLTON AVE",475.00,S,N,A,-,Y,,,5,,,,,,S,Y,2,0,3,3,A,-,08,22107,,N,C,C,E,A,H,-,A,D,0,Y,,,,Y,,A,01,1,1,1,0,1,0,0,0,0,"- ","- ",37.955959320068359,-121.32321929931641,"SAN JOAQUIN",STOCKTON,-121.32321929931641,37.956043243408203
91317432,2020,2020-10-05,9265,2020-09-23,1740,021526,,3,2,6,3905,0,3,5,,2,020,"ROTH RD","INTERMODAL WAY",572.00,W,N,A,-,N,,,,,,,,,,N,2,0,1,2,A,-,08,22107,,N,G,G,A,A,H,-,B,D,0,,Y,,,Y,,D,22,1,0,0,0,0,0,1,0,0,"- ","- ",37.855510711669922,-121.26216888427734,"SAN JOAQUIN",STOCKTON,-121.26207733154297,37.855602264404297
91321418,2020,2020-10-12,9265,2020-10-10,0340,021625,,6,3,9,3900,0,1,3,,2,006,"SR-99 S/B","ACAMPO RD",193.00,N,N,A,-,Y,,,99,,,,,,S,Y,2,0,3,1,A,-,01,23152,A,F,E,I,A,A,H,-,D,D,0,,,,,Y,Y,A,07,3,0,0,0,0,0,0,0,0,"- ","- ",38.175289154052734,-121.2625732421875,"SAN JOAQUIN",UNINCORPORATED,-121.262451171875,38.17529296875
91322779,2020,2020-10-13,9265,2020-09-24,0015,017537,,4,3,9,3900,0,2,4,,1,053,"WILSON WAY","BELVEDERE AVE",171.00,S,N,A,-,N,,,,,,,,,,N,2,0,1,2,A,-,11,21954,A,F,G,B,D,A,H,-,A,A,0,Y,,,,Y,,N,60,1,0,0,0,1,0,0,0,0,"- ","- ",37.986251831054688,-121.26967620849609,"SAN JOAQUIN",UNINCORPORATED,-121.26960754394531,37.986328125
91323569,2020,2020-10-14,9266,2020-10-09,1435,022498,,5,2,9,3900,0,3,5,,2,001,"11TH ST. N/B","GRANT LINE ROAD",355.00,S,N,A,-,N,,,,,,,,,,Y,2,0,1,3,A,-,03,22350,,N,C,C,A,A,H,-,A,D,0,,,,Y,Y,,A,07,1,0,0,0,0,0,0,0,0,"- ","- ",37.450698852539062,-121.21099853515625,"SAN JOAQUIN",UNINCORPORATED,-121.35283660888672,37.752098083496094
9132761,2020,2021-02-18,3905,2020-06-23,2215,2988,VAL,2,5,6,3905,0,0,0,,0,,"MARCH LN","HOLIDAY DR",230.00,W,N,A,-,N,,,,,,,,,,Y,1,1,0,2,A,-,01,23152,A,N,B,C,A,A,H,-,C,A,0,,,,,Y,Y,A,01,0,0,0,0,0,0,0,0,0,"- ","- ",38.000709533691406,-121.29621124267578,"SAN JOAQUIN",STOCKTON,-121.29751586914062,38.000576019287109
91330248,2020,2020-10-23,9266,2020-10-21,1410,015805,,3,2,9,3900,0,2,4,,1,022,"CORRAL HOLLOW ROAD","I-580 E/B",16896.00,S,N,A,-,N,,,,,,,,,,Y,2,0,1,1,A,-,08,22107,,N,E,I,A,A,H,-,A,D,0,,,Y,,Y,,C,02,1,0,0,0,0,0,0,0,1,"- ","- ",37.640499114990234,-121.49136352539062,"SAN JOAQUIN",UNINCORPORATED,-121.49142456054688,37.640480041503906
91331044,2020,2020-10-26,9265,2020-09-01,1410,019489,,2,2,6,3905,0,1,1,,2,504,"I-5 S/B","MARCH LN",750.00,N,N,A,-,Y,,,5,,,,,,S,Y,2,0,1,2,A,-,03,22350,,N,C,C,A,A,H,-,A,D,0,,,,,Y,,A,01,1,0,0,0,0,0,0,0,0,"- ","- ",37.986900329589844,-121.34442901611328,"SAN JOAQUIN",STOCKTON,-121.34452819824219,37.986862182617188