CASE_ID,ACCIDENT_YEAR,PROC_DATE,JURIS,COLLISION_DATE,COLLISION_TIME,OFFICER_ID,REPORTING_DISTRICT,DAY_OF_WEEK,CHP_SHIFT,POPULATION,CNTY_CITY_LOC,SPECIAL_COND,BEAT_TYPE,CHP_BEAT_TYPE,CITY_DIVISION_LAPD,CHP_BEAT_CLASS,BEAT_NUMBER,PRIMARY_RD,SECONDARY_RD,DISTANCE,DIRECTION,INTERSECTION,WEATHER_1,WEATHER_2,STATE_HWY_IND,CALTRANS_COUNTY,CALTRANS_DISTRICT,STATE_ROUTE,ROUTE_SUFFIX,POSTMILE_PREFIX,POSTMILE,LOCATION_TYPE,RAMP_INTERSECTION,SIDE_OF_HWY,TOW_AWAY,COLLISION_SEVERITY,NUMBER_KILLED,NUMBER_INJURED,PARTY_COUNT,PRIMARY_COLL_FACTOR,PCF_CODE_OF_VIOL,PCF_VIOL_CATEGORY,PCF_VIOLATION,PCF_VIOL_SUBSECTION,HIT_AND_RUN,TYPE_OF_COLLISION,MVIW,PED_ACTION,ROAD_SURFACE,ROAD_COND_1,ROAD_COND_2,LIGHTING,CONTROL_DEVICE,CHP_ROAD_TYPE,PEDESTRIAN_ACCIDENT,BICYCLE_ACCIDENT,MOTORCYCLE_ACCIDENT,TRUCK_ACCIDENT,NOT_PRIVATE_PROPERTY,ALCOHOL_INVOLVED,STWD_VEHTYPE_AT_FAULT,CHP_VEHTYPE_AT_FAULT,COUNT_SEVERE_INJ,COUNT_VISIBLE_INJ,COUNT_COMPLAINT_PAIN,COUNT_PED_KILLED,COUNT_PED_INJURED,COUNT_BICYCLIST_KILLED,COUNT_BICYCLIST_INJURED,COUNT_MC_KILLED,COUNT_MC_INJURED,PRIMARY_RAMP,SECONDARY_RAMP,LATITUDE,LONGITUDE,COUNTY,CITY,POINT_X,POINT_Y
91331476,2020,2020-10-26,9265,2020-10-17,0018,022123,,6,3,9,3900,0,1,3,,1,092,"SR-12 E/B","MOKELUMNE RIVER",13200.00,E,N,A,-,Y,,,12,,,,,,E,Y,2,0,1,3,A,-,03,22350,,F,G,B,E,A,H,-,D,D,0,Y,,,,Y,Y,-,99,1,0,0,0,1,0,0,0,0,"- ","- ",38.113189697265625,-121.53620147705078,"SAN JOAQUIN",UNINCORPORATED,-121.53620147705078,38.113368988037109
91339056,2020,2020-11-04,9265,2020-10-17,0140,018784,,6,3,9,3900,0,1,1,,2,504,"I-5 N/B TO BENJAMIN HOLT DR","BENJAMIN HOLT DR",250.00,N,N,A,-,Y,,,5,,,,R,,N,Y,2,0,1,2,A,-,01,23152,A,F,C,C,A,A,H,-,D,D,0,,,,,Y,Y,A,01,1,0,0,0,0,0,0,0,0,"- ","- ",38.004138946533203,-121.35056304931641,"SAN JOAQUIN",UNINCORPORATED,-121.35056304931641,38.004138946533203
91339604,2020,2020-11-04,9265,2020-10-28,1250,017989,,3,1,9,3900,0,3,5,,2,090,"PELTIER RD","DEVRIES RD",0.00,,Y,A,-,N,,,,,,,,,,Y,2,0,2,2,A,-,01,23152,A,N,D,C,A,A,H,-,A,A,0,,,,Y,Y,Y,A,07,1,0,1,0,0,0,0,0,0,"- ","- ",38.189289093017578,-121.35395050048828,"SAN JOAQUIN",UNINCORPORATED,-121.35398000000001,38.18927
91340008,2020,2020-11-05,9265,2020-10-31,0910,018836,,6,1,9,3900,0,2,4,,1,031,"FRENCH CAMP RD","PONDEROSA ST",43.00,W,N,A,-,N,,,,,,,,,,Y,2,0,2,2,A,-,03,22350,,N,C,C,A,A,H,-,A,D,0,,,,,Y,,A,01,1,0,1,0,0,0,0,0,0,"- ","- ",37.882831573486328,-121.26917266845703,"SAN JOAQUIN",UNINCORPORATED,-121.26918792724609,37.882881164550781
91341319,2020,2020-11-06,9265,2020-09-04,2240,022123,,5,3,9,3900,0,2,4,,1,082,"PRINCETON AVE.","PLYMOUTH RD.",0.00,,Y,A,-,N,,,,,,,,,,N,1,1,0,2,A,-,01,23152,A,F,H,A,A,A,H,-,C,A,0,,,,,Y,Y,A,01,0,0,0,0,0,0,0,0,0,"- ","- ",37.971969604492188,-121.33785247802734,"SAN JOAQUIN",UNINCORPORATED,-121.33782958984375,37.972091674804688
91345029,2020,2020-11-13,9265,2020-11-10,0100,020651,,2,3,9,3900,0,1,3,,1,042,"SR-4 E/B","NAVY DR",1696.00,E,N,A,-,Y,,,,,,,,,,Y,2,0,1,1,A,-,01,23152,A,N,E,I,A,A,H,-,C,D,0,,,,,Y,Y,A,01,1,0,0,0,0,0,0,0,0,"- ","- ",37.939918518066406,-121.31748199462891,"SAN JOAQUIN",UNINCORPORATED,-121.31788635253906,37.939563751220703
91347245,2020,2020-11-17,9265,2020-10-16,1015,016382,,5,1,9,3900,0,2,4,,1,024,"AIRPORT WAY","DIVISION RD",903.00,N,N,A,-,N,,,,,,,,,,Y,1,1,1,2,A,-,01,23152,F,N,A,C,A,A,H,-,A,D,0,,,Y,Y,Y,,C,02,0,1,0,0,0,0,0,1,0,"- ","- ",37.690059661865234,-121.24748992919922,"SAN JOAQUIN",UNINCORPORATED,-121.24760437011719,37.689929962158203
91347848,2020,2020-11-18,9265,2020-11-13,1434,021787,,5,2,9,3900,0,3,5,,2,010,"SR-26 W/B","N WALL ROAD",1840.00,W,N,A,-,N,,,26,,,,,,W,Y,2,0,1,1,A,-,08,22107,,N,F,I,A,A,H,-,A,D,0,,,,Y,Y,,F,26,1,0,0,0,0,0,0,0,0,"- ","- ",38.026409149169922,-121.06722259521484,"SAN JOAQUIN",UNINCORPORATED,-121.06722259521484,38.026409149169922
91351381,2020,2020-11-23,9266,2020-10-07,0551,015029,,3,3,9,3900,0,1,1,,1,015,"I-205 E/B","I-5 N/B",150.00,W,N,A,-,Y,,,,,,,,,,Y,1,1,0,2,A,-,07,21658,A,N,C,C,A,A,H,-,D,D,0,,,,Y,Y,,A,01,0,0,0,0,0,0,0,0,0,"- ","- ",37.460098266601562,-121.19548034667969,"SAN JOAQUIN",UNINCORPORATED,,
91356012,2020,2020-12-01,9265,2020-11-24,2341,015756,,2,3,6,3905,0,1,3,,2,003,"SR-99 N/B TO FREMONT ST.","FREMONT ST",271.00,S,N,A,-,Y,,,,,,,,,,Y,2,0,1,1,A,-,01,23152,A,N,E,I,A,A,H,-,C,D,0,,,,,Y,Y,A,01,1,0,0,0,0,0,0,0,0,"- ","- ",37.969470977783203,-121.24466705322266,"SAN JOAQUIN",STOCKTON,-121.24565887451172,37.969921112060547
91357266,2020,2020-12-02,9265,2020-10-17,1000,017989,,6,1,6,3905,0,1,1,,2,504,"I-5 S/B","BENJAMIN HOLT DR",2640.00,N,N,A,-,Y,,,5,,,,,,S,Y,1,1,2,2,C,-,18,,,N,E,I,A,A,H,-,A,D,0,,,,Y,Y,,-,"- ",1,1,0,0,0,0,0,0,0,"- ","- ",38.009349822998047,-121.35323333740234,"SAN JOAQUIN",STOCKTON,-121.35337066650391,38.009292602539062
91358666,2020,2020-12-03,9265,2020-11-25,1837,017439,,3,2,4,3903,0,1,3,,2,025,"SR-120 E/B","MAIN ST.",1584.00,E,N,A,-,Y,,,120,,,,,,E,Y,2,0,2,4,A,-,03,22350,,N,C,C,A,A,H,-,D,D,0,,,,Y,Y,,G,25,1,1,0,0,0,0,0,0,0,"- ","- ",37.783050537109375,-121.20855712890625,"SAN JOAQUIN",MANTECA,-121.20856475830078,37.783203125
91360221,2020,2020-12-07,9265,2020-11-17,2205,019139,,2,3,6,3905,0,1,3,,2,003,"SR-99 N/B","ARCH RD",35.00,N,N,C,-,Y,,,99,,,,,,N,Y,2,0,1,2,A,-,11,21950,B,N,G,B,B,B,H,-,C,A,0,Y,,,,Y,,N,60,1,0,0,0,1,0,0,0,0,"- ","- ",37.905200958251953,-121.22206878662109,"SAN JOAQUIN",STOCKTON,-121.222069,37.905200999999998
91364533,2020,2020-12-11,9265,2020-11-10,0712,015630,,2,1,9,3900,0,2,4,,1,014,"JACK TONE ROAD","MARIPOSA ROAD",10.00,S,N,A,-,N,,,,,,,,,,Y,1,1,0,2,A,-,12,22450,A,N,D,C,A,A,H,-,A,A,0,,,,Y,Y,,A,01,0,0,0,0,0,0,0,0,0,"- ","- ",37.541801452636719,-121.08499908447266,"SAN JOAQUIN",UNINCORPORATED,-121.14730072021484,37.905002593994141
91366797,2020,2020-12-14,9265,2020-12-07,1902,020785,,1,2,9,3900,0,1,1,,2,505,"I-5 N/B","SR-12 W/B",75.00,N,N,A,-,Y,,,5,,,,,,N,Y,2,0,1,1,A,-,01,23152,A,N,E,J,A,A,H,-,D,D,0,,,,,Y,Y,D,22,1,0,0,0,0,0,0,0,0,"- ","- ",38.116031646728516,-121.39797973632812,"SAN JOAQUIN",UNINCORPORATED,-121.39784240722656,38.116100311279297
91369620,2020,2021-02-12,9265,2020-10-29,2330,015756,,4,3,9,3900,0,3,5,,2,060,"COLLIER RD","BRUELLA RD",1580.00,W,N,A,-,N,,,,,,,,,,Y,1,1,0,2,A,-,08,22107,,N,C,C,A,A,H,-,C,D,0,,,Y,,Y,,D,22,0,0,0,0,0,0,0,1,0,"- ","- ",38.218631744384766,-121.2138671875,"SAN JOAQUIN",UNINCORPORATED,-121.21375274658203,38.218570709228516
91374359,2020,2020-12-23,9265,2020-12-18,2305,021401,,5,3,9,3900,0,2,4,,1,093,"THORNTON RD","DEVRIES RD",0.00,,Y,E,-,N,,,,,,,,,,Y,2,0,3,2,A,-,12,22450,A,N,D,C,A,A,H,-,D,A,0,,,,,Y,,D,22,1,0,2,0,0,0,0,0,0,"- ","- ",38.074901580810547,-121.35272216796875,"SAN JOAQUIN",UNINCORPORATED,-121.352783203125,38.0748291015625
91380103,2020,2021-01-04,9265,2020-12-26,0119,021625,,6,3,4,3903,0,1,3,,2,025,"SR-120 E/B FROM UNION ROAD","UNION RD",1071.00,E,N,A,-,Y,,,120,,,,R,,E,Y,2,0,1,1,A,-,08,22107,,N,E,I,A,A,H,-,D,D,0,,,,,Y,,A,01,1,0,0,0,0,0,0,0,0,"- ","- ",37.782928466796875,-121.23027038574219,"SAN JOAQUIN",MANTECA,-121.23027038574219,37.782928466796875
91385112,2020,2021-01-11,9266,2020-12-24,1909,020083,,4,2,9,3900,0,2,4,,1,016,"ELEVENTH STREET E/B","KASSON ROAD",0.00,,Y,A,-,N,,,,,,,,,,Y,2,0,1,1,A,-,08,22107,,M,E,I,A,A,H,-,C,D,0,,,,,Y,,A,01,1,0,0,0,0,0,0,0,0,"- ","- ",37.753158569335938,-121.35140228271484,"SAN JOAQUIN",UNINCORPORATED,-121.35151999999999,37.753073000000001
91389784,2020,2021-01-19,9266,2020-11-24,1720,018365,,2,2,9,3900,0,3,5,,2,002,"AIRPORT WAY","KASSON ROAD",125.00,N,N,A,-,N,,,,,,,,,,Y,1,1,0,2,A,-,11,21954,A,N,G,B,D,A,H,-,C,D,0,Y,,,,Y,Y,N,60,0,0,0,1,0,0,0,0,0,"- ","- ",37.674610137939453,-121.26902770996094,"SAN JOAQUIN",UNINCORPORATED,-121.27003479003906,37.674293518066406
91395974,2021,2021-06-01,9266,2021-01-18,1843,021704,,1,2,9,3900,0,2,4,,2,013,"BYRON ROAD","S REEVE RD",1056.00,S,N,A,-,N,,,,,,,,,,Y,2,0,1,2,A,-,08,22107,,N,F,A,A,A,H,-,D,D,0,,,Y,,Y,,C,06,1,0,0,0,0,0,0,0,1,"- ","- ",37.761161804199219,-121.49674987792969,"SAN JOAQUIN",UNINCORPORATED,-121.49681091308594,37.761341094970703
91400793,2021,2021-02-02,9265,2021-01-26,0855,015490,,2,1,9,3900,0,2,4,,1,053,"WILSON WAY","MCALLEN RD",174.00,S,N,B,-,N,,,,,,,,,,Y,2,0,1,2,A,-,09,21804,A,F,D,C,A,B,H,-,A,D,0,,,Y,,Y,,C,02,1,0,0,0,0,0,0,0,1,"- ","- ",37.999961853027344,-121.2607421875,"SAN JOAQUIN",UNINCORPORATED,-121.2606201171875,37.99993896484375
91403415,2021,2021-02-05,9265,2021-01-29,1817,021284,,5,2,6,3905,0,1,3,,2,004,"SR-99 W. FRONTAGE RD","WALLER RD",438.00,N,N,A,-,N,,,99,,,,,,,Y,2,0,2,2,A,-,11,21954,A,N,G,B,E,A,H,-,D,D,0,Y,,,,Y,,N,60,1,0,1,0,1,0,0,0,0,"- ","- ",38.049701690673828,-121.25933074951172,"SAN JOAQUIN",STOCKTON,-121.25906372070312,38.049720764160156
91404259,2021,2021-02-08,9265,2021-01-16,0318,015756,,6,3,9,3900,0,1,3,,2,004,"SR-99 S/B","FREMONT ST",1439.00,N,N,A,-,Y,,,99,,,,,,S,Y,2,0,2,2,A,-,03,22350,,N,C,C,A,A,H,-,C,D,0,,,,Y,Y,Y,G,25,1,1,0,0,0,0,0,0,0,"- ","- ",37.973640441894531,-121.24745941162109,"SAN JOAQUIN",UNINCORPORATED,-121.24746704101562,37.973636627197266
91405391,2021,2021-02-09,9265,2021-02-04,2130,015756,,4,2,9,3900,0,3,5,,2,050,"WATERLOO ROAD","RHODE ISLAND AVE",145.00,W,N,A,-,N,,,,,,,,,,N,2,0,1,1,A,-,08,22107,,N,E,I,A,A,H,-,C,D,0,,,Y,,Y,,C,02,1,0,0,0,0,0,0,0,1,"- ","- ",37.978401184082031,-121.25987243652344,"SAN JOAQUIN",UNINCORPORATED,-121.25970458984375,37.978404998779297
91410434,2021,2021-02-18,9265,2021-02-16,1935,020785,,2,2,9,3900,0,1,1,,2,505,"I-5 N/B TO SR-12",SR-12,648.00,S,N,A,-,Y,,,5,,,,R,,N,Y,2,0,2,1,A,-,01,23152,A,N,F,I,A,A,H,-,D,D,0,,,,,Y,Y,A,01,1,0,1,0,0,0,0,0,0,"- ","- ",38.114051818847656,-121.3963623046875,"SAN JOAQUIN",UNINCORPORATED,-121.3963623046875,38.114051818847656
91418120,2021,2021-03-01,9265,2021-02-17,1525,020785,,3,2,9,3900,0,3,5,,2,090,"TURNER RD","RAY RD",2482.00,E,N,A,-,N,,,,,,,,,,Y,2,0,1,1,C,-,18,,,N,E,I,A,A,H,-,A,D,0,,,,,Y,,-,"- ",1,0,0,0,0,0,0,0,0,"- ","- ",38.145679473876953,-121.36229705810547,"SAN JOAQUIN",UNINCORPORATED,-121.362548828125,38.145782470703125
91418178,2021,2021-03-01,9265,2021-02-17,1846,022123,,3,2,9,3900,0,2,4,,1,082,"W. ALPINE AVE","KIRK AVE",0.00,,Y,A,-,N,,,,,,,,,,Y,2,0,2,2,C,-,18,,,N,H,A,A,A,H,-,C,A,0,,,,,Y,,-,"- ",1,1,0,0,0,0,0,0,0,"- ","- ",37.968849182128906,-121.34382629394531,"SAN JOAQUIN",UNINCORPORATED,-121.34381103515625,37.968856811523438
91418730,2021,2021-03-02,9265,2021-02-20,1820,021644,,6,2,9,3900,0,1,3,,1,062,SR-88,"DISCH RD",3168.00,E,N,A,-,Y,,,88,,,,,,,N,2,0,1,2,A,-,03,22350,,F,B,C,A,A,H,-,D,D,0,,,Y,,Y,,-,99,1,0,0,0,0,0,0,0,1,"- ","- ",38.182769775390625,-121.10507202148438,"SAN JOAQUIN",UNINCORPORATED,-121.10507965087891,38.182788848876953
91423481,2021,2021-03-09,9266,2021-03-05,1100,015029,,5,1,9,3900,0,3,5,,2,001,"CANAL BLVD","PARADISE ROAD",0.00,,Y,A,D,N,,,,,,,,,,Y,2,0,2,2,A,-,12,22450,A,N,D,C,A,A,H,-,A,A,0,,,,,Y,,E,22,1,1,0,0,0,0,0,0,0,"- ","- ",37.775699615478516,-121.38099670410156,"SAN JOAQUIN",UNINCORPORATED,-121.38112640380859,37.775699615478516
91425573,2021,2021-03-11,9266,2021-03-01,0949,013866,,1,1,9,3900,0,1,1,,2,024,"I-5 N/B","LINNE RD.",8184.00,N,N,A,-,Y,,,5,,,,,,N,Y,2,0,1,1,A,-,08,22107,,N,E,I,A,A,H,-,A,D,0,,,,,Y,,A,07,1,0,0,0,0,0,0,0,0,"- ","- ",37.723709106445312,-121.34382629394531,"SAN JOAQUIN",UNINCORPORATED,-121.34336090087891,37.723712921142578
91431086,2021,2021-03-19,9265,2021-03-13,0525,021401,,6,3,9,3900,0,1,1,,2,505,"I-5 S/B","8 MILE RD",1320.00,N,N,A,-,Y,,,5,,,,,,S,Y,2,0,2,2,A,-,08,22107,,N,B,C,A,A,H,-,D,D,0,,,,Y,Y,,A,01,2,0,0,0,0,0,0,0,0,"- ","- ",38.062400817871094,-121.37413024902344,"SAN JOAQUIN",UNINCORPORATED,-121.374267578125,38.062355041503906
91435184,2021,2021-03-25,9265,2021-03-18,1351,019413,,4,1,4,3903,0,1,3,,2,025,"SR-120 E/B","UNION RD",1795.00,E,N,C,-,Y,,,120,,,,,,E,Y,2,0,1,2,A,-,03,22350,,N,C,C,A,B,H,-,A,D,0,,,,,Y,,A,01,1,0,0,0,0,0,0,0,0,"- ","- ",37.783168792724609,-121.22769165039062,"SAN JOAQUIN",MANTECA,-121.22769165039062,37.783157348632812
91435466,2021,2021-03-25,9265,2021-02-28,0206,018784,,7,3,5,3902,0,1,3,,2,006,SR-99,"VICTOR RD",150.00,S,N,A,-,Y,,,99,,,,,,,Y,1,1,0,1,A,-,01,23152,G,N,E,I,A,A,D,-,D,D,0,,,,,Y,Y,A,01,0,0,0,0,0,0,0,0,0,"- ","- ",38.137180328369141,-121.25740814208984,"SAN JOAQUIN",LODI,-121.25753784179688,38.137153625488281
91439554,2021,2021-03-30,9266,2021-03-19,1146,015029,,5,1,9,3900,0,1,1,,2,014,"I-205 E/B","BYRON ROAD",1500.00,W,N,B,-,Y,,,205,,,,,,E,Y,2,0,1,2,A,-,03,22350,,N,C,C,A,A,H,-,A,D,0,,,,,Y,,A,01,1,0,0,0,0,0,0,0,0,"- ","- ",37.746898651123047,-121.48040008544922,"SAN JOAQUIN",UNINCORPORATED,-121.48039245605469,37.746879577636719
91448568,2021,2021-04-12,9266,2021-02-07,1610,022498,,7,2,9,3900,0,3,5,,2,003,"PROSPERITY STREET","MUSTANG WAY",0.00,,Y,A,-,N,,,,,,,,,,N,1,1,0,2,A,-,12,22450,A,N,D,C,A,A,H,-,A,A,0,,,,,Y,,M,96,0,0,0,0,0,0,0,0,0,"- ","- ",37.766811370849609,-121.53878784179688,"SAN JOAQUIN",UNINCORPORATED,-121.538819,37.766845000000004
91450603,2021,2021-04-14,9265,2021-02-23,2305,021625,,2,3,9,3900,0,2,4,,1,014,"MARIPOSA RD","BRENNAN RD",1397.00,E,N,A,-,Y,,,,,,,,,,Y,1,1,0,2,A,-,01,23152,F,N,E,I,A,A,H,-,D,D,0,,,,,Y,,A,07,0,0,0,0,0,0,0,0,0,"- ","- ",37.843399047851562,-121.01515197753906,"SAN JOAQUIN",UNINCORPORATED,-121.01236724853516,37.841945648193359
91450694,2021,2021-05-11,9265,2021-02-18,2215,019139,,4,3,9,3900,0,1,1,,2,502,"N/B I/5","MATHEWS RD",86.00,S,N,A,-,Y,,,5,,,,,,,Y,1,1,0,1,A,-,01,23152,F,N,E,I,A,A,H,-,D,D,0,,,,,Y,,A,01,0,0,0,0,0,0,0,0,0,"- ","- ",37.881721496582031,-121.27876281738281,"SAN JOAQUIN",UNINCORPORATED,-121.27863311767578,37.881736755371094
91451091,2021,2021-04-15,9265,2021-01-18,2251,021787,,1,3,9,3900,0,1,3,,2,006,"SR-99 S/B","LIBERTY ROAD",3485.00,N,N,A,-,Y,,,99,,,,,,S,Y,1,1,0,1,A,-,01,23152,A,N,E,I,A,A,H,-,D,D,0,,,,,Y,Y,A,07,0,0,0,0,0,0,0,0,0,"- ","- ",38.242069244384766,-121.28578948974609,"SAN JOAQUIN",UNINCORPORATED,-121.28585815429688,38.242027282714844
91451179,2021,2021-04-15,9265,2021-04-11,0135,021787,,7,3,9,3900,0,1,3,,1,061,SR-26,"WALL ROAD",84.00,W,N,A,-,N,,,26,,,,,,,Y,2,0,1,1,A,-,01,23152,A,N,F,I,A,A,H,-,D,D,0,,,,,Y,Y,A,01,1,0,0,0,0,0,0,0,0,"- ","- ",38.024490356445312,-121.07363128662109,"SAN JOAQUIN",UNINCORPORATED,-121.07359313964844,38.024387359619141
91453369,2021,2021-04-19,9265,2021-04-08,1255,015490,,4,1,9,3900,0,3,5,,2,090,"WOODSON RD","SR-99 W FRONTAGE RD",100.00,W,N,A,-,N,,,,,,,,,,Y,2,0,1,1,A,-,08,22107,,N,E,I,A,A,H,-,A,D,0,,,,,Y,,D,22,1,0,0,0,0,0,0,0,0,"- ","- ",38.205101013183594,-121.26481628417969,"SAN JOAQUIN",UNINCORPORATED,-121.265196,38.204965999999999
91457151,2021,2021-04-23,9266,2021-03-21,0140,013650,,7,3,9,3900,0,1,1,,2,014,"I-205 E/B","ELEVENTH STREET",1325.00,W,N,A,-,Y,,,205,,,,,,E,Y,1,2,4,3,A,-,08,22107,,N,F,A,A,A,H,-,D,D,0,,,,,Y,,A,01,1,1,2,0,0,0,0,0,0,"- ","- ",37.740478515625,-121.50140380859375,"SAN JOAQUIN",UNINCORPORATED,-121.50139617919922,37.740486145019531
91458465,2021,2021-06-21,9265,2021-04-18,0450,022364,,7,3,9,3900,0,1,1,,2,502,"I5 NB","ROTH ROAD",3737.00,N,N,A,-,Y,,,,,,,,,,Y,2,0,3,2,A,-,03,22350,,N,C,C,A,A,H,-,D,D,0,,,,,Y,,A,07,1,0,2,0,0,0,0,0,0,"- ","- ",37.865699768066406,-121.27883911132812,"SAN JOAQUIN",UNINCORPORATED,-121.27915954589844,37.865550994873047
91459280,2021,2021-04-27,9265,2021-04-15,2230,015756,,4,3,6,3905,0,1,3,,2,004,"SR-99 S/B TO MORADA LANE","99 WEST FRONTAGE ROAD",84.00,E,N,A,-,Y,,,99,,,,R,,S,Y,2,0,1,1,A,-,03,22350,,N,E,I,A,A,H,-,A,D,0,,,,,Y,,A,01,1,0,0,0,0,0,0,0,0,"- ","- ",38.03826904296875,-121.25916290283203,"SAN JOAQUIN",STOCKTON,-121.25916290283203,38.03826904296875
91464693,2021,2021-05-03,9265,2021-04-01,0532,015756,,4,3,9,3900,0,2,4,,1,024,"AIRPORT WAY","ROTH ROAD",1356.00,N,N,A,-,N,,,,,,,,,,N,1,1,0,2,A,-,11,21954,A,N,G,B,D,A,H,-,D,D,0,Y,,,,Y,,N,60,0,0,0,1,0,0,0,0,0,"- ","- ",37.859291076660156,-121.25569915771484,"SAN JOAQUIN",UNINCORPORATED,-121.25566101074219,37.859302520751953
91473490,2021,2021-05-27,9266,2021-05-05,1945,018888,,3,2,9,3900,0,1,3,,1,011,SR-4,"OLD RIVER BRIDGE",44.00,E,N,A,-,Y,,,4,,,,,,,Y,2,0,4,3,A,-,03,22350,,N,A,2,A,A,H,-,D,A,0,,,,,Y,,A,01,2,1,1,0,0,0,0,0,0,"- ","- ",37.890121459960938,-121.56929016113281,"SAN JOAQUIN",UNINCORPORATED,-121.56929016113281,37.890007019042969
91474695,2021,2021-05-27,9266,2021-05-06,0200,021822,,4,3,9,3900,0,1,1,,2,021,"I-580 W/B","TRACY BLVD",2730.00,W,N,A,-,Y,,,580,,,,,,W,Y,2,0,1,1,A,-,08,22107,,N,E,I,A,A,H,-,D,D,0,,,,,Y,,A,01,1,0,0,0,0,0,0,0,0,"- ","- ",37.664291381835938,-121.44367218017578,"SAN JOAQUIN",UNINCORPORATED,-121.44371032714844,37.664222717285156
91478869,2021,2021-05-21,9266,2021-03-03,0150,019312,,3,3,9,3900,0,1,1,,2,021,"I-580 E/B TO PATTERSON PASS RD.","PATTERSON PASS ROAD",17.00,W,N,A,-,Y,,,580,,,,R,,E,Y,1,1,0,1,A,-,01,23152,A,N,E,I,A,A,H,-,D,A,0,,,,,Y,Y,A,01,0,0,0,0,0,0,0,0,0,"- ","- ",37.719398498535156,-121.53604888916016,"SAN JOAQUIN",UNINCORPORATED,-121.53604888916016,37.719398498535156
91480424,2021,2021-05-27,9265,2021-05-12,1735,022356,,3,2,9,3900,0,3,5,,2,090,"KILE RD","CORD RD",500.00,S,N,A,-,N,,,,,,,,,,Y,2,0,1,2,A,-,09,21804,A,N,D,C,A,A,H,-,A,D,0,,,Y,,Y,,D,22,1,0,0,0,0,0,0,0,1,"- ","- ",38.216640472412109,-121.40976715087891,"SAN JOAQUIN",UNINCORPORATED,,
9148337,2020,2020-11-23,3900,2020-09-02,1432,7688,MANTE,3,5,2,3920,0,0,0,,0,009,"HARLAN RD","TESLA DR",500.00,S,N,A,-,N,,,,,,,,,,Y,2,0,1,2,A,-,03,22350,,N,D,C,A,A,H,-,A,D,0,,,Y,Y,Y,,C,02,1,0,0,0,0,0,0,0,1,"- ","- ",,,"SAN JOAQUIN",LATHROP,-121.29985000000001,37.797725
91489649,2021,2021-06-04,9265,2021-05-23,0010,021537,,7,3,6,3905,0,1,1,,2,503,"I-5 N/B TO MONTE DIABLO AVE","MONTE DIABLO AVE",160.00,S,N,A,-,Y,,,5,,,,R,,N,Y,2,0,1,1,A,-,01,23152,A,N,F,A,A,A,H,-,D,D,0,,,Y,,Y,Y,C,02,1,0,0,0,0,0,0,0,1,"- ","- ",37.957050323486328,-121.32708740234375,"SAN JOAQUIN",STOCKTON,-121.32708740234375,37.957050323486328
91492226,2021,2021-07-12,9265,2021-04-27,1542,020785,,2,2,9,3900,0,1,1,,2,505,"I-5 N/B",SR-12,4462.00,S,N,A,-,Y,,,5,,,,,,N,Y,1,1,0,3,A,-,01,23152,G,N,B,C,A,A,H,-,A,D,0,,,Y,Y,Y,Y,C,02,0,0,0,0,0,0,0,1,0,"- ","- ",38.104988098144531,-121.39057159423828,"SAN JOAQUIN",UNINCORPORATED,-121.39054107666016,38.105007171630859
91493860,2021,2021-06-10,9266,2021-05-28,1838,020083,,5,2,9,3900,0,1,3,,1,026,"SR-132 W/B","KOSTER ROAD",0.00,,Y,A,-,Y,,,132,,,,,,W,Y,2,0,2,2,A,-,09,21802,A,N,D,C,A,A,H,-,A,A,0,,,,,Y,,D,22,1,1,0,0,0,0,0,0,0,"- ","- ",37.638019561767578,-121.32437896728516,"SAN JOAQUIN",UNINCORPORATED,-121.32437896728516,37.638057708740234
91496302,2021,2021-06-14,9266,2021-05-28,1912,021822,,5,2,9,3900,0,3,5,,2,002,"AHERN RD. S/B","BIRD ROAD",0.00,,Y,A,-,N,,,,,,,,,,Y,2,0,1,2,A,-,09,21802,A,N,D,C,A,A,H,-,A,D,0,,,,,Y,,A,01,1,0,0,0,0,0,0,0,0,"- ","- ",37.698291778564453,-121.36116027832031,"SAN JOAQUIN",UNINCORPORATED,-121.36122131347656,37.698417663574219
91496308,2021,2021-06-14,9266,2021-01-24,1812,020083,,7,2,5,3906,0,1,1,,2,014,"I-205 W/B","GRANT LINE ROAD",1684.00,E,N,B,C,Y,,,205,,,,,,W,Y,1,1,0,2,A,-,11,21954,A,N,G,B,E,B,H,-,D,D,0,Y,,,,Y,Y,N,60,0,0,0,1,0,0,0,0,0,"- ","- ",37.756389617919922,-121.45787811279297,"SAN JOAQUIN",TRACY,-121.45790100097656,37.756443023681641