CASE_ID,ACCIDENT_YEAR,PROC_DATE,JURIS,COLLISION_DATE,COLLISION_TIME,OFFICER_ID,REPORTING_DISTRICT,DAY_OF_WEEK,CHP_SHIFT,POPULATION,CNTY_CITY_LOC,SPECIAL_COND,BEAT_TYPE,CHP_BEAT_TYPE,CITY_DIVISION_LAPD,CHP_BEAT_CLASS,BEAT_NUMBER,PRIMARY_RD,SECONDARY_RD,DISTANCE,DIRECTION,INTERSECTION,WEATHER_1,WEATHER_2,STATE_HWY_IND,CALTRANS_COUNTY,CALTRANS_DISTRICT,STATE_ROUTE,ROUTE_SUFFIX,POSTMILE_PREFIX,POSTMILE,LOCATION_TYPE,RAMP_INTERSECTION,SIDE_OF_HWY,TOW_AWAY,COLLISION_SEVERITY,NUMBER_KILLED,NUMBER_INJURED,PARTY_COUNT,PRIMARY_COLL_FACTOR,PCF_CODE_OF_VIOL,PCF_VIOL_CATEGORY,PCF_VIOLATION,PCF_VIOL_SUBSECTION,HIT_AND_RUN,TYPE_OF_COLLISION,MVIW,PED_ACTION,ROAD_SURFACE,ROAD_COND_1,ROAD_COND_2,LIGHTING,CONTROL_DEVICE,CHP_ROAD_TYPE,PEDESTRIAN_ACCIDENT,BICYCLE_ACCIDENT,MOTORCYCLE_ACCIDENT,TRUCK_ACCIDENT,NOT_PRIVATE_PROPERTY,ALCOHOL_INVOLVED,STWD_VEHTYPE_AT_FAULT,CHP_VEHTYPE_AT_FAULT,COUNT_SEVERE_INJ,COUNT_VISIBLE_INJ,COUNT_COMPLAINT_PAIN,COUNT_PED_KILLED,COUNT_PED_INJURED,COUNT_BICYCLIST_KILLED,COUNT_BICYCLIST_INJURED,COUNT_MC_KILLED,COUNT_MC_INJURED,PRIMARY_RAMP,SECONDARY_RAMP,LATITUDE,LONGITUDE,COUNTY,CITY,POINT_X,POINT_Y
91501823,2021,2021-06-21,9265,2021-06-09,1535,013539,,3,2,9,3900,0,1,1,,2,502,"I-5 N/B","EL DORADO STREET",1520.00,N,N,A,-,Y,,,5,,,,,,N,Y,2,0,1,4,A,-,03,22350,,F,C,C,A,A,H,-,A,D,0,,,,,Y,,A,01,1,0,0,0,0,0,0,0,0,"- ","- ",37.879409790039062,-121.27808380126953,"SAN JOAQUIN",UNINCORPORATED,-121.27829742431641,37.879379272460938
91502521,2021,2021-06-22,9265,2021-03-14,0347,021440,,7,3,9,3900,0,1,1,,2,502,"I-5 N/B","EL DORADO ST",730.00,N,N,A,-,Y,,,5,,,,,,N,Y,2,0,1,2,A,-,08,22107,,N,F,A,A,A,H,-,D,D,0,,,,,Y,,A,01,1,0,0,0,0,0,0,0,0,"- ","- ",37.877029418945312,-121.27778625488281,"SAN JOAQUIN",UNINCORPORATED,-121.27796936035156,37.877006530761719
91502864,2021,2021-06-22,9265,2021-06-10,1340,022356,,4,1,9,3900,0,3,5,,2,060,"SHELTON RD","GILMORE RD",6864.00,E,N,A,-,N,,,,,,,,,,N,2,0,1,2,A,-,09,21801,B,N,D,C,A,A,H,-,A,D,0,,,Y,,Y,,C,02,1,0,0,0,0,0,0,0,1,"- ","- ",38.062629699707031,-120.97322845458984,"SAN JOAQUIN",UNINCORPORATED,-120.97318267822266,38.0626220703125
91506865,2021,2022-06-01,9265,2021-04-30,2325,021787,,5,3,9,3900,0,1,3,,2,004,"SR-99 S/B","MORADA LANE",528.00,N,N,A,-,Y,,,99,,,,,,S,Y,1,2,0,1,A,-,01,23152,F,N,E,I,A,A,H,-,A,D,0,,,,,Y,,A,01,0,0,0,0,0,0,0,0,0,"- ","- ",38.038818359375,-121.25882720947266,"SAN JOAQUIN",UNINCORPORATED,-121.25852966308594,38.038822174072266
91507624,2021,2021-06-28,9265,2021-06-16,0040,021537,,3,3,6,3905,0,1,1,,2,504,"I-5 S/B","BENJAMIN HOLT DR",727.00,N,N,A,-,Y,,,5,,,,,,S,Y,2,0,1,3,A,-,01,23152,A,N,B,C,A,A,H,-,C,D,0,,,,Y,Y,Y,A,01,1,0,0,0,0,0,0,0,0,"- ","- ",38.006870269775391,-121.35237121582031,"SAN JOAQUIN",STOCKTON,-121.35240936279297,38.006855010986328
91508706,2021,2021-06-29,9266,2021-06-11,1532,020083,,5,2,9,3900,0,3,5,,2,001,"CANAL BLVD","PARADISE ROAD",3720.00,W,N,A,-,N,,,,,,,,,,N,2,0,1,2,A,-,05,21460,A,N,B,G,A,A,H,-,A,D,0,,Y,,,Y,,A,08,1,0,0,0,0,0,1,0,0,"- ","- ",37.778759002685547,-121.39363098144531,"SAN JOAQUIN",UNINCORPORATED,-121.39334106445312,37.778697967529297
91509120,2021,2021-06-29,9265,2021-06-17,1605,022365,,4,2,5,3902,0,1,3,,2,006,"SR-99 S/B","HARNEY LN",500.00,N,N,A,-,Y,,,99,,,,,,S,Y,2,0,3,1,A,-,01,23152,A,N,E,I,A,A,H,-,A,D,0,,,,,Y,Y,A,07,2,1,0,0,0,0,0,0,0,"- ","- ",38.10382080078125,-121.26039123535156,"SAN JOAQUIN",LODI,-121.26031494140625,38.10382080078125
91513473,2021,2021-07-06,9266,2021-06-18,1742,020083,,5,2,9,3900,0,2,4,,1,012,"TRACY BLVD","STATE ROUTE 4",4382.00,S,N,A,-,N,,,,,,,,,,Y,2,0,1,1,A,-,01,23152,A,N,E,I,A,A,H,-,A,D,0,,,,,Y,Y,A,01,1,0,0,0,0,0,0,0,0,"- ","- ",37.89263916015625,-121.45751190185547,"SAN JOAQUIN",UNINCORPORATED,-121.45762634277344,37.892631530761719
91518317,2021,2021-07-12,9266,2021-07-03,2108,018751,,6,2,9,3900,0,1,3,,1,026,"SR-132 E/B","BIRD ROAD",2235.00,E,N,A,-,Y,,,132,,,,,,E,N,2,0,1,1,A,-,08,22107,,N,F,A,A,A,H,-,D,D,0,,,,,Y,,A,01,1,0,0,0,0,0,0,0,0,"- ","- ",37.637660980224609,-121.35323333740234,"SAN JOAQUIN",UNINCORPORATED,-121.35323333740234,37.637687683105469
91521198,2021,2021-07-15,9265,2021-07-11,0225,021625,,7,3,9,3900,0,1,3,,2,004,"SR-99 S/B TO FREMONT AVE","FREMONT AVE",623.00,N,N,A,-,Y,,,99,,,,R,,S,Y,2,0,2,1,A,-,08,22107,,N,F,A,A,A,H,-,D,D,0,,,,,Y,,A,01,1,1,0,0,0,0,0,0,0,"- ","- ",37.971771240234375,-121.24703979492188,"SAN JOAQUIN",UNINCORPORATED,-121.24703979492188,37.971771240234375
91523119,2021,2021-07-19,9266,2021-07-10,0246,021704,,6,3,5,3906,0,1,1,,2,014,"I-205 W/B","GRANT LINE ROAD",1056.00,W,N,A,-,Y,,,205,,,,,,W,Y,2,0,1,1,A,-,01,23152,A,N,E,8,A,A,H,-,C,D,0,,,,,Y,Y,A,01,1,0,0,0,0,0,0,0,0,"- ","- ",37.752670288085938,-121.46795654296875,"SAN JOAQUIN",TRACY,-121.46783447265625,37.752376556396484
91527577,2021,2021-07-23,9265,2021-07-03,2045,021284,,6,2,9,3900,0,1,3,,1,061,SR-26,"N MILL ST",0.00,,Y,A,-,N,,,26,,,,,,,Y,2,0,3,2,A,-,09,21801,A,N,A,C,A,A,H,-,D,A,0,,,Y,,Y,,A,01,1,1,1,0,0,0,0,0,2,"- ","- ",38.021198272705078,-121.08387756347656,"SAN JOAQUIN",UNINCORPORATED,-121.08384704589844,38.021102905273438
91531608,2021,2021-07-29,9266,2021-07-15,2005,018888,,4,2,9,3900,0,1,1,,1,015,"I-205 E/B","TOM PAINE SLOUGH",2505.00,W,N,A,-,Y,,,205,,,,,,E,Y,2,0,2,1,A,-,08,22107,,N,F,A,A,A,H,-,D,D,0,,,,,Y,,A,07,1,0,1,0,0,0,0,0,0,"- ","- ",37.764759063720703,-121.35810089111328,"SAN JOAQUIN",UNINCORPORATED,-121.35810089111328,37.764804840087891
91535561,2021,2021-08-03,9265,2021-07-18,0750,019073,,7,1,9,3900,0,3,5,,2,060,"KETTLEMAN LANE","JACK TONE ROAD",2112.00,W,N,A,-,N,,,,,,,,,,Y,2,0,1,1,C,-,18,,,N,E,I,A,A,H,-,A,D,0,,,,,Y,,-,"- ",1,0,0,0,0,0,0,0,0,"- ","- ",38.116928100585938,-121.15843963623047,"SAN JOAQUIN",UNINCORPORATED,-121.15090179443359,38.116710662841797
91536628,2021,2021-08-04,9265,2021-07-23,2015,017439,,5,2,9,3900,0,3,5,,2,020,"S. 99 FRONTAGE RD.","LATHROP RD.",1584.00,N,N,A,-,N,,,,,,,,,,N,2,0,1,1,A,-,01,23152,A,N,E,A,A,A,H,-,B,D,0,,,,,Y,Y,A,01,1,0,0,0,0,0,0,0,0,"- ","- ",37.829921722412109,-121.21836090087891,"SAN JOAQUIN",UNINCORPORATED,-121.21814500000001,37.830150000000003
91538980,2021,2021-08-06,9265,2021-06-10,0832,018511,,4,1,9,3900,0,3,5,,2,050,"NEWTON ROAD","STEVENSON AVENUE",840.00,S,N,A,-,N,,,,,,,,,,Y,1,1,1,2,A,-,08,22107,,N,B,C,A,A,H,-,A,D,0,,,,,Y,,A,08,1,0,0,0,0,0,0,0,0,"- ","- ",37.995128631591797,-121.25795745849609,"SAN JOAQUIN",UNINCORPORATED,-121.2579345703125,37.995098114013672
91541149,2021,2021-08-10,9265,2021-07-29,2100,022134,,4,2,6,3905,0,1,1,,2,503,"SR-4 W/B TO S/B I-5","LINCOLN ST",870.00,W,N,A,-,Y,,,4,,,,R,,W,Y,2,0,1,1,A,-,08,22107,,N,E,C,A,A,H,-,D,D,0,,,,,Y,,D,22,1,0,0,0,0,0,0,0,0,"- ","- ",37.948768615722656,-121.29976654052734,"SAN JOAQUIN",STOCKTON,-121.29976654052734,37.948768615722656
91541811,2021,2021-08-10,9265,2021-05-28,0215,021787,,5,3,9,3900,0,1,3,,2,003,"SR-99 SOUTHBOUND","GOLDEN GATE AVE",560.00,N,N,A,-,Y,,,99,,,,,,S,Y,2,0,2,3,A,-,01,23152,A,N,C,2,A,A,H,-,C,D,0,,,Y,,Y,Y,C,02,1,0,1,0,0,0,0,0,2,"- ","- ",37.945640563964844,-121.23573303222656,"SAN JOAQUIN",UNINCORPORATED,-121.23579406738281,37.94561767578125
91543527,2021,2021-08-12,9265,2021-08-04,1240,019182,,3,1,9,3900,0,2,4,,1,031,"FRENCH CAMP RD","AIRPORT WAY",880.00,E,N,A,-,N,,,,,,,,,,Y,2,0,3,2,A,-,08,22107,,N,A,C,A,A,D,-,A,A,0,,,,,Y,,A,01,1,2,0,0,0,0,0,0,0,"- ","- ",37.872081756591797,-121.25119018554688,"SAN JOAQUIN",UNINCORPORATED,-121.25123596191406,37.87213134765625
91544387,2021,2021-08-13,9265,2021-08-01,0140,021401,,7,3,6,3905,0,1,1,,2,503,"I-5 N/B","CHARTER WAY",660.00,N,N,A,-,Y,,,5,,,,,,N,Y,2,0,1,1,A,-,01,23152,A,N,F,0,A,A,H,-,D,D,0,,,,,Y,Y,A,01,1,0,0,0,0,0,0,0,0,"- ","- ",37.939041137695312,-121.29762268066406,"SAN JOAQUIN",STOCKTON,-121.29776763916016,37.939018249511719
91549457,2021,2021-08-19,9265,2021-08-04,0330,021163,,3,3,9,3900,0,2,4,,1,093,"LUCILE AVE.","THORNTON RD",140.00,W,N,A,-,N,,,,,,,,,,N,2,0,1,2,A,-,03,22350,,F,G,B,E,A,H,-,D,D,0,Y,,,,Y,,A,07,1,0,0,0,1,0,0,0,0,"- ","- ",38.033489227294922,-121.33763885498047,"SAN JOAQUIN",UNINCORPORATED,-121.33767700195312,38.033519744873047
91554905,2021,2021-08-26,9265,2021-07-27,2328,022123,,2,3,9,3900,0,3,5,,2,090,"SR-99 W FRONTAGE RD","E. WINERY RD",793.00,N,N,A,-,N,,,99,,,,,,,Y,1,1,0,1,A,-,01,23152,A,N,E,I,A,A,H,-,D,D,0,,,Y,,Y,Y,C,02,0,0,0,0,0,0,0,1,0,"- ","- ",38.157279968261719,-121.26206207275391,"SAN JOAQUIN",UNINCORPORATED,-121.26181793212891,38.157283782958984
91558819,2021,2021-08-30,9265,2021-08-13,1745,021526,,5,2,9,3900,0,1,3,,1,041,SR-4,"WILHOIT RD",2006.00,E,N,A,-,Y,,,4,,,,,,,Y,2,0,2,3,A,-,03,22350,,N,C,C,A,A,H,-,A,D,0,,,,,Y,,A,07,1,0,1,0,0,0,0,0,0,"- ","- ",37.926921844482422,-121.34639739990234,"SAN JOAQUIN",UNINCORPORATED,-121.34639739990234,37.926998138427734
91564477,2021,2021-09-07,9265,2021-07-18,2210,019139,,7,3,9,3900,0,1,1,,2,505,"I-5 S/B","EIGHT MILE RD",7920.00,N,N,A,-,Y,,,,,,,,,,Y,1,1,0,1,A,-,08,22107,,N,E,I,A,A,H,-,D,D,0,,,,Y,Y,,G,25,0,0,0,0,0,0,0,0,0,"- ","- ",38.079490661621094,-121.38188934326172,"SAN JOAQUIN",UNINCORPORATED,-121.37944793701172,38.079025268554688
91567398,2021,2021-09-10,9266,2021-09-02,1525,013866,,4,2,9,3900,0,1,1,,2,021,"I-580 E/B","TRACY BLVD.",2640.00,E,N,A,-,Y,,,580,,,,,,E,N,2,0,1,2,A,-,05,21651,A,N,B,C,A,A,H,-,A,D,0,,,,,Y,Y,A,01,1,0,0,0,0,0,0,0,0,"- ","- ",37.652629852294922,-121.42546081542969,"SAN JOAQUIN",UNINCORPORATED,-121.42538452148438,37.652748107910156
91569772,2021,2021-10-12,9266,2021-09-02,0615,014717,,4,1,9,3900,0,2,4,,2,020,"KASSON RD","W LORENZEN ROAD",40.00,N,N,A,F,N,,,,,,,,,,Y,1,1,1,3,A,-,05,21460,C,N,A,C,A,A,H,-,B,D,0,,,,,Y,,A,01,1,0,0,0,0,0,0,0,0,"- ","- ",37.724819183349609,-121.32579040527344,"SAN JOAQUIN",UNINCORPORATED,-121.32591247558594,37.724887847900391
91570785,2021,2021-09-15,9265,2021-09-05,1530,021830,,7,2,6,3905,0,1,3,,2,004,"SR-88 W/B",SR-99,128.00,E,N,A,-,N,,,,,,,,,,Y,2,0,1,1,A,-,01,23152,A,N,E,I,A,A,H,-,A,D,0,,,,,Y,Y,A,01,1,0,0,0,0,0,0,0,0,"- ","- ",37.985050201416016,-121.24958801269531,"SAN JOAQUIN",STOCKTON,-121.25022125244141,37.984546661376953
9157284,2020,2020-11-18,3906,2020-09-09,2016,1401,,3,5,5,3906,0,0,0,,0,006,"W CLOVER RD","BUTHMANN AV",445.00,E,N,A,-,N,,,,,,,,,,N,2,0,1,2,D,-,00,,,F,-,G,A,A,H,-,C,D,0,,Y,,,Y,,-,"- ",1,0,0,0,0,0,1,0,0,"- ","- ",,,"SAN JOAQUIN",TRACY,-121.42951202392578,37.761417388916016
91587343,2021,2021-10-04,9266,2021-09-24,1650,013650,,5,2,9,3900,0,2,4,,1,022,"LINNE ROAD","MACARTHUR DR",1585.00,E,N,A,-,N,,,,,,,,,,Y,2,0,2,2,A,-,01,23152,A,N,D,C,A,A,H,-,A,D,0,,,,,Y,Y,A,07,1,0,1,0,0,0,0,0,0,"- ","- ",37.696041107177734,-121.41281127929688,"SAN JOAQUIN",UNINCORPORATED,-121.41094970703125,37.696121215820312
91587531,2021,2021-10-04,9265,2021-09-18,2050,021284,,6,2,9,3900,0,1,3,,2,004,"SR-99 S/B","WILSON WAY O/C",299.00,S,N,A,-,Y,,,99,,,,,,S,Y,2,0,3,1,A,-,08,22107,,N,F,I,A,A,H,-,D,D,0,,,,,Y,,A,07,1,0,2,0,0,0,0,0,0,"- ","- ",38.002639770507812,-121.25691986083984,"SAN JOAQUIN",UNINCORPORATED,-121.25715637207031,38.002490997314453
91590562,2021,2021-10-07,9265,2021-09-27,0616,015629,,1,1,9,3900,0,1,3,,1,092,SR-12,"SAN JOAQUIN/SACRAMENTO COUNTY LINE",550.00,E,N,A,-,Y,,,12,,,,,,,Y,2,0,3,3,A,-,03,22350,,N,C,C,A,A,H,-,A,A,0,,,,,Y,,A,07,1,2,0,0,0,0,0,0,0,"- ","- ",38.124809265136719,-121.57737731933594,"SAN JOAQUIN",UNINCORPORATED,-121.57738494873047,38.124805450439453
91593327,2021,2021-10-11,9266,2021-10-03,1550,018888,,7,2,9,3900,0,1,1,,2,014,"I-205 W/B","MOUNTAIN HOUSE PKWY",350.00,E,N,A,-,Y,,,205,,,,,,W,Y,2,0,4,4,A,-,03,22350,,F,C,C,A,A,H,-,A,D,0,,,,,Y,,D,22,1,0,3,0,0,0,0,0,0,"- ","- ",37.742649078369141,-121.53132629394531,"SAN JOAQUIN",UNINCORPORATED,-121.53133392333984,37.742576599121094
91600331,2021,2021-10-19,9266,2021-09-20,1802,018365,,1,2,9,3900,0,1,1,,2,014,"I-205 E/B","TRACY BOULEVARD (U/C)",845.00,W,N,A,-,Y,,,205,,,,,,E,Y,1,1,0,2,A,-,08,22107,,N,C,E,A,A,H,-,A,D,0,,,,Y,Y,,A,01,0,0,0,0,0,0,0,0,0,"- ","- ",37.762718200683594,-121.43855285644531,"SAN JOAQUIN",UNINCORPORATED,-121.43855285644531,37.762783050537109
91600658,2021,2021-10-19,9265,2021-09-28,2110,021781,,2,2,9,3900,0,2,4,,1,091,"EIGHT MILE ROAD","LOWER SACRAMENTO ROAD",50.00,E,N,A,-,N,,,,,,,,,,Y,2,0,2,3,A,-,01,23152,A,N,C,C,A,A,H,-,D,A,0,,,,,Y,Y,D,22,1,0,1,0,0,0,0,0,0,"- ","- ",37.057640075683594,-121.31008911132812,"SAN JOAQUIN",UNINCORPORATED,-121.31057739257812,38.057609558105469
9160173,2020,2020-11-25,3905,2020-09-13,1610,2542,PAR,7,5,6,3905,0,0,0,,0,,"IJAMS RD","BIANCHI RD",153.00,S,N,A,-,N,,,,,,,,,,Y,2,0,1,1,A,-,03,22350,,N,E,I,A,A,H,-,A,A,0,,,Y,,Y,,C,02,1,0,0,0,0,0,0,0,1,"- ","- ",37.998851776123047,-121.28569793701172,"SAN JOAQUIN",STOCKTON,-121.28472137451172,37.999214172363281
91602699,2021,2021-10-21,9265,2021-09-16,2119,013539,,4,2,2,3920,0,1,1,,2,502,"I-5 S/B","ROTH ROAD",4594.00,S,N,A,-,Y,,,5,,,,,,S,N,1,1,0,2,A,-,01,23152,F,N,B,C,A,A,H,-,C,D,0,,,,,Y,,A,07,0,0,0,0,0,0,0,0,0,"- ","- ",37.842910766601562,-121.2852783203125,"SAN JOAQUIN",LATHROP,-121.28527069091797,37.842906951904297
91605027,2021,2021-10-25,9265,2021-10-14,1930,021284,,4,2,9,3900,0,1,3,,1,062,SR-88,"BEYER LN",0.00,,Y,A,-,N,,,88,,,,,,,N,2,0,1,2,A,-,08,22107,,F,G,B,E,A,H,-,D,A,0,Y,,,,Y,,-,99,1,0,0,0,1,0,0,0,0,"- ","- ",37.994888305664062,-121.23417663574219,"SAN JOAQUIN",UNINCORPORATED,-121.23418426513672,37.994903564453125
91617526,2021,2021-11-05,9265,2021-10-10,2500,018511,,7,4,9,3900,0,1,3,,1,062,SR-88,"EIGHT MILE ROAD",2323.00,E,N,A,-,Y,,,88,,,,,,,N,1,1,0,2,A,-,03,22350,,F,G,B,E,A,H,-,D,D,0,Y,,,,Y,,-,99,0,0,0,1,0,0,0,0,0,"- ","- ",38.064479827880859,-121.18890380859375,"SAN JOAQUIN",UNINCORPORATED,-121.18891143798828,38.064479827880859
91632362,2021,2021-11-22,9266,2021-11-05,0655,020083,,5,1,9,3900,0,1,1,,2,014,"I-205 W/B TO MOUNTAIN HOUSE PKWY OFF-RAMP","MOUNTAIN HOUSE PKWY",0.00,,Y,A,-,Y,,,205,,,,R,,W,Y,2,0,1,3,A,-,01,23152,A,N,D,C,A,A,H,-,C,A,0,,,,,Y,Y,A,07,1,0,0,0,0,0,0,0,0,"- ","- ",37.743019104003906,-121.53154754638672,"SAN JOAQUIN",UNINCORPORATED,-121.53154754638672,37.743019104003906
91634479,2021,2021-11-24,9265,2021-11-12,2030,022134,,5,2,9,3900,0,1,3,,2,004,"HARNEY LN","CURRY AVE",125.00,E,N,E,-,N,,,,,,,,,,N,2,0,1,2,A,-,11,21954,A,N,G,B,E,A,H,-,D,D,0,Y,,,,Y,Y,N,60,1,0,0,0,1,0,0,0,0,"- ","- ",38.101249694824219,-121.23735809326172,"SAN JOAQUIN",UNINCORPORATED,-121.23741912841797,38.101268768310547
91636743,2021,2021-11-29,9266,2021-11-25,1230,013668,,4,1,9,3900,0,3,5,,2,001,"BETHANY ROAD","SAN JOSE ROAD",1100.00,E,N,A,-,N,,,,,,,,,,Y,2,0,1,1,A,-,08,22107,,N,E,I,A,A,H,-,A,D,0,,,,,Y,,A,01,1,0,0,0,0,0,0,0,0,"- ","- ",37.780380249023438,-121.48700714111328,"SAN JOAQUIN",UNINCORPORATED,-121.48701477050781,37.780426025390625
91636756,2021,2021-11-29,9266,2021-11-11,1740,018888,,4,2,9,3900,0,2,4,,2,013,"BYRON RD","REEVE RD",1300.00,S,N,A,-,N,,,,,,,,,,Y,2,0,2,2,A,-,08,22107,,N,D,C,A,A,H,-,B,D,0,,,,,Y,,A,01,1,0,1,0,0,0,0,0,0,"- ","- ",37.760910034179688,-121.49603271484375,"SAN JOAQUIN",UNINCORPORATED,-121.49615478515625,37.76092529296875
91638609,2021,2021-11-30,9266,2021-11-07,1141,015029,,7,1,9,3900,0,2,4,,1,023,"CHRISMAN ROAD","LINNE ROAD",325.00,S,N,A,-,N,,,,,,,,,,Y,2,0,3,1,A,-,03,22350,,N,E,I,A,A,H,-,A,D,0,,,,,Y,,A,01,1,2,0,0,0,0,0,0,0,"- ","- ",37.694919586181641,-121.39794921875,"SAN JOAQUIN",UNINCORPORATED,-121.39809417724609,37.695266723632812
91641113,2021,2021-12-02,9265,2021-11-20,2110,021644,,6,2,9,3900,0,1,3,,2,003,"SR-99 N/B","FRENCH CAMP RD",528.00,N,N,A,-,Y,,,99,,,,,,N,Y,2,0,1,2,A,-,03,22350,,N,C,2,A,A,H,-,D,D,0,,,,,Y,,A,01,1,0,0,0,0,0,0,0,0,"- ","- ",37.862010955810547,-121.21869659423828,"SAN JOAQUIN",UNINCORPORATED,-121.21867370605469,37.862010955810547
91641947,2021,2021-12-03,9265,2021-11-10,0625,015629,,3,1,9,3900,0,1,1,,2,505,"I-5 SOUTHBOUND (S/B)","TURNER ROAD",0.00,,Y,E,-,Y,,,5,,,,,,S,Y,2,0,2,2,A,-,12,22450,A,N,D,C,A,B,H,-,C,A,0,,,,Y,Y,,A,08,1,1,0,0,0,0,0,0,0,"- ","- ",38.146068572998047,-121.39980316162109,"SAN JOAQUIN",UNINCORPORATED,-121.399716,38.146068999999997
91642088,2021,2021-12-03,9265,2021-11-28,0605,020071,,7,1,9,3900,0,3,5,,2,050,"HORNER AVE","OLIVE AVE",0.00,,Y,A,-,N,,,,,,,,,,N,2,0,1,2,A,-,09,21802,A,N,D,C,A,A,H,-,D,A,0,,,,,Y,,M,96,1,0,0,0,0,0,0,0,0,"- ","- ",37.957511901855469,-121.23680877685547,"SAN JOAQUIN",UNINCORPORATED,-121.23683166503906,37.957500457763672
91645636,2021,2021-12-07,9265,2021-11-25,0205,021661,,4,3,9,3900,0,3,5,,2,060,"E FRONT ST","HARRISON ST",126.00,W,N,A,-,N,,,,,,,,,,Y,2,0,1,4,A,-,08,22107,,M,B,E,A,A,H,-,C,D,0,,,,,Y,,A,01,1,0,0,0,0,0,0,0,0,"- ","- ",38.021430969238281,-121.0806884765625,"SAN JOAQUIN",UNINCORPORATED,-121.08598327636719,38.02142333984375
91648829,2021,2021-12-10,9265,2021-08-22,0200,019139,,7,3,9,3900,0,1,1,,2,505,"I-5 N/B","PELTIER RD.",7920.00,S,N,A,-,Y,,,5,,,,,,N,Y,1,1,1,2,A,-,01,23152,A,F,C,C,A,A,H,-,D,D,0,,,,,Y,Y,A,01,0,1,0,0,0,0,0,0,0,"- ","- ",38.166728973388672,-121.39955902099609,"SAN JOAQUIN",UNINCORPORATED,-121.3995361328125,38.166728973388672
91650529,2021,2021-12-13,9265,2021-12-04,2010,021284,,6,2,9,3900,0,3,5,,2,060,"COLLIER RD","NORTH CHEROKEE WY",2381.00,E,N,E,-,N,,,,,,,,,,Y,2,0,1,1,A,-,01,23152,A,N,A,I,A,A,H,-,D,D,0,,,,,Y,Y,A,01,1,0,0,0,0,0,0,0,0,"- ","- ",38.218288421630859,-121.25479125976562,"SAN JOAQUIN",UNINCORPORATED,-121.25490570068359,38.218235015869141
91652177,2021,2021-12-14,9266,2021-12-01,1450,020083,,3,2,9,3900,0,3,5,,2,002,"LINNE RD","KOSTER RD",1000.00,E,N,A,-,N,,,,,,,,,,Y,2,0,1,1,A,-,06,21750,A,N,F,A,A,A,H,-,A,D,0,,,Y,,Y,,C,02,1,0,0,0,0,0,0,0,1,"- ","- ",37.696479797363281,-121.32115173339844,"SAN JOAQUIN",UNINCORPORATED,-121.32128143310547,37.696441650390625
91652961,2021,2022-01-31,9265,2021-12-04,0840,017989,,6,1,9,3900,0,1,1,,2,505,"I-5 SOUTHBOUND",SR-12,11616.00,S,N,E,-,Y,,,5,,,,,,S,N,2,0,1,2,A,-,07,21658,A,N,B,C,A,A,H,-,A,D,0,,,,,Y,,A,01,1,0,0,0,0,0,0,0,0,"- ","- ",38.086891174316406,-121.3819580078125,"SAN JOAQUIN",UNINCORPORATED,-121.38198852539062,38.086879730224609
91653969,2021,2021-12-16,9265,2021-12-13,2500,015490,,1,4,9,3900,0,3,5,,2,060,"HARNEY LN","HIBBARD RD",1584.00,E,N,B,C,N,,,,,,,,,,Y,2,0,1,1,A,-,08,22107,,N,E,I,A,B,H,-,D,D,0,,,,,Y,,A,01,1,0,0,0,0,0,0,0,0,"- ","- ",38.101718902587891,-121.16029357910156,"SAN JOAQUIN",UNINCORPORATED,-121.16123199462891,38.101787567138672
91654046,2021,2021-12-16,9265,2021-12-11,0848,018850,,6,1,9,3900,0,2,4,,1,015,"COPPEROPOLIS RD","DRAIS RD",163.00,W,N,A,-,N,,,,,,,,,,Y,2,0,1,1,A,-,08,22107,,N,E,I,A,A,H,-,A,D,0,,,,,Y,,A,01,1,0,0,0,0,0,0,0,0,"- ","- ",37.581989288330078,-121.05172729492188,"SAN JOAQUIN",UNINCORPORATED,-121.08606719970703,37.972309112548828
9165844,2020,2020-11-10,3902,2020-09-10,0954,AH3,,4,5,5,3902,0,0,0,,0,,"NORTH CHEROKEE WY","MURRAY ST",177.00,S,N,A,-,N,,,,,,,,,,Y,2,0,1,2,-,-,"- ",,,N,C,C,A,A,H,-,A,D,0,,,,,Y,,A,01,1,0,0,0,0,0,0,0,0,"- ","- ",,,"SAN JOAQUIN",LODI,-121.26105499267578,38.140094757080078
91660089,2021,2021-12-23,9265,2021-12-14,1759,021644,,2,2,9,3900,0,3,5,,2,090,"SR-99 WEST FRONTAGE RD","WOODBRIDGE RD",1056.00,N,N,A,-,N,,,99,,,,,,,Y,2,0,2,2,A,-,03,22350,,N,D,C,A,A,H,-,D,D,0,,,,,Y,,A,01,1,1,0,0,0,0,0,0,0,"- ","- ",38.163440704345703,-121.26220703125,"SAN JOAQUIN",UNINCORPORATED,-121.26197052001953,38.163448333740234