CASE_ID,ACCIDENT_YEAR,PROC_DATE,JURIS,COLLISION_DATE,COLLISION_TIME,OFFICER_ID,REPORTING_DISTRICT,DAY_OF_WEEK,CHP_SHIFT,POPULATION,CNTY_CITY_LOC,SPECIAL_COND,BEAT_TYPE,CHP_BEAT_TYPE,CITY_DIVISION_LAPD,CHP_BEAT_CLASS,BEAT_NUMBER,PRIMARY_RD,SECONDARY_RD,DISTANCE,DIRECTION,INTERSECTION,WEATHER_1,WEATHER_2,STATE_HWY_IND,CALTRANS_COUNTY,CALTRANS_DISTRICT,STATE_ROUTE,ROUTE_SUFFIX,POSTMILE_PREFIX,POSTMILE,LOCATION_TYPE,RAMP_INTERSECTION,SIDE_OF_HWY,TOW_AWAY,COLLISION_SEVERITY,NUMBER_KILLED,NUMBER_INJURED,PARTY_COUNT,PRIMARY_COLL_FACTOR,PCF_CODE_OF_VIOL,PCF_VIOL_CATEGORY,PCF_VIOLATION,PCF_VIOL_SUBSECTION,HIT_AND_RUN,TYPE_OF_COLLISION,MVIW,PED_ACTION,ROAD_SURFACE,ROAD_COND_1,ROAD_COND_2,LIGHTING,CONTROL_DEVICE,CHP_ROAD_TYPE,PEDESTRIAN_ACCIDENT,BICYCLE_ACCIDENT,MOTORCYCLE_ACCIDENT,TRUCK_ACCIDENT,NOT_PRIVATE_PROPERTY,ALCOHOL_INVOLVED,STWD_VEHTYPE_AT_FAULT,CHP_VEHTYPE_AT_FAULT,COUNT_SEVERE_INJ,COUNT_VISIBLE_INJ,COUNT_COMPLAINT_PAIN,COUNT_PED_KILLED,COUNT_PED_INJURED,COUNT_BICYCLIST_KILLED,COUNT_BICYCLIST_INJURED,COUNT_MC_KILLED,COUNT_MC_INJURED,PRIMARY_RAMP,SECONDARY_RAMP,LATITUDE,LONGITUDE,COUNTY,CITY,POINT_X,POINT_Y
9166302,2020,2020-10-21,3902,2020-08-23,2320,AH3,,7,5,5,3902,0,0,0,,0,,"TOKAY ST","CENTRAL AV",1.00,W,N,A,-,N,,,,,,,,,,N,2,0,1,2,A,-,12,22450,,F,G,B,B,A,H,-,C,A,0,Y,,,,Y,,A,01,1,0,0,0,1,0,0,0,0,"- ","- ",,,"SAN JOAQUIN",LODI,-121.26515197753906,38.126800537109375
91674837,2021,2022-01-10,9265,2021-11-27,1239,017405,,6,1,6,3905,0,1,3,,1,042,"SR-4 W/B TO I-5 N/B","W. WEBER AVE.",1162.00,S,N,A,-,Y,,,4,,,,R,,W,Y,2,0,1,2,A,-,08,22107,,F,B,C,A,A,H,-,B,D,0,,,,,Y,,-,99,1,0,0,0,0,0,0,0,0,"- ","- ",37.949958801269531,-121.30111694335938,"SAN JOAQUIN",STOCKTON,-121.30111694335938,37.949958801269531
91674983,2021,2022-01-10,9265,2021-12-26,1715,020785,,7,2,9,3900,0,1,1,,2,505,"I-5 S/B FROM SR-12 W/B","I-5 S/B",140.00,W,N,C,-,Y,,,5,,,,R,,S,N,2,0,1,2,A,-,21,22106,,N,G,B,E,B,H,-,C,D,0,Y,,,,Y,,A,07,1,0,0,0,1,0,0,0,0,"- ","- ",38.116230010986328,-121.3990478515625,"SAN JOAQUIN",UNINCORPORATED,-121.3990478515625,38.116230010986328
91677541,2021,2022-01-13,9265,2021-11-02,0112,021537,,2,3,6,3905,0,1,3,,1,042,"SR-4 W/B TO I-5 N/B","LINCOLN ST",375.00,W,N,B,-,Y,,,4,,,,R,,W,Y,1,1,2,2,A,-,01,23152,F,N,A,2,A,A,H,-,C,D,0,,,,Y,Y,,D,22,2,0,0,0,0,0,0,0,0,"- ","- ",37.949378967285156,-121.29857635498047,"SAN JOAQUIN",STOCKTON,-121.29857635498047,37.949378967285156
91680929,2022,2022-01-19,9265,2022-01-06,2055,021284,,4,2,9,3900,0,2,4,,1,053,"WILSON WAY","MCALLEN RD",1187.00,S,N,A,-,N,,,,,,,,,,Y,2,0,6,2,A,-,01,23152,A,N,C,C,A,A,H,-,D,D,0,,,,,Y,Y,A,07,2,2,2,0,0,0,0,0,0,"- ","- ",37.997188568115234,-121.26264953613281,"SAN JOAQUIN",UNINCORPORATED,-121.26260375976562,37.997642517089844
91681769,2022,2022-06-14,9265,2022-01-09,1458,022365,,7,2,9,3900,0,1,1,,2,502,"I-5 N/B","ELO DORADO ST",1240.00,S,N,A,-,Y,SJ,,5,,R,20.726,H,,R,Y,2,0,1,1,A,-,08,22107,,N,F,A,A,A,H,-,A,D,0,,,,,Y,Y,A,07,1,0,0,0,0,0,0,0,0,"- ","- ",37.871688842773438,-121.27747344970703,"SAN JOAQUIN",UNINCORPORATED,-121.27754974365234,37.871696472167969
91689387,2022,2022-01-31,9265,2022-01-21,2045,021284,,5,2,9,3900,0,1,3,,1,061,SR-26,"WALL RD",19.00,W,N,A,-,N,,,,,,,,,,Y,2,0,1,1,A,-,01,23152,A,N,A,I,A,A,H,-,D,D,0,,,,,Y,Y,A,07,1,0,0,0,0,0,0,0,0,"- ","- ",38.024711608886719,-121.07283020019531,"SAN JOAQUIN",UNINCORPORATED,-121.07280731201172,38.024635314941406
91692089,2021,2022-02-07,9265,2021-12-20,2115,020785,,1,2,9,3900,0,1,3,,1,092,"SR-12 W/B","I-5 S/B",2475.00,W,N,B,-,Y,,,12,,,,,,W,Y,1,1,0,1,A,-,01,23152,F,N,E,8,A,A,H,-,D,D,0,,,,,Y,,A,07,0,0,0,0,0,0,0,0,0,"- ","- ",38.116058349609375,-121.40660858154297,"SAN JOAQUIN",UNINCORPORATED,-121.40660858154297,38.116123199462891
91692560,2022,2022-02-03,9266,2022-01-26,0650,013866,,3,1,9,3900,0,1,3,,1,025,SR-33,"KOSTER RD.",130.00,S,N,A,-,Y,,,,,,,,,,N,2,0,2,3,A,-,03,22350,,N,B,C,A,A,H,-,A,D,0,,,,,Y,,D,22,1,1,0,0,0,0,0,0,0,"- ","- ",33.664211273193359,-121.32408905029297,"SAN JOAQUIN",UNINCORPORATED,-121.32423400878906,37.664310455322266
91694973,2021,2022-02-07,9266,2021-12-02,1343,018888,,4,1,9,3900,0,1,1,,2,014,"I-205 W/B TO MOUNTAIN HOUSE PARKWAY","MOUNTAIN HOUSE PARKWAY",935.00,E,N,A,-,Y,,,205,,,,R,,W,Y,1,1,3,5,A,-,03,22350,,N,C,C,A,A,H,-,A,A,0,,,,Y,Y,,F,55,1,0,2,0,0,0,0,0,0,"- ","- ",37.742431640625,-121.52773284912109,"SAN JOAQUIN",UNINCORPORATED,-121.52773284912109,37.742431640625
91697256,2021,2022-02-09,9265,2021-11-03,1735,022049,,3,2,9,3900,0,2,4,,1,031,"PRIEST ROAD","FRENCH CAMP ROAD",0.00,,Y,A,-,N,,,,,,,,,,Y,1,1,1,2,A,-,01,23152,A,N,D,C,A,A,H,-,A,A,0,,,,Y,Y,Y,D,22,0,0,1,0,0,0,0,0,0,"- ","- ",37.881080627441406,-121.26641082763672,"SAN JOAQUIN",UNINCORPORATED,-121.26641845703125,37.881080627441406
91701160,2022,2022-02-15,9265,2022-02-10,0033,018784,,4,3,6,3905,0,1,1,,2,503,"I-5 N/B","PERSHING  AVE",1584.00,N,N,A,-,Y,SJ,,5,,,27.390,H,,R,Y,2,0,1,2,A,-,03,22350,,N,C,C,A,A,H,-,D,D,0,,,,Y,Y,,A,01,1,0,0,0,0,0,0,0,0,"- ","- ",37.956199645996094,-121.31980133056641,"SAN JOAQUIN",STOCKTON,-121.31980133056641,37.956142425537109
91701234,2021,2022-02-15,9265,2021-12-31,1800,021284,,5,2,9,3900,0,1,3,,2,004,"SR-99 S/B TO MORADA LANE","MORADA LANE",270.00,N,N,A,-,Y,,,99,,,,R,,S,Y,1,2,0,1,A,-,01,23152,F,N,E,I,A,A,H,-,D,D,0,,,,,Y,,A,07,0,0,0,0,0,0,0,0,0,"- ","- ",38.038070678710938,-121.25885772705078,"SAN JOAQUIN",UNINCORPORATED,-121.25885772705078,38.038070678710938
91701257,2022,2022-02-15,9265,2022-02-12,0155,022123,,6,3,9,3900,0,1,3,,2,001,"SR-99 N/B","FRENCH CAMP RD.",3696.00,S,N,A,-,Y,SJ,,99,,,10.819,H,,R,Y,2,0,1,1,A,-,01,23152,A,N,E,I,A,A,H,-,D,D,0,,,,,Y,Y,A,07,1,0,0,0,0,0,0,0,0,"- ","- ",37.850151062011719,-121.21833801269531,"SAN JOAQUIN",UNINCORPORATED,-121.21823120117188,37.850151062011719
91703374,2022,2022-02-17,9265,2022-02-14,0126,022123,,1,3,6,3905,0,1,1,,2,504,"I-5 N/B","WHITE SLOUGH",1625.00,N,N,A,-,Y,SJ,,5,,,33.821,H,,R,Y,2,0,3,2,A,-,01,23152,A,N,D,C,A,A,H,-,D,D,0,,,,,Y,Y,A,07,3,0,0,0,0,0,0,0,0,"- ","- ",38.036979675292969,-121.36595916748047,"SAN JOAQUIN",STOCKTON,-121.36592102050781,38.0369873046875
91706983,2022,2022-02-23,9266,2022-02-03,0730,019906,,4,1,9,3900,0,3,5,,2,001,"MOSSDALE ROAD","SOUTH EDGE OF SAN JOAQUIN RIVER",500.00,S,N,A,-,N,,,,,,,,,,Y,2,0,1,1,A,-,03,22350,,M,E,I,A,A,H,-,A,D,0,,,,,Y,,A,01,1,0,0,0,0,0,0,0,0,"- ","- ",37.784439086914062,-121.30664825439453,"SAN JOAQUIN",UNINCORPORATED,,
91707092,2021,2022-03-01,9265,2021-11-14,2045,021781,,7,2,9,3900,0,3,5,,2,050,"GERTRUDE AVE","HORNER AVE",0.00,,Y,A,-,N,,,,,,,,,,Y,1,1,5,5,A,-,01,23152,F,F,D,C,A,A,H,-,C,A,0,,,,,Y,,D,22,1,1,3,0,0,0,0,0,0,"- ","- ",37.958271026611328,-121.23384857177734,"SAN JOAQUIN",UNINCORPORATED,-121.23386383056641,37.958274841308594
91709589,2022,2022-02-25,9265,2022-02-05,0425,022364,,6,3,9,3900,0,1,3,,1,042,"SR 4 W/B TO I-5 S/B","CHURCH ST",300.00,N,N,A,-,Y,,,,,,,,,,N,2,0,1,2,A,-,11,21954,A,F,G,B,E,A,H,-,D,D,0,Y,,,,Y,,N,60,1,0,0,0,1,0,0,0,0,"- ","- ",37.946670532226562,-121.30033111572266,"SAN JOAQUIN",UNINCORPORATED,-121.30890655517578,37.944698333740234
91720910,2022,2022-03-11,9265,2022-03-03,0950,018511,,4,1,9,3900,0,3,5,,2,060,"LIBERTY ROAD","RANCHERO ROAD",1200.00,W,N,B,-,N,,,,,,,,,,Y,2,0,1,1,A,-,08,22107,,N,F,A,A,A,H,-,A,D,0,,,,,Y,,A,08,1,0,0,0,0,0,0,0,0,"- ","- ",38.239620208740234,-121.00858306884766,"SAN JOAQUIN",UNINCORPORATED,-121.00868225097656,38.239009857177734
91722469,2021,2022-03-14,9266,2021-12-28,1418,018365,,2,2,9,3900,0,1,3,,1,026,SR-132,"KOSTER RD",0.00,,Y,A,-,Y,,,132,,,,,,,Y,1,1,0,2,A,-,09,21801,A,N,A,C,A,A,H,-,A,A,0,,,,Y,Y,,F,26,0,0,0,0,0,0,0,0,0,"- ","- ",37.638038635253906,-121.32421112060547,"SAN JOAQUIN",UNINCORPORATED,-121.32421112060547,37.638057708740234
91726049,2022,2022-03-17,9265,2022-03-03,2500,021284,,4,4,9,3900,0,3,5,,2,070,"SR-99 W FRONTAGE RD","HAMMER LANE",5074.00,S,N,A,-,N,,,,,,,,,,N,2,0,1,2,A,-,03,22350,,F,G,B,E,A,H,-,D,D,0,Y,,,,Y,,-,"- ",1,0,0,0,1,0,0,0,0,"- ","- ",38.006950378417969,-121.25884246826172,"SAN JOAQUIN",UNINCORPORATED,-121.25807189941406,38.006950378417969
91729838,2022,2022-03-23,9265,2022-03-11,0540,018784,,5,3,9,3900,0,1,3,,1,042,"I-5 S/B TO SR-4 E/B","I-5 S/B",20.00,E,N,A,-,Y,SJ,,5,,,26.215,H,,L,Y,2,0,2,2,A,-,01,23152,A,N,C,2,A,A,H,-,C,D,0,,,,,Y,Y,A,01,1,0,1,0,0,0,0,0,0,"- ","- ",37.948509216308594,-121.30116271972656,"SAN JOAQUIN",UNINCORPORATED,-121.30107879638672,37.948562622070312
91731054,2022,2022-03-24,9265,2022-03-09,0540,020071,,3,3,9,3900,0,1,3,,1,042,"SR-4 E/B","FILBERT ST",790.00,E,N,A,-,Y,SJ,,4,,R,18.931,H,,R,Y,2,0,2,4,A,-,01,23152,A,N,C,C,A,A,H,-,B,D,0,,,,,Y,Y,A,07,1,0,1,0,0,0,0,0,0,"- ","- ",37.960311889648438,-121.25083160400391,"SAN JOAQUIN",UNINCORPORATED,-121.25083923339844,37.960334777832031
91731259,2022,2022-03-24,9265,2022-03-04,1355,018694,,5,1,9,3900,0,1,3,,2,001,"SR-99 S/B","JACK TONE ROAD",5808.00,N,N,A,G,Y,SJ,,99,,,3.806,H,,L,Y,2,0,1,2,A,-,08,22107,,N,C,C,A,A,H,-,A,D,0,,,Y,,Y,,C,02,1,0,0,0,0,0,0,0,1,"- ","- ",37.764621734619141,-121.16400909423828,"SAN JOAQUIN",UNINCORPORATED,-121.16403961181641,37.764583587646484
91734075,2022,2022-03-25,9265,2022-03-15,1953,021830,,2,2,9,3900,0,2,4,,1,093,"DEVRIES RD","THORNTON RD",0.00,,Y,B,-,N,,,,,,,,,,N,2,0,2,2,A,-,01,23152,F,N,D,C,A,A,H,-,D,A,0,,,,,Y,,A,01,1,1,0,0,0,0,0,0,0,"- ","- ",,,"SAN JOAQUIN",UNINCORPORATED,-121.35277557373047,38.074832916259766
91742536,2022,2022-04-06,9265,2022-03-28,0040,022364,,1,3,5,3902,0,1,3,,2,006,"SR-99 N/B","KETTLEMAN LANE",180.00,N,N,C,-,Y,SJ,,99,,,29.756,H,,R,N,2,0,4,1,A,-,01,23152,A,F,E,8,A,B,H,-,C,D,0,,,,,Y,Y,A,07,3,0,1,0,0,0,0,0,0,"- ","- ",38.119941711425781,-121.25702667236328,"SAN JOAQUIN",LODI,-121.25718688964844,38.119949340820312
91744293,2022,2022-04-08,9266,2022-03-25,0600,020083,,5,1,9,3900,0,1,1,,2,014,"I-205 W/B","HANSEN ROAD",1000.00,E,N,A,-,Y,SJ,,205,,,2.607,H,,L,Y,2,0,1,3,A,-,03,22350,,M,C,C,A,A,H,-,D,D,0,,,Y,,Y,,C,02,1,0,0,0,0,0,0,0,1,"- ","- ",37.74114990234375,-121.50919342041016,"SAN JOAQUIN",UNINCORPORATED,-121.50918579101562,37.741188049316406
91754834,2022,2022-04-22,9265,2022-04-12,1753,017439,,2,2,9,3900,0,1,3,,2,025,"STATE ROUTE 120 E/B","MAIN ST.",900.00,E,N,A,-,Y,SJ,,120,,R,5.528,H,,R,N,2,0,2,2,A,-,03,22350,,N,C,C,A,A,H,-,A,D,0,,,,,Y,,D,22,1,1,0,0,0,0,0,0,0,"- ","- ",37.783390045166016,-121.21189880371094,"SAN JOAQUIN",UNINCORPORATED,-121.21189880371094,37.783206939697266
91755998,2022,2022-04-25,9265,2022-04-13,1825,019182,,3,2,9,3900,0,1,1,,2,502,"I-5 N/B","LOUISE AVE",175.00,N,N,A,-,Y,SJ,,5,,R,16.503,H,,R,Y,2,0,1,1,A,-,03,22350,,N,E,I,A,A,H,-,A,D,0,,,Y,,Y,,-,"- ",1,0,0,0,0,0,0,0,1,"- ","- ",37.812091827392578,-121.29543304443359,"SAN JOAQUIN",UNINCORPORATED,-121.29536437988281,37.812076568603516
91765323,2022,2022-05-05,9266,2022-04-26,0643,020083,,2,1,9,3900,0,2,4,,2,013,"BYRON RD","HANSEN RD",0.00,,Y,B,-,N,,,,,,,,,,Y,2,0,1,2,A,-,05,21460,C,N,B,C,A,A,H,-,A,D,0,,,,,Y,,D,22,1,0,0,0,0,0,0,0,0,"- ","- ",37.771499633789062,-121.51318359375,"SAN JOAQUIN",UNINCORPORATED,-121.51322174072266,37.771560668945312
91765436,2022,2022-05-05,9265,2022-04-16,1605,021649,,6,2,6,3905,0,1,1,,2,503,"I-5 S/B","DOWNING AVENUE",431.00,N,N,A,-,Y,,,,,,,,,,Y,2,0,1,1,A,-,01,23152,A,N,H,C,A,A,H,-,A,D,0,,,,,Y,Y,A,01,1,0,0,0,0,0,0,0,0,"- ","- ",37.914249420166016,-121.29068756103516,"SAN JOAQUIN",STOCKTON,-121.29022216796875,37.914421081542969
91766248,2022,2022-05-06,9265,2022-03-16,0420,021537,,3,3,9,3900,0,1,3,,1,092,SR-12,"CORREIA RD",2160.00,W,N,A,-,Y,SJ,,12,,,5.700,H,,R,Y,1,1,1,2,A,-,01,23152,A,N,A,C,A,A,H,-,D,D,0,,,,Y,Y,Y,A,01,0,1,0,0,0,0,0,0,0,"- ","- ",38.115390777587891,-121.47991943359375,"SAN JOAQUIN",UNINCORPORATED,-121.47991943359375,38.115409851074219
91766832,2022,2022-05-09,9265,2022-04-10,0000,022315,,7,3,9,3900,0,2,4,,1,091,"SR-12 E/B","DE VRIES RD.",0.00,,Y,A,-,N,,,,,,,,,,N,2,0,3,2,A,-,12,21453,A,N,D,C,A,A,H,-,D,A,0,,,,,Y,Y,D,22,1,0,2,0,0,0,0,0,0,"- ","- ",38.115749359130859,-121.35247039794922,"SAN JOAQUIN",UNINCORPORATED,-121.35247802734375,38.115772247314453
91770742,2022,2022-05-12,9265,2022-05-03,1517,018694,,2,2,4,3903,0,1,3,,2,025,"SR-120 E/B","VAN RYN AVENUE",1056.00,W,N,A,-,Y,SJ,,120,,R,5.936,H,,R,Y,2,0,1,2,A,-,07,21658,A,N,B,C,A,A,H,-,A,D,0,,,Y,,Y,,A,01,1,0,0,0,0,0,0,0,1,"- ","- ",37.783180236816406,-121.20442962646484,"SAN JOAQUIN",MANTECA,-121.20442962646484,37.783206939697266
91774820,2022,2022-05-18,9265,2022-05-09,1320,020313,,1,1,9,3900,0,3,5,,2,010,"LOUISE AVENUE","S. PRESCOTT ROAD",950.00,E,N,A,-,N,,,,,,,,,,N,2,0,1,1,A,-,08,22107,,N,E,I,A,A,H,-,A,D,0,,,Y,,Y,,C,02,1,0,0,0,0,0,0,0,1,"- ","- ",37.812709808349609,-121.16332244873047,"SAN JOAQUIN",UNINCORPORATED,-121.16336059570312,37.812114715576172
91784096,2022,2022-05-30,9265,2022-05-20,1204,018511,,5,1,9,3900,0,3,5,,2,060,"KETTLEMAN LANE","HOERL ROAD",0.00,,Y,A,G,N,,,,,,,,,,N,2,0,1,2,A,-,03,22350,,N,C,G,A,A,H,-,A,D,0,,Y,,,Y,,A,07,1,0,0,0,0,0,1,0,0,"- ","- ",38.115879058837891,-121.226806640625,"SAN JOAQUIN",UNINCORPORATED,-121.22682952880859,38.115882873535156
91795744,2022,2022-06-15,9265,2022-04-23,0110,022042,,6,3,9,3900,0,3,5,,2,090,"ACAMPO RD","DES MOINES RD",1000.00,W,N,A,-,N,,,,,,,,,,Y,1,1,0,1,A,-,01,23152,A,N,E,I,A,A,H,-,D,D,0,,,,,Y,Y,A,01,0,0,0,0,0,0,0,0,0,"- ","- ",38.174640655517578,-121.27464294433594,"SAN JOAQUIN",UNINCORPORATED,-121.27462768554688,38.174720764160156
9179671,2020,2020-11-13,3905,2020-08-05,2030,1641,CIV,3,5,6,3905,0,0,0,,0,,"CENTER ST","CHURCH ST",849.00,S,N,A,-,N,,,,,,,,,,Y,2,0,4,2,A,-,17,21657,,N,A,C,A,A,H,-,C,D,0,,,,,Y,,A,01,4,0,0,0,0,0,0,0,0,"- ","- ",37.945331573486328,-121.28920745849609,"SAN JOAQUIN",STOCKTON,-121.28913116455078,37.945301055908203
91799588,2022,2023-03-17,9265,2022-06-11,0200,022042,,6,3,9,3900,0,1,3,,1,062,SR-88,"FAIRCHILD ROAD",0.00,,Y,A,-,Y,SJ,,88,,,2.204,H,,R,Y,2,0,3,2,A,-,01,23152,A,N,D,C,A,A,H,-,C,A,0,,,,,Y,Y,A,07,2,0,1,0,0,0,0,0,0,"- ","- ",38.005088806152344,-121.21929168701172,"SAN JOAQUIN",UNINCORPORATED,-121.21951293945312,38.005233764648438
91803812,2022,2022-06-27,9265,2022-06-19,0900,018836,,7,1,9,3900,0,2,4,,1,014,"VAN ALLEN RD","MARIPOSA RD",0.00,,Y,A,-,N,,,,,,,,,,Y,2,0,3,2,A,-,09,21802,A,N,D,C,A,A,H,-,A,A,0,,,,,Y,,A,01,1,1,1,0,0,0,0,0,0,"- ","- ",37.862598419189453,-121.05429077148438,"SAN JOAQUIN",UNINCORPORATED,-121.05419921875,37.862434387207031
91805876,2022,2022-06-29,9265,2022-06-14,1700,019139,,2,2,9,3900,0,1,3,,1,041,"WOODSBRO RD.",SR-4,900.00,N,N,A,-,N,,,,,,,,,,N,2,0,1,1,A,-,08,22107,,M,F,I,A,A,H,-,A,A,0,,,,,Y,,A,01,1,0,0,0,0,0,0,0,0,"- ","- ",37.933460235595703,-121.36683654785156,"SAN JOAQUIN",UNINCORPORATED,-121.36693572998047,37.929370880126953
91812324,2022,2022-07-07,9265,2022-03-30,0825,017989,,3,1,6,3905,0,1,1,,2,503,"I-5 N/B","WALKER SLOUGH",950.00,N,N,A,-,Y,SJ,,5,,,24.143,H,,R,Y,1,1,4,3,A,-,03,22350,,N,C,2,A,A,H,-,A,D,0,,,,Y,Y,,F,26,2,0,2,0,0,0,0,0,0,"- ","- ",37.919681549072266,-121.29178619384766,"SAN JOAQUIN",STOCKTON,-121.29177856445312,37.919681549072266
91814398,2022,2022-07-11,9265,2022-06-18,1434,021830,,6,2,9,3900,0,1,3,,2,001,"ESCALON BELLOTA RD",SR-4,3606.00,S,N,A,-,N,,,,,,,,,,N,2,0,2,2,A,-,08,22107,,N,A,C,A,A,H,-,A,D,0,,,,,Y,,D,22,1,1,0,0,0,0,0,0,0,"- ","- ",37.920108795166016,-121.00021362304688,"SAN JOAQUIN",UNINCORPORATED,-121.00015258789062,37.920139312744141
91817273,2022,2022-07-14,9265,2022-07-01,1836,021830,,5,2,6,3905,0,1,3,,1,061,"SR-26 E/B",SR-99,15.00,W,N,A,-,Y,SJ,,26,,,1.110,H,,R,N,2,0,1,2,A,-,03,22350,,N,C,C,A,A,D,-,A,A,0,,,Y,,Y,,C,02,1,0,0,0,0,0,0,0,1,"- ","- ",37.969829559326172,-121.24584197998047,"SAN JOAQUIN",STOCKTON,-121.24581146240234,37.969913482666016
91824302,2022,2022-07-25,9265,2022-07-13,0319,022123,,3,3,6,3905,0,1,1,,2,503,"I-5 N/B","CHURCH ST",430.00,N,N,A,-,Y,SJ,,5,,,26.090,H,,R,Y,2,0,5,1,A,-,01,23152,A,N,E,I,A,A,H,-,C,D,0,,,,,Y,Y,A,07,2,3,0,0,0,0,0,0,0,"- ","- ",37.947208404541016,-121.29955291748047,"SAN JOAQUIN",STOCKTON,-121.29966735839844,37.947166442871094
91825409,2022,2022-07-26,9265,2022-07-14,0545,022365,,4,3,9,3900,0,1,3,,2,001,"SR-99 N/B","JACKTONE RD",5966.00,N,N,A,-,Y,SJ,,99,,,3.502,H,,R,Y,2,0,1,2,A,-,03,22350,,N,C,C,A,A,H,-,A,D,0,,,Y,,Y,,C,02,1,0,0,0,0,0,0,0,1,"- ","- ",37.762180328369141,-121.15955352783203,"SAN JOAQUIN",UNINCORPORATED,-121.15953826904297,37.762195587158203
91835309,2022,2022-08-08,9265,2022-07-06,1935,021781,,3,2,9,3900,0,1,3,,1,016,SR-120,"NORTH RIPON ROAD",250.00,E,N,A,-,Y,SJ,,120,,,9.865,H,,R,N,2,0,2,2,A,-,01,23152,A,N,A,C,A,A,H,-,A,D,0,,,,,Y,Y,A,01,1,0,1,0,0,0,0,0,0,"- ","- ",37.797771453857422,-121.12448883056641,"SAN JOAQUIN",UNINCORPORATED,-121.12448883056641,37.797752380371094
9183697,2020,2020-12-14,3905,2020-10-01,1928,3019,BEA,4,5,6,3905,0,0,0,,0,,"LOWER SACRAMENTO RD","SUNNYOAK WY",170.00,N,N,A,-,N,,,,,,,,,,N,2,0,1,1,A,-,03,22350,,N,H,H,A,A,H,-,C,D,0,,,Y,,Y,,C,02,1,0,0,0,0,0,0,0,1,"- ","- ",38.033740997314453,-121.32292175292969,"SAN JOAQUIN",STOCKTON,-121.32283782958984,38.034027099609375
91843682,2022,2022-08-18,9266,2022-08-12,1520,018888,,5,2,9,3900,0,1,1,,2,021,"SR-132 E/B","CHRISMAN RD",250.00,W,N,A,-,Y,SJ,,132,,,0.208,H,,R,Y,2,0,1,1,A,-,08,22107,,N,E,I,A,A,H,-,A,D,0,,,,,Y,,D,22,1,0,0,0,0,0,0,0,0,"- ","- ",37.638710021972656,-121.39827728271484,"SAN JOAQUIN",UNINCORPORATED,-121.39829254150391,37.638507843017578
91844465,2022,2022-08-19,9265,2022-06-30,1240,017405,,4,1,9,3900,0,1,3,,2,001,"SR-99 N/B","AUSTIN RD.",420.00,S,N,A,-,Y,SJ,,99,,,4.814,H,,R,Y,2,0,1,2,A,-,03,22350,,N,C,2,A,A,H,-,A,D,0,,,,Y,Y,,F,26,1,0,0,0,0,0,0,0,0,"- ","- ",37.774021148681641,-121.17826843261719,"SAN JOAQUIN",UNINCORPORATED,-121.17829132080078,37.774002075195312
91853414,2022,2022-08-30,9265,2022-08-01,2140,021968,,1,2,9,3900,0,1,3,,2,001,"W 99 FRONTAGE RD","FRENCH CAMP RD",43.00,S,N,A,-,N,,,,,,,,,,Y,2,0,1,1,A,-,08,22107,,N,E,I,A,A,H,-,D,D,0,,,,,Y,,A,01,1,0,0,0,0,0,0,0,0,"- ","- ",37.859218597412109,-121.21920776367188,"SAN JOAQUIN",UNINCORPORATED,-121.22021484375,37.860370635986328
91854465,2022,2022-08-31,9265,2022-08-20,2038,020785,,6,2,9,3900,0,1,3,,1,092,SR-12,"WEST EDGE OF POTATO SLOUGH",101.00,W,N,A,-,Y,SJ,,12,,R,4.672,H,,R,Y,2,0,1,2,A,-,01,23152,A,N,A,C,A,A,H,-,D,D,0,,,,Y,Y,Y,A,07,1,0,0,0,0,0,0,0,0,"- ","- ",38.114891052246094,-121.49875640869141,"SAN JOAQUIN",UNINCORPORATED,-121.49876403808594,38.11492919921875
91856325,2022,2022-09-02,9265,2022-08-08,1226,019073,,1,1,9,3900,0,3,5,,2,030,"IVY AVE","FAIRMONT AVE",0.00,,Y,A,-,N,,,,,,,,,,N,2,0,1,2,A,-,12,22450,A,N,D,C,A,A,H,-,A,A,0,,,Y,,Y,,C,02,1,0,0,0,0,0,0,0,1,"- ","- ",37.918270111083984,-121.28109741210938,"SAN JOAQUIN",UNINCORPORATED,-121.28113555908203,37.918296813964844
91857673,2022,2022-09-06,9265,2022-08-10,0258,022422,,3,3,9,3900,0,1,3,,2,003,"SR-99 N/B","FRENCH CAMP ROAD",1500.00,N,N,C,-,Y,SJ,,99,,,12.115,H,,R,Y,2,0,1,1,A,-,08,22107,,N,E,I,A,A,H,-,D,D,0,,,,,Y,,A,08,1,0,0,0,0,0,0,0,0,"- ","- ",37.868961334228516,-121.21888732910156,"SAN JOAQUIN",UNINCORPORATED,-121.21907043457031,37.868953704833984
91858748,2022,2022-09-07,9266,2022-09-04,1525,022498,,7,2,9,3900,0,3,5,,2,001,"BIRD RD","ELEVENTH ST.",0.00,,Y,A,-,N,,,,,,,,,,Y,2,0,3,3,A,-,01,23152,A,F,D,C,A,A,H,-,A,A,0,,,,,Y,Y,D,22,2,1,0,0,0,0,0,0,0,"- ","- ",34.952999114990234,-120.41549682617188,"SAN JOAQUIN",UNINCORPORATED,-121.36179351806641,37.745937347412109