CASE_ID,ACCIDENT_YEAR,PROC_DATE,JURIS,COLLISION_DATE,COLLISION_TIME,OFFICER_ID,REPORTING_DISTRICT,DAY_OF_WEEK,CHP_SHIFT,POPULATION,CNTY_CITY_LOC,SPECIAL_COND,BEAT_TYPE,CHP_BEAT_TYPE,CITY_DIVISION_LAPD,CHP_BEAT_CLASS,BEAT_NUMBER,PRIMARY_RD,SECONDARY_RD,DISTANCE,DIRECTION,INTERSECTION,WEATHER_1,WEATHER_2,STATE_HWY_IND,CALTRANS_COUNTY,CALTRANS_DISTRICT,STATE_ROUTE,ROUTE_SUFFIX,POSTMILE_PREFIX,POSTMILE,LOCATION_TYPE,RAMP_INTERSECTION,SIDE_OF_HWY,TOW_AWAY,COLLISION_SEVERITY,NUMBER_KILLED,NUMBER_INJURED,PARTY_COUNT,PRIMARY_COLL_FACTOR,PCF_CODE_OF_VIOL,PCF_VIOL_CATEGORY,PCF_VIOLATION,PCF_VIOL_SUBSECTION,HIT_AND_RUN,TYPE_OF_COLLISION,MVIW,PED_ACTION,ROAD_SURFACE,ROAD_COND_1,ROAD_COND_2,LIGHTING,CONTROL_DEVICE,CHP_ROAD_TYPE,PEDESTRIAN_ACCIDENT,BICYCLE_ACCIDENT,MOTORCYCLE_ACCIDENT,TRUCK_ACCIDENT,NOT_PRIVATE_PROPERTY,ALCOHOL_INVOLVED,STWD_VEHTYPE_AT_FAULT,CHP_VEHTYPE_AT_FAULT,COUNT_SEVERE_INJ,COUNT_VISIBLE_INJ,COUNT_COMPLAINT_PAIN,COUNT_PED_KILLED,COUNT_PED_INJURED,COUNT_BICYCLIST_KILLED,COUNT_BICYCLIST_INJURED,COUNT_MC_KILLED,COUNT_MC_INJURED,PRIMARY_RAMP,SECONDARY_RAMP,LATITUDE,LONGITUDE,COUNTY,CITY,POINT_X,POINT_Y
91860930,2022,2022-09-09,9265,2022-08-29,1450,017439,,1,2,9,3900,0,1,3,,2,025,"STATE ROUTE 120 E/B","GUTHMILLER RD",1426.00,E,N,A,-,Y,SJ,,120,,R,1.608,H,,R,N,2,0,2,2,A,-,07,21658,A,N,B,C,A,A,H,-,A,D,0,,,,,Y,Y,A,01,1,1,0,0,0,0,0,0,0,"- ","- ",37.787979125976562,-121.28265380859375,"SAN JOAQUIN",UNINCORPORATED,-121.28266143798828,37.787944793701172
91862256,2022,2022-09-12,9265,2022-08-20,1248,021440,,6,1,9,3900,0,2,4,,1,053,SR-88,"BEYER LN",186.00,E,N,A,-,Y,SJ,,88,,,1.179,H,,R,Y,2,0,5,2,C,-,18,,,N,E,9,A,A,H,-,A,D,0,,,,,Y,,-,"- ",2,0,3,0,0,0,0,0,0,"- ","- ",37.995418548583984,-121.23325347900391,"SAN JOAQUIN",UNINCORPORATED,-121.23330688476562,37.995475769042969
91862270,2022,2022-09-12,9265,2022-08-29,0030,022422,,1,3,9,3900,0,1,3,,2,001,"SR-99 N/B","AUSTIN ROAD",1500.00,S,N,A,-,Y,SJ,,99,,,4.458,H,,R,N,2,0,1,2,A,-,01,23152,A,N,B,C,A,A,H,-,C,D,0,,,,Y,Y,Y,A,07,1,0,0,0,0,0,0,0,0,"- ","- ",37.770469665527344,-121.17356109619141,"SAN JOAQUIN",UNINCORPORATED,-121.17357635498047,37.770450592041016
91866680,2022,2022-09-16,9265,2022-08-07,1124,018694,,7,1,9,3900,0,3,5,,2,060,"ALPINE ROAD","KETTLEMAN LANE",1584.00,S,N,A,-,N,,,,,,,,,,N,2,0,1,1,A,-,08,22107,,M,E,I,A,A,H,-,A,D,0,,,Y,,Y,,C,02,1,0,0,0,0,0,0,0,1,"- ","- ",38.111370086669922,-121.21378326416016,"SAN JOAQUIN",UNINCORPORATED,-121.21504974365234,38.115951538085938
91876670,2022,2022-09-29,9265,2022-09-20,0605,015490,,2,1,9,3900,0,1,3,,1,061,SR-26,"AVALON DR.",528.00,W,N,A,-,Y,SJ,,26,,,2.638,H,,R,N,2,0,1,3,A,-,11,21954,A,N,G,B,E,A,H,-,D,D,0,Y,,,,Y,,N,60,1,0,0,0,1,0,0,0,0,"- ","- ",37.977378845214844,-121.21942901611328,"SAN JOAQUIN",UNINCORPORATED,-121.21945190429688,37.977428436279297
91876693,2022,2022-09-29,9265,2022-09-16,2215,022138,,5,3,6,3905,0,1,1,,2,504,"I-5 NB","MARCH LANE",1950.00,S,N,A,-,Y,SJ,,5,,,29.608,H,,R,Y,2,0,1,2,A,-,03,22350,,N,C,C,A,A,H,-,D,A,0,,,Y,,Y,,C,02,1,0,0,0,0,0,0,0,1,"- ","- ",37.979179382324219,-121.34111785888672,"SAN JOAQUIN",STOCKTON,-121.34111785888672,37.979179382324219
91880958,2022,2022-10-03,9265,2022-08-26,1730,019139,,5,2,9,3900,0,3,5,,2,030,"POCK LN.","CARPENTER RD",500.00,S,N,A,-,N,,,,,,,,,,N,2,0,1,2,A,-,09,21801,A,N,A,C,A,A,H,-,A,D,0,,,Y,,Y,,D,22,1,0,0,0,0,0,0,0,1,"- ","- ",37.919639587402344,-121.24102783203125,"SAN JOAQUIN",UNINCORPORATED,-121.24141693115234,37.9205322265625
91886681,2022,2022-10-10,9265,2022-09-25,1726,017439,,7,2,9,3900,0,3,5,,2,020,"EL DORADO ST.","FRENCH CAMP RD",555.00,N,N,A,-,N,,,,,,,,,,N,2,0,1,2,A,-,03,22350,,N,C,C,A,A,H,-,A,D,0,,,,,Y,,D,22,1,0,0,0,0,0,0,0,0,"- ","- ",37.888690948486328,-121.27668762207031,"SAN JOAQUIN",UNINCORPORATED,-121.27626037597656,37.891609191894531
91887553,2022,2022-10-11,9265,2022-09-23,0700,018836,,5,1,9,3900,0,1,3,,1,042,"SR-4 W/B TO WILSON WAY","MAIN ST",225.00,W,N,A,-,Y,SJ,,4,,R,17.989,H,,L,Y,2,0,2,1,A,-,08,22107,,N,E,I,A,A,H,-,A,D,0,,,,,Y,,A,01,2,0,0,0,0,0,0,0,0,"- ","- ",37.955001831054688,-121.26669311523438,"SAN JOAQUIN",UNINCORPORATED,-121.26659393310547,37.95489501953125
91888708,2022,2022-10-12,9265,2022-08-23,0040,018784,,2,3,9,3900,0,2,4,,1,093,"THORNTON RD",SR-12,3168.00,N,N,A,-,N,,,,,,,,,,Y,1,1,0,2,A,-,01,23152,F,N,D,C,A,A,H,-,D,D,0,,,,Y,Y,,A,01,0,0,0,0,0,0,0,0,0,"- ","- ",38.123611450195312,-121.39829254150391,"SAN JOAQUIN",UNINCORPORATED,-121.39833831787109,38.123020172119141
91892905,2022,2022-10-18,9265,2022-09-20,0547,017405,,2,3,3,3904,0,1,3,,2,001,"SR-99 N/B","MAIN ST.",766.00,S,N,A,-,Y,SJ,,99,,,0.733,H,,R,Y,2,0,1,2,A,-,03,22350,,N,C,C,A,A,H,-,D,D,0,,,,Y,Y,,A,01,1,0,0,0,0,0,0,0,0,"- ","- ",37.7381591796875,-121.11923980712891,"SAN JOAQUIN",RIPON,-121.11919403076172,37.738193511962891
91894529,2022,2022-10-19,9266,2022-10-10,1702,018365,,1,2,9,3900,0,2,4,,2,020,"KASSON ROAD","CRITCHETT RD",145.00,N,N,A,-,N,,,,,,,,,,Y,2,0,1,2,A,-,05,21460,C,N,D,C,A,A,H,-,A,D,0,,,,,Y,,A,01,1,0,0,0,0,0,0,0,0,"- ","- ",37.703998565673828,-121.30416870117188,"SAN JOAQUIN",UNINCORPORATED,-121.30411529541016,37.703880310058594
9190098,2020,2021-02-18,3905,2020-11-10,1753,7135,PAR,2,5,6,3905,0,0,0,,0,,"WILSON WY","JACKSON ST",0.00,,Y,A,-,N,,,,,,,,,,,1,1,0,2,A,-,11,21955,,F,G,B,D,A,H,-,C,D,0,Y,,,,Y,,N,60,0,0,0,1,0,0,0,0,0,"- ","- ",37.943801879882812,-121.26840209960938,"SAN JOAQUIN",STOCKTON,-121.26833343505859,37.94390869140625
9190106,2020,2021-01-30,3905,2020-11-10,1429,2463,SEA,2,5,6,3905,0,0,0,,0,,"LINCOLN ST","WORTH ST",0.00,,Y,A,-,N,,,,,,,,,,Y,2,0,1,2,A,-,09,21801,A,N,D,C,A,A,H,-,A,D,0,,,Y,,Y,,D,22,1,0,0,0,0,0,0,0,1,"- ","- ",37.942489624023438,-121.29525756835938,"SAN JOAQUIN",STOCKTON,-121.29518890380859,37.942451477050781
91904063,2022,2022-10-28,9265,2022-08-19,2217,022422,,5,3,2,3920,0,1,3,,2,025,"SR-120 W/B","GUTHMILLER ROAD",1987.00,E,N,A,-,Y,SJ,,120,,R,1.718,H,,L,N,1,1,0,2,A,-,08,22107,,F,G,1,E,A,H,-,D,D,0,Y,,,,Y,,-,99,0,0,0,1,0,0,0,0,0,"- ","- ",37.78778076171875,-121.28053283691406,"SAN JOAQUIN",LATHROP,-121.28054809570312,37.787738800048828
91915187,2022,2022-11-10,9265,2022-10-14,2005,021781,,5,2,4,3903,0,1,3,,2,025,"SR-120 WESTBOUND TO UNION ROAD","UNION ROAD",528.00,E,N,A,-,Y,SJ,,120,,R,4.532,H,,L,N,2,0,1,2,A,-,01,23152,A,N,C,C,A,A,H,-,A,D,0,,,,Y,Y,,A,01,1,0,0,0,0,0,0,0,0,"- ","- ",37.783588409423828,-121.23008728027344,"SAN JOAQUIN",MANTECA,-121.23009490966797,37.783512115478516
91916954,2022,2022-11-14,9266,2022-11-06,0235,021704,,7,3,9,3900,0,1,1,,2,024,"I-5 S/B","I-580 W/B",370.00,N,N,A,-,Y,SJ,,5,,,0.755,H,,L,Y,2,0,1,1,A,-,01,23152,A,N,E,I,A,A,H,-,D,D,0,,,,,Y,Y,A,01,1,0,0,0,0,0,0,0,0,"- ","- ",37.598869323730469,-121.34293365478516,"SAN JOAQUIN",UNINCORPORATED,-121.3428955078125,37.598873138427734
91919307,2022,2022-11-16,9265,2022-10-26,1357,021781,,3,1,9,3900,0,3,5,,2,010,"SANTA FE ROAD","HENRY ROAD",752.00,N,N,A,-,N,,,,,,,,,,N,2,0,2,2,A,-,06,21751,,N,B,C,A,A,H,-,A,D,0,,,Y,,Y,,C,02,1,0,1,0,0,0,0,0,1,"- ","- ",37.749008178710938,-120.94225311279297,"SAN JOAQUIN",UNINCORPORATED,-120.94215393066406,37.748859405517578
91927874,2022,2022-11-28,9265,2022-11-13,1335,018850,,7,1,9,3900,0,1,3,,1,041,SR-4,"WHISKEY SLOUGH ROAD",1162.00,E,N,A,-,Y,SJ,,4,,,8.933,H,,R,Y,2,0,3,4,A,-,01,23152,A,N,B,C,A,C,H,-,A,D,0,,,,,Y,Y,A,01,1,0,2,0,0,0,0,0,0,"- ","- ",37.926868438720703,-121.42546844482422,"SAN JOAQUIN",UNINCORPORATED,-121.42546844482422,37.926906585693359
91930277,2022,2022-11-30,9266,2022-11-12,0920,020083,,6,1,9,3900,0,2,4,,2,013,"GRANT LINE RD","BERRY AVE",20.00,W,N,B,-,N,,,,,,,,,,Y,2,0,1,2,A,-,08,22107,,N,B,G,A,A,H,-,A,D,0,,Y,,,Y,,L,04,1,0,0,0,0,0,1,0,0,"- ","- ",37.754119873046875,-121.35845184326172,"SAN JOAQUIN",UNINCORPORATED,-121.35816955566406,37.754123687744141
91936136,2022,2022-12-07,9265,2022-11-23,0355,022476,,3,3,9,3900,0,3,5,,2,010,"COMETA RD","DODDS RD",150.00,S,N,A,-,N,,,,,,,,,,N,2,0,1,1,A,-,01,23152,A,N,E,I,A,A,H,-,D,D,0,,,,,Y,Y,D,22,1,0,0,0,0,0,0,0,0,"- ","- ",37.856338500976562,-120.94634246826172,"SAN JOAQUIN",UNINCORPORATED,-120.94630432128906,37.856376647949219
91938345,2022,2022-12-09,9265,2022-10-20,0800,021364,,4,1,5,3902,0,1,3,,2,004,"SR-99 N/B TO CHEROKEE LANE","E. HARNEY LANE",2590.00,N,N,A,-,Y,SJ,,99,,,28.979,H,,R,Y,1,1,0,1,A,-,01,23152,F,N,E,8,A,A,H,-,A,A,0,,,,,Y,,A,01,0,0,0,0,0,0,0,0,0,"- ","- ",38.108650207519531,-121.25914001464844,"SAN JOAQUIN",LODI,-121.25941467285156,38.108688354492188
91939683,2022,2022-12-12,9265,2022-12-05,0640,021440,,1,1,9,3900,0,3,5,,2,060,"MAIN ST","GILLIS RD",25.00,E,N,B,C,N,,,,,,,,,,Y,2,0,2,2,A,-,09,21801,A,N,A,C,A,B,H,-,A,D,0,,,,,Y,,A,07,1,1,0,0,0,0,0,0,0,"- ","- ",37.960990905761719,-121.20684814453125,"SAN JOAQUIN",UNINCORPORATED,-121.20689392089844,37.960990905761719
91940835,2022,2022-12-13,9266,2022-12-02,1800,022498,,5,2,9,3900,0,3,5,,2,001,"HOWARD ROAD","WING LEVEE RD",1130.00,W,N,A,-,N,,,,,,,,,,Y,2,0,3,2,A,-,06,21751,,N,A,C,A,B,H,-,D,D,0,,,,,Y,,A,01,1,2,0,0,0,0,0,0,0,"- ","- ",37.877071380615234,-121.38797760009766,"SAN JOAQUIN",UNINCORPORATED,-121.38790893554688,37.877063751220703
9195142,2020,2021-01-12,3905,2020-10-30,2300,1315,SEA,5,5,6,3905,0,0,0,,0,,"MARTIN LUTHER KING BL","LINCOLN ST",0.00,,Y,A,-,N,,,,,,,,,,,2,0,1,2,A,-,08,22107,,F,C,G,A,A,H,-,C,A,0,,Y,,,Y,,A,07,1,0,0,0,0,0,1,0,0,"- ","- ",37.937538146972656,-121.29396820068359,"SAN JOAQUIN",STOCKTON,-121.29387664794922,37.93756103515625
91955878,2022,2022-12-29,9265,2022-12-19,1642,022356,,1,2,9,3900,0,3,5,,2,010,"FINE RD","COPPEROPOLIS RD",43.00,S,N,B,-,N,,,,,,,,,,N,2,0,1,1,A,-,01,23152,A,N,E,I,A,A,H,-,A,D,0,,,,,Y,Y,D,22,1,0,0,0,0,0,0,0,0,"- ","- ",37.972858428955078,-121.04871368408203,"SAN JOAQUIN",UNINCORPORATED,-121.04872131347656,37.972999572753906
91955936,2022,2022-12-29,9265,2022-12-06,2056,020071,,2,2,6,3905,0,1,3,,1,042,"SR-4 E/B",SR-99,1630.00,W,N,A,-,Y,SJ,,4,,R,19.115,H,,R,N,2,0,1,1,A,-,01,23152,A,N,F,A,A,A,H,-,C,D,0,,,,,Y,Y,A,01,1,0,0,0,0,0,0,0,0,"- ","- ",37.960861206054688,-121.24751281738281,"SAN JOAQUIN",STOCKTON,-121.24750518798828,37.960792541503906
91956839,2022,2022-12-30,9265,2022-12-11,2250,022476,,7,3,6,3905,0,1,3,,1,042,"SR-4 E/B","LINCOLN ST",545.00,N,N,C,-,Y,,,,,,,,,,Y,2,0,2,2,A,-,01,23152,A,N,A,C,A,B,H,-,C,D,0,,,,,Y,Y,A,01,2,0,0,0,0,0,0,0,0,"- ","- ",37.948711395263672,-121.29476928710938,"SAN JOAQUIN",STOCKTON,-121.29486083984375,37.949226379394531
91960266,2022,2023-01-04,9266,2022-12-27,1915,018888,,2,2,9,3900,0,1,1,,2,024,"KASSON ROAD","I-5 S/B",1000.00,N,N,A,-,N,,,,,,,,,,Y,2,0,4,2,A,-,03,22350,,N,C,C,A,B,H,-,D,D,0,,,,,Y,,B,01,1,0,3,0,0,0,0,0,0,"- ","- ",37.749988555908203,-121.34654998779297,"SAN JOAQUIN",UNINCORPORATED,-121.34652709960938,37.749977111816406
91961990,2022,2023-01-06,9265,2022-12-27,1310,018501,,2,1,9,3900,0,1,3,,2,006,"CHEROKEE ROAD","WILCOX ROAD",75.00,W,N,B,C,N,,,,,,,,,,Y,2,0,2,2,A,-,03,22350,,N,A,C,A,B,H,-,A,A,0,,,,Y,Y,,J,48,1,1,0,0,0,0,0,0,0,"- ","- ",37.9947509765625,-121.25057983398438,"SAN JOAQUIN",UNINCORPORATED,-121.25056457519531,37.994796752929688
91963340,2022,2023-01-09,9266,2022-12-18,1855,022498,,7,2,9,3900,0,2,4,,1,016,"GRANT LINE ROAD","BIRD ROAD",860.00,W,N,A,-,N,,,,,,,,,,N,2,0,1,2,A,-,08,22107,,F,B,G,A,A,H,-,D,D,0,,Y,,,Y,,-,99,1,0,0,0,0,0,1,0,0,"- ","- ",37.754291534423828,-121.36470031738281,"SAN JOAQUIN",UNINCORPORATED,-121.36481475830078,37.754318237304688
91963570,2022,2023-04-03,9265,2022-12-29,1720,022407,,4,2,6,3905,0,1,3,,2,004,"SR-99 N/B","CHEROKEE RD",1070.00,N,N,B,C,Y,SJ,,99,,,21.084,H,,R,Y,2,0,5,4,A,-,03,22350,,N,E,C,A,B,H,-,C,D,0,,,,,Y,,A,01,1,3,1,0,0,0,0,0,0,"- ","- ",37.995048522949219,-121.25383758544922,"SAN JOAQUIN",STOCKTON,-121.25380706787109,37.995059967041016
91963689,2022,2023-01-09,9265,2022-12-24,1310,021440,,6,1,9,3900,0,3,5,,2,060,ALLEY,"COTTON ST",0.50,S,N,A,-,N,,,,,,,,,,N,2,0,1,2,A,-,03,22350,,N,D,C,A,A,H,-,A,D,0,,Y,,,Y,,L,04,1,0,0,0,0,0,1,0,0,"- ","- ",38.162998199462891,-121.15148162841797,"SAN JOAQUIN",UNINCORPORATED,,
91966570,2023,2023-01-12,9265,2023-01-06,1658,022356,,5,2,9,3900,0,1,1,,2,502,"I-5 N/B","ROTH RD",4270.00,N,N,A,-,Y,SJ,,5," ",R,20.407,H,,R,N,2,0,1,2,A,-,08,22107,,N,B,C,A,A,H,-,A,D,0,,,Y,Y,Y,,C,02,1,0,0,0,0,0,0,0,1,"- ","- ",37.867130279541016,-121.27870941162109,"SAN JOAQUIN",UNINCORPORATED,-121.27867889404297,37.867122650146484
91972294,2022,2023-01-19,9265,2022-11-06,0641,019073,,7,1,9,3900,0,3,5,,2,030,"MANTHEY RD","MATHEWS RD",1056.00,S,N,B,-,Y,,,,,,,,,,Y,1,1,0,2,A,-,06,21750,,N,B,2,A,A,H,-,B,D,0,,,,,Y,,D,22,0,0,0,0,0,0,0,0,0,"- ","- ",37.879199981689453,-121.27919006347656,"SAN JOAQUIN",UNINCORPORATED,-121.27944946289062,37.879512786865234
91985368,2023,2023-02-02,9265,2023-01-20,2143,022366,,5,2,9,3900,0,1,1,,2,503,"I-5 N/B","ALPINE AVENUE",528.00,N,N,A,-,Y,SJ,,5," "," ",29.140,H,,R,Y,2,0,2,2,A,-,01,23152,A,F,C,2,A,A,H,-,D,D,0,,,,,Y,Y,A,01,1,0,1,0,0,0,0,0,0,"- ","- ",37.972709655761719,-121.33851623535156,"SAN JOAQUIN",UNINCORPORATED,-121.33855438232422,37.972702026367188
91987892,2023,2023-02-06,9265,2023-01-27,1843,022217,,5,2,9,3900,0,3,5,,2,050,"SANGUINETTI LN","STEWART ST",45.00,N,N,A,-,N,,,,,,,,,,N,2,0,1,2,A,-,11,21954,A,N,G,B,E,A,H,-,C,D,0,Y,,,,Y,,N,60,1,0,0,0,1,0,0,0,0,"- ","- ",37.979698181152344,-121.26981353759766,"SAN JOAQUIN",UNINCORPORATED,-121.26982116699219,37.979587554931641
91995068,2022,2023-02-15,9265,2022-10-16,0510,022307,,7,3,9,3900,0,1,3,,1,013,SR-4,"DRIAS ROAD",60.00,W,N,A,-,Y,SJ,,4,,,28.410,H,,R,N,1,2,0,1,A,-,08,22107,,N,E,I,A,A,H,-,D,D,0,,,,,Y,,A,07,0,0,0,0,0,0,0,0,0,"- ","- ",37.934661865234375,-121.08457946777344,"SAN JOAQUIN",UNINCORPORATED,-121.08457183837891,37.934726715087891
92002496,2023,2023-02-24,9266,2023-02-20,2340,020599,,1,3,9,3900,0,1,1,,1,015,"I-205 E/B","EL RANCHO",3432.00,E,N,A,-,Y,SJ,,205," ",R,11.154,H,,R,N,2,0,1,2,A,-,07,21658,A,F,E,I,A,A,H,-,D,D,0,,,,,Y,,-,99,1,0,0,0,0,0,0,0,0,"- ","- ",37.764629364013672,-121.35984039306641,"SAN JOAQUIN",UNINCORPORATED,-121.35984039306641,37.764801025390625
92008172,2023,2023-03-02,9266,2023-02-18,2245,020279,,6,3,9,3900,0,1,1,,2,024,"I-5 N/B","LINNE RD",600.00,N,N,A,-,Y,SJ,,5," "," ",7.686,H,,R,Y,2,0,4,1,A,-,08,22107,,N,E,8,A,A,H,-,D,D,0,,,,,Y,,A,01,2,2,0,0,0,0,0,0,0,"- ","- ",37.699291229248047,-121.34313201904297,"SAN JOAQUIN",UNINCORPORATED,-121.34320068359375,37.699291229248047
92034619,2022,2023-03-31,9265,2022-12-10,1725,022217,,6,2,9,3900,0,1,3,,2,004,"SR-99 S/B FROM HAMMER LANE","HAMMER LANE",1370.00,S,N,B,C,Y,SJ,,99,,,22.652,H,,L,Y,1,1,1,1,A,-,01,23152,F,N,E,I,A,B,H,-,C,D,0,,,,,Y,,A,01,1,0,0,0,0,0,0,0,0,"- ","- ",38.017280578613281,-121.2584228515625,"SAN JOAQUIN",UNINCORPORATED,-121.25825500488281,38.017280578613281
9203648,2020,2021-02-19,3905,2020-12-07,0200,3090,VAL,1,5,6,3905,0,0,0,,0,,"WEST LN","BIANCHI RD",219.00,S,N,A,-,N,,,,,,,,,,N,2,0,1,1,A,-,03,22350,,N,E,I,A,A,H,-,C,D,0,,,,,Y,,A,01,1,0,0,0,0,0,0,0,0,"- ","- ",37.9976806640625,-121.28845977783203,"SAN JOAQUIN",STOCKTON,-121.28880310058594,37.997077941894531
9203889,2020,2021-01-12,3905,2020-11-22,1816,7034,PAR,7,5,6,3905,0,0,0,,0,,"ARCH AIRPORT RD","POCK LN",0.00,,Y,A,-,N,,,,,,,,,,Y,2,0,1,2,A,-,09,21801,A,N,D,C,A,A,H,-,C,D,0,,,Y,,Y,,A,01,1,0,0,0,0,0,0,0,1,"- ","- ",37.907180786132812,-121.23831939697266,"SAN JOAQUIN",STOCKTON,-121.23841094970703,37.906948089599609
92040777,2023,2023-04-10,9265,2023-03-25,"937 ",017405,,6,1,9,3900,0,1,3,,2,001,"SR-99 S/B","JACK TONE RD.",1742.00,N,N,A,-,Y,SJ,,99," "," ",2.654,H,,L,Y,2,0,1,1,A,-,08,22107,,N,E,8,A,A,H,-,A,D,0,,,,,Y,,A,01,1,0,0,0,0,0,0,0,0,"- ","- ",37.754631042480469,-121.14714050292969,"SAN JOAQUIN",UNINCORPORATED,-121.14707946777344,37.754726409912109
92044266,2023,2023-04-13,9265,2023-04-01,1800,023096,,6,2,9,3900,0,3,5,,2,050,"CARDINAL AVE","WEBER AVE",296.00,N,N,A,-,N,,,,,,,,,,N,2,0,1,2,A,-,09,21804,A,F,D,C,A,A,H,-,A,D,0,,,Y,,Y,,C,02,1,0,0,0,0,0,0,0,1,"- ","- ",37.970058441162109,-121.22444152832031,"SAN JOAQUIN",UNINCORPORATED,-121.22430419921875,37.970046997070312
92046502,2023,2023-04-17,9265,2023-04-10,1845,022356,,1,2,4,3903,0,1,3,,2,025,"SR-120 E/B","GUTHMILLER RD",3200.00,E,N,A,-,Y,SJ,,120," ",R,1.951,H,,R,Y,2,0,1,1,A,-,03,22350,,N,F,A,A,A,H,-,A,D,0,,,Y,,Y,,C,02,1,0,0,0,0,0,0,0,1,"- ","- ",37.786380767822266,-121.27671051025391,"SAN JOAQUIN",MANTECA,-121.27671051025391,37.786380767822266
92046651,2023,2023-04-17,9265,2023-03-17,"213 ",023277,,5,3,9,3900,0,1,3,,2,003,"SR-99 S/B","GOLDEN GATE AVE",585.00,N,N,A,-,Y,SJ,,99," "," ",17.586,H,,L,Y,2,0,3,3,A,-,03,22350,,F,C,2,A,A,H,-,C,D,0,,,,,Y,,A,07,3,0,0,0,0,0,0,0,0,"- ","- ",37.946189880371094,-121.23600769042969,"SAN JOAQUIN",UNINCORPORATED,-121.23598480224609,37.946193695068359
92046794,2023,2023-04-17,9265,2023-04-01,2357,023223,,6,3,9,3900,0,2,4,,1,012,"JACK TONE RD","VAN WYK LN",1320.00,N,N,B,-,N,,,,,,,,,,Y,2,0,1,2,A,-,08,22107,,N,A,C,A,A,H,-,D,D,0,,,,Y,Y,,A,01,1,0,0,0,0,0,0,0,0,"- ","- ",37.775791168212891,-121.142822265625,"SAN JOAQUIN",UNINCORPORATED,-121.14282989501953,37.775806427001953
92046982,2022,2023-04-17,9265,2022-07-28,1416,022217,,4,2,9,3900,0,3,5,,2,090,"HARNEY LANE","LOWER SACRAMENTO ROAD",3850.00,W,N,A,-,N,,,,,,,,,,Y,1,1,2,2,A,-,09,21804,A,N,C,C,A,A,H,-,A,D,0,,,,Y,Y,Y,F,26,2,0,0,0,0,0,0,0,0,"- ","- ",38.101089477539062,-121.31993865966797,"SAN JOAQUIN",UNINCORPORATED,-121.31553649902344,38.101081848144531
92047294,2023,2023-04-18,9265,2023-04-09,1600,022134,,7,2,9,3900,0,3,5,,2,090,"THORNTON RD.","TURNER RD.",1000.00,S,N,A,-,N,,,,,,,,,,Y,2,0,3,2,A,-,01,23152,A,N,D,C,A,A,H,-,A,D,0,,,,,Y,Y,A,07,2,0,1,0,0,0,0,0,0,"- ","- ",38.142978668212891,-121.39853668212891,"SAN JOAQUIN",UNINCORPORATED,-121.39845275878906,38.143287658691406
92053141,2023,2023-04-25,9266,2023-04-13,1500,021677,,4,2,9,3900,0,1,3,,1,025,"SR - 33","ALBERT DR",840.00,N,N,A,-,Y,SJ,,33," "," ",4.566,H,,R,Y,2,0,1,2,A,-,03,22350,,N,B,C,A,A,H,-,A,D,0,,,,,Y,,D,22,1,0,0,0,0,0,0,0,0,"- ","- ",37.678791046142578,-121.3402099609375,"SAN JOAQUIN",UNINCORPORATED,-121.34014129638672,37.678836822509766
92057962,2023,2023-05-01,9265,2023-04-22,1655,023096,,6,2,9,3900,0,1,3,,1,062,SR-88,"EIGHT MILE RD",2112.00,N,N,A,-,Y,SJ,,88," "," ",6.906,H,,R,Y,2,0,2,2,A,-,01,23152,A,N,B,C,A,A,H,-,A,A,0,,,,,Y,Y,A,01,1,0,1,0,0,0,0,0,0,"- ","- ",38.06365966796875,-121.18894958496094,"SAN JOAQUIN",UNINCORPORATED,-121.18892669677734,38.06365966796875
92058421,2023,2023-05-01,9266,2023-04-22,"45  ",019091,,6,3,9,3900,0,2,4,,2,032,"BYRON RD","REEVE RD",525.00,N,N,A,-,N,,,,,,,,,,Y,2,0,4,2,A,-,01,23152,A,N,A,C,A,A,H,-,D,D,0,,,,,Y,Y,A,01,2,1,1,0,0,0,0,0,0,"- ","- ",37.764110565185547,-121.50126647949219,"SAN JOAQUIN",UNINCORPORATED,-121.50112152099609,37.764019012451172
92061545,2023,2023-05-04,9266,2023-02-11,2016,021822,,6,2,9,3900,0,3,5,,2,003,"SOUTH PROSPERITY STREET","EAST LEONARDO WAY",0.00,,Y,A,-,N,,,,,,,,,,Y,1,1,0,1,A,-,01,23152,A,N,E,I,A,A,H,-,C,A,0,,,,,Y,Y,A,07,0,0,0,0,0,0,0,0,0,"- ","- ",37.759048461914062,-121.53785705566406,"SAN JOAQUIN",UNINCORPORATED,,