CASE_ID,ACCIDENT_YEAR,PROC_DATE,JURIS,COLLISION_DATE,COLLISION_TIME,OFFICER_ID,REPORTING_DISTRICT,DAY_OF_WEEK,CHP_SHIFT,POPULATION,CNTY_CITY_LOC,SPECIAL_COND,BEAT_TYPE,CHP_BEAT_TYPE,CITY_DIVISION_LAPD,CHP_BEAT_CLASS,BEAT_NUMBER,PRIMARY_RD,SECONDARY_RD,DISTANCE,DIRECTION,INTERSECTION,WEATHER_1,WEATHER_2,STATE_HWY_IND,CALTRANS_COUNTY,CALTRANS_DISTRICT,STATE_ROUTE,ROUTE_SUFFIX,POSTMILE_PREFIX,POSTMILE,LOCATION_TYPE,RAMP_INTERSECTION,SIDE_OF_HWY,TOW_AWAY,COLLISION_SEVERITY,NUMBER_KILLED,NUMBER_INJURED,PARTY_COUNT,PRIMARY_COLL_FACTOR,PCF_CODE_OF_VIOL,PCF_VIOL_CATEGORY,PCF_VIOLATION,PCF_VIOL_SUBSECTION,HIT_AND_RUN,TYPE_OF_COLLISION,MVIW,PED_ACTION,ROAD_SURFACE,ROAD_COND_1,ROAD_COND_2,LIGHTING,CONTROL_DEVICE,CHP_ROAD_TYPE,PEDESTRIAN_ACCIDENT,BICYCLE_ACCIDENT,MOTORCYCLE_ACCIDENT,TRUCK_ACCIDENT,NOT_PRIVATE_PROPERTY,ALCOHOL_INVOLVED,STWD_VEHTYPE_AT_FAULT,CHP_VEHTYPE_AT_FAULT,COUNT_SEVERE_INJ,COUNT_VISIBLE_INJ,COUNT_COMPLAINT_PAIN,COUNT_PED_KILLED,COUNT_PED_INJURED,COUNT_BICYCLIST_KILLED,COUNT_BICYCLIST_INJURED,COUNT_MC_KILLED,COUNT_MC_INJURED,PRIMARY_RAMP,SECONDARY_RAMP,LATITUDE,LONGITUDE,COUNTY,CITY,POINT_X,POINT_Y
9206167,2020,2021-02-18,3905,2020-12-12,1810,3035,PAR,6,5,6,3905,0,0,0,,0,,"WILSON WY","LAFAYETTE ST",0.00,,Y,A,-,N,,,,,,,,,,,2,0,1,2,A,-,11,21955,,M,G,B,D,B,H,-,C,A,0,Y,,,,Y,,N,60,1,0,0,0,1,0,0,0,0,"- ","- ",37.9527587890625,-121.27073669433594,"SAN JOAQUIN",STOCKTON,-121.27075958251953,37.952899932861328
92069404,2023,2023-05-15,9265,2023-04-14,"600 ",018694,,5,1,9,3900,0,3,5,,2,010,"KELLY ROAD","STEINEGUL ROAD",1385.00,E,N,A,-,N,,,,,,,,,,N,1,1,0,2,A,-,03,22350,,N,G,B,E,A,H,-,B,D,0,Y,,,,Y,,A,01,0,0,0,1,0,0,0,0,0,"- ","- ",37.813030242919922,-120.95555877685547,"SAN JOAQUIN",UNINCORPORATED,-120.95551300048828,37.813056945800781
92071346,2023,2023-05-17,9265,2023-05-12,2245,022366,,5,3,9,3900,0,1,3,,1,041,SR-4,"INLAND DRIVE",5808.00,W,N,A,-,Y,SJ,,4," "," ",9.326,H,,R,Y,2,0,2,3,A,-,03,22350,,N,A,2,E,A,C,-,D,D,0,Y,,,,Y,,A,01,1,0,1,0,1,0,0,0,0,"- ","- ",37.926910400390625,-121.41829681396484,"SAN JOAQUIN",UNINCORPORATED,-121.41829681396484,37.926898956298828
92074456,2023,2023-05-22,9265,2023-05-09,1531,017439,,2,2,9,3900,0,3,5,,2,030,"HOWARD RD","WOLFE RD.",0.00,,Y,A,-,N,,,,,,,,,,N,2,0,3,2,A,-,09,21801,A,N,A,C,A,B,H,-,A,D,0,,,,,Y,,A,01,2,1,0,0,0,0,0,0,0,"- ","- ",37.878990173339844,-121.30216217041016,"SAN JOAQUIN",UNINCORPORATED,-121.30213928222656,37.879001617431641
92079420,2023,2023-05-26,9265,2023-05-15,"52  ",023261,,1,3,9,3900,0,1,1,,2,503,"SR-4 E/B","INLAND DR.",2640.00,W,N,A,-,N,,,,,,,,,,Y,2,0,1,2,A,-,03,22350,,F,C,C,A,A,H,-,D,D,0,,,,,Y,,M,57,1,0,0,0,0,0,0,0,0,"- ","- ",37.926860809326172,-121.40634155273438,"SAN JOAQUIN",UNINCORPORATED,-121.40634155273438,37.926895141601562
92083611,2023,2023-06-19,9265,2023-05-25,"530 ",021930,,4,3,9,3900,0,3,5,,2,070,"EIGHT MILE RD","ATHERTON RD",4285.00,E,N,A,-,N,,,,,,,,,,Y,2,0,2,2,A,-,03,22350,,N,C,C,A,A,H,-,A,D,0,,,,,Y,,D,22,1,1,0,0,0,0,0,0,0,"- ","- ",38.058940887451172,-121.44335174560547,"SAN JOAQUIN",UNINCORPORATED,-121.44337463378906,38.058963775634766
92084895,2023,2023-06-02,9265,2023-05-19,1949,021968,,5,2,6,3905,0,1,1,,2,503,"I-5 SOUTHBOUND","FRENCH CAMP RD",2640.00,N,N,A,-,Y,SJ,,5," ",R,22.968,H,,L,Y,2,0,2,2,A,-,01,23152,A,N,C,C,A,A,H,-,A,D,0,,,Y,,Y,Y,C,02,1,1,0,0,0,0,0,0,2,"- ","- ",37.903270721435547,-121.28630065917969,"SAN JOAQUIN",STOCKTON,-121.28621673583984,37.903289794921875
92085880,2023,2023-06-12,9265,2023-05-23,"145 ",022366,,2,3,9,3900,0,1,1,,2,504,"I-5 SOUTHBOUND","BENJAMIN HOLT DRIVE",3696.00,S,N,A,-,Y,SJ,,5," "," ",30.842,H,,L,Y,2,0,1,2,A,-,01,23152,A,F,C,C,A,A,H,-,D,D,0,,,Y,,Y,Y,A,01,1,0,0,0,0,0,0,0,1,"- ","- ",37.996120452880859,-121.34808349609375,"SAN JOAQUIN",UNINCORPORATED,-121.34815979003906,37.996097564697266
92086736,2023,2023-06-06,9265,2023-05-27,2355,023195,,6,3,9,3900,0,1,3,,2,004,"SR-99 S/B","MYRTLE ST",808.00,N,N,A,-,Y,SJ,,99," "," ",19.042,H,,L,Y,2,0,2,2,A,-,01,23152,A,N,C,2,A,A,H,-,C,D,0,,,,,Y,Y,A,08,1,0,1,0,0,0,0,0,0,"- ","- ",37.966560363769531,-121.24447631835938,"SAN JOAQUIN",UNINCORPORATED,-121.24437713623047,37.966598510742188
92091639,2023,2023-06-12,9266,2023-06-01,"540 ",018625,,4,3,9,3900,0,3,5,,2,002,"LINNE ROAD","KOSTER ROAD",2640.00,E,N,A,-,N,,,,,,,,,,Y,2,0,2,2,A,-,06,21750,,N,D,C,A,A,H,-,A,D,0,,,,,Y,,A,01,1,1,0,0,0,0,0,0,0,"- ","- ",37.696449279785156,-121.31564331054688,"SAN JOAQUIN",UNINCORPORATED,-121.31561279296875,37.696449279785156
92092622,2023,2023-06-13,9265,2023-06-04,1730,022407,,7,2,4,3903,0,1,3,,2,025,"SR-120 E/B","SOUTH MAIN ST",67.00,W,N,A,-,Y,SJ,,120," ",R,5.295,H,,R,Y,2,0,2,2,A,-,03,22350,,N,C,C,A,A,H,-,A,D,0,,,,,Y,,A,07,1,1,0,0,0,0,0,0,0,"- ","- ",37.783191680908203,-121.21614837646484,"SAN JOAQUIN",MANTECA,-121.21614837646484,37.783206939697266
92092647,2023,2023-06-13,9265,2023-06-06,"130 ",022307,,2,3,9,3900,0,1,3,,2,003,"MARIPOSA ROAD","BRENNAN RD",1120.00,W,N,A,-,N,,,,,,,,,,Y,2,0,1,1,A,-,08,22107,,N,E,I,A,A,H,-,C,A,0,,,,,Y,,A,01,1,0,0,0,0,0,0,0,0,"- ","- ",37.845600128173828,-121.02007293701172,"SAN JOAQUIN",UNINCORPORATED,-121.01982879638672,37.84552001953125
92096748,2023,2023-06-19,9265,2023-06-13,1305,022365,,2,1,9,3900,0,3,5,,2,050,"MCCALLEN ROAD","CALAVERAS RIVER",1028.00,E,N,A,-,N,,,,,,,,,,Y,2,0,1,3,A,-,03,22350,,N,C,C,A,A,D,-,A,D,0,,,,,Y,,A,01,1,0,0,0,0,0,0,0,0,"- ","- ",38.000370025634766,-121.26471710205078,"SAN JOAQUIN",UNINCORPORATED,,
92113322,2023,2023-07-10,9265,2023-07-03,2120,023098,,1,2,9,3900,0,1,3,,1,061,"SR-26 E/B","BEECHER RD",740.00,W,N,A,-,N,,,,,,,,,,N,2,0,1,2,A,-,11,21954,A,F,G,B,D,A,H,-,D,D,0,Y,,,,Y,,N,60,1,0,0,0,1,0,0,0,0,"- ","- ",37.994228363037109,-121.17027282714844,"SAN JOAQUIN",UNINCORPORATED,-121.17027282714844,37.994232177734375
9211577,2020,2021-02-11,3905,2020-05-26,0612,2411,,2,5,6,3905,0,0,0,,0,,"EL DORADO ST","SERRANO WY",24.00,N,N,A,-,N,,,,,,,,,,Y,1,1,0,3,A,-,03,22350,,N,D,E,A,A,H,-,B,D,0,,,,,Y,,A,01,0,0,0,0,0,0,0,0,0,"- ","- ",38.015251159667969,-121.30937957763672,"SAN JOAQUIN",STOCKTON,-121.30898284912109,38.01507568359375
9211753,2020,2021-03-25,3905,2020-12-31,2351,2835,CIV,4,5,6,3905,0,0,0,,0,,"PERSHING AV","MIDDLEFIELD AV",0.00,,Y,A,-,N,,,,,,,,,,Y,1,1,1,2,A,-,09,21801,A,N,D,C,A,A,H,-,C,B,0,,,,,Y,Y,A,01,0,1,0,0,0,0,0,0,0,"- ","- ",37.968158721923828,-121.31436920166016,"SAN JOAQUIN",STOCKTON,-121.31459045410156,37.967967987060547
9211829,2020,2021-04-15,3902,2020-10-17,1909,CD93,,6,5,5,3902,0,0,0,,0,,"N SACRAMENTO ST","DAISY AV",245.00,S,N,A,-,N,,,,,,,,,,N,1,1,0,2,A,-,03,22350,,N,G,B,D,A,H,-,C,D,0,Y,,,,Y,,A,01,0,0,0,1,0,0,0,0,0,"- ","- ",,,"SAN JOAQUIN",LODI,-121.27189636230469,38.140338897705078
92118375,2023,2023-07-17,9265,2023-07-06,2210,022042,,4,3,9,3900,0,1,3,,1,062,SR-88,"SIERRA DR",345.00,E,N,A,-,N,,,,,,,,,,Y,2,0,1,1,A,-,08,22107,,N,E,I,A,A,H,-,D,D,0,,,,,Y,,A,01,1,0,0,0,0,0,0,0,0,"- ","- ",38.167999267578125,-121.14276885986328,"SAN JOAQUIN",UNINCORPORATED,-121.14279174804688,38.168060302734375
92123388,2022,2023-10-17,9265,2022-09-28,1737,021830,,3,2,9,3900,0,3,5,,2,010,"MAIN STREET","NEW WATER LANE",27.00,E,N,A,-,N,,,,,,,,,,N,1,1,3,1,A,-,03,22350,,N,E,I,A,A,H,-,A,D,0,,,,,Y,,A,01,2,1,0,0,0,0,0,0,0,"- ","- ",37.962959289550781,-121.19960021972656,"SAN JOAQUIN",UNINCORPORATED,-121.20052337646484,37.962673187255859
92124110,2023,2023-11-07,9265,2023-07-10,1140,023276,,1,1,9,3900,0,2,4,,1,053,"WATERLOO ROAD","NEWPORT AVE",13.00,E,N,A,-,N,,,,,,,,,,Y,2,0,2,2,A,-,09,21801,A,N,D,C,A,A,H,-,A,D,0,,,,,Y,,D,22,1,1,0,0,0,0,0,0,0,"- ","- ",37.978000640869141,-121.26030731201172,"SAN JOAQUIN",UNINCORPORATED,-121.26043701171875,37.977931976318359
92130529,2023,2023-07-28,9265,2023-07-22,1240,022407,,6,1,9,3900,0,3,5,,2,060,"N JOHNSON RD","ACAMPO RD.",3610.00,N,N,A,-,N,,,,,,,,,,N,2,0,1,1,A,-,03,22350,,N,F,I,A,A,B,-,A,D,0,,,Y,,Y,,C,02,1,0,0,0,0,0,0,0,1,"- ","- ",38.187721252441406,-121.04170989990234,"SAN JOAQUIN",UNINCORPORATED,-121.04168701171875,38.187442779541016
92130731,2023,2023-07-28,9265,2023-07-23,2028,022217,,7,2,9,3900,0,3,5,,2,060,"KENNEFICK RD","JAHANT RD",0.00,,Y,A,-,N,,,,,,,,,,Y,2,0,1,2,A,-,01,23152,A,N,D,C,A,A,H,-,D,A,0,,,Y,,Y,Y,C,02,1,0,0,0,0,0,0,0,1,"- ","- ",38.203571319580078,-121.24440002441406,"SAN JOAQUIN",UNINCORPORATED,-121.24441528320312,38.203578948974609
92138661,2023,2023-08-08,9265,2023-02-17,2500,018836,,5,4,9,3900,0,2,4,,1,091,"EIGHT MILE RD","EMPIRE TRACT RD",0.00,,Y,A,-,N,,,,,,,,,,Y,1,1,0,1,A,-,03,22350,,N,E,J,A,A,H,-,D,A,0,,,,,Y,,A,07,0,0,0,0,0,0,0,0,0,"- ","- ",38.060279846191406,-121.49948883056641,"SAN JOAQUIN",UNINCORPORATED,-121.49948120117188,38.060260772705078
92146559,2023,2023-08-25,9265,2023-05-28,1001,020313,,7,1,9,3900,0,2,4,,1,053,"WILSON WAY","ALPINE AVE",2236.00,N,N,A,-,N,,,,,,,,,,Y,1,1,1,2,A,-,08,22100,B,N,D,C,A,A,H,-,A,D,0,,,Y,,Y,,D,22,0,1,0,0,0,0,0,1,0,"- ","- ",37.993419647216797,-121.26561737060547,"SAN JOAQUIN",UNINCORPORATED,-121.26560974121094,37.993419647216797
92156123,2023,2023-08-28,9265,2023-08-17,2040,022217,,4,2,9,3900,0,1,3,,2,004,"SR-99 S/B","EIGHT MILE RD",1300.00,N,N,A,-,Y,SJ,,99," "," ",25.684,H,,L,Y,2,0,4,4,A,-,01,23152,A,N,B,2,A,A,H,-,D,D,0,,,,,Y,Y,D,22,1,0,3,0,0,0,0,0,0,"- ","- ",38.061050415039062,-121.25972747802734,"SAN JOAQUIN",UNINCORPORATED,-121.25968170166016,38.061050415039062
92157620,2023,2023-08-29,9265,2023-08-08,"215 ",022072,,2,3,2,3920,0,1,1,,2,502,"I-5 SOUTHBOUND",SR-120,2112.00,N,N,A,-,Y,SJ,,5," ",R,15.327,H,,L,Y,2,0,1,1,A,-,01,23152,A,N,F,A,A,A,H,-,C,D,0,,,,,Y,Y,A,01,1,0,0,0,0,0,0,0,0,"- ","- ",37.795581817626953,-121.30101013183594,"SAN JOAQUIN",LATHROP,-121.30093383789062,37.795578002929688
92157790,2023,2023-08-29,9265,2023-06-18,1850,023096,,7,2,2,3920,0,1,3,,2,025,"SR-120 E/B","I-5 N/B",1531.00,E,N,A,-,Y,SJ,,120," ",R,0.822,H,,R,Y,1,1,0,2,A,-,01,23152,G,N,H,C,A,A,H,-,A,D,0,,,,,Y,Y,D,22,0,0,0,0,0,0,0,0,0,"- ","- ",37.789710998535156,-121.2965087890625,"SAN JOAQUIN",LATHROP,-121.29650115966797,37.7896728515625
92158606,2023,2023-08-30,9265,2023-04-25,2500,023156,,2,4,9,3900,0,3,5,,2,090,"SR-99 W FRONTAGE ROAD","E. WOODSON RD",725.00,N,N,A,-,N,,,,,,,,,,N,1,1,0,2,C,-,18,,,F,G,B,E,A,H,-,C,D,0,Y,,,,Y,,-,"- ",0,0,0,1,0,0,0,0,0,"- ","- ",38.206890106201172,-121.26497650146484,"SAN JOAQUIN",UNINCORPORATED,,
92169293,2023,2023-09-13,9265,2023-09-02,"407 ",022499,,6,3,9,3900,0,1,3,,2,003,"SR-99 N/B","DR. MARTIN LUTHER KING JR BLVD",230.00,S,N,A,-,Y,SJ,,99," "," ",17.984,H,,R,Y,2,0,1,1,A,-,08,22107,,N,E,8,A,A,H,-,D,D,0,,,,,Y,,A,01,1,0,0,0,0,0,0,0,0,"- ","- ",37.952121734619141,-121.23808288574219,"SAN JOAQUIN",UNINCORPORATED,-121.23815155029297,37.952098846435547
92169529,2023,2023-09-14,9265,2023-09-04,1310,022366,,1,1,9,3900,0,1,3,,1,092,"SR-12 EASTBOUND","CORREIA ROAD",528.00,W,N,A,-,Y,SJ,,12," "," ",5.836,H,,R,N,2,0,2,2,A,-,03,22350,,N,C,C,A,A,H,-,A,D,0,,,Y,,Y,,C,02,1,0,1,0,0,0,0,0,1,"- ","- ",38.115379333496094,-121.47740173339844,"SAN JOAQUIN",UNINCORPORATED,-121.47740173339844,38.115406036376953
92172463,2023,2023-09-18,9265,2023-09-01,2200,022072,,5,3,9,3900,0,3,5,,2,090,"KIRST DR","AUGUSTA ST",10.00,E,N,B,-,N,,,,,,,,,,N,2,0,1,1,A,-,17,21200,,N,H,I,A,A,H,-,C,A,0,,Y,,,Y,Y,L,04,1,0,0,0,0,0,1,0,0,"- ","- ",38.155738830566406,-121.3114013671875,"SAN JOAQUIN",UNINCORPORATED,-121.31149291992188,38.155670166015625
92174923,2023,2023-09-20,9265,2023-01-30,"535 ",022476,,1,3,9,3900,0,1,3,,1,011,SR-120,"VON GLAHN ROAD",940.00,W,N,A,-,Y,SJ,,120," "," ",13.328,H,,R,N,1,1,0,2,A,-,11,21954,A,F,G,B,D,A,H,-,D,D,0,Y,,,,Y,Y,N,60,0,0,0,1,0,0,0,0,0,"- ","- ",37.79840087890625,-121.06137847900391,"SAN JOAQUIN",UNINCORPORATED,-121.06137847900391,37.798358917236328
92175272,2023,2023-09-20,9266,2023-09-04,1420,021677,,1,2,9,3900,0,1,1,,2,024,"I-5 N/B","LINNE ROAD",1251.00,N,N,A,-,Y,SJ,,5," "," ",7.735,H,,R,Y,2,0,1,3,A,-,01,23152,A,M,B,C,A,A,H,-,A,D,0,,,,Y,Y,Y,A,01,1,0,0,0,0,0,0,0,0,"- ","- ",37.699989318847656,-121.34323120117188,"SAN JOAQUIN",UNINCORPORATED,-121.34320831298828,37.699989318847656
92178618,2023,2023-09-25,9265,2023-09-19,1340,019182,,2,1,6,3905,0,1,3,,1,042,"SR-4 E/B","FILBERT ST",775.00,W,N,A,-,Y,SJ,,4," ",R,18.620,H,,R,Y,2,0,1,3,A,-,03,22350,,N,C,C,A,A,H,-,A,D,0,,,,Y,Y,,G,25,1,0,0,0,0,0,0,0,0,"- ","- ",37.958911895751953,-121.25627899169922,"SAN JOAQUIN",STOCKTON,-121.25630187988281,37.958957672119141
92180382,2023,2023-09-26,9265,2023-07-08,1845,023098,,6,2,9,3900,0,3,5,,2,040,"BACON ISLAND ROAD","TRAPPERS ROAD",3854.00,W,N,A,-,N,,,,,,,,,,Y,1,1,0,1,A,-,01,23152,A,N,F,A,A,A,H,-,A,D,0,,,,,Y,Y,A,01,0,0,0,0,0,0,0,0,0,"- ","- ",37.919578552246094,-121.4488525390625,"SAN JOAQUIN",UNINCORPORATED,-121.44655609130859,37.917461395263672
92181603,2023,2023-09-27,9266,2023-05-31,"539 ",018625,,3,3,9,3900,0,2,4,,2,010,"HOWARD ROAD 7000 BLOCK","UNDINE ROAD",8976.00,E,N,A,-,N,,,,,,,,,,Y,1,1,1,2,A,-,05,21460,A,N,A,C,A,A,H,-,B,D,0,,,Y,,Y,,A,01,0,1,0,0,0,0,0,1,0,"- ","- ",37.874809265136719,-121.40190887451172,"SAN JOAQUIN",UNINCORPORATED,-121.40195465087891,37.874927520751953
92193109,2023,2023-10-06,9265,2023-09-18,1826,023277,,1,2,9,3900,0,1,3,,2,004,"SR-99 N/B","HAMMER LN",2693.00,N,N,A,-,Y,SJ,,99," "," ",23.442,H,,R,N,2,0,1,1,A,-,08,22107,,N,E,8,A,A,H,-,A,D,0,,,,,Y,,A,01,1,0,0,0,0,0,0,0,0,"- ","- ",38.028720855712891,-121.25814056396484,"SAN JOAQUIN",UNINCORPORATED,-121.25819396972656,38.028720855712891
92204838,2023,2023-10-20,9265,2023-06-30,"403 ",022315,,5,3,9,3900,0,1,1,,2,505,"I-5 S/B","WALNUT GROVE",1712.00,S,N,A,-,Y,SJ,,5," "," ",47.258,H,,L,Y,1,1,0,2,A,-,01,23152,G,N,A,C,A,A,H,-,D,D,0,,,,Y,Y,Y,A,01,0,0,0,0,0,0,0,0,0,"- ","- ",38.221481323242188,-121.42771911621094,"SAN JOAQUIN",UNINCORPORATED,-121.42776489257812,38.221462249755859
92208255,2023,2023-10-25,9265,2023-09-20,"420 ",021930,,3,3,9,3900,0,1,3,,1,011,"STATE ROUTE 120","JACK TONE RD",1985.00,E,N,A,-,Y,SJ,,120," "," ",9.224,H,,R,Y,1,1,0,2,A,-,11,21954,A,N,G,B,D,A,H,-,D,D,0,Y,,,,Y,,N,60,0,0,0,1,0,0,0,0,0,"- ","- ",37.797698974609375,-121.13614654541016,"SAN JOAQUIN",UNINCORPORATED,-121.13614654541016,37.79766845703125
92208257,2023,2023-10-25,9265,2023-10-13,1815,023098,,5,2,9,3900,0,3,5,,2,060,"KETTLEMAN LN","LOCUST TREE RD",2411.00,E,N,A,-,N,,,,,,,,,,Y,2,0,1,1,A,-,08,22107,,N,E,I,A,A,H,-,A,D,0,,,,,Y,,A,01,1,0,0,0,0,0,0,0,0,"- ","- ",38.116260528564453,-121.18794250488281,"SAN JOAQUIN",UNINCORPORATED,-121.18814849853516,38.116199493408203
92226806,2023,2023-11-02,9265,2023-06-30,1431,022706,,5,2,9,3900,0,3,5,,2,060,"DUNCAN ROAD","COMSTOCK ROAD",0.00,,Y,A,-,N,,,,,,,,,,Y,1,1,2,2,A,-,01,23152,F,N,D,C,A,A,H,-,A,A,0,,,,,Y,,A,01,1,1,0,0,0,0,0,0,0,"- ","- ",38.044841766357422,-121.09613037109375,"SAN JOAQUIN",UNINCORPORATED,-121.09615325927734,38.044853210449219
92233284,2023,2023-11-13,9265,2023-11-03,1320,018694,,5,1,9,3900,0,1,3,,1,062,"SR-88 (MAIN STREET)","WALNUT STREET",35.00,W,N,A,-,N,,,,,,,,,,N,2,0,1,2,A,-,03,22350,,N,C,C,A,A,H,-,A,D,0,,,Y,,Y,,C,02,1,0,0,0,0,0,0,0,1,"- ","- ",38.161941528320312,-121.15203857421875,"SAN JOAQUIN",UNINCORPORATED,-121.15203094482422,38.161930084228516
92245163,2023,2023-11-27,9265,2023-10-06,1920,023098,,5,2,9,3900,0,3,5,,2,060,"DUNCAN RD","MONTE VISTA DR",913.00,N,N,A,-,N,,,,,,,,,,Y,1,1,2,2,A,-,01,23152,G,N,A,C,A,A,H,-,D,D,0,,,,,Y,Y,A,01,1,1,0,0,0,0,0,0,0,"- ","- ",38.027809143066406,-121.09586334228516,"SAN JOAQUIN",UNINCORPORATED,-121.09584808349609,38.027725219726562
9224676,2021,2021-03-16,3902,2021-01-04,1721,EP109,,1,5,5,3902,0,0,0,,0,,"B LOWER SACRAMENTO RD","PARK WEST DR",0.00,,Y,B,-,N,,,,,,,,,,Y,2,0,1,2,A,-,09,21801,A,N,D,C,A,B,H,-,B,D,0,,,,,Y,,A,01,1,0,0,0,0,0,0,0,0,"- ","- ",,,"SAN JOAQUIN",LODI,-121.30686187744141,38.139228820800781
92252696,2023,2023-12-05,9265,2023-11-19,"145 ",023202,,7,3,9,3900,0,1,1,,2,502,"I-5 N/B","HOSPITAL RD",1205.00,N,N,A,-,Y,SJ,,5," ",R,21.942,H,,R,Y,2,0,3,3,A,-,01,23152,A,N,C,C,A,A,C,-,C,D,0,,,,,Y,Y,A,01,1,1,1,0,0,0,0,0,0,"- ","- ",37.889049530029297,-121.28079223632812,"SAN JOAQUIN",UNINCORPORATED,-121.28073120117188,37.889060974121094
92258822,2023,2023-12-11,9265,2023-11-07,2230,021930,,2,3,5,3902,0,1,3,,2,006,"SR-99 S/B","HARNEY LN",2116.00,N,N,A,-,Y,SJ,,99," "," ",28.880,H,,L,N,1,1,0,2,A,-,11,21954,A,N,G,B,E,A,H,-,C,D,0,Y,,,Y,Y,,N,60,0,0,0,1,0,0,0,0,0,"- ","- ",38.107460021972656,-121.25994873046875,"SAN JOAQUIN",LODI,-121.25989532470703,38.107452392578125
92265281,2023,2023-12-18,9265,2023-12-04,1510,023185,,1,2,9,3900,0,1,1,,2,503,"I-5 N/B","DOWNING AVE",100.00,S,N,A,-,Y,SJ,,5," ",R,23.652,H,,R,Y,2,0,1,2,A,-,01,23152,A,M,E,I,A,A,H,-,A,D,0,,,,,Y,Y,D,22,1,0,0,0,0,0,0,0,0,"- ","- ",37.912830352783203,-121.28920745849609,"SAN JOAQUIN",UNINCORPORATED,-121.28929901123047,37.912811279296875
92268070,2023,2023-12-21,9265,2023-10-01,2500,023223,,7,4,9,3900,0,1,3,,2,003,"STATE ROUTE 99 NORTHBOUND TO         FRENCH CAMP R","FRENCH CAMP ROAD",690.00,N,N,B,-,Y,,,,,,,,,,Y,1,1,0,1,A,-,01,23152,G,N,F,A,A,A,H,-,C,D,0,,,,,Y,Y,A,01,0,0,0,0,0,0,0,0,0,"- ","- ",37.861621856689453,-121.21800994873047,"SAN JOAQUIN",UNINCORPORATED,-121.21800994873047,37.861621856689453
92269246,2023,2023-12-22,9265,2023-05-24,2230,022042,,3,3,9,3900,0,2,4,,1,065,"ASHLEY LANE","SR-99 E. FRONTAGE RD",576.00,E,N,A,-,N,,,,,,,,,,N,1,1,0,2,A,-,03,22350,,F,G,B,E,A,H,-,D,D,0,Y,,,,Y,Y,-,99,0,0,0,1,0,0,0,0,0,"- ","- ",38.042800903320312,-121.256103515625,"SAN JOAQUIN",UNINCORPORATED,,
92282952,2023,2024-01-09,9265,2023-11-23,1655,023096,,4,2,9,3900,0,1,3,,1,092,SR-12,I-5,3696.00,W,N,A,-,Y,SJ,,12," "," ",9.441,H,,R,Y,1,1,0,2,A,-,17,21200,,N,H,G,A,A,H,-,B,D,0,,Y,,,Y,,L,04,0,0,0,0,0,1,0,0,0,"- ","- ",38.116111755371094,-121.41133880615234,"SAN JOAQUIN",UNINCORPORATED,-121.41133880615234,38.116119384765625
92288020,2024,2024-01-16,9265,2024-01-05,2225,022499,,5,3,6,3905,0,1,1,,2,504,"I-5 S/B","MCAULIFFE ROAD",705.00,S,N,A,-,Y,SJ,,5," "," ",34.329,H,,L,Y,2,0,2,2,A,-,01,23152,A,N,C,2,A,A,H,-,D,D,0,,,,,Y,Y,A,01,1,0,1,0,0,0,0,0,0,"- ","- ",38.044029235839844,-121.36850738525391,"SAN JOAQUIN",STOCKTON,-121.36851501464844,38.044029235839844
92293884,2023,2024-01-22,9265,2023-12-20,1805,022072,,3,2,9,3900,0,2,4,,1,064,"EIGHT MILE ROAD","SR-99 EAST FRONTAGE ROAD",820.00,E,N,C,-,N,,,,,,,,,,Y,1,1,0,3,A,-,11,21954,A,N,G,B,D,B,H,-,C,D,0,Y,,,,Y,,N,60,0,0,0,1,0,0,0,0,0,"- ","- ",38.057468414306641,-121.25450134277344,"SAN JOAQUIN",UNINCORPORATED,-121.25674438476562,38.057437896728516
92296359,2023,2024-12-13,9265,2023-12-19,"655 ",023185,,2,1,4,3903,0,1,3,,2,025,"SR-120 E/B","MAIN ST",500.00,E,N,C,-,Y,SJ,,120," ",R,5.412,H,,R,Y,2,0,1,2,A,-,03,22350,,N,C,C,A,B,H,-,B,A,0,,,,Y,Y,,G,25,1,0,0,0,0,0,0,0,0,"- ","- ",37.783199310302734,-121.21401214599609,"SAN JOAQUIN",MANTECA,-121.21401214599609,37.783210754394531
92296386,2024,2024-01-24,9265,2024-01-06,2325,023261,,6,3,9,3900,0,2,4,,1,051,"HINKLEY AVE","MAIN ST",0.00,,Y,A,-,N,,,,,,,,,,Y,2,0,3,2,A,-,01,23152,A,N,D,C,A,A,H,-,C,A,0,,,,,Y,Y,A,07,2,1,0,0,0,0,0,0,0,"- ","- ",37.954029083251953,-121.23651885986328,"SAN JOAQUIN",UNINCORPORATED,-121.23651123046875,37.954063415527344