CASE_ID,ACCIDENT_YEAR,PROC_DATE,JURIS,COLLISION_DATE,COLLISION_TIME,OFFICER_ID,REPORTING_DISTRICT,DAY_OF_WEEK,CHP_SHIFT,POPULATION,CNTY_CITY_LOC,SPECIAL_COND,BEAT_TYPE,CHP_BEAT_TYPE,CITY_DIVISION_LAPD,CHP_BEAT_CLASS,BEAT_NUMBER,PRIMARY_RD,SECONDARY_RD,DISTANCE,DIRECTION,INTERSECTION,WEATHER_1,WEATHER_2,STATE_HWY_IND,CALTRANS_COUNTY,CALTRANS_DISTRICT,STATE_ROUTE,ROUTE_SUFFIX,POSTMILE_PREFIX,POSTMILE,LOCATION_TYPE,RAMP_INTERSECTION,SIDE_OF_HWY,TOW_AWAY,COLLISION_SEVERITY,NUMBER_KILLED,NUMBER_INJURED,PARTY_COUNT,PRIMARY_COLL_FACTOR,PCF_CODE_OF_VIOL,PCF_VIOL_CATEGORY,PCF_VIOLATION,PCF_VIOL_SUBSECTION,HIT_AND_RUN,TYPE_OF_COLLISION,MVIW,PED_ACTION,ROAD_SURFACE,ROAD_COND_1,ROAD_COND_2,LIGHTING,CONTROL_DEVICE,CHP_ROAD_TYPE,PEDESTRIAN_ACCIDENT,BICYCLE_ACCIDENT,MOTORCYCLE_ACCIDENT,TRUCK_ACCIDENT,NOT_PRIVATE_PROPERTY,ALCOHOL_INVOLVED,STWD_VEHTYPE_AT_FAULT,CHP_VEHTYPE_AT_FAULT,COUNT_SEVERE_INJ,COUNT_VISIBLE_INJ,COUNT_COMPLAINT_PAIN,COUNT_PED_KILLED,COUNT_PED_INJURED,COUNT_BICYCLIST_KILLED,COUNT_BICYCLIST_INJURED,COUNT_MC_KILLED,COUNT_MC_INJURED,PRIMARY_RAMP,SECONDARY_RAMP,LATITUDE,LONGITUDE,COUNTY,CITY,POINT_X,POINT_Y
92298119,2024,2024-01-26,9265,2024-01-16,"650 ",022356,,2,1,9,3900,0,2,4,,1,014,"MARIPOSA RD","CARPENTER RD",320.00,W,N,B,E,N,,,,,,,,,,Y,2,0,2,3,A,-,08,22107,,N,B,C,A,A,H,-,D,D,0,,,,Y,Y,,A,01,1,0,1,0,0,0,0,0,0,"- ","- ",37.928470611572266,-121.21774291992188,"SAN JOAQUIN",UNINCORPORATED,-121.21773529052734,37.928482055664062
92301713,2023,2024-01-31,9265,2023-10-14,2305,023277,,6,3,9,3900,0,3,5,,2,010,"ARTHUR RD","BRENNAN RD",0.00,,Y,A,-,N,,,,,,,,,,Y,1,1,0,2,A,-,12,22450,A,N,D,2,A,A,H,-,D,A,0,,,,Y,Y,,A,01,0,0,0,0,0,0,0,0,0,"- ","- ",37.813129425048828,-121.01541137695312,"SAN JOAQUIN",UNINCORPORATED,-121.01539611816406,37.813102722167969
92301733,2023,2024-01-31,9265,2023-10-20,"526 ",022706,,5,3,4,3903,0,1,3,,2,025,"STATE ROUTE 120 WESTBOUND","AIRPORT WAY",75.00,E,N,A,-,Y,SJ,,120," ",R,3.351,H,,L,Y,1,1,0,1,A,-,01,23152,G,N,E,I,A,A,H,-,C,D,0,,,,,Y,Y,A,01,0,0,0,0,0,0,0,0,0,"- ","- ",37.783420562744141,-121.25166320800781,"SAN JOAQUIN",MANTECA,-121.25166320800781,37.783412933349609
92302130,2023,2024-01-31,9265,2023-11-26,1725,023195,,7,2,6,3905,0,1,3,,1,042,"STATE ROUTE 4 EASTBOUND","SOUTH UNION STREET",50.00,W,N,A,-,Y,SJ,,4," ",R,17.407,H,,R,Y,1,1,0,2,A,-,17,21200,,N,H,G,A,A,H,-,C,D,0,,Y,,,Y,,L,04,0,0,0,0,0,1,0,0,0,"- ","- ",37.9522705078125,-121.27646636962891,"SAN JOAQUIN",STOCKTON,-121.27648162841797,37.952323913574219
92303959,2023,2024-06-17,9266,2023-09-28,"420 ",019091,,4,3,9,3900,0,2,4,,1,016,"GRANT LINE RD","BIRD RD",0.00,,Y,A,-,N,,,,,,,,,,Y,1,2,0,2,A,-,01,23152,F,N,A,C,A,A,H,-,D,D,0,,,,,Y,,A,07,0,0,0,0,0,0,0,0,0,"- ","- ",37.754341125488281,-121.36190795898438,"SAN JOAQUIN",UNINCORPORATED,-121.36183929443359,37.754314422607422
92304063,2024,2024-02-02,9265,2024-01-13,2100,022849,,6,2,9,3900,0,2,4,,1,014,"KAISER ROAD","MARIPOSA ROAD",0.00,,Y,C,-,N,,,,,,,,,,N,2,0,3,2,A,-,01,23152,A,N,A,C,A,B,H,-,D,A,0,,,,,Y,Y,D,22,1,1,1,0,0,0,0,0,0,"- ","- ",37.910610198974609,-121.16574859619141,"SAN JOAQUIN",UNINCORPORATED,-121.16574096679688,37.910602569580078
92304184,2023,2024-02-02,9265,2023-07-20,2150,022042,,4,2,9,3900,0,1,3,,2,006,"STATE ROUTE 99 SOUTHBOUND","ACAMPO ROAD",1584.00,N,N,A,-,Y,SJ,,99," "," ",33.879,H,,L,Y,1,1,2,1,A,-,08,22107,,N,F,A,A,A,H,-,D,D,0,,,,,Y,,A,07,1,1,0,0,0,0,0,0,0,"- ","- ",38.17913818359375,-121.26251983642578,"SAN JOAQUIN",UNINCORPORATED,-121.26255798339844,38.17913818359375
92316042,2024,2024-02-16,9265,2024-02-07,1905,022072,,3,2,9,3900,0,1,3,,1,062,"SR-88 E/B","COMSTOCK RD",60.00,E,N,C,-,Y,SJ,,88," "," ",4.947,H,,R,Y,2,0,1,1,A,-,08,22107,,N,F,A,A,B,H,-,D,D,0,,,,,Y,,A,07,1,0,0,0,0,0,0,0,0,"- ","- ",38.035610198974609,-121.18699645996094,"SAN JOAQUIN",UNINCORPORATED,-121.18715667724609,38.035606384277344
92324721,2024,2024-02-27,9265,2024-02-04,1703,017439,,7,2,2,3920,0,1,3,,2,025,"SR-120 E/B","GUTHMILLER RD.",600.00,W,N,B,C,Y,SJ,,120," ",R,1.215,H,,R,N,2,0,1,1,A,-,08,22107,,N,E,8,A,B,H,-,A,D,0,,,,,Y,,A,01,1,0,0,0,0,0,0,0,0,"- ","- ",37.78948974609375,-121.28952789306641,"SAN JOAQUIN",LATHROP,-121.28946685791016,37.789714813232422
92325791,2024,2024-02-28,9265,2024-02-06,"651 ",017439,,2,1,9,3900,0,1,1,,2,502,"INTERSTATE 5 SB","ROTH RD.",1336.00,N,N,B,-,Y,SJ,,5," ",R,19.872,H,,L,N,2,0,1,2,A,-,03,22350,,F,C,C,A,A,H,-,B,D,0,,,Y,,Y,Y,-,99,1,0,0,0,0,0,0,0,1,"- ","- ",37.859458923339844,-121.28122711181641,"SAN JOAQUIN",UNINCORPORATED,-121.28119659423828,37.859455108642578
92328608,2023,2024-03-04,9265,2023-11-15,"530 ",023195,,3,3,9,3900,0,1,3,,1,013,SR-4,DRAIS,3157.00,E,N,E,-,Y,SJ,,4," "," ",29.028,H,,R,Y,1,1,0,6,A,-,06,21751,,N,B,C,A,B,H,-,D,D,0,,,,Y,Y,,A,07,0,0,0,0,0,0,0,0,0,"- ","- ",37.934490203857422,-121.07333374023438,"SAN JOAQUIN",UNINCORPORATED,-121.07332611083984,37.934505462646484
92329914,2024,2024-03-05,9265,2024-02-25,2006,023277,,7,2,9,3900,0,2,4,,1,091,"LOWER SACRAMENTO RD","METTLER RD",480.00,N,N,A,-,N,,,,,,,,,,Y,2,0,1,1,A,-,08,22107,,N,E,8,A,A,H,-,D,D,0,,,,,Y,,A,01,1,0,0,0,0,0,0,0,0,"- ","- ",38.076759338378906,-121.31034088134766,"SAN JOAQUIN",UNINCORPORATED,-121.31049346923828,38.076908111572266
92331051,2024,2024-03-06,9265,2024-02-25,1755,021830,,7,2,9,3900,0,2,4,,1,015,"COPPEROPOLIS RD","HEWITT RD",20.00,E,N,A,-,N,,,,,,,,,,N,2,0,1,2,A,-,03,22350,,N,C,C,A,A,H,-,B,A,0,,,Y,,Y,Y,C,02,1,0,0,0,0,0,0,0,1,"- ","- ",37.973110198974609,-121.04103851318359,"SAN JOAQUIN",UNINCORPORATED,-121.04116058349609,37.973129272460938
92333315,2024,2024-03-08,9265,2024-02-23,2305,022282,,5,3,9,3900,0,1,3,,1,041,SR-4,"BACON ISLAND RD",2500.00,W,N,A,-,Y,SJ,,4," "," ",7.731,H,,R,Y,2,0,1,1,A,-,08,22107,,N,F,0,A,A,H,-,D,A,0,,,,,Y,Y,A,01,1,0,0,0,0,0,0,0,0,"- ","- ",37.917469024658203,-121.44243621826172,"SAN JOAQUIN",UNINCORPORATED,-121.44243621826172,37.917469024658203
92337291,2024,2024-03-13,9265,2024-01-25,2250,022042,,4,3,9,3900,0,1,3,,1,062,"STATE ROUTE 88","SIERRA DRIVE",0.00,,Y,A,-,Y,SJ,,88," "," ",14.512,H,,R,Y,1,1,0,1,A,-,01,23152,A,N,E,8,A,A,H,-,C,D,0,,,Y,,Y,Y,C,02,0,0,0,0,0,0,0,1,0,"- ","- ",38.167629241943359,-121.14417266845703,"SAN JOAQUIN",UNINCORPORATED,-121.14409637451172,38.167560577392578
92338698,2023,2024-03-14,9266,2023-11-06,2500,018628,,1,4,5,3906,0,1,1,,1,015,"I-205 W/B TO TRACY BLVD","TRACY BLVD",1051.00,E,N,B,C,Y,SJ,,205," ",R,7.185,H,,L,N,1,1,0,2,A,-,00,21496,A,F,G,B,E,B,H,-,D,D,0,Y,,,,Y,,N,60,0,0,0,1,0,0,0,0,0,"- ","- ",37.763240814208984,-121.43199157714844,"SAN JOAQUIN",TRACY,-121.43199157714844,37.763099670410156
92363096,2024,2024-04-12,9265,2024-03-27,"638 ",015629,,3,1,9,3900,0,1,3,,1,062,"STATE ROUTE 88","COMSTOCK ROAD",0.00,,Y,A,-,Y,SJ,,88," "," ",4.938,H,,R,Y,2,0,2,2,A,-,09,21802,A,N,A,C,A,A,H,-,A,A,0,,,,,Y,,A,07,1,1,0,0,0,0,0,0,0,"- ","- ",38.035480499267578,-121.18710327148438,"SAN JOAQUIN",UNINCORPORATED,-121.18714904785156,38.035480499267578
92368273,2024,2024-04-18,9266,2024-04-06,2055,023624,,6,2,9,3900,0,2,4,,1,023,"LEHMAN ROAD","LINNE ROAD",0.00,,Y,A,-,N,,,,,,,,,,Y,2,0,1,1,A,-,01,23152,A,N,E,I,A,A,H,-,D,A,0,,,,,Y,Y,A,01,1,0,0,0,0,0,0,0,0,"- ","- ",37.696269989013672,-121.37065124511719,"SAN JOAQUIN",UNINCORPORATED,-121.37066650390625,37.696239471435547
92377521,2024,2024-04-29,9265,2024-01-02,"510 ",023185,,2,3,6,3905,0,1,1,,2,503,"INTERSTATE 5 NORTHBOUND","DOWNING AVENUE",850.00,S,N,E,-,Y,SJ,,5," ",R,23.110,H,,R,Y,1,1,0,2,A,-,03,22350,,N,C,C,A,B,H,-,D,D,0,,,Y,Y,Y,,C,02,0,0,0,0,0,0,0,1,0,"- ","- ",37.905250549316406,-121.28659057617188,"SAN JOAQUIN",STOCKTON,-121.28657531738281,37.905254364013672
92384016,2023,2024-05-07,9265,2023-12-11,"410 ",021930,,1,3,9,3900,0,3,5,,2,010,"LONE TREE ROAD","CARROLTON ROAD",725.00,W,N,A,-,N,,,,,,,,,,Y,1,1,0,2,A,-,03,22350,,N,C,C,A,A,H,-,D,D,0,,,,,Y,,A,01,0,0,0,0,0,0,0,0,0,"- ","- ",37.827301025390625,-121.07395172119141,"SAN JOAQUIN",UNINCORPORATED,-121.07389831542969,37.827289581298828
92386684,2024,2024-05-10,9265,2024-04-30,1654,023096,,2,2,9,3900,0,1,3,,1,016,"SR-120 E/B","SEIDNER RD",0.00,,Y,A,-,Y,SJ,,120," "," ",19.685,H,,R,Y,2,0,1,2,A,-,04,21703,,N,C,C,A,A,H,-,A,D,0,,,Y,,Y,,C,02,1,0,0,0,0,0,0,0,1,"- ","- ",37.793869018554688,-120.95082092285156,"SAN JOAQUIN",UNINCORPORATED,-120.95082092285156,37.79388427734375
92390858,2024,2024-05-15,9265,2024-04-23,1219,021519,,2,1,9,3900,0,1,3,,1,092,SR-12,"DEVRIES ROAD",1565.00,W,N,A,-,N,,,,,,,,,,Y,2,0,2,2,A,-,03,22350,,N,H,F,A,A,H,-,A,A,0,,,,,Y,,B,07,2,0,0,0,0,0,0,0,0,"- ","- ",38.115859985351562,-121.35797882080078,"SAN JOAQUIN",UNINCORPORATED,-121.35791778564453,38.115859985351562
92394365,2024,2024-05-20,9266,2024-04-03,1910,021774,,3,2,9,3900,0,1,1,,2,024,"I-5 N/B TO SR-132 W/B",SR-132,373.00,N,N,G,-,Y,,,,,,,,,,Y,1,1,0,1,A,-,08,22107,,N,F,A,A,A,H,-,B,D,0,,,,,Y,,-,"- ",0,0,0,0,0,0,0,0,0,"- ","- ",37.638961791992188,-121.34255981445312,"SAN JOAQUIN",UNINCORPORATED,-121.34290313720703,37.638385772705078
9239545,2021,2021-08-31,3901,2021-07-13,2245,L34,,2,5,2,3901,0,0,0,,0,,"RT 120","BRENNAN RD",0.00,,Y,A,-,Y,SJ,10,120,-,-,15.860,I,5,E,Y,2,0,3,2,A,-,09,21802,A,N,D,C,A,A,H,-,C,A,0,,,,,Y,,A,01,1,1,1,0,0,0,0,0,0,"- ","- ",37.798549652099609,-121.01497650146484,"SAN JOAQUIN",ESCALON,-121.01499176025391,37.798526763916016
92406476,2024,2024-06-05,9265,2024-05-17,1800,023098,,5,2,9,3900,0,3,5,,2,020,"FIG RD","OLEANDER AVE",0.00,,Y,A,-,N,,,,,,,,,,Y,2,0,2,4,A,-,12,22450,A,N,D,C,A,A,H,-,A,A,0,,,,,Y,,A,01,1,1,0,0,0,0,0,0,0,"- ","- ",37.762248992919922,-121.24307250976562,"SAN JOAQUIN",UNINCORPORATED,-121.24305725097656,37.762271881103516
92411897,2024,2024-06-11,9266,2024-05-29,2300,021936,,3,3,9,3900,0,3,5,,2,001,"I-205 W/B FROM ELEVENTH ST","LAMMERS ROAD",4415.00,W,N,A,-,Y,,,,,,,,,,N,2,0,1,1,A,-,08,22107,,N,F,A,A,A,H,-,D,D,0,,,Y,,Y,,C,02,1,0,0,0,0,0,0,0,1,"- ","- ",37.740108489990234,-121.49140167236328,"SAN JOAQUIN",UNINCORPORATED,-121.48898315429688,37.743385314941406
92416479,2024,2024-06-17,9265,2024-05-21,"542 ",023261,,2,3,9,3900,0,1,1,,2,503,"I-5 S/B","DOWNING AVE",635.00,S,N,A,-,Y,SJ,,5," ",R,23.641,H,,L,Y,2,0,3,3,A,-,03,22350,,N,C,C,A,A,H,-,A,D,0,,,,,Y,,A,01,1,2,0,0,0,0,0,0,0,"- ","- ",37.912651062011719,-121.28955841064453,"SAN JOAQUIN",UNINCORPORATED,-121.28958129882812,37.912643432617188
92420968,2024,2024-06-24,9266,2024-05-23,2300,022752,,4,3,9,3900,0,2,4,,2,013,"BYRON ROAD","HANSEN ROAD",2376.00,E,N,A,-,N,,,,,,,,,,N,2,0,2,2,A,-,06,21751,,F,F,A,A,A,H,-,D,D,0,,,,,Y,Y,-,99,1,0,1,0,0,0,0,0,0,"- ","- ",37.767398834228516,-121.50660705566406,"SAN JOAQUIN",UNINCORPORATED,-121.50675201416016,37.767532348632812
92426082,2024,2024-06-28,9265,2024-04-20,2055,022849,,6,2,9,3900,0,3,5,,2,010,"AUSTIN ROAD","LATHROP ROAD",10.00,S,N,A,-,N,,,,,,,,,,Y,2,0,1,3,A,-,01,23152,A,N,E,9,A,A,H,-,D,A,0,,,,,Y,Y,D,22,1,0,0,0,0,0,0,0,0,"- ","- ",37.826511383056641,-121.18573760986328,"SAN JOAQUIN",UNINCORPORATED,-121.1856689453125,37.826549530029297
92428244,2024,2024-07-02,9265,2024-04-21,"150 ",022042,,7,3,5,3902,0,1,3,,2,006,"STATE ROUTE 99 SOUTHBOUND","LODI AVENUE",353.00,S,N,A,-,Y,SJ,,99," "," ",30.466,H,,L,Y,1,2,0,2,A,-,01,23152,A,N,E,8,A,A,H,-,D,D,0,,,,,Y,Y,A,07,0,0,0,0,0,0,0,0,0,"- ","- ",38.130180358886719,-121.25752258300781,"SAN JOAQUIN",LODI,-121.257568359375,38.130180358886719
92437878,2024,2024-07-12,9266,2024-06-30,2015,022773,,7,2,9,3900,0,2,4,,1,012,"TRACY BLVD","LAMMERS ROAD",83.00,S,N,A,-,N,,,,,,,,,,N,2,0,3,2,A,-,05,21460,A,N,A,C,A,A,H,-,A,D,0,,,,,Y,,A,01,1,1,1,0,0,0,0,0,0,"- ","- ",37.790290832519531,-121.44650268554688,"SAN JOAQUIN",UNINCORPORATED,-121.44670104980469,37.790363311767578
92441286,2023,2024-07-17,9265,2023-09-02,1915,023098,,6,2,9,3900,0,1,3,,1,062,"STATE ROUTE 88 / STATE ROUTE 12","VIEW LANE",1901.00,E,N,A,-,Y,SJ,,88," "," ",15.136,H,,R,Y,1,1,6,3,A,-,03,22350,,N,C,C,A,A,H,-,A,D,0,,,,,Y,Y,D,22,0,5,1,0,0,0,0,0,0,"- ","- ",38.170738220214844,-121.13340759277344,"SAN JOAQUIN",UNINCORPORATED,-121.13341522216797,38.170749664306641
92443590,2024,2024-07-19,9265,2024-06-23,1915,023156,,7,2,9,3900,0,3,5,,2,060,"ALPINE RD","LIVE OAK RD",2865.00,S,N,A,-,N,,,,,,,,,,Y,2,0,1,1,A,-,01,23152,A,N,E,I,A,A,H,-,A,D,0,,,,,Y,Y,A,01,1,0,0,0,0,0,0,0,0,"- ","- ",38.0718994140625,-121.21125030517578,"SAN JOAQUIN",UNINCORPORATED,-121.21129608154297,38.072101593017578
92443610,2023,2024-07-19,9265,2023-12-13,1752,020785,,3,2,9,3900,0,1,1,,2,505,"INTERSTATE-5 SOUTHBOUND","STATE ROUTE-12",3529.00,S,N,A,-,Y,SJ,,5," "," ",39.014,H,,L,Y,1,1,1,2,A,-,16,24002,A,N,H,0,A,A,H,-,D,D,0,,,,,Y,Y,E,22,0,1,0,0,0,0,0,0,0,"- ","- ",38.108940124511719,-121.39324188232422,"SAN JOAQUIN",UNINCORPORATED,-121.39322662353516,38.10894775390625
9251453,2021,2021-04-20,3905,2021-03-25,1530,2835,CIV,4,5,6,3905,0,0,0,,0,,"WEBER AV","LINCOLN ST",1500.00,W,N,A,-,N,,,,,,,,,,Y,2,0,1,1,A,-,03,22350,,F,H,A,A,A,H,-,A,A,0,,,Y,,Y,,C,06,1,0,0,0,0,0,0,0,1,"- ","- ",37.952430725097656,-121.29782867431641,"SAN JOAQUIN",STOCKTON,-121.30292510986328,37.951572418212891
9251543,2020,2021-04-23,3905,2020-11-01,1941,2998,LAK,7,5,6,3905,0,0,0,,0,,"PACIFIC AV","YOKUTS AV",50.00,N,N,A,-,N,,,,,,,,,,N,2,0,1,2,A,-,11,21955,,N,G,B,D,A,H,-,C,A,0,Y,,,,Y,,N,60,1,0,0,0,1,0,0,0,0,"- ","- ",37.996898651123047,-121.31434631347656,"SAN JOAQUIN",STOCKTON,-121.31477355957031,37.996772766113281
9256321,2021,2021-07-06,3905,2021-02-20,0138,2429,BEA,6,5,6,3905,0,0,0,,0,,"LOWER SACRAMENTO RD","PONCE DE LEON AV",0.00,,Y,B,-,N,,,,,,,,,,N,1,1,1,1,A,-,01,23152,A,N,E,J,A,A,H,-,C,A,0,,,,,Y,Y,A,01,1,0,0,0,0,0,0,0,0,"- ","- ",38.030311584472656,-121.32293701171875,"SAN JOAQUIN",STOCKTON,-121.32284545898438,38.030101776123047
9256362,2021,2021-07-20,3905,2021-04-14,1901,2835,SEA,3,5,6,3905,0,0,0,,0,,"JACKSON ST","HUNTER ST",0.00,,Y,F,-,N,,,,,,,,,,Y,1,1,1,3,A,-,01,23152,A,N,D,C,A,B,A,-,A,A,0,,,Y,,Y,,C,06,0,1,0,0,0,0,0,1,1,"- ","- ",37.941051483154297,-121.28536224365234,"SAN JOAQUIN",STOCKTON,-121.28524780273438,37.941055297851562
9256365,2021,2021-08-20,3905,2021-05-01,1827,2488,CIV,6,5,6,3905,0,0,0,,0,,"ALPINE AV","ALVARADO AV",505.00,E,N,A,-,N,,,,,,,,,,,1,1,0,2,A,-,11,21954,A,N,G,B,D,A,G,-,A,A,0,Y,,,,Y,,N,60,0,0,0,1,0,0,0,0,0,"- ","- ",37.982749938964844,-121.28896331787109,"SAN JOAQUIN",STOCKTON,-121.28759765625,37.983180999755859
9256629,2021,2021-05-26,3901,2021-03-21,2333,L12,,7,5,2,3901,0,0,0,,0,,"ESCALON AV","PLAZA AV",187.00,E,N,A,-,Y,SJ,10,120,-,R,16.780,H,-,W,N,2,0,2,1,A,-,01,23152,F,N,E,I,A,A,H,-,C,D,0,,,,,Y,,A,01,2,0,0,0,0,0,0,0,0,"- ","- ",37.798240661621094,-120.99709320068359,"SAN JOAQUIN",ESCALON,-120.99772644042969,37.798011779785156
9259260,2021,2021-05-18,3906,2021-05-04,2012,1687,,2,5,5,3906,0,0,0,,0,004,"W GRANT LINE RD","LAMMERS RD",0.00,,Y,A,-,N,,,,,,,,,,Y,2,0,3,2,A,-,09,21801,,N,D,-,A,A,H,-,C,A,0,,,,,Y,,A,01,1,0,2,0,0,0,0,0,0,"- ","- ",,,"SAN JOAQUIN",TRACY,-121.47673797607422,37.754074096679688
92596348,2024,2024-07-24,9265,2024-06-19,1605,015629,,3,2,9,3900,0,1,3,,2,006,"SR-99 S/B","COLLIER ROAD",1056.00,S,N,A,-,Y,SJ,,99," "," ",36.452,H,,L,Y,2,0,1,2,A,-,07,21658,A,N,B,C,A,A,H,-,A,D,0,,,Y,,Y,,A,01,1,0,0,0,0,0,0,0,1,"- ","- ",38.215511322021484,-121.26898956298828,"SAN JOAQUIN",UNINCORPORATED,-121.26896667480469,38.215518951416016
9263977,2021,2021-05-20,3903,2021-04-20,2308,4002,,2,5,4,3903,0,0,0,,0,,"NORTH MAIN ST","JOSEPH RD",141.00,N,N,A,-,N,,,,,,,,,,N,2,0,1,2,D,-,00,,,F,G,B,D,A,H,-,C,D,0,Y,,,,Y,Y,-,"- ",1,0,0,0,1,0,0,0,0,"- ","- ",37.816341400146484,-121.21727752685547,"SAN JOAQUIN",MANTECA,-121.21720886230469,37.816516876220703
9266096,2021,2021-06-03,3905,2021-03-02,2245,2625,PAR,2,5,6,3905,0,0,0,,0,,"BIEGHLE ST","9TH ST",38.00,N,N,A,-,N,,,,,,,,,,,2,0,1,2,A,-,03,22350,,F,B,G,A,A,H,-,C,D,0,,Y,,,Y,,A,01,1,0,0,0,0,0,1,0,0,"- ","- ",37.931808471679688,-121.25908660888672,"SAN JOAQUIN",STOCKTON,-121.25928497314453,37.932159423828125
9266732,2021,2021-06-16,3905,2021-05-13,2141,2915,LAK,4,5,6,3905,0,0,0,,0,,"MARCH LN","FEATHER RIVER DR",285.00,E,N,A,-,N,,,,,,,,,,Y,2,0,2,3,A,-,08,22107,,N,B,C,A,A,H,-,C,D,0,,,,,Y,,A,01,2,0,0,0,0,0,0,0,0,"- ","- ",37.984718322753906,-121.34716033935547,"SAN JOAQUIN",STOCKTON,-121.34656524658203,37.984443664550781
9284637,2021,2021-08-09,3901,2021-06-07,1302,L36,,1,5,2,3901,0,0,0,,0,,"MCHENRY AV","RT 120",60.00,S,N,A,-,N,,,,,,,,,,N,2,0,1,2,A,-,06,21755,,N,H,G,A,A,H,-,A,A,0,,Y,,Y,Y,,L,04,1,0,0,0,0,0,1,0,0,"- ","- ",37.797340393066406,-120.99672698974609,"SAN JOAQUIN",ESCALON,-120.99684143066406,37.797191619873047
92898570,2024,2024-08-14,9266,2024-05-28,"101 ",022029,,2,3,9,3900,0,2,4,,1,016,"ELEVENTH ST","CABE ROAD",95.00,W,N,A,-,Y,,,,,,,,,,N,1,1,0,2,A,-,11,21954,A,N,G,B,D,A,H,-,D,D,0,Y,,,,Y,,N,60,0,0,0,1,0,0,0,0,0,"- ","- ",37.739639282226562,-121.40451812744141,"SAN JOAQUIN",UNINCORPORATED,-121.4041748046875,37.739696502685547
9298656,2021,2021-08-12,3905,2021-06-26,1345,2990,VAL,6,5,6,3905,0,0,0,,0,,"HAMMER LN","LAN ARK DR",0.00,,Y,A,-,N,,,,,,,,,,,2,0,1,2,A,-,05,21650,1,N,A,G,A,A,H,-,A,A,0,,Y,,,Y,,L,04,1,0,0,0,0,0,1,0,0,"- ","- ",38.020511627197266,-121.30982208251953,"SAN JOAQUIN",STOCKTON,-121.30943298339844,38.020851135253906
92997190,2024,2024-07-31,9266,2024-04-28,"16  ",019091,,7,3,9,3900,0,1,1,,2,021,"I-580 E/B","PATTERSON PASS RD",10032.00,E,N,A,-,Y,SJ,,580," "," ",11.626,H,,R,Y,1,1,0,1,A,-,01,23152,A,N,E,8,A,A,H,-,D,D,0,,,Y,,Y,Y,C,02,0,0,0,0,0,0,0,1,0,"- ","- ",37.702709197998047,-121.50773620605469,"SAN JOAQUIN",UNINCORPORATED,-121.50755310058594,37.702899932861328
9302283,2021,2021-08-25,3900,2021-07-07,0909,152777,MANTE,3,5,2,3920,0,0,0,,0,009,"D ARCY PKWY","CHRISTOPHER WY",714.00,W,N,A,-,N,,,,,,,,,,Y,2,0,1,2,A,-,05,21650,,N,C,E,A,A,H,-,A,D,0,,,,Y,Y,,A,01,1,0,0,0,0,0,0,0,0,"- ","- ",37.800189971923828,-121.28356170654297,"SAN JOAQUIN",LATHROP,-121.28355407714844,37.800128936767578
93196296,2023,2024-08-01,9265,2023-12-03,2225,022282,,7,3,9,3900,0,3,5,,2,080,"PRINCETON AVENUE","DELAWARE AVENUE",0.00,,Y,A,-,N,,,,,,,,,,Y,1,1,1,2,A,-,01,23152,A,F,D,2,A,A,H,-,C,A,0,,,,,Y,Y,A,01,0,1,0,0,0,0,0,0,0,"- ","- ",37.973110198974609,-121.33351135253906,"SAN JOAQUIN",UNINCORPORATED,-121.33353424072266,37.973140716552734
9320027,2021,2021-10-28,3905,2021-08-14,0628,3132,LAK,6,5,6,3905,0,0,0,,0,,"BROOKSIDE RD","CAROUSEL CIR",896.00,S,N,A,-,N,,,,,,,,,,N,2,0,1,1,A,-,03,22350,,N,E,G,A,A,H,-,B,D,0,,Y,,,Y,,L,04,1,0,0,0,0,0,1,0,0,"- ","- ",37.977321624755859,-121.35140228271484,"SAN JOAQUIN",STOCKTON,-121.3492431640625,37.97540283203125
9320114,2021,2021-12-07,3905,2021-07-12,1933,2156,CIV,1,5,6,3905,0,0,0,,0,,"EL DORADO ST","VINE ST",6.00,N,N,A,-,N,,,,,,,,,,Y,1,1,0,2,A,-,10,21950,A,N,G,B,B,A,H,-,A,A,0,Y,,,,Y,,A,07,0,0,0,1,0,0,0,0,0,"- ","- ",37.965560913085938,-121.29312896728516,"SAN JOAQUIN",STOCKTON,-121.29329681396484,37.965545654296875
9320126,2021,2023-06-22,3905,2021-08-19,2201,7053,CIV,4,5,6,3905,0,0,0,,0,,"PACIFIC AV","ADAMS ST",0.00,,Y,A,-,N,,,,,,,,,,N,1,1,0,2,A,-,11,21954,A,N,G,B,E,A,H,-,C,A,0,Y,,,,Y,Y,N,60,0,0,0,1,0,0,0,0,0,"- ","- ",37.972438812255859,-121.30077362060547,"SAN JOAQUIN",STOCKTON,-121.30099487304688,37.972366333007812
9320679,2021,2023-06-26,3906,2021-10-05,1930,1629,,2,5,5,3906,0,0,0,,0,005,"W 11TH",CHRISMAN,1652.00,E,N,A,-,N,,,,,,,,,,N,1,1,0,2,A,-,11,21954,A,N,G,B,E,A,H,-,D,D,0,Y,,,,Y,Y,N,60,0,0,0,1,0,0,0,0,0,"- ","- ",,,"SAN JOAQUIN",TRACY,-121.39260101318359,37.739711761474609