CASE_ID,ACCIDENT_YEAR,PROC_DATE,JURIS,COLLISION_DATE,COLLISION_TIME,OFFICER_ID,REPORTING_DISTRICT,DAY_OF_WEEK,CHP_SHIFT,POPULATION,CNTY_CITY_LOC,SPECIAL_COND,BEAT_TYPE,CHP_BEAT_TYPE,CITY_DIVISION_LAPD,CHP_BEAT_CLASS,BEAT_NUMBER,PRIMARY_RD,SECONDARY_RD,DISTANCE,DIRECTION,INTERSECTION,WEATHER_1,WEATHER_2,STATE_HWY_IND,CALTRANS_COUNTY,CALTRANS_DISTRICT,STATE_ROUTE,ROUTE_SUFFIX,POSTMILE_PREFIX,POSTMILE,LOCATION_TYPE,RAMP_INTERSECTION,SIDE_OF_HWY,TOW_AWAY,COLLISION_SEVERITY,NUMBER_KILLED,NUMBER_INJURED,PARTY_COUNT,PRIMARY_COLL_FACTOR,PCF_CODE_OF_VIOL,PCF_VIOL_CATEGORY,PCF_VIOLATION,PCF_VIOL_SUBSECTION,HIT_AND_RUN,TYPE_OF_COLLISION,MVIW,PED_ACTION,ROAD_SURFACE,ROAD_COND_1,ROAD_COND_2,LIGHTING,CONTROL_DEVICE,CHP_ROAD_TYPE,PEDESTRIAN_ACCIDENT,BICYCLE_ACCIDENT,MOTORCYCLE_ACCIDENT,TRUCK_ACCIDENT,NOT_PRIVATE_PROPERTY,ALCOHOL_INVOLVED,STWD_VEHTYPE_AT_FAULT,CHP_VEHTYPE_AT_FAULT,COUNT_SEVERE_INJ,COUNT_VISIBLE_INJ,COUNT_COMPLAINT_PAIN,COUNT_PED_KILLED,COUNT_PED_INJURED,COUNT_BICYCLIST_KILLED,COUNT_BICYCLIST_INJURED,COUNT_MC_KILLED,COUNT_MC_INJURED,PRIMARY_RAMP,SECONDARY_RAMP,LATITUDE,LONGITUDE,COUNTY,CITY,POINT_X,POINT_Y
9320879,2022,2022-08-05,3906,2022-02-17,2146,1266,MSC,4,5,5,3906,0,0,0,,0,001,"11TH ST","CIVIC CENTER DR",528.00,E,N,A,-,N,,,,,,,,,,Y,1,1,0,5,A,-,03,22350,,N,A,J,A,A,H,-,C,D,0,,,,,Y,Y,A,01,0,0,0,0,0,0,0,0,0,"- ","- ",,,"SAN JOAQUIN",TRACY,-121.41744232177734,37.739719390869141
9341145,2021,2021-10-18,3905,2021-07-27,0114,3093,PAR,2,5,6,3905,0,0,0,,0,,"WILSON WY","ANDERSON ST",17.00,N,N,A,-,N,,,,,,,,,,Y,2,0,1,2,A,-,03,22350,,F,C,C,A,A,H,-,C,A,0,,,,,Y,,A,07,1,0,0,0,0,0,0,0,0,"- ","- ",37.945789337158203,-121.2689208984375,"SAN JOAQUIN",STOCKTON,-121.26884460449219,37.945945739746094
9346950,2021,2021-10-18,3902,2021-06-13,1517,LB74,,7,5,5,3902,0,0,0,,0,,"W HARNEY LN","WINCHESTER DR",355.00,W,N,A,-,N,,,,,,,,,,Y,2,0,1,2,A,-,09,21804,A,N,D,C,A,A,H,-,A,D,0,,,,,Y,,A,01,1,0,0,0,0,0,0,0,0,"- ","- ",,,"SAN JOAQUIN",LODI,-121.28224945068359,38.101036071777344
9352467,2021,2021-11-23,3906,2021-10-25,1844,1596,2,1,5,5,3906,0,0,0,,0,005,"PARKSIDE DR","N CORRAL HOLLOW RD",5.00,E,N,A,-,N,,,,,,,,,,N,2,0,1,2,A,-,08,22107,,N,B,C,A,A,H,-,C,D,0,,,Y,,Y,,A,01,1,0,0,0,0,0,0,0,1,"- ","- ",,,"SAN JOAQUIN",TRACY,-121.45297241210938,37.721549987792969
9359212,2021,2021-12-02,3902,2021-10-04,1327,MH42,,1,5,5,3902,0,0,0,,0,,"SOUTH HAM LN","W VINE ST",0.00,,Y,A,-,N,,,,,,,,,,Y,2,0,3,2,A,-,12,21453,A,N,D,C,A,A,H,-,A,A,0,,,,,Y,,A,01,1,2,0,0,0,0,0,0,0,"- ","- ",,,"SAN JOAQUIN",LODI,-121.28822326660156,38.122768402099609
9368058,2021,2021-12-13,3903,2021-10-30,1552,4002,,6,5,4,3903,0,0,0,,0,,"S MCKINLEY AV","DANIELS ST",1161.00,S,N,B,-,N,,,,,,,,,,Y,2,0,1,2,A,-,06,21750,,N,B,C,A,A,H,-,A,D,0,,,Y,,Y,,C,02,1,0,0,0,0,0,0,0,1,"- ","- ",37.784759521484375,-121.27050018310547,"SAN JOAQUIN",MANTECA,-121.27053833007812,37.785530090332031
9370213,2021,2021-12-27,3902,2021-10-13,1940,PB75,,3,5,5,3902,0,0,0,,0,,"N STOCKTON ST","E LOCUST ST",0.00,,Y,A,-,N,,,,,,,,,,N,2,0,1,2,A,-,10,21950,A,N,G,B,B,A,H,-,C,D,0,Y,,,,Y,,A,01,1,0,0,0,1,0,0,0,0,SO,"- ",,,"SAN JOAQUIN",LODI,-121.26921844482422,38.136436462402344
93767934,2024,2024-08-07,9265,2024-06-30,"255 ",023174,,7,3,9,3900,0,3,5,,2,060,"JACK TONE ROAD","HARNEY LN",30.00,N,N,A,-,N,,,,,,,,,,Y,2,0,1,1,A,-,01,23152,A,N,E,I,A,A,H,-,D,A,0,,,,,Y,Y,D,22,1,0,0,0,0,0,0,0,0,"- ","- ",38.102031707763672,-121.15093994140625,"SAN JOAQUIN",UNINCORPORATED,-121.15083312988281,38.101921081542969
9384239,2021,2021-12-28,3901,2021-11-02,1419,141,,2,5,2,3901,0,0,0,,0,,"ESCALON AV","LILLIAN AV",0.00,,Y,A,-,N,,,,,,,,,,N,2,0,1,1,A,-,03,22350,,N,H,A,A,A,H,-,A,D,0,,,Y,,Y,,C,02,1,0,0,0,0,0,0,0,1,"- ","- ",37.799110412597656,-120.99669647216797,"SAN JOAQUIN",ESCALON,-120.99668884277344,37.799125671386719
9390008,2021,2022-01-21,3903,2021-11-05,0731,2160,,5,5,4,3903,0,0,0,,0,,"WEST YOSEMITE AV","N VEACH AV",110.00,W,N,A,-,N,,,,,,,,,,Y,2,0,1,2,A,-,"- ",,,N,E,E,A,B,H,-,A,D,0,,,,,Y,,A,01,1,0,0,0,0,0,0,0,0,"- ","- ",37.797451019287109,-121.22617340087891,"SAN JOAQUIN",MANTECA,-121.22544860839844,37.797428131103516
94036790,2024,2024-08-12,9265,2024-04-01,"950 ",021364,,1,1,9,3900,0,1,1,,2,502,"INTERSTATE 5 SOUTHBOUND","ROTH RD",3010.00,N,N,A,-,Y,SJ,,5," ",R,20.178,H,,L,Y,1,1,0,4,A,-,08,22107,,F,C,E,A,A,H,-,A,D,0,,,,Y,Y,,A,01,0,0,0,0,0,0,0,0,0,"- ","- ",37.863761901855469,-121.28008270263672,"SAN JOAQUIN",UNINCORPORATED,-121.27997589111328,37.863742828369141
9420684,2022,2022-04-29,3902,2022-01-06,0625,75,HERIT,4,5,5,3902,0,0,0,,0,002,"WINEMASTER WY","TURNER RD",0.00,,Y,E,-,N,,,,,,,,,,Y,2,0,1,1,A,-,03,22350,,N,E,I,A,B,H,-,C,D,0,,,,,Y,Y,A,01,1,0,0,0,0,0,0,0,0,"- ","- ",38.14508056640625,-121.24800872802734,"SAN JOAQUIN",LODI,-121.24808502197266,38.145004272460938
9421109,2022,2022-05-02,3902,2022-01-13,0959,58,CENTR,4,5,5,3902,0,0,0,,0,005,"TOKAY ST","SACRAMENTO ST",0.00,,Y,A,-,N,,,,,,,,,,N,2,0,1,2,A,-,05,21650,1,N,H,G,A,A,H,-,A,A,0,,Y,,,Y,,L,04,1,0,0,0,0,0,1,0,0,"- ","- ",38.126361846923828,-121.27291107177734,"SAN JOAQUIN",LODI,-121.27291107177734,38.126457214355469
94360911,2024,2024-08-19,9265,2024-08-02,2048,022307,,5,2,9,3900,0,3,5,,2,070,"SWAIN RD","BELMONT PL",105.00,E,N,A,-,N,,,,,,,,,,N,2,0,1,3,A,-,11,21956,A,N,G,B,E,A,H,-,C,D,0,Y,,,,Y,,N,60,1,0,0,0,1,0,0,0,0,"- ","- ",38.000190734863281,-121.34161376953125,"SAN JOAQUIN",UNINCORPORATED,-121.3416748046875,38.000190734863281
94387206,2024,2024-09-09,9266,2024-08-18,1835,022773,,7,2,9,3900,0,2,4,,1,016,"ELEVENTH STREET","BANTA ROAD",0.00,,Y,A,-,N,,,,,,,,,,Y,2,0,2,4,A,-,01,23152,A,N,D,2,A,A,H,-,A,A,0,,,,,Y,Y,A,01,2,0,0,0,0,0,0,0,0,"- ","- ",37.739669799804688,-121.37998962402344,"SAN JOAQUIN",UNINCORPORATED,-121.37999725341797,37.739719390869141
94390791,2024,2024-09-11,9265,2024-08-17,1800,023746,,6,2,9,3900,0,1,1,,2,505,"I-5 S/B FROM SR-12 E/B",SR-12,1109.00,S,N,A,-,Y,SJ,,5," "," ",39.357,H,,L,N,2,0,2,1,A,-,08,22107,,N,F,A,A,A,H,-,A,D,0,,,Y,,Y,Y,C,02,1,1,0,0,0,0,0,0,2,"- ","- ",38.113059997558594,-121.39675903320312,"SAN JOAQUIN",UNINCORPORATED,-121.39663696289062,38.113109588623047
94393062,2024,2024-09-13,9265,2024-08-31,"149 ",022798,,6,3,6,3905,0,1,3,,2,004,"SR-99 S/B","WILSON WAY",720.00,N,N,A,-,Y,SJ,,99," "," ",21.816,H,,L,Y,2,0,1,2,A,-,01,23152,A,N,C,C,A,A,H,-,C,D,0,,,Y,,Y,Y,C,02,1,0,0,0,0,0,0,0,1,"- ","- ",38.005031585693359,-121.25801849365234,"SAN JOAQUIN",STOCKTON,-121.25799560546875,38.005031585693359
94397698,2024,2024-09-17,9265,2024-01-14,2122,020071,,7,2,4,3903,0,1,3,,2,001,"STATE ROUTE 99 SOUTHBOUND","YOSEMITE AVE",1452.00,N,N,B,-,Y,SJ,,99," "," ",6.956,H,,L,Y,1,1,1,2,A,-,03,22350,,N,C,C,A,A,C,-,D,D,0,,,,,Y,Y,A,01,0,1,0,0,0,0,0,0,0,"- ","- ",37.801570892333984,-121.19268798828125,"SAN JOAQUIN",MANTECA,-121.1927490234375,37.801548004150391
94399978,2023,2024-09-19,9265,2023-09-15,"120 ",015629,,5,3,9,3900,0,1,3,,1,063,"STATE ROUTE 12 (SR-12)","LOCUST TREE ROAD",653.00,W,N,B,-,Y,SJ,,12," "," ",21.247,H,,R,Y,1,2,2,2,A,-,01,23152,A,N,C,C,A,A,H,-,D,D,0,,,,,Y,Y,A,07,1,1,0,0,0,0,0,0,0,"- ","- ",38.137989044189453,-121.19949340820312,"SAN JOAQUIN",UNINCORPORATED,-121.19949340820312,38.13800048828125
94403650,2024,2024-09-23,9265,2024-05-23,2010,022072,,4,2,9,3900,0,1,3,,2,004,"STATE ROUTE 99 SOUTHBOUND","WILSON WAY ONRAMP OVERCROSSING",287.00,S,N,A,-,Y,SJ,,99," "," ",21.654,H,,L,Y,1,1,0,1,A,-,01,23152,A,N,E,I,A,A,H,-,B,D,0,,,,,Y,Y,A,01,0,0,0,0,0,0,0,0,0,"- ","- ",38.002880096435547,-121.25736999511719,"SAN JOAQUIN",UNINCORPORATED,-121.25739288330078,38.002872467041016
94416594,2024,2024-10-02,9265,2024-09-22,"123 ",022706,,7,3,9,3900,0,1,3,,2,004,"SR-99 NB","KETTLEMAN LN",1737.00,N,N,A,-,Y,SJ,,99," "," ",29.842,H,,R,Y,2,0,1,1,A,-,01,23152,A,N,E,I,A,A,H,-,C,D,0,,,,,Y,Y,A,01,1,0,0,0,0,0,0,0,0,"- ","- ",38.121181488037109,-121.25711822509766,"SAN JOAQUIN",UNINCORPORATED,-121.25720977783203,38.121177673339844
94424546,2024,2024-10-09,9265,2024-09-28,1629,020785,,6,2,9,3900,0,1,3,,1,063,SR-12,"CORD RD",3510.00,E,N,A,-,Y,SJ,,12," "," ",26.577,H,,R,N,2,0,1,1,A,-,01,23152,A,N,E,J,A,A,H,-,A,D,0,,,Y,,Y,Y,C,02,1,0,0,0,0,0,0,0,1,"- ","- ",38.202720642089844,-121.00657653808594,"SAN JOAQUIN",UNINCORPORATED,-121.00657653808594,38.202751159667969
94436652,2024,2024-10-18,9265,2024-10-08,"632 ",020785,,2,1,9,3900,0,3,5,,2,060,"BRUELLA RD.","COLLIER RD.",0.00,,Y,A,-,N,,,,,,,,,,Y,2,0,1,4,A,-,09,21802,A,N,D,C,A,A,H,-,D,A,0,,,,,Y,,D,22,1,0,0,0,0,0,0,0,0,"- ","- ",38.218631744384766,-121.20823669433594,"SAN JOAQUIN",UNINCORPORATED,-121.208251953125,38.218643188476562
94445270,2024,2024-10-25,9265,2024-10-17,1910,023098,,4,2,9,3900,0,2,4,,1,091,"EIGHT MILE RD","WEST LN",845.00,W,N,A,-,N,,,,,,,,,,Y,2,0,1,2,A,-,08,22107,,N,F,C,A,A,H,-,D,D,0,,,Y,,Y,,C,02,1,0,0,0,0,0,0,0,1,"- ","- ",38.057510375976562,-121.2989501953125,"SAN JOAQUIN",UNINCORPORATED,-121.29927062988281,38.057537078857422
94445333,2024,2024-10-25,9265,2024-10-18,"430 ",023098,,5,3,2,3920,0,1,1,,2,502,"I-5 N/B","LOUISE AVE",529.00,S,N,A,-,Y,SJ,,5," ",R,16.380,H,,R,Y,2,0,1,2,A,-,03,22350,,N,C,C,A,A,H,-,D,D,0,,,,Y,Y,,A,08,1,0,0,0,0,0,0,0,0,"- ","- ",37.810348510742188,-121.29593658447266,"SAN JOAQUIN",LATHROP,-121.29596710205078,37.810356140136719
94456817,2024,2024-11-04,9266,2024-09-21,2025,020279,,6,2,9,3900,0,1,3,,1,025,"SR-33 S/B","S. KOSTER RD",4224.00,S,N,A,-,Y,SJ,,33," "," ",2.438,H,,L,N,2,0,1,2,A,-,08,22107,,F,G,B,E,A,H,-,D,D,0,Y,,,,Y,,-,99,1,0,0,0,1,0,0,0,0,"- ","- ",37.655590057373047,-121.31478118896484,"SAN JOAQUIN",UNINCORPORATED,-121.31468963623047,37.655654907226562
94457482,2024,2024-11-04,9265,2024-09-30,1945,023223,,1,2,9,3900,0,3,5,,2,050,"WILSON WAY","BELVEDERE AVE",180.00,W,N,A,-,N,,,,,,,,,,N,2,0,1,2,A,-,11,21950,B,N,G,B,D,A,H,-,E,D,0,Y,,,,Y,,N,60,1,0,0,0,1,0,0,0,0,"- ","- ",37.986221313476562,-121.26972198486328,"SAN JOAQUIN",UNINCORPORATED,-121.26962280273438,37.986305236816406
94459299,2024,2024-11-05,9265,2024-10-15,1610,023983,,2,2,9,3900,0,1,3,,1,041,SR-4,"W BACON ISLAND RD",1584.00,W,N,A,-,Y,SJ,,4," "," ",7.934,H,,R,Y,2,0,3,3,A,-,05,21460,A,N,B,C,A,A,A,-,A,D,0,,,,,Y,,A,08,2,0,1,0,0,0,0,0,0,"- ","- ",37.919460296630859,-121.43971252441406,"SAN JOAQUIN",UNINCORPORATED,-121.43967437744141,37.919429779052734
94472765,2024,2024-11-18,9265,2024-10-05,1215,021781,,6,1,9,3900,0,1,3,,2,006,"LIBERTY RD","SR-99 S/B TO LIBERTY RD",0.00,,Y,A,-,Y,,,,,,,,,,Y,2,0,1,3,A,-,09,21802,A,N,D,C,A,A,H,-,A,D,0,,,,Y,Y,,F,26,1,0,0,0,0,0,0,0,0,"- ","- ",38.233528137207031,-121.28159332275391,"SAN JOAQUIN",UNINCORPORATED,-121.28170776367188,38.233528137207031
94477166,2024,2024-11-20,9265,2024-11-09,2000,023195,,6,2,9,3900,0,2,4,,1,093,"THORNTON RD","DEVRIES RD",134.00,S,N,A,-,N,,,,,,,,,,N,2,0,1,1,A,-,01,23152,A,N,E,I,A,A,H,-,D,D,0,,,,,Y,Y,-,"- ",1,0,0,0,0,0,0,0,0,"- ","- ",38.074520111083984,-121.35249328613281,"SAN JOAQUIN",UNINCORPORATED,-121.35256958007812,38.074501037597656
94479682,2024,2024-11-22,9265,2024-11-10,"50  ",023195,,7,3,9,3900,0,1,1,,2,505,"I-5 N/B","I-5 FRONTAGE RD",3008.00,S,N,A,-,Y,SJ,,5," "," ",37.499,H,,R,N,2,0,1,1,A,-,08,22107,,N,E,I,A,A,H,-,D,D,0,,,,,Y,,D,22,1,0,0,0,0,0,0,0,0,"- ","- ",38.088630676269531,-121.38252258300781,"SAN JOAQUIN",UNINCORPORATED,-121.38246154785156,38.088649749755859
94483263,2024,2024-11-25,9266,2024-06-05,1835,021936,,3,2,9,3900,0,1,1,,1,015,"I-205 E/B","EL RANCHO ROAD",976.00,W,N,A,-,Y,SJ,,205," ",R,10.312,H,,R,Y,1,1,1,2,A,-,07,21658,A,N,B,C,A,A,H,-,A,D,0,,,,,Y,,A,01,0,0,1,0,0,0,0,0,0,"- ","- ",37.764778137207031,-121.37519836425781,"SAN JOAQUIN",UNINCORPORATED,-121.37519836425781,37.764774322509766
94488677,2024,2024-12-02,9265,2024-05-14,"452 ",023612,,2,3,4,3903,0,1,3,,2,025,"STATE ROUTE 120 WESTBOUND","MAIN ST OVERCROSSING",9.00,E,N,A,-,Y,SJ,,120," ",R,5.282,H,,L,N,1,1,0,3,A,-,00,21960,A,N,G,B,E,A,H,-,D,D,0,Y,,,,Y,,N,60,0,0,0,1,0,0,0,0,0,"- ","- ",37.78350830078125,-121.21640014648438,"SAN JOAQUIN",MANTECA,-121.21640014648438,37.783561706542969
94493227,2024,2024-12-05,9265,2024-11-16,1750,023185,,6,2,4,3903,0,1,3,,2,001,"SR-99 N/B TO YOSEMITE/120 E/B","YOSEMITE AVE",175.00,N,N,A,-,Y,SJ,,99," "," ",6.623,H,,R,N,2,0,1,2,A,-,01,23152,A,N,C,C,A,A,H,-,B,D,0,,,Y,,Y,Y,A,01,1,0,0,0,0,0,0,0,1,"- ","- ",37.796871185302734,-121.19065093994141,"SAN JOAQUIN",MANTECA,-121.19098663330078,37.79681396484375
94497502,2024,2024-12-13,9266,2024-11-25,1649,022752,,1,2,9,3900,0,2,4,,1,012,"TRACY BOULEVARD","FINK ROAD",27.00,N,N,B,-,N,,,,,,,,,,N,2,0,5,2,A,-,01,23152,F,N,A,C,A,B,H,-,B,D,0,,,,,Y,,D,22,1,1,3,0,0,0,0,0,0,"- ","- ",37.805431365966797,-121.44963073730469,"SAN JOAQUIN",UNINCORPORATED,-121.44963073730469,37.805362701416016
94499228,2024,2024-12-13,9266,2024-11-28,"640 ",018888,,4,1,9,3900,0,1,1,,2,021,"I-580 W/B FROM CHIRSMAN ROAD","CHRISMAN ROAD",20.00,W,N,A,-,Y,,,,,,,,,,N,2,0,1,1,A,-,03,22350,,N,F,A,A,A,B,-,B,A,0,,,Y,,Y,,C,02,1,0,0,0,0,0,0,0,1,"- ","- ",37.639091491699219,-121.39772796630859,"SAN JOAQUIN",UNINCORPORATED,-121.39767456054688,37.636264801025391
94499598,2024,2024-12-13,9265,2024-12-01,"330 ",022072,,7,3,9,3900,0,3,5,,2,060,"KETTLEMAN LN","CURRY AVE",790.00,W,N,E,-,N,,,,,,,,,,Y,2,0,1,1,A,-,01,23152,A,N,E,8,A,B,H,-,C,D,0,,,,,Y,Y,A,01,1,0,0,0,0,0,0,0,0,"- ","- ",38.115840911865234,-121.24153137207031,"SAN JOAQUIN",UNINCORPORATED,-121.24107360839844,38.115814208984375
94505358,2024,2024-12-16,9265,2024-12-13,"810 ",015629,,5,1,9,3900,0,3,5,,2,060,"WALL ROAD","WALNUT DRIVE",500.00,N,N,C,-,N,,,,,,,,,,Y,2,0,1,1,A,-,08,22107,,N,E,I,A,B,H,-,A,D,0,,,,,Y,,A,01,1,0,0,0,0,0,0,0,0,"- ","- ",38.03533935546875,-121.07302093505859,"SAN JOAQUIN",UNINCORPORATED,-121.07298278808594,38.035751342773438
94509052,2024,2024-12-18,9265,2024-10-24,2035,022706,,4,2,6,3905,0,1,1,,2,504,"I-5 N/B","EIGHT MILE RD",1297.00,S,N,A,-,Y,SJ,,5," "," ",35.053,H,,R,Y,2,0,1,4,A,-,07,21658,A,N,C,C,E,A,D,-,C,D,0,Y,,,,Y,,A,07,1,0,0,0,1,0,0,0,0,"- ","- ",38.054290771484375,-121.37129974365234,"SAN JOAQUIN",STOCKTON,-121.37134552001953,38.054279327392578
94520177,2024,2024-12-30,9265,2024-12-18,"342 ",023174,,3,3,9,3900,0,2,4,,1,093,"TURNER RD","THORNTON RD",0.00,,Y,E,-,N,,,,,,,,,,N,2,0,2,2,A,-,03,22350,,N,A,C,A,B,H,-,D,A,0,,,,,Y,,A,01,1,1,0,0,0,0,0,0,0,"- ","- ",38.145988464355469,-121.39792633056641,"SAN JOAQUIN",UNINCORPORATED,-121.39803314208984,38.146015167236328
94521785,2024,2024-12-31,9265,2024-12-19,1507,020313,,4,2,9,3900,0,3,5,,2,020,"AIRPORT WAY","DIVISION AVENUE",4665.00,S,N,A,-,N,,,,,,,,,,N,2,0,2,2,A,-,05,21460,A,N,A,C,A,A,H,-,A,D,0,,,,,Y,,A,01,2,0,0,0,0,0,0,0,0,"- ","- ",37.678371429443359,-121.2611083984375,"SAN JOAQUIN",UNINCORPORATED,-121.25926971435547,37.678840637207031
94521935,2024,2024-12-31,9265,2024-12-19,2150,022042,,4,2,9,3900,0,1,3,,2,004,"SR-99 S/B","WILSON WAY",10.00,S,N,A,-,Y,SJ,,99," "," ",21.667,H,,L,Y,2,0,1,2,A,-,01,23152,A,N,C,C,A,A,H,-,C,D,0,,,,Y,Y,Y,A,01,1,0,0,0,0,0,0,0,0,"- ","- ",38.003040313720703,-121.25755310058594,"SAN JOAQUIN",UNINCORPORATED,-121.25750732421875,38.003055572509766
94524919,2024,2025-01-03,9265,2024-12-20,1737,023202,,5,2,9,3900,0,1,3,,2,003,"SR-99 N/B","GOLDEN GATE AVE",5.00,N,N,B,-,Y,SJ,,99," "," ",17.467,H,,R,Y,2,0,1,2,A,-,01,23152,A,N,C,2,A,A,H,-,B,D,0,,,,,Y,Y,D,22,1,0,0,0,0,0,0,0,0,"- ","- ",37.944141387939453,-121.23526763916016,"SAN JOAQUIN",UNINCORPORATED,-121.23522186279297,37.944149017333984
94525544,2024,2025-01-03,9265,2024-12-22,1222,021364,,7,1,9,3900,0,3,5,,2,020,"AIRPORT WAY","FIG ROAD",487.00,N,N,B,-,N,,,,,,,,,,Y,2,0,1,1,A,-,08,22107,,N,E,8,A,A,H,-,A,D,0,,,,,Y,,A,01,1,0,0,0,0,0,0,0,0,"- ","- ",37.763641357421875,-121.25213623046875,"SAN JOAQUIN",UNINCORPORATED,-121.25209045410156,37.763668060302734
94531168,2024,2025-01-09,9265,2024-12-23,1707,023277,,1,2,9,3900,0,3,5,,2,020,"EL DORADO ST","FRENCH CAMP RD",116.00,N,N,A,-,N,,,,,,,,,,Y,2,0,2,2,A,-,01,23152,A,M,D,C,A,A,H,-,C,A,0,,,,,Y,Y,A,01,1,0,1,0,0,0,0,0,0,"- ","- ",37.890090942382812,-121.27642059326172,"SAN JOAQUIN",UNINCORPORATED,-121.27638244628906,37.890407562255859
94533193,2024,2025-01-10,9265,2024-12-26,2053,023202,,4,2,9,3900,0,1,3,,1,066,SR-26,"PODESTA LN",1420.00,E,N,C,-,Y,SJ,,26," "," ",14.392,H,,R,Y,2,0,5,5,C,-,18,,,N,D,2,E,B,C,-,D,D,0,Y,,,,Y,,-,"- ",3,2,0,0,3,0,0,0,0,"- ","- ",38.044849395751953,-121.02472686767578,"SAN JOAQUIN",UNINCORPORATED,-121.02477264404297,38.044868469238281
94544517,2024,2025-05-20,9265,2024-06-28,1300,021781,,5,1,9,3900,0,3,5,,2,060,"KETTLEMAN LANE","VINTAGE RD",230.00,E,N,A,-,N,,,,,,,,,,N,1,1,2,1,A,-,08,22107,,N,E,8,A,A,H,-,A,D,0,,,,,Y,,A,07,1,1,0,0,0,0,0,0,0,"- ","- ",38.115871429443359,-121.23001861572266,"SAN JOAQUIN",UNINCORPORATED,-121.22824096679688,38.115867614746094
94546416,2025,2025-01-22,9265,2025-01-13,"0   ",023156,,1,3,9,3900,0,1,3,,2,004,"SR-99 S/B","HAMMER LN",1826.00,N,N,A,-,Y,SJ,,99," "," ",23.280,H,,L,Y,2,0,1,1,A,-,01,23152,A,N,E,I,A,A,H,-,D,D,0,,,,,Y,Y,A,01,1,0,0,0,0,0,0,0,0,"- ","- ",38.026378631591797,-121.25849151611328,"SAN JOAQUIN",UNINCORPORATED,-121.25836944580078,38.026382446289062
94546417,2025,2025-01-22,9265,2025-01-13,1850,021830,,1,2,9,3900,0,2,4,,1,051,"MAIN ST","ALPINE RD",908.00,W,N,A,-,N,,,,,,,,,,N,2,0,1,2,A,-,01,23152,A,N,D,C,A,A,H,-,D,D,0,,,Y,,Y,Y,C,02,1,0,0,0,0,0,0,0,1,"- ","- ",37.964958190917969,-121.19197082519531,"SAN JOAQUIN",UNINCORPORATED,-121.19180297851562,37.965000152587891
94554805,2025,2025-01-29,9265,2025-01-16,1540,016382,,4,2,9,3900,0,3,5,,2,070,"EIGHT MILE ROAD","KING ISLAND",1310.00,W,N,A,-,N,,,,,,,,,,Y,2,0,1,1,A,-,01,23152,G,N,F,A,A,A,H,-,A,D,0,,,,,Y,Y,A,07,1,0,0,0,0,0,0,0,0,"- ","- ",38.058498382568359,-121.42366027832031,"SAN JOAQUIN",UNINCORPORATED,,
94561918,2024,2025-02-03,9265,2024-08-08,1207,021781,,4,1,9,3900,0,1,3,,1,092,"STATE ROUTE 12","EAST GUARD ROAD",5280.00,W,N,A,-,Y,SJ,,12," "," ",7.690,H,,R,Y,1,1,1,2,A,-,08,22107,,N,A,C,A,A,H,-,A,D,0,,,,Y,Y,,D,22,0,0,1,0,0,0,0,0,0,"- ","- ",38.115398406982422,-121.44333648681641,"SAN JOAQUIN",UNINCORPORATED,-121.44333648681641,38.115402221679688
94564523,2024,2025-02-04,9265,2024-07-30,"335 ",023156,,2,3,9,3900,0,1,3,,2,004,"STATE ROUTE 99 NORTHBOUND","HAMMER LN",1000.00,S,N,A,-,Y,SJ,,99," "," ",22.730,H,,R,N,1,1,1,2,A,-,11,21954,A,N,G,B,D,A,H,-,D,D,0,Y,,,,Y,Y,N,60,0,0,1,1,0,0,0,0,0,"- ","- ",38.018409729003906,-121.25807189941406,"SAN JOAQUIN",UNINCORPORATED,-121.25804138183594,38.018409729003906
94570167,2025,2025-02-07,9265,2025-02-01,1240,023223,,6,1,9,3900,0,3,5,,2,040,"MCDONALD RD","HOLT RD",1600.00,E,N,C,-,N,,,,,,,,,,Y,2,0,1,1,A,-,08,22107,,N,E,I,A,B,H,-,A,D,0,,,,,Y,,D,22,1,0,0,0,0,0,0,0,0,"- ","- ",37.955730438232422,-121.41625213623047,"SAN JOAQUIN",UNINCORPORATED,-121.41658020019531,37.955692291259766
94574161,2024,2025-02-11,9265,2024-09-07,"520 ",022307,,6,3,9,3900,0,3,5,,2,090,"THORNTON ROAD","PELTIER ROAD",2656.00,S,N,A,-,N,,,,,,,,,,N,1,1,0,1,A,-,01,23152,G,N,E,8,A,A,H,-,D,D,0,,,,,Y,Y,A,01,0,0,0,0,0,0,0,0,0,"- ","- ",38.182689666748047,-121.39962768554688,"SAN JOAQUIN",UNINCORPORATED,-121.39968872070312,38.18267822265625