CASE_ID,ACCIDENT_YEAR,PROC_DATE,JURIS,COLLISION_DATE,COLLISION_TIME,OFFICER_ID,REPORTING_DISTRICT,DAY_OF_WEEK,CHP_SHIFT,POPULATION,CNTY_CITY_LOC,SPECIAL_COND,BEAT_TYPE,CHP_BEAT_TYPE,CITY_DIVISION_LAPD,CHP_BEAT_CLASS,BEAT_NUMBER,PRIMARY_RD,SECONDARY_RD,DISTANCE,DIRECTION,INTERSECTION,WEATHER_1,WEATHER_2,STATE_HWY_IND,CALTRANS_COUNTY,CALTRANS_DISTRICT,STATE_ROUTE,ROUTE_SUFFIX,POSTMILE_PREFIX,POSTMILE,LOCATION_TYPE,RAMP_INTERSECTION,SIDE_OF_HWY,TOW_AWAY,COLLISION_SEVERITY,NUMBER_KILLED,NUMBER_INJURED,PARTY_COUNT,PRIMARY_COLL_FACTOR,PCF_CODE_OF_VIOL,PCF_VIOL_CATEGORY,PCF_VIOLATION,PCF_VIOL_SUBSECTION,HIT_AND_RUN,TYPE_OF_COLLISION,MVIW,PED_ACTION,ROAD_SURFACE,ROAD_COND_1,ROAD_COND_2,LIGHTING,CONTROL_DEVICE,CHP_ROAD_TYPE,PEDESTRIAN_ACCIDENT,BICYCLE_ACCIDENT,MOTORCYCLE_ACCIDENT,TRUCK_ACCIDENT,NOT_PRIVATE_PROPERTY,ALCOHOL_INVOLVED,STWD_VEHTYPE_AT_FAULT,CHP_VEHTYPE_AT_FAULT,COUNT_SEVERE_INJ,COUNT_VISIBLE_INJ,COUNT_COMPLAINT_PAIN,COUNT_PED_KILLED,COUNT_PED_INJURED,COUNT_BICYCLIST_KILLED,COUNT_BICYCLIST_INJURED,COUNT_MC_KILLED,COUNT_MC_INJURED,PRIMARY_RAMP,SECONDARY_RAMP,LATITUDE,LONGITUDE,COUNTY,CITY,POINT_X,POINT_Y
94583864,2024,2025-02-19,9265,2024-12-19,1240,016639,,4,1,9,3900,0,1,1,,2,505,"INTERSTATE 5 SOUTHBOUND","PELTIER ROAD",2640.00,N,N,B,-,Y,SJ,,5," "," ",45.673,H,,L,Y,1,2,2,1,A,-,08,22107,,N,E,I,A,A,H,-,A,D,0,,,,Y,Y,,F,26,1,1,0,0,0,0,0,0,0,"- ","- ",38.201408386230469,-121.41365814208984,"SAN JOAQUIN",UNINCORPORATED,-121.41356658935547,38.201450347900391
94591446,2024,2025-02-27,9265,2024-09-29,"105 ",022366,,7,3,9,3900,0,3,5,,2,020,"AIRPORT WAY","DIVISION ROAD",2957.00,S,N,A,-,N,,,,,,,,,,Y,1,1,1,1,A,-,08,22107,,N,E,8,A,A,H,-,D,D,0,,,,,Y,,A,08,0,0,1,0,0,0,0,0,0,"- ","- ",37.681228637695312,-121.25405883789062,"SAN JOAQUIN",UNINCORPORATED,-121.25421142578125,37.681140899658203
94597437,2024,2025-03-05,9265,2024-12-13,2500,022042,,5,4,9,3900,0,3,5,,2,060,"BECKMAN ROAD","KETTLEMAN LANE",1500.00,S,N,B,-,N,,,,,,,,,,N,2,0,1,2,A,-,08,22107,,F,G,B,E,A,H,-,D,D,0,Y,,,,Y,,-,99,1,0,0,0,1,0,0,0,0,"- ","- ",38.112018585205078,-121.25633239746094,"SAN JOAQUIN",UNINCORPORATED,-121.25628662109375,38.112129211425781
94599094,2025,2025-03-14,9265,2025-02-24,1638,021519,,1,2,9,3900,0,1,3,,2,004,"SR-99 S/B FROM EAST HAMMER LANE","EAST HAMMMER LANE",12.00,S,N,A,-,Y,,,,,,,,,,Y,2,0,1,2,A,-,09,21453,B,N,D,C,A,A,H,-,A,D,0,,,,,Y,,A,01,1,0,0,0,0,0,0,0,0,"- ","- ",38.020999908447266,-121.2598876953125,"SAN JOAQUIN",UNINCORPORATED,-121.25824737548828,38.019680023193359
94604461,2025,2025-03-18,9266,2025-01-08,"30  ",021822,,3,3,9,3900,0,1,3,,1,011,SR-4,"TRACY BOULEVARD",3435.00,W,N,A,-,Y,SJ,,4," "," ",5.358,H,,R,Y,1,1,1,2,A,-,01,23152,A,N,A,C,A,A,H,-,D,D,0,,,,,Y,Y,D,22,1,0,0,0,0,0,0,0,0,"- ","- ",37.897441864013672,-121.47714233398438,"SAN JOAQUIN",UNINCORPORATED,-121.47716522216797,37.897476196289062
94625960,2024,2025-03-25,9265,2024-08-10,"430 ",023202,,6,3,9,3900,0,2,4,,1,014,"MARIPOSA RD","CARPENTER RD",3802.00,E,N,A,-,N,,,,,,,,,,Y,1,1,0,2,D,-,00,,,F,A,G,A,A,H,-,D,D,0,,Y,,,Y,,-,"- ",0,0,0,0,0,1,0,0,0,"- ","- ",37.923469543457031,-121.20481109619141,"SAN JOAQUIN",UNINCORPORATED,-121.2049560546875,37.923469543457031
94626084,2024,2025-03-25,9265,2024-11-03,1910,023277,,7,2,9,3900,0,1,3,,1,092,"STATE ROUTE 12","WESTGATE DRIVE",1417.00,W,N,A,-,N,,,,,,,,,,Y,1,1,0,2,A,-,11,21956,A,N,G,B,E,A,H,-,D,D,0,Y,,,,Y,,N,60,0,0,0,1,0,0,0,0,0,"- ","- ",38.115520477294922,-121.31613922119141,"SAN JOAQUIN",UNINCORPORATED,-121.31588745117188,38.115501403808594
94632769,2024,2025-04-01,9265,2024-06-24,1700,023612,,1,2,9,3900,0,3,5,,2,040,"WEST LOWER JONES ROAD","HOLT ROAD",32736.00,W,N,A,-,N,,,,,,,,,,Y,1,2,1,5,A,-,03,22350,,N,G,1,E,A,G,-,A,D,0,Y,,,,Y,,A,01,0,1,0,1,1,0,0,0,0,"- ","- ",37.9710693359375,-121.50968170166016,"SAN JOAQUIN",UNINCORPORATED,,
94635885,2024,2025-04-03,9266,2024-10-13,2500,022792,,7,4,9,3900,0,2,4,,2,013,"BYRON ROAD","VON SOSTEN ROAD",240.00,N,N,A,-,N,,,,,,,,,,N,1,1,0,2,A,-,08,22107,,F,G,B,E,A,H,-,D,D,0,Y,,,,Y,,-,99,0,0,0,1,0,0,0,0,0,"- ","- ",37.75115966796875,-121.48027801513672,"SAN JOAQUIN",UNINCORPORATED,-121.48017883300781,37.751049041748047
94636602,2025,2025-04-03,9265,2025-03-18,"717 ",017439,,2,1,9,3900,1,2,4,,1,023,"W. RIPON RD.  EB","KINCAID RD.",898.00,E,N,A,-,N,,,,,,,,,,N,2,0,4,2,A,-,03,22350,,N,C,C,A,A,H,-,A,A,0,,,,,Y,,D,22,1,3,0,0,0,0,0,0,0,"- ","- ",37.739410400390625,-121.18923950195312,"SAN JOAQUIN",UNINCORPORATED,-121.18932342529297,37.739429473876953
94639880,2025,2025-04-07,9265,2025-02-23,2138,021830,,7,2,9,3900,0,3,5,,2,010,"ESCALON BELLOTA RD","GAWNE RD",250.00,S,N,A,-,N,,,,,,,,,,N,2,0,1,1,A,-,08,22107,,N,E,I,A,A,H,-,D,D,0,,,,,Y,,D,22,1,0,0,0,0,0,0,0,0,"- ","- ",37.893081665039062,-120.99999237060547,"SAN JOAQUIN",UNINCORPORATED,-120.99996185302734,37.892963409423828
94641266,2025,2025-04-08,9265,2025-03-03,1911,022849,,1,2,9,3900,0,1,1,,2,502,"I-5 N/B","ROTH ROAD",450.00,S,N,A,-,Y,SJ,,5," ",R,19.464,H,,R,Y,2,0,1,1,A,-,01,23152,A,N,E,8,A,A,H,-,D,D,0,,,,,Y,Y,D,22,1,0,0,0,0,0,0,0,0,"- ","- ",37.853660583496094,-121.28233337402344,"SAN JOAQUIN",UNINCORPORATED,-121.28237152099609,37.853668212890625
94641354,2025,2025-04-08,9265,2025-03-24,"118 ",022282,,1,3,9,3900,0,1,1,,2,502,"I-5 N/B","MATHEWS ROAD",1822.00,N,N,A,-,Y,SJ,,5," ",R,21.815,H,,R,Y,2,0,1,1,A,-,01,23152,A,N,E,I,A,A,H,-,C,D,0,,,,,Y,Y,A,01,1,0,0,0,0,0,0,0,0,"- ","- ",37.887279510498047,-121.27998352050781,"SAN JOAQUIN",UNINCORPORATED,-121.28008270263672,37.887256622314453
94641431,2025,2025-04-08,9265,2025-03-02,"18  ",022849,,7,3,9,3900,0,1,3,,1,062,"HARNEY LANE","HIBBARD ROAD",405.00,W,N,A,-,N,,,,,,,,,,N,2,0,2,2,A,-,03,22350,,F,C,C,A,B,H,-,D,D,0,,,,,Y,Y,A,01,2,0,0,0,0,0,0,0,0,"- ","- ",38.101779937744141,-121.16757965087891,"SAN JOAQUIN",UNINCORPORATED,-121.16814422607422,38.101768493652344
94642085,2025,2025-04-08,9265,2025-03-05,2300,024209,,3,3,9,3900,0,2,4,,1,051,"MAIN STREET","SINCLAIR AVE",110.00,W,N,A,-,N,,,,,,,,,,N,2,0,2,3,A,-,03,22350,,F,G,B,D,A,H,-,C,D,0,Y,,,,Y,,-,99,1,0,1,0,2,0,0,0,0,"- ","- ",37.954570770263672,-121.23174285888672,"SAN JOAQUIN",UNINCORPORATED,-121.23169708251953,37.954608917236328
94647979,2025,2025-04-14,9265,2025-04-02,"720 ",024252,,3,1,9,3900,0,3,5,,2,020,"AIRPORT WAY","SAN JOAQUIN RIVER",900.00,E,N,A,-,N,,,,,,,,,,N,2,0,1,1,A,-,08,22107,,N,F,I,A,A,H,-,A,D,0,,,,,Y,,A,07,1,0,0,0,0,0,0,0,0,"- ","- ",37.6781005859375,-121.26171112060547,"SAN JOAQUIN",UNINCORPORATED,,
94648027,2024,2025-04-14,9265,2024-06-13,2345,022706,,4,3,9,3900,0,1,3,,2,006,"STATE ROUTE 99 SOUTHBOUND","JAHANT ROAD",1901.00,N,N,A,-,Y,SJ,,99," "," ",35.959,H,,L,N,1,1,0,2,A,-,11,21954,A,F,G,B,E,A,H,-,D,D,0,Y,,,,Y,Y,N,60,0,0,0,1,0,0,0,0,0,"- ","- ",38.209121704101562,-121.26486968994141,"SAN JOAQUIN",UNINCORPORATED,-121.264892578125,38.209114074707031
94650121,2024,2025-04-15,9265,2024-12-01,1722,023736,,7,2,9,3900,0,2,4,,1,014,"MARIPOSA ROAD","SKIFF ROAD",539.00,E,N,A,-,N,,,,,,,,,,Y,1,1,2,3,A,-,08,22107,,N,A,2,A,A,H,-,D,D,0,,,,,Y,,A,07,1,1,0,0,0,0,0,0,0,"- ","- ",37.869960784912109,-121.06942749023438,"SAN JOAQUIN",UNINCORPORATED,-121.06977844238281,37.870105743408203
94654869,2025,2025-04-18,9265,2025-04-10,1245,024228,,4,1,9,3900,0,1,3,,1,062,SR-88,"JACK TONE ROAD",100.00,W,N,A,-,Y,SJ,,88," "," ",13.577,H,,R,N,2,0,1,1,A,-,08,22107,,N,E,8,A,A,H,-,A,D,0,,,,,Y,,J,48,1,0,0,0,0,0,0,0,0,"- ","- ",38.157009124755859,-121.15460205078125,"SAN JOAQUIN",UNINCORPORATED,-121.15446472167969,38.156970977783203
94662985,2025,2025-04-24,9265,2025-03-22,1610,016382,,6,2,9,3900,0,1,3,,1,011,"SR-120 E/B","FRENCH CAMP RD",130.00,E,N,A,-,Y,SJ,,120," "," ",11.624,H,,R,N,2,0,1,2,A,-,08,22107,,N,F,A,A,A,H,-,A,A,0,,,Y,,Y,,C,02,1,0,0,0,0,0,0,0,1,"- ","- ",37.798069000244141,-121.09223175048828,"SAN JOAQUIN",UNINCORPORATED,-121.09223175048828,37.798084259033203
9466969,2022,2023-02-02,3902,2022-12-07,1204,26,SUNSE,3,5,5,3902,0,0,0,,0,004,"HUTCHINS ST","HARNEY LN",0.00,,Y,A,-,N,,,,,,,,,,N,2,0,1,2,A,-,12,21453,A,N,D,C,A,A,H,-,A,A,0,,,,,Y,,A,01,1,0,0,0,0,0,0,0,0,"- ","- ",38.101058959960938,-121.27876281738281,"SAN JOAQUIN",LODI,-121.27886199951172,38.100959777832031
94672379,2024,2025-05-01,9266,2024-08-19,2225,021936,,1,3,9,3900,0,1,1,,1,015,"I-205 W/B","EL RANCHO ROAD",1742.00,E,N,A,-,Y,SJ,,205," ",R,10.826,H,,L,Y,1,1,2,2,A,-,08,22107,,N,C,C,A,A,D,-,D,A,0,,,,Y,Y,,A,01,1,0,1,0,0,0,0,0,0,"- ","- ",37.765110015869141,-121.36582183837891,"SAN JOAQUIN",UNINCORPORATED,-121.36582183837891,37.765079498291016
94683549,2025,2025-05-12,9265,2025-04-19,1555,024209,,6,2,9,3900,0,1,1,,2,503,"WEST MCDONALD ROAD","DAVINI ROAD",50.00,S,N,A,-,N,,,,,,,,,,Y,2,0,1,1,A,-,01,23152,A,N,E,I,A,A,H,-,A,D,0,,,,,Y,Y,A,01,1,0,0,0,0,0,0,0,0,"- ","- ",37.955440521240234,-121.43952178955078,"SAN JOAQUIN",UNINCORPORATED,-121.43995666503906,37.955661773681641
94691966,2025,2025-05-19,9266,2025-04-21,"755 ",020657,,1,1,9,3900,0,1,1,,1,015,"I-205 E/B","PARADISE ROAD",1786.00,E,N,A,-,Y,SJ,,205," ",R,9.950,H,,L,N,2,0,1,1,A,-,07,21658,A,N,F,C,A,A,H,-,A,D,0,,,,,Y,,A,01,1,0,0,0,0,0,0,0,0,"- ","- ",37.765140533447266,-121.38175964355469,"SAN JOAQUIN",UNINCORPORATED,-121.38175964355469,37.765060424804688
94692405,2025,2025-05-19,9265,2025-05-01,1825,024252,,4,2,6,3905,0,1,1,,2,504,"I-5 N/B","EIGHT MILE ROAD",3168.00,S,N,A,-,Y,SJ,,5," "," ",34.744,H,,R,Y,2,0,4,4,A,-,03,22350,,N,C,C,A,A,D,-,A,D,0,,,,,Y,,A,01,1,3,0,0,0,0,0,0,0,"- ","- ",38.049938201904297,-121.36994934082031,"SAN JOAQUIN",STOCKTON,-121.3699951171875,38.049930572509766
94695174,2025,2025-05-21,9265,2025-05-02,1615,024209,,5,2,9,3900,0,1,1,,2,505,"I-5 S/B","8 MILE ROAD",8131.00,N,N,A,-,Y,SJ,,5," "," ",36.854,H,,L,Y,2,0,7,1,A,-,08,22107,,N,E,I,A,A,H,-,A,D,0,,,,,Y,,A,08,1,6,0,0,0,0,0,0,0,"- ","- ",38.079639434814453,-121.37964630126953,"SAN JOAQUIN",UNINCORPORATED,-121.379638671875,38.079643249511719
94699113,2025,2025-05-23,9265,2025-05-09,"710 ",024417,,5,1,6,3905,0,1,3,,1,042,"SR-4 E/B","FILBERT ST",495.00,W,N,A,-,Y,SJ,,4," ",R,18.390,H,,R,Y,2,0,1,6,A,-,07,21658,A,N,B,C,A,A,H,-,A,D,0,,,,Y,Y,Y,A,01,1,0,0,0,0,0,0,0,0,"- ","- ",37.957901000976562,-121.26032257080078,"SAN JOAQUIN",STOCKTON,-121.26033782958984,37.957939147949219
94711246,2024,2025-06-03,9265,2024-10-28,2005,023736,,1,2,9,3900,0,3,5,,2,090,"SR-99 WEST FRONTAGE ROAD","MORSE ROAD",350.00,N,N,A,-,N,,,,,,,,,,N,1,1,0,2,A,-,08,22107,,F,G,B,E,A,H,-,D,D,0,Y,,,,Y,Y,A,07,0,0,0,1,0,0,0,0,0,"- ","- ",38.069480895996094,-121.26010894775391,"SAN JOAQUIN",UNINCORPORATED,,
94713306,2025,2025-06-04,9265,2025-05-11,"55  ",023277,,7,3,9,3900,0,2,4,,1,072,"PERSHING AVENUE","BENJAMIN HOLT DR",755.00,S,N,A,-,N,,,,,,,,,,Y,2,0,1,1,A,-,01,23152,A,N,E,I,A,A,H,-,D,D,0,,,,,Y,Y,A,01,1,0,0,0,0,0,0,0,0,"- ","- ",38.006599426269531,-121.32887268066406,"SAN JOAQUIN",UNINCORPORATED,-121.32868957519531,38.006557464599609
94715314,2025,2025-06-06,9265,2025-05-30,1040,024206,,5,1,9,3900,0,3,5,,2,060,"HILLSIDE DR","BRANDT RD",527.00,S,N,A,-,N,,,,,,,,,,N,2,0,1,1,A,-,08,22107,,N,F,A,A,A,H,-,A,D,0,,Y,,,Y,,L,04,1,0,0,0,0,0,1,0,0,"- ","- ",38.145778656005859,-121.13958740234375,"SAN JOAQUIN",UNINCORPORATED,-121.13959503173828,38.145782470703125
9471966,2023,2023-11-08,3903,2023-08-04,1701,5820,,5,5,4,3903,0,0,0,,0,,"MOFFAT BL","WOODWARD AV",0.00,,Y,A,-,N,,,,,,,,,,Y,2,0,4,3,A,-,09,21800,A,N,D,C,A,A,H,-,A,D,0,,,,,Y,,A,01,1,2,1,0,0,0,0,0,0,"- ","- ",37.77593994140625,-121.18357086181641,"SAN JOAQUIN",MANTECA,-121.18328857421875,37.77587890625
94724148,2025,2025-06-12,9265,2025-05-30,"348 ",024417,,5,3,9,3900,0,1,1,,2,503,"SR-4 E/B","TRACY BLVD",3500.00,E,N,A,-,N,,,,,,,,,,Y,2,0,1,1,A,-,08,22107,,N,F,J,A,A,H,-,D,D,0,,,,,Y,,A,01,1,0,0,0,0,0,0,0,0,"- ","- ",37.907730102539062,-121.45674896240234,"SAN JOAQUIN",UNINCORPORATED,-121.45688629150391,37.907741546630859
94730606,2025,2025-06-18,9265,2025-06-13,1650,024228,,5,2,9,3900,0,2,4,,1,014,"MARIPOSA RD","JACK TONE ROAD",2112.00,E,N,A,-,N,,,,,,,,,,N,2,0,1,1,A,-,03,22350,,N,E,I,A,A,H,-,A,D,0,,,Y,,Y,,C,02,1,0,0,0,0,0,0,0,1,"- ","- ",37.902530670166016,-121.13973236083984,"SAN JOAQUIN",UNINCORPORATED,-121.14053344726562,37.902816772460938
94730927,2025,2025-06-18,9265,2025-03-16,1539,020785,,7,2,9,3900,0,1,3,,1,063,"STATE ROUTE 88","CLEMENTS ROAD",867.00,E,N,A,-,Y,SJ,,88," "," ",18.699,H,,R,Y,1,3,3,2,A,-,01,23152,A,N,A,C,A,A,H,-,A,D,0,,,,,Y,Y,A,01,2,0,1,0,0,0,0,0,0,"- ","- ",38.194599151611328,-121.07565307617188,"SAN JOAQUIN",UNINCORPORATED,-121.07563781738281,38.194583892822266
94735809,2025,2025-06-23,9265,2025-05-07,1624,019905,,3,2,9,3900,0,3,5,,2,010,"LONE TREE RD","BRENNAN RD",0.00,,Y,A,-,N,,,,,,,,,,Y,2,0,4,2,A,-,09,21802,A,N,D,C,A,A,H,-,A,A,0,,,,,Y,,A,01,1,3,0,0,0,0,0,0,0,"- ","- ",37.827640533447266,-121.01605224609375,"SAN JOAQUIN",UNINCORPORATED,-121.01594543457031,37.827621459960938
94738966,2025,2025-06-25,9265,2025-05-25,1900,023301,,7,2,9,3900,0,3,5,,2,090,"ACAMPO RD","SYCAMORE RD",0.00,,Y,A,-,N,,,,,,,,,,N,2,0,1,2,A,-,12,22450,A,F,G,B,B,A,H,-,A,A,0,Y,,,,Y,Y,-,99,1,0,0,0,1,0,0,0,0,"- ","- ",38.174640655517578,-121.28093719482422,"SAN JOAQUIN",UNINCORPORATED,-121.28101348876953,38.174697875976562
94739274,2025,2025-06-25,9265,2025-06-08,"220 ",023195,,7,3,9,3900,0,1,1,,2,503,"I-5 S/B","ALPINE AVE",1900.00,N,N,A,-,Y,SJ,,5," "," ",29.354,H,,L,N,2,0,2,2,A,-,03,22350,,F,C,C,A,A,H,-,C,D,0,,,,,Y,,A,01,1,1,0,0,0,0,0,0,0,"- ","- ",37.975551605224609,-121.34008026123047,"SAN JOAQUIN",UNINCORPORATED,-121.34004974365234,37.975555419921875
94740666,2025,2025-06-26,9265,2025-06-16,1300,024490,,1,1,9,3900,0,3,5,,2,070,"WEST EIGHT MILE ROAD","RIO BLANCO ROAD",5808.00,W,N,A,-,N,,,,,,,,,,Y,2,0,2,1,A,-,08,22107,,N,F,A,A,A,H,-,A,D,0,,,,,Y,,A,01,1,1,0,0,0,0,0,0,0,"- ","- ",38.058650970458984,-121.43795776367188,"SAN JOAQUIN",UNINCORPORATED,-121.43788909912109,38.058826446533203
94742686,2025,2025-06-27,9266,2025-06-14,1100,022792,,6,1,9,3900,0,1,1,,2,014,"I-205 W/B","HANSEN ROAD",2112.00,E,N,A,-,Y,SJ,,205," "," ",2.751,H,,L,Y,2,0,1,2,A,-,08,22107,,N,C,E,A,A,H,-,A,D,0,,,,Y,Y,,A,01,1,0,0,0,0,0,0,0,0,"- ","- ",37.741111755371094,-121.50656890869141,"SAN JOAQUIN",UNINCORPORATED,-121.50657653808594,37.741020202636719
94749463,2025,2025-07-07,9265,2025-06-11,"515 ",023301,,3,3,9,3900,0,3,5,,2,040,SR-4,"PORT OF STOCKTON EXPY",100.00,E,N,A,-,Y,SJ,,4," "," ",12.650,H,,R,Y,2,0,1,2,A,-,03,22350,,N,C,C,A,A,H,-,B,D,0,,,,Y,Y,,A,07,1,0,0,0,0,0,0,0,0,"- ","- ",37.926948547363281,-121.35752105712891,"SAN JOAQUIN",UNINCORPORATED,-121.35752105712891,37.926906585693359
94761679,2024,2025-07-15,9265,2024-12-23,"240 ",023174,,1,3,9,3900,0,3,5,,2,050,"MAIN STREET","WALKER LANE",0.00,,Y,B,C,N,,,,,,,,,,N,1,1,0,2,A,-,03,22350,,F,G,B,E,B,H,-,C,D,0,Y,,,,Y,,-,99,0,0,0,1,0,0,0,0,0,"- ","- ",37.957569122314453,-121.22312927246094,"SAN JOAQUIN",UNINCORPORATED,-121.22309875488281,37.957572937011719
94766071,2025,2025-07-17,9265,2025-06-10,2306,024252,,2,3,9,3900,0,3,5,,2,050,"CARROLL AVE","HORNER AVE",0.00,,Y,A,-,N,,,,,,,,,,N,2,0,1,2,A,-,12,22450,A,F,B,G,A,A,H,-,C,D,0,,Y,,,Y,,-,"- ",1,0,0,0,0,0,1,0,0,"- ","- ",37.958999633789062,-121.23103332519531,"SAN JOAQUIN",UNINCORPORATED,-121.23100280761719,37.958995819091797
94792048,2025,2025-08-06,9266,2025-05-02,1600,020279,,5,2,5,3906,0,1,1,,2,021,"I-580 E/B","CORRAL HOLLOW RD",12672.00,W,N,A,-,Y,SJ,,580," "," ",10.594,H,,L,Y,1,2,2,4,A,-,03,22350,,N,C,C,A,A,H,-,A,D,0,,,,,Y,,D,22,1,0,1,0,0,0,0,0,0,"- ","- ",37.693599700927734,-121.49285125732422,"SAN JOAQUIN",TRACY,-121.49284362792969,37.693607330322266
94814487,2025,2025-08-22,9265,2025-03-30,"36  ",023301,,7,3,4,3903,0,1,3,,2,001,"STATE ROUTE 99 NORTHBOUND","AUSTIN ROAD",912.00,N,N,A,-,Y,SJ,,99," "," ",5.072,H,,R,Y,1,1,0,2,A,-,03,22350,,F,C,2,A,A,D,-,C,D,0,,,,,Y,,D,22,0,0,0,0,0,0,0,0,0,"- ","- ",37.776531219482422,-121.18163299560547,"SAN JOAQUIN",MANTECA,-121.18159484863281,37.776561737060547
94816937,2024,2025-08-25,9265,2024-12-25,"18  ",022282,,3,3,6,3905,0,1,1,,2,503,"INTERSTATE 5 NORTHBOUND FROM FRENCH CAMP ROAD WEST","FRENCH CAMP ROAD",1000.00,N,N,B,-,Y,SJ,,5," ",R,22.754,H,,R,N,1,1,0,2,A,-,11,21954,A,N,G,B,E,B,H,-,C,D,0,Y,,,,Y,,N,60,0,0,0,1,0,0,0,0,0,"- ","- ",37.900341033935547,-121.28471374511719,"SAN JOAQUIN",STOCKTON,-121.2847900390625,37.900325775146484
94834641,2025,2025-09-08,9265,2025-01-05,"205 ",022849,,7,3,9,3900,0,1,1,,2,505,"INTERSTATE 5 SOUTHBOUND","WOODBRIDGE ROAD",1400.00,S,N,B,-,Y,SJ,,5," "," ",42.406,H,,L,Y,1,1,1,2,A,-,01,23152,A,N,C,C,A,A,H,-,D,D,0,,,,,Y,Y,A,01,0,0,1,0,0,0,0,0,0,"- ","- ",38.156669616699219,-121.39968109130859,"SAN JOAQUIN",UNINCORPORATED,-121.39967346191406,38.156669616699219
9484359,2022,2022-08-12,3903,2022-04-08,1600,2056,,5,5,4,3903,0,0,0,,0,,"S SHERMAN AV","EAST YOSEMITE AV",255.00,S,N,A,-,N,,,,,,,,,,N,2,0,1,2,D,-,00,,,N,B,G,A,A,H,-,A,D,0,,Y,,,Y,,-,"- ",1,0,0,0,0,0,1,0,0,"- ","- ",37.797370910644531,-121.21186828613281,"SAN JOAQUIN",MANTECA,-121.21275329589844,37.796710968017578
9485978,2022,2022-09-12,3906,2022-08-29,0509,1707,,1,5,5,3906,0,0,0,,0,005,"PARADISE RD","CHRISMAN RD",1536.00,E,N,A,-,N,,,,,,,,,,Y,2,0,1,1,A,-,08,22107,,N,A,I,A,A,H,-,C,D,0,,,,,Y,,A,01,1,0,0,0,0,0,0,0,0,"- ","- ",,,"SAN JOAQUIN",TRACY,-121.39333343505859,37.751609802246094
9486130,2022,2022-11-14,3903,2022-07-16,2108,5508,,6,5,4,3903,0,0,0,,0,,"WEST YOSEMITE AV","NORTH MAIN ST",0.00,,Y,A,-,N,,,,,,,,,,N,2,0,1,2,A,-,12,21453,A,N,G,G,A,A,H,-,B,A,0,,Y,,,Y,,A,01,1,0,0,0,0,0,1,0,0,"- ","- ",37.797389984130859,-121.21646881103516,"SAN JOAQUIN",MANTECA,-121.21650695800781,37.797409057617188
9486136,2022,2022-10-06,3903,2022-07-31,1519,2823,,7,5,4,3903,0,0,0,,0,,"SOUTH UNION RD","RT 120",0.00,,Y,A,-,Y,SJ,10,120,-,R,4.087,R,4,E,,2,0,1,1,A,-,03,22350,A,N,B,-,A,A,H,-,A,A,0,,,Y,,Y,,C,02,1,0,0,0,0,0,0,0,1,"- ","- ",37.781570434570312,-121.2342529296875,"SAN JOAQUIN",MANTECA,-121.23820495605469,37.783115386962891
9496092,2022,2023-02-10,3906,2022-08-02,1803,1758,,2,5,5,3906,0,0,0,,0,003,"11TH ST","SUMMER LN",277.00,E,N,A,-,N,,,,,,,,,,Y,1,1,0,1,A,-,08,22107,,N,E,I,A,A,H,-,A,A,0,,,,,Y,,A,01,0,0,0,0,0,0,0,0,0,"- ","- ",,,"SAN JOAQUIN",TRACY,-121.46005249023438,37.739398956298828
9511340,2022,2022-12-12,3902,2022-06-28,2242,43,HERIT,2,5,5,3902,0,0,0,,0,002,"CHEROKEE LN","LOCKEFORD ST",0.00,,Y,A,-,N,,,,,,,,,,N,2,0,1,2,A,-,11,21954,A,N,G,B,D,A,H,-,C,A,0,Y,,,,Y,,N,60,1,0,0,0,1,0,0,0,0,"- ","- ",38.138339996337891,-121.26088714599609,"SAN JOAQUIN",LODI,-121.26097869873047,38.138381958007812
9520478,2021,2023-02-21,3903,2021-12-30,2013,3540,,4,5,4,3903,0,0,0,,0,,"WEST YOSEMITE AV","TREVINO AV",0.00,,Y,A,-,N,,,,,,,,,,N,1,1,0,2,A,-,11,21954,A,F,G,B,D,-,H,-,D,D,0,Y,,,,Y,Y,N,60,0,0,0,1,0,0,0,0,0,"- ","- ",37.797359466552734,-121.20442962646484,"SAN JOAQUIN",MANTECA,-121.24050140380859,37.79736328125
9521381,2022,2022-11-17,3903,2022-09-03,1214,3558,,6,5,4,3903,0,0,0,,0,,"SOUTH MAIN ST","W LUPTON ST W",0.00,,Y,A,-,N,,,,,,,,,,N,2,0,1,2,-,-,"- ",,B,N,H,G,A,A,H,-,A,D,0,,Y,,,Y,,L,04,1,0,0,0,0,0,1,0,0,"- ","- ",37.792350769042969,-121.21617126464844,"SAN JOAQUIN",MANTECA,-121.21626281738281,37.792339324951172