CASE_ID,ACCIDENT_YEAR,PROC_DATE,JURIS,COLLISION_DATE,COLLISION_TIME,OFFICER_ID,REPORTING_DISTRICT,DAY_OF_WEEK,CHP_SHIFT,POPULATION,CNTY_CITY_LOC,SPECIAL_COND,BEAT_TYPE,CHP_BEAT_TYPE,CITY_DIVISION_LAPD,CHP_BEAT_CLASS,BEAT_NUMBER,PRIMARY_RD,SECONDARY_RD,DISTANCE,DIRECTION,INTERSECTION,WEATHER_1,WEATHER_2,STATE_HWY_IND,CALTRANS_COUNTY,CALTRANS_DISTRICT,STATE_ROUTE,ROUTE_SUFFIX,POSTMILE_PREFIX,POSTMILE,LOCATION_TYPE,RAMP_INTERSECTION,SIDE_OF_HWY,TOW_AWAY,COLLISION_SEVERITY,NUMBER_KILLED,NUMBER_INJURED,PARTY_COUNT,PRIMARY_COLL_FACTOR,PCF_CODE_OF_VIOL,PCF_VIOL_CATEGORY,PCF_VIOLATION,PCF_VIOL_SUBSECTION,HIT_AND_RUN,TYPE_OF_COLLISION,MVIW,PED_ACTION,ROAD_SURFACE,ROAD_COND_1,ROAD_COND_2,LIGHTING,CONTROL_DEVICE,CHP_ROAD_TYPE,PEDESTRIAN_ACCIDENT,BICYCLE_ACCIDENT,MOTORCYCLE_ACCIDENT,TRUCK_ACCIDENT,NOT_PRIVATE_PROPERTY,ALCOHOL_INVOLVED,STWD_VEHTYPE_AT_FAULT,CHP_VEHTYPE_AT_FAULT,COUNT_SEVERE_INJ,COUNT_VISIBLE_INJ,COUNT_COMPLAINT_PAIN,COUNT_PED_KILLED,COUNT_PED_INJURED,COUNT_BICYCLIST_KILLED,COUNT_BICYCLIST_INJURED,COUNT_MC_KILLED,COUNT_MC_INJURED,PRIMARY_RAMP,SECONDARY_RAMP,LATITUDE,LONGITUDE,COUNTY,CITY,POINT_X,POINT_Y
9533470,2022,2023-01-26,3904,2022-11-10,0742,P064,1,4,5,3,3904,0,0,0,,0,00A,"E FRONTAGE RD","PROSPECT AV",25.00,W,N,A,-,N,,,,,,,,,,N,2,0,1,2,A,-,03,22350,,N,G,B,B,A,H,-,A,D,0,Y,,,,Y,,A,01,1,0,0,0,1,0,0,0,0,"- ","- ",37.744449615478516,-121.12790679931641,"SAN JOAQUIN",RIPON,-121.12771606445312,37.743618011474609
9536071,2022,2022-12-20,3903,2022-10-22,1919,3992,,6,5,4,3903,0,0,0,,0,,"NORTHGATE DR","TIDEWATER PH",0.00,,Y,A,-,N,,,,,,,,,,N,2,0,1,2,D,-,00,,,N,G,B,B,A,H,-,C,A,0,Y,,,,Y,Y,-,"- ",1,0,0,0,1,0,0,0,0,"- ","- ",37.81903076171875,-121.22590637207031,"SAN JOAQUIN",MANTECA,,
9559145,2023,2023-03-14,3902,2023-01-28,1054,114,HERIT,6,5,5,3902,0,0,0,,0,002,"CHEROKEE LN","ELM ST",12.00,N,N,A,-,N,,,,,,,,,,N,2,0,1,2,A,-,10,21950,A,N,G,B,B,A,H,-,A,D,0,Y,,,,Y,,A,01,1,0,0,0,1,0,0,0,0,"- ","- ",38.134960174560547,-121.26071166992188,"SAN JOAQUIN",LODI,-121.26083374023438,38.135234832763672
9569035,2023,2023-06-13,3902,2023-04-08,2325,65,SUNSE,6,5,5,3902,0,0,0,,0,003,"KETTLEMAN LN","HAM LN",15.00,W,N,A,-,Y,SJ,10,12,-,-,16.440,I,5,E,N,2,0,1,2,A,-,11,21456,A,F,G,B,B,A,H,-,C,A,0,Y,,,,Y,,N,60,1,0,0,0,1,0,0,0,0,"- ","- ",38.115509033203125,-121.28814697265625,"SAN JOAQUIN",LODI,-121.28817749023438,38.115398406982422
9594489,2023,2023-06-27,3906,2023-06-06,2251,1824,,2,5,5,3906,0,0,0,,0,003,"WEST 11TH ST","N CORRAL HOLLOW RD",0.00,,Y,A,-,N,,,,,,,,,,Y,2,0,1,2,A,-,12,21453,,N,-,C,A,A,H,-,C,A,0,,,,,Y,,A,01,1,0,0,0,0,0,0,0,0,"- ","- ",37.739238739013672,-121.45323181152344,"SAN JOAQUIN",TRACY,-121.45321655273438,37.739410400390625
9596059,2023,2023-07-25,3903,2023-04-20,1721,3929,,4,5,4,3903,0,0,0,,0,,"UNION RD","YOSEMITE AV",470.00,S,N,A,-,N,,,,,,,,,,N,2,0,1,2,A,-,09,21801,A,N,H,G,A,A,H,-,A,D,0,,Y,,,Y,,L,04,1,0,0,0,0,0,1,0,0,"- ","- ",37.797378540039062,-121.23489379882812,"SAN JOAQUIN",MANTECA,-121.23484039306641,37.796119689941406
9603381,2023,2023-08-10,3901,2023-06-28,1459,L44,,3,5,2,3901,0,0,0,,0,,"ESCALON AV","LILLIAN AV",0.00,,Y,A,-,N,,,,,,,,,,Y,2,0,1,1,A,-,08,22107,,N,E,I,A,A,H,-,A,D,0,,,,,Y,,A,01,1,0,0,0,0,0,0,0,0,"- ","- ",37.798618316650391,-120.99665069580078,"SAN JOAQUIN",ESCALON,-120.99668884277344,37.799125671386719
9617367,2023,2023-10-31,3902,2023-08-23,1435,42,S4,3,5,5,3902,0,0,0,,0,004,"AUTO CENTER DR","PIXLEY PK",0.00,,Y,A,-,N,,,,,,,,,,Y,2,0,1,2,A,-,09,21801,A,N,D,C,A,A,H,-,A,D,0,,,Y,,Y,,D,22,1,0,0,0,0,0,0,0,1,"- ","- ",38.119388580322266,-121.25241851806641,"SAN JOAQUIN",LODI,-121.25232696533203,38.119705200195312
9624069,2023,2023-10-17,3906,2023-07-07,2108,1629,,5,5,5,3906,0,0,0,,0,005,"1820 N. MACARTHUR DR","STONEBRIDGE DR",2440.00,N,N,A,-,N,,,,,,,,,,Y,1,2,0,8,A,-,01,23152,G,N,E,I,A,A,H,-,C,D,0,,,,,Y,Y,A,07,0,0,0,0,0,0,0,0,0,"- ","- ",37.748668670654297,-121.40959930419922,"SAN JOAQUIN",TRACY,-121.40975952148438,37.748600006103516
9624099,2023,2025-06-26,3904,2023-08-01,"309 ",P105,1,2,5,3,3904,0,0,0,,0,00A,"FRONTAGE RD","WASHINGTON ST",140.00,S,N,A,-,N,,,,,,,,,,Y,1,1,1,2,A,-,01,23152,A,N,A,E,A,A,H,-,C,D,0,,,,,Y,Y,A,07,1,0,0,0,0,0,0,0,0,"- ","- ",37.742660522460938,-121.12550354003906,"SAN JOAQUIN",RIPON,-121.12593841552734,37.742626190185547
9624786,2023,2023-09-19,3903,2023-07-27,"625 ",3768,,4,5,4,3903,0,0,0,,0,,"YOSEMITE AV","FISHBACK RD",50.00,W,N,A,-,N,,,,,,,,,,N,2,0,1,2,D,-,00,,,F,G,B,F,A,H,-,D,D,0,Y,,,,Y,Y,-,"- ",1,0,0,0,1,0,0,0,0,"- ","- ",,,"SAN JOAQUIN",MANTECA,-121.248291015625,37.797309875488281
9631282,2024,2024-05-09,3901,2024-03-18,1608,L46,,1,5,2,3901,0,0,0,,0,,"RT 120","ESCALON AV",61.00,E,N,A,-,Y,SJ,10,120,-,R,16.830,H,-,W,N,2,0,1,1,A,-,08,22107,,N,E,I,A,-,H,-,A,D,0,,,,,Y,,A,01,1,0,0,0,0,0,0,0,0,"- ","- ",37.797748565673828,-120.99626159667969,"SAN JOAQUIN",ESCALON,-120.99704742431641,37.797557830810547
9635259,2023,2023-12-04,3902,2023-09-17,"24  ",109,CENTR,7,5,5,3902,0,0,0,,0,002,"CHEROKEE LN","ELM ST",6.00,N,N,A,-,N,,,,,,,,,,N,2,0,2,3,A,-,10,21950,A,F,G,B,B,A,H,-,C,D,0,Y,,,,Y,,A,01,1,1,0,0,2,0,0,0,0,"- ","- ",38.134960174560547,-121.26071166992188,"SAN JOAQUIN",LODI,-121.26083374023438,38.135215759277344
9636905,2023,2023-11-16,3903,2023-09-26,1427,5028,,2,5,4,3903,0,0,0,,0,,"ATHERTON DR","SAND LN",0.00,,Y,A,-,N,,,,,,,,,,N,2,0,1,2,A,-,09,21802,A,N,D,C,A,A,H,-,A,D,0,,,,,Y,,A,01,1,0,0,0,0,0,0,0,0,"- ","- ",,,"SAN JOAQUIN",MANTECA,-121.22602844238281,37.77923583984375
9640055,2023,2023-12-04,3902,2023-08-26,2032,111,HERIT,6,5,5,3902,0,0,0,,0,004,"CENTRAL AV","POPLAR ST",7.00,N,N,A,-,N,,,,,,,,,,Y,1,1,0,2,A,-,11,21950,B,N,G,B,B,A,H,-,C,D,0,Y,,,,Y,,N,60,0,0,0,1,0,0,0,0,0,"- ","- ",38.119560241699219,-121.26499938964844,"SAN JOAQUIN",LODI,-121.26506042480469,38.119529724121094
9640096,2023,2025-07-22,3906,2023-02-27,1854,1138,93,1,5,5,3906,0,0,0,,0,005,"E 11TH ST","EL PORTAL ST",28.00,W,N,A,-,N,,,,,,,,,,N,1,1,0,2,A,-,01,23152,A,F,G,B,D,A,A,-,C,A,0,Y,,,,Y,Y,A,01,0,0,0,1,0,0,0,0,0,"- ","- ",37.739700317382812,-121.42494964599609,"SAN JOAQUIN",TRACY,-121.42490386962891,37.739700317382812
9640573,2023,2024-06-24,3903,2023-06-19,"852 ",2295,,1,5,4,3903,0,0,0,,0,,"YOSEMITE AV","FISHBACK RD",0.00,,Y,A,-,N,,,,,,,,,,N,1,1,0,3,A,-,03,22350,,N,D,C,A,A,H,-,A,D,0,,,Y,,Y,,C,02,0,0,0,0,0,0,0,1,0,"- ","- ",37.797309875488281,-121.24810791015625,"SAN JOAQUIN",MANTECA,-121.24812316894531,37.797309875488281
9640575,2023,2024-06-26,3905,2023-05-13,1622,2718,BEA,6,5,6,3905,0,0,0,,0,,"THORNTON RD","A G SPANOS BL",0.00,,Y,A,-,N,,,,,,,,,,Y,1,1,2,2,A,-,12,21453,A,N,A,C,A,A,H,-,A,A,0,,,,,Y,,-,"- ",0,1,1,0,0,0,0,0,0,"- ","- ",38.045459747314453,-121.35044860839844,"SAN JOAQUIN",STOCKTON,-121.35157012939453,38.054943084716797
9640643,2023,2025-06-28,3905,2023-09-30,2228,2747,SEA,6,5,6,3905,0,0,0,,0,,"STANISLAUS ST","MARTIN LUTHER KING BL",0.00,,Y,A,-,N,,,,,,,,,,Y,1,1,2,2,A,-,01,23152,A,F,D,C,A,A,H,-,C,A,0,,,,,Y,Y,A,07,0,2,0,0,0,0,0,0,0,"- ","- ",37.939640045166016,-121.27957153320312,"SAN JOAQUIN",STOCKTON,-121.27825164794922,37.940284729003906
9646821,2023,2024-01-16,3902,2023-11-22,1709,111,HERIT,3,5,5,3902,0,0,0,,0,002,"CHEROKEE LN","PINE ST",0.00,,Y,A,-,N,,,,,,,,,,N,2,0,1,2,A,-,05,21650,1,N,H,G,A,A,H,-,C,A,0,,Y,,,Y,,L,04,1,0,0,0,0,0,1,0,0,"- ","- ",38.133960723876953,-121.26074981689453,"SAN JOAQUIN",LODI,-121.26077270507812,38.133979797363281
9648721,2023,2024-01-02,3902,2023-10-24,1722,125,CENTR,2,5,5,3902,0,0,0,,0,005,"E OAK ST","OAK ST 122",2.00,S,N,A,-,N,,,,,,,,,,N,2,0,1,1,C,-,18,,,N,E,I,A,A,H,-,A,D,0,,,,,Y,,-,"- ",1,0,0,0,0,0,0,0,0,"- ","- ",38.132808685302734,-121.26956176757812,"SAN JOAQUIN",LODI,-121.27235412597656,38.132938385009766
9650518,2023,2024-03-01,3903,2023-12-25,1204,3615,,1,5,4,3903,0,0,0,,0,,"YOSEMITE AV","RT 99",0.00,,Y,A,-,Y,SJ,10,99,-,-,6.494,R,4,S,Y,2,0,2,2,A,-,12,21453,,N,D,C,A,A,H,-,A,A,0,,,,,Y,Y,A,01,1,0,1,0,0,0,0,0,0,"- ",SO,,,"SAN JOAQUIN",MANTECA,-121.19074249267578,37.794963836669922
9652941,2023,2024-03-01,3901,2023-12-07,1632,L33,,4,5,2,3901,0,0,0,,0,,"RT 120","BRENNAN RD",0.00,,Y,C,-,Y,SJ,10,120,-,-,15.860,I,5,E,Y,2,0,3,2,A,-,09,21802,A,N,D,C,A,B,H,-,A,A,0,,,,,Y,,A,01,1,2,0,0,0,0,0,0,0,"- ","- ",37.798549652099609,-121.01496887207031,"SAN JOAQUIN",ESCALON,-121.01502990722656,37.798538208007812
9676359,2023,2024-04-17,3902,2023-12-26,"202 ",110,HERIT,2,5,5,3902,0,0,0,,0,002,"CHEROKEE LN","VINE ST",100.00,N,N,A,-,N,,,,,,,,,,Y,2,0,2,1,C,-,18,,,N,E,I,A,A,H,-,C,D,0,,,,,Y,,-,"- ",2,0,0,0,0,0,0,0,0,"- ","- ",38.123439788818359,-121.26039886474609,"SAN JOAQUIN",LODI,-121.26056671142578,38.123683929443359
9707497,2024,2024-06-19,3902,2024-03-26,1219,26,CENTR,2,5,5,3902,0,0,0,,0,005,"PINE ST","WASHINGTON ST",0.00,,Y,B,-,N,,,,,,,,,,N,2,0,1,3,A,-,12,22450,A,N,D,C,A,A,H,-,A,A,0,,,,,Y,,A,01,1,0,0,0,0,0,0,0,0,"- ","- ",38.133739471435547,-121.26799011230469,"SAN JOAQUIN",LODI,-121.26801300048828,38.133964538574219
9710011,2024,2024-07-08,3903,2024-05-26,2319,5028,,7,5,4,3903,0,0,0,,0,,"EAST YOSEMITE AV","FREMONT ST",0.00,,Y,A,-,N,,,,,,,,,,Y,2,0,1,2,A,-,11,21955,,F,G,B,D,A,H,-,C,A,0,Y,,,,Y,,N,60,1,0,0,0,1,0,0,0,0,"- ","- ",,,"SAN JOAQUIN",MANTECA,-121.20960235595703,37.79742431640625
9726921,2024,2025-01-02,3901,2024-11-11,1957,L44,,1,5,2,3901,0,0,0,,0,,"RT 120","BRENNAN AV",0.00,,Y,A,-,Y,SJ,10,120,-,-,15.860,I,5,E,Y,1,1,2,2,A,-,12,22450,A,N,D,C,A,A,H,-,C,D,0,,,,,Y,,A,01,1,1,0,0,0,0,0,0,0,"- ","- ",37.798549652099609,-121.01496887207031,"SAN JOAQUIN",ESCALON,-121.01502990722656,37.798538208007812
9727833,2024,2024-08-27,3903,2024-06-05,1644,2123,3903,3,5,4,3903,0,0,0,,0,001,"MAIN ST","LANCASTER DR",197.00,N,N,A,-,N,,,,,,,,,,N,2,0,2,1,A,-,03,22350,,N,E,I,A,A,H,-,A,A,0,,,,,Y,,D,22,2,0,0,0,0,0,0,0,0,"- ","- ",,,"SAN JOAQUIN",MANTECA,-121.21714782714844,37.814689636230469
9729954,2024,2024-09-18,3906,2024-08-29,"750 ",174012,MTNHO,4,5,5,3906,0,0,0,,0,010,"W TRAMONTO DR","N UMBRIA PL",0.00,,Y,A,-,N,,,,,,,,,,N,2,0,1,2,A,-,09,21802,A,N,D,C,A,A,H,-,A,A,0,,Y,,,Y,,L,04,1,0,0,0,0,0,1,0,0,"- ","- ",,,"SAN JOAQUIN",TRACY,-121.55381774902344,37.787380218505859
9740226,2024,2024-10-17,3904,2024-09-02,2104,P113,1,1,5,3,3904,0,0,0,,0,00A,"N JACK TONE RD","W SANTOS AV",0.00,,Y,A,-,N,,,,,,,,,,Y,2,0,1,2,A,-,03,22350,,F,A,C,A,A,H,-,C,A,0,,,,,Y,,A,01,1,0,0,0,0,0,0,0,0,"- ","- ",37.755638122558594,-121.14170074462891,"SAN JOAQUIN",RIPON,-121.14253234863281,37.756881713867188
9740266,2024,2024-10-09,3904,2024-09-07,1532,P105,2,6,5,3,3904,0,0,0,,0,00A,"N RIPON RD","E BOESCH DR",0.00,,Y,A,-,N,,,,,,,,,,N,2,0,1,2,A,-,12,22450,A,N,H,G,A,A,H,-,A,A,0,,Y,,Y,Y,,L,04,1,0,0,0,0,0,1,0,0,"- ","- ",37.749298095703125,-121.12420654296875,"SAN JOAQUIN",RIPON,-121.12424468994141,37.749294281005859
9755006,2024,2024-12-05,3903,2024-10-09,1623,4002,,3,5,4,3903,0,0,0,,0,,"DANIELS ST","MILO CANDINI DR",588.00,W,N,A,-,N,,,,,,,,,,Y,2,0,1,1,A,-,01,23152,A,N,E,I,A,A,H,-,A,D,0,,,,,Y,Y,A,01,1,0,0,0,0,0,0,0,0,"- ","- ",37.786411285400391,-121.25701904296875,"SAN JOAQUIN",MANTECA,-121.25894165039062,37.786338806152344
9786097,2023,2025-04-15,3902,2023-08-03,"734 ",11,HERIT,4,5,5,3902,0,0,0,,0,004,"CENTRAL AV","WATSON ST",0.00,,Y,A,-,N,,,,,,,,,,Y,1,1,0,2,A,-,10,21954,B,N,G,B,E,A,D,-,A,A,0,Y,,,,Y,,A,07,0,0,0,1,0,0,0,0,0,"- ","- ",38.122280120849609,-121.26499938964844,"SAN JOAQUIN",LODI,-121.26508331298828,38.12225341796875
9786105,2024,2025-04-09,3902,2024-04-17,1637,31,SUNSE,3,5,5,3902,0,0,0,,0,003,"HUTCHINS ST","HARNEY LN",0.00,,Y,A,-,N,,,,,,,,,,Y,1,1,1,3,A,-,08,22100,B,N,D,C,A,A,H,-,A,A,0,,,,,Y,,A,01,0,0,1,0,0,0,0,0,0,"- ","- ",38.100860595703125,-121.27909851074219,"SAN JOAQUIN",LODI,-121.27886199951172,38.100959777832031
9786185,2024,2025-05-03,3906,2024-08-17,2036,1629,,6,5,5,3906,0,0,0,,0,006,"GRANT LINE RD","OHARA DR",93.00,W,N,-,-,N,,,,,,,,,,N,1,1,0,2,A,-,11,21950,B,F,G,B,E,A,H,-,C,A,0,Y,,,,Y,,N,60,0,0,0,1,0,0,0,0,0,"- ","- ",37.754219055175781,-121.43888092041016,"SAN JOAQUIN",TRACY,-121.43885803222656,37.754161834716797
9786186,2024,2025-05-03,3906,2024-12-23,"955 ",1266,,1,5,5,3906,0,0,0,,0,002,"SYCAMORE PKWY","ALLEGHENY ST",245.00,N,N,A,-,N,,,,,,,,,,Y,1,1,2,2,A,-,03,22350,,N,D,C,A,B,H,-,A,-,0,,,,,Y,,A,01,2,0,0,0,0,0,0,0,0,"- ","- ",37.716949462890625,-121.43984222412109,"SAN JOAQUIN",TRACY,-121.43968200683594,37.718063354492188
9786241,2024,2025-05-03,3902,2024-11-14,"913 ",31,HERIT,4,5,5,3902,0,0,0,,0,002,"CHEROKEE LN","LOCUST ST",0.00,,Y,A,-,N,,,,,,,,,,Y,1,1,0,1,A,-,03,22350,,N,E,J,A,A,H,-,A,A,0,,,,,Y,,E,22,0,0,0,0,0,0,0,0,0,"- ","- ",,,"SAN JOAQUIN",LODI,-121.26087951660156,38.136394500732422
9786365,2024,2025-07-14,3905,2024-11-03,2038,2660,PAR,7,5,6,3905,0,0,0,,0,,"AIRPORT WY","10TH ST",291.00,S,N,A,-,N,,,,,,,,,,Y,1,2,0,1,A,-,01,23153,B,N,E,I,A,A,H,-,C,A,0,,,,,Y,Y,A,01,0,0,0,0,0,0,0,0,0,"- ","- ",37.928470611572266,-121.26760864257812,"SAN JOAQUIN",STOCKTON,-121.26592254638672,37.928382873535156
9816691,2025,2025-06-16,3904,2025-05-15,1922,P118,3,4,5,3,3904,0,0,0,,0,00B,"WEST MAIN ST","ROBERT AV",0.00,,Y,A,-,N,,,,,,,,,,N,2,0,2,2,A,-,08,22107,,N,A,C,A,A,H,-,B,A,0,,,,,Y,,D,72,2,0,0,0,0,0,0,0,0,"- ","- ",37.739479064941406,-121.13770294189453,"SAN JOAQUIN",RIPON,-121.13765716552734,37.739501953125
9866803,2024,2025-08-18,3903,2024-11-05,1548,3768,,2,5,4,3903,0,0,0,,0,,"LOUISE AV","HACIENDA AV",0.00,,Y,A,-,N,,,,,,,,,,N,1,1,0,2,A,-,03,22350,,N,D,C,A,A,H,-,A,D,0,,,Y,,Y,,C,02,0,0,0,0,0,0,0,1,0,"- ","- ",37.811920166015625,-121.22795867919922,"SAN JOAQUIN",MANTECA,-121.22787475585938,37.811943054199219
5912217,2014,2014-04-08,9265,2014-01-08,1116,14248,,3,1,9,3900,0,3,5,,2,060,"RT 99 E FR RD","HAMMER LN",2112.00,S,N,B,-,N,,,99,,,,,,,N,1,1,0,2,A,-,08,22107,,F,G,B,E,A,H,-,A,D,0,Y,,,,Y,,D,22,0,0,0,1,0,0,0,0,0,"- ","- ",38.011009999999999,-121.25754000000001,"SAN JOAQUIN",UNINCORPORATED,-121.25788549000001,38.010998749999999
5912218,2014,2014-04-18,9265,2014-01-19,0457,19182,,7,3,9,3900,0,1,1,,2,502,"RT 5","ROTH RD",1584.00,N,N,A,-,Y,SJ,10,5,-,R,19.680,H,-,N,Y,1,1,0,1,A,-,01,23152,B,N,E,I,A,A,H,-,C,D,1,,,,,Y,Y,A,01,0,0,0,0,0,0,0,0,0,"- ","- ",37.857030000000002,-121.28144,"SAN JOAQUIN",UNINCORPORATED,-121.28159626999999,37.85673894
6290118,2014,2014-03-17,9265,2014-01-12,1750,18621,,7,2,9,3900,0,1,3,,1,061,"RT 26","SHELLY RD",1584.00,W,N,A,-,Y,SJ,10,26,-,-,17.870,H,-,W,Y,1,1,0,1,A,-,01,23152,B,N,E,I,A,A,H,-,D,D,0,,,Y,,Y,Y,C,02,0,0,0,0,0,0,0,1,0,"- ","- ",38.074890000000003,-120.98057,"SAN JOAQUIN",UNINCORPORATED,-120.98029867,38.075232450000001
6290132,2014,2015-12-21,9266,2014-01-30,2220,18888,,4,3,9,3900,0,2,4,,1,023,"BIRD RD","WESTERN PACIFIC RR",229.00,S,N,B,-,N,,,,,,,,,,Y,1,1,2,1,A,-,08,22107,,N,E,I,A,A,H,-,D,A,0,,,,,Y,Y,A,01,0,2,0,0,0,0,0,0,0,"- ","- ",37.727359999999997,-121.36166,"SAN JOAQUIN",UNINCORPORATED,-121.361707,37.727356999999998
6290216,2014,2015-12-21,9266,2014-02-21,1545,14807,,5,2,9,3900,0,3,5,,2,002,"AHERN RD","LINNE RD",0.00,,Y,A,-,N,,,,,,,,,,Y,1,1,3,3,A,-,03,22350,,N,C,C,A,A,H,-,A,D,0,,,,,Y,,A,07,1,1,1,0,0,0,0,0,0,"- ","- ",37.696280000000002,-121.35919,"SAN JOAQUIN",UNINCORPORATED,-121.35907,37.696199970000002
6290217,2014,2014-04-02,9266,2014-02-22,1955,18888,,6,2,9,3900,0,1,1,,2,021,"RT 580","MOUNTAIN HOUSE PKWY",1023.00,W,N,A,-,Y,SJ,10,580,-,-,13.790,H,-,W,Y,1,1,2,1,A,-,08,22107,,N,E,J,A,A,H,-,D,D,1,,,,,Y,Y,A,07,1,0,1,0,0,0,0,0,0,"- ","- ",37.433199999999999,-121.32299999999999,"SAN JOAQUIN",UNINCORPORATED,-121.53771413,37.721939620000001
6290346,2014,2015-12-21,3900,2014-01-10,0655,5966,MANTE,5,5,2,3920,0,0,0,,0,009,"LATHROP RD","MCKINLEY AV",0.00,,Y,A,-,N,,,,,,,,,,Y,1,1,0,2,A,-,03,22350,,N,D,C,A,A,H,-,D,D,0,,,Y,,Y,,C,02,0,0,0,0,0,0,0,1,0,"- ","- ",,,"SAN JOAQUIN",LATHROP,-121.27212992,37.826589990000002
6290398,2014,2015-12-21,9265,2014-01-31,2040,13193,,5,2,9,3900,0,1,3,,1,092,"RT 12","PEATLAND RD",3696.00,E,N,A,-,Y,SJ,10,12,-,-,7.680,H,-,E,Y,1,1,1,2,A,-,08,22107,,N,A,C,A,A,H,-,D,D,0,,,,,Y,Y,A,01,1,0,0,0,0,0,0,0,0,"- ","- ",38.115409999999997,-121.44098,"SAN JOAQUIN",UNINCORPORATED,-121.44345717,38.11540351
6290640,2014,2014-06-12,9265,2014-04-19,0115,19136,,6,3,9,3900,0,1,3,,1,011,"RT 120","COMCONEX RD",160.00,W,N,A,-,Y,SJ,10,120,-,-,7.440,H,-,W,Y,1,1,3,5,A,-,08,22107,,N,G,B,E,A,H,-,D,D,0,Y,,,,Y,Y,A,01,1,1,1,1,3,0,0,0,0,"- ","- ",37.797649999999997,-121.16886,"SAN JOAQUIN",UNINCORPORATED,-121.16860357,37.797581010000002
6291107,2014,2014-08-19,9265,2014-04-18,1245,14248,,5,1,9,3900,0,1,3,,2,004,"RT 99","HAMMER LN",20.00,N,N,B,-,Y,SJ,10,99,-,-,22.950,H,-,N,Y,1,1,6,2,A,-,08,22107,,N,B,C,A,A,H,-,A,D,1,,,,,Y,,A,07,0,4,2,0,0,0,0,0,0,"- ","- ",38.02129,-121.25796,"SAN JOAQUIN",UNINCORPORATED,-121.25810441,38.021598050000001
6291246,2014,2014-10-20,9266,2014-07-12,0632,015432,,6,1,9,3900,0,1,1,,2,014,"RT 205","BYRON RD",2676.00,W,N,A,-,Y,SJ,10,205,-,R,4.030,H,-,E,Y,1,1,0,1,A,-,08,22107,,N,E,I,A,B,H,-,A,D,1,,,,,Y,,A,01,0,0,0,0,0,0,0,0,0,"- ","- ",37.745269999999998,-121.48424,"SAN JOAQUIN",UNINCORPORATED,-121.48490105,37.745034230000002
6291247,2014,2014-10-20,9265,2014-07-20,1030,018590,,7,1,6,3905,0,1,1,,2,504,"RT 5","MARCH LN",1056.00,N,N,B,-,Y,SJ,10,5,-,-,30.141,R,2,N,Y,1,1,0,1,A,-,08,22107,,N,E,J,A,A,D,-,A,D,1,,,Y,,Y,,C,02,0,0,0,0,0,0,0,1,0,FR,"- ",37.987450000000003,-121.34433,"SAN JOAQUIN",STOCKTON,-121.34403515,37.986514800000002
6291387,2014,2016-01-14,9265,2014-08-31,1420,018289,,7,2,9,3900,0,2,4,,1,053,"WILSON WY","NEWTON RD",0.00,,Y,A,-,N,,,,,,,,,,Y,1,1,5,2,A,-,01,23152,E,N,D,C,A,A,H,-,A,A,0,,,,,Y,,A,01,1,2,2,0,0,0,0,0,0,"- ","- ",38.000279999999997,-121.26027000000001,"SAN JOAQUIN",UNINCORPORATED,-121.26027000000001,38.000329960000002
6291389,2014,2014-10-29,9265,2014-08-15,1400,015756,,5,2,9,3900,0,1,3,,1,066,"RT 26","FINE RD",0.00,,Y,A,-,Y,SJ,10,26,-,-,12.670,I,5,E,Y,1,1,2,2,A,-,09,21802,A,N,D,C,A,A,H,-,A,A,0,,,,,Y,,A,01,0,0,2,0,0,0,0,0,0,"- ","- ",38.031970000000001,-121.04998000000001,"SAN JOAQUIN",UNINCORPORATED,-121.05014703000001,38.031841069999999
6291509,2014,2014-11-03,9265,2014-09-13,1510,19182,,6,2,4,3903,0,1,3,,2,025,"RT 120","VAN RYN AV",1267.00,W,N,A,-,Y,SJ,10,120,-,R,5.630,H,-,E,Y,1,1,3,3,A,-,03,22350,,N,C,C,A,A,H,-,A,D,1,,,,,Y,,A,08,2,0,1,0,0,0,0,0,0,"- ","- ",37.783099999999997,-121.2011,"SAN JOAQUIN",MANTECA,-121.21005495,37.783200739999998
6291862,2014,2015-01-28,9265,2014-09-03,1615,19657,,3,2,9,3900,0,1,3,,1,013,"RT 4","HOLLENBECK RD",4752.00,E,N,A,-,Y,SJ,10,4,-,-,27.460,H,-,E,Y,1,1,0,2,A,-,08,22107,,N,A,C,A,A,H,-,A,D,0,,,,Y,Y,,A,01,0,0,0,0,0,0,0,0,0,"- ","- ",37.939770000000003,-121.10242,"SAN JOAQUIN",UNINCORPORATED,-121.10098116,37.939385059999999
6291906,2014,2016-01-04,9265,2014-11-01,0200,019991,,6,3,9,3900,0,2,4,,1,091,"WEST LN","EIGHT MILE RD",34.00,N,N,B,-,N,,,,,,,,,,Y,1,1,0,1,A,-,01,23152,A,N,E,I,A,B,H,-,C,A,0,,,,,Y,Y,A,01,0,0,0,0,0,0,0,0,0,"- ","- ",38.057490000000001,-121.29622999999999,"SAN JOAQUIN",UNINCORPORATED,-121.29634,38.057459999999999
6291963,2014,2015-02-27,9266,2014-01-30,1520,14807,,4,2,9,3900,0,1,3,,1,025,"RT 33","DURHAM FERRY RD",0.00,,Y,A,-,Y,SJ,10,33,-,-,3.510,I,5,N,Y,1,1,1,2,A,-,09,21801,A,N,A,C,A,A,H,-,A,D,0,,,,,Y,,D,22,0,1,0,0,0,0,0,0,0,"- ","- ",37.667279999999998,-121.32756999999999,"SAN JOAQUIN",UNINCORPORATED,-121.32748703999999,37.667307010000002