CASE_ID,ACCIDENT_YEAR,PROC_DATE,JURIS,COLLISION_DATE,COLLISION_TIME,OFFICER_ID,REPORTING_DISTRICT,DAY_OF_WEEK,CHP_SHIFT,POPULATION,CNTY_CITY_LOC,SPECIAL_COND,BEAT_TYPE,CHP_BEAT_TYPE,CITY_DIVISION_LAPD,CHP_BEAT_CLASS,BEAT_NUMBER,PRIMARY_RD,SECONDARY_RD,DISTANCE,DIRECTION,INTERSECTION,WEATHER_1,WEATHER_2,STATE_HWY_IND,CALTRANS_COUNTY,CALTRANS_DISTRICT,STATE_ROUTE,ROUTE_SUFFIX,POSTMILE_PREFIX,POSTMILE,LOCATION_TYPE,RAMP_INTERSECTION,SIDE_OF_HWY,TOW_AWAY,COLLISION_SEVERITY,NUMBER_KILLED,NUMBER_INJURED,PARTY_COUNT,PRIMARY_COLL_FACTOR,PCF_CODE_OF_VIOL,PCF_VIOL_CATEGORY,PCF_VIOLATION,PCF_VIOL_SUBSECTION,HIT_AND_RUN,TYPE_OF_COLLISION,MVIW,PED_ACTION,ROAD_SURFACE,ROAD_COND_1,ROAD_COND_2,LIGHTING,CONTROL_DEVICE,CHP_ROAD_TYPE,PEDESTRIAN_ACCIDENT,BICYCLE_ACCIDENT,MOTORCYCLE_ACCIDENT,TRUCK_ACCIDENT,NOT_PRIVATE_PROPERTY,ALCOHOL_INVOLVED,STWD_VEHTYPE_AT_FAULT,CHP_VEHTYPE_AT_FAULT,COUNT_SEVERE_INJ,COUNT_VISIBLE_INJ,COUNT_COMPLAINT_PAIN,COUNT_PED_KILLED,COUNT_PED_INJURED,COUNT_BICYCLIST_KILLED,COUNT_BICYCLIST_INJURED,COUNT_MC_KILLED,COUNT_MC_INJURED,PRIMARY_RAMP,SECONDARY_RAMP,LATITUDE,LONGITUDE,COUNTY,CITY,POINT_X,POINT_Y
6291995,2014,2015-12-28,9265,2014-03-24,2328,018488,,1,3,9,3900,0,2,4,,1,052,"FILBERT ST","FRANCIS ST",0.00,,Y,A,-,N,,,,,,,,,,Y,1,1,0,1,A,-,01,23152,E,N,E,I,A,A,H,-,C,D,0,,,Y,,Y,,C,02,0,0,0,0,0,0,0,1,0,"- ","- ",37.974469999999997,-121.2604,"SAN JOAQUIN",UNINCORPORATED,-121.26050994000001,37.974769950000002
6292001,2014,2015-03-07,3905,2014-01-09,1503,1295,PAR,4,5,6,3905,0,0,0,,0,,"AIRPORT WY","INDUSTRIAL DR",100.00,N,N,A,-,N,,,,,,,,,,N,1,1,0,1,C,-,18,,,N,E,I,A,A,H,-,A,D,0,,,,,Y,,-,"- ",0,0,0,0,0,0,0,0,0,"- ","- ",37.911119999999997,-121.25855,"SAN JOAQUIN",STOCKTON,-121.25867004,37.911240429999999
6292002,2014,2015-03-07,3902,2014-01-10,2041,16,,5,5,5,3902,0,0,0,,0,,"HUTCHINS ST","BRANDYWINE DR",199.00,N,N,A,-,N,,,,,,,,,,Y,1,1,1,2,A,-,01,23152,E,N,A,C,A,A,H,-,C,A,0,,,,,Y,,A,01,0,1,0,0,0,0,0,0,0,"- ","- ",,,"SAN JOAQUIN",LODI,-121.27901134,38.113086439999996
6292008,2014,2015-12-28,3905,2014-03-03,0612,1617,PAR,1,5,6,3905,0,0,0,,0,,"MARTIN LUTHER KING BL","AURORA ST",27.00,E,N,B,-,N,,,,,,,,,,N,1,1,0,3,A,-,11,21954,A,F,G,B,D,A,H,-,B,D,0,Y,,,,Y,,N,60,0,0,0,1,0,0,0,0,0,"- ","- ",,,"SAN JOAQUIN",STOCKTON,-121.27557951,37.940839050000001
6292036,2014,2015-03-23,3905,2014-05-02,0114,2021,SEA,5,5,6,3905,0,0,0,,0,,"EL DORADO ST","9TH ST",200.00,S,N,A,-,N,,,,,,,,,,Y,1,1,0,2,A,-,11,21956,,N,G,B,E,A,H,-,E,D,0,Y,,,,Y,,N,60,0,0,0,1,0,0,0,0,0,"- ","- ",,,"SAN JOAQUIN",STOCKTON,-121.2818085,37.926464430000003
6292063,2014,2015-04-08,3905,2014-11-01,0523,1323,SEA,6,5,6,3905,0,0,0,,0,,"MARTIN LUTHER KING BL","AMERICAN ST",0.00,,Y,B,-,N,,,,,,,,,,N,1,1,0,2,D,-,00,,,F,G,B,D,B,H,-,C,D,0,Y,,,,Y,,-,"- ",0,0,0,1,0,0,0,0,0,"- ","- ",,,"SAN JOAQUIN",STOCKTON,-121.27954989,37.940109929999998
6292080,2014,2015-04-13,9265,2014-12-24,1730,19906,,3,2,2,3920,0,1,1,,2,502,"RT 5","LOUISE AV",1056.00,N,N,A,-,Y,SJ,10,5,-,R,16.660,H,-,N,Y,1,1,2,2,A,-,03,22350,,N,C,C,A,A,H,-,C,D,1,,,,,Y,,A,01,0,1,1,0,0,0,0,0,0,"- ","- ",37.815440000000002,-121.29407999999999,"SAN JOAQUIN",LATHROP,-121.29458215,37.814217110000001
6292146,2015,2017-04-25,9266,2015-02-27,2110,19312,,5,2,9,3900,0,3,5,,2,002,"LINNE RD","RT 5",2492.00,E,N,A,-,N,,,,,,,,,,N,1,1,0,2,A,-,11,21954,A,N,G,B,E,A,H,-,D,D,0,Y,,,,Y,,N,60,0,0,0,1,0,0,0,0,0,"- ","- ",37.696350000000002,-121.33457,"SAN JOAQUIN",UNINCORPORATED,-121.33484675,37.69638235
6292166,2015,2017-04-25,9265,2015-03-05,0820,15490,,4,1,9,3900,0,3,5,,2,060,"COMSTOCK RD","WALL RD",517.00,E,N,A,-,N,,,,,,,,,,Y,1,1,0,1,A,-,08,22107,,N,E,I,A,A,H,-,A,D,0,,,,,Y,,A,01,0,0,0,0,0,0,0,0,0,"- ","- ",38.045270000000002,-121.07162,"SAN JOAQUIN",UNINCORPORATED,-121.07137571,38.04530776
6292344,2015,2017-04-25,3905,2015-03-04,1214,1617,PAR,3,5,6,3905,0,0,0,,0,,"UNION ST","MARKET ST",0.00,,Y,A,-,N,,,,,,,,,,Y,1,1,0,3,A,-,12,22450,,N,D,-,A,A,H,-,A,A,0,,,,,Y,Y,A,01,0,0,0,0,0,0,0,0,0,"- ","- ",,,"SAN JOAQUIN",STOCKTON,-121.27648993,37.953949899999998
6292346,2015,2015-10-16,9265,2015-03-09,2020,19307,,1,2,2,3920,0,1,1,,2,502,"RT 5","ROTH RD",5170.00,S,N,A,-,Y,SJ,10,5,-,R,16.540,H,-,S,Y,1,2,1,3,A,-,03,22350,,N,C,C,E,A,H,-,D,D,1,Y,,,Y,Y,,G,25,0,0,1,1,0,0,0,0,0,"- ","- ",37.840139999999998,-121.28604,"SAN JOAQUIN",LATHROP,-121.29552375999999,37.812606510000002
6292527,2015,2015-08-25,3905,2015-04-22,1258,1532,VAL,3,5,6,3905,0,0,0,,0,,"HOLMAN RD","WAKEMAN DR",522.00,N,N,A,-,N,,,,,,,,,,Y,1,1,1,1,A,-,03,22350,,N,E,I,A,A,H,-,A,A,0,,,,,Y,,A,01,0,1,0,0,0,0,0,0,0,"- ","- ",,,"SAN JOAQUIN",STOCKTON,-121.27057505000001,38.02538577
6292610,2015,2015-09-11,9265,2015-07-13,0451,17286,,1,3,9,3900,0,2,4,,1,012,"JACK TONE RD","LOUISE AV",0.00,,Y,A,-,N,,,,,,,,,,Y,1,1,1,2,A,-,09,21802,A,N,D,C,A,A,H,-,D,A,0,,,,,Y,,A,01,1,0,0,0,0,0,0,0,0,"- ","- ",37.81194,-121.14366,"SAN JOAQUIN",UNINCORPORATED,-121.14375994,37.812199980000003
6292858,2015,2017-03-30,3900,2015-05-30,1719,152245,LATHR,6,5,2,3920,0,0,0,,0,009,"PARADISE CUT","S MANTHEY RD",3168.00,W,N,A,-,N,,,,,,,,,,Y,1,1,0,1,A,-,01,23152,A,N,F,I,A,A,B,-,A,D,0,,,Y,,Y,Y,C,02,0,0,0,0,0,0,0,1,0,"- ","- ",,,"SAN JOAQUIN",LATHROP,,
6348067,2016,2016-03-23,3905,2016-02-21,2241,2713,BEA,7,5,6,3905,0,0,0,,0,,"THORNTON RD","WAUDMAN AV",0.00,,Y,A,-,N,,,,,,,,,,N,2,0,1,2,A,-,09,21801,A,N,A,C,A,A,H,-,A,D,0,,,,,Y,,A,07,1,0,0,0,0,0,0,0,0,"- ","- ",38.033200000000001,-121.33662,"SAN JOAQUIN",STOCKTON,-121.33643988,38.032899960000002
6366414,2014,2014-06-10,9265,2014-01-05,1700,19882,,7,2,6,3905,0,3,5,,2,050,"OLIVE AV","4TH ST",528.00,N,N,A,-,N,,,,,,,,,,Y,2,0,1,2,A,-,03,22350,,F,G,B,E,A,H,-,A,D,0,Y,,,,Y,,D,22,1,0,0,0,1,0,0,0,0,"- ","- ",37.946689999999997,-121.23246,"SAN JOAQUIN",STOCKTON,-121.23239597,37.946548749999998
6370179,2014,2014-06-12,9266,2014-01-12,1833,019670,,7,2,9,3900,0,2,4,,1,016,"11TH ST","BIRD RD",0.00,,Y,A,-,N,,,,,,,,,,Y,2,0,7,3,A,-,01,23152,A,N,D,C,A,A,H,-,C,D,0,,,,,Y,Y,A,01,1,2,4,0,0,0,0,0,0,"- ","- ",37.74597,-121.36145999999999,"SAN JOAQUIN",UNINCORPORATED,-121.36178990000001,37.74593995
6370479,2014,2014-06-03,3906,2014-01-16,1542,1103,TRACY,4,5,5,3906,0,0,0,,0,003,"CROSSROADS DR","11TH ST",0.00,,Y,A,-,N,,,,,,,,,,N,2,0,1,2,A,-,12,21453,A,N,H,G,A,A,H,-,A,A,0,,Y,,,Y,,L,04,1,0,0,0,0,0,1,0,0,"- ","- ",,,"SAN JOAQUIN",TRACY,-121.46426984999999,37.739209969999997
6375324,2014,2016-01-15,9265,2014-01-17,1910,18850,,5,2,9,3900,0,1,1,,2,502,"RT 5","FRENCH CAMP RD",2112.00,S,N,A,-,Y,SJ,10,5,-,R,22.110,H,-,S,Y,2,0,2,2,A,-,07,21658,A,F,B,C,A,A,H,-,D,D,1,,,,,Y,,A,01,1,0,1,0,0,0,0,0,0,"- ","- ",37.890680000000003,-121.28158000000001,"SAN JOAQUIN",UNINCORPORATED,-121.28188725,37.891320200000003
6376551,2014,2014-06-05,9265,2014-01-07,1730,016479,,2,2,9,3900,0,3,5,,2,090,"SARGENT RD","MOORE RD",1848.00,E,N,A,-,N,,,,,,,,,,N,2,0,1,2,A,-,03,22350,,N,C,G,A,A,H,-,D,D,0,,Y,,,Y,,A,01,1,0,0,0,0,0,1,0,0,"- ","- ",38.13006,-121.31845,"SAN JOAQUIN",UNINCORPORATED,-121.31854479,38.130085899999997
6389851,2014,2015-11-25,9265,2014-02-14,1905,20069,,5,2,9,3900,0,1,3,,1,041,"RT 4","S INLAND DR",6336.00,W,N,A,-,Y,SJ,10,4,-,-,8.950,H,-,W,Y,2,0,4,3,A,-,05,21460,A,N,A,C,A,A,H,-,D,D,0,,,,,Y,,A,01,2,1,1,0,0,0,0,0,0,"- ","- ",37.926969999999997,-121.40781,"SAN JOAQUIN",UNINCORPORATED,-121.42469121000001,37.926897859999997
6389879,2014,2016-03-01,9265,2014-02-18,1005,18289,,2,1,9,3900,0,1,3,,2,004,"RT 99","WATERLOO RD",429.00,N,N,B,-,Y,SJ,10,99,-,-,20.420,H,-,S,Y,2,0,1,1,A,-,08,22107,,N,E,I,A,A,H,-,A,D,1,,,,,Y,,D,22,1,0,0,0,0,0,0,0,0,"- ","- ",37.98574,-121.25066,"SAN JOAQUIN",UNINCORPORATED,-121.25038120000001,37.985800099999999
6401568,2014,2016-01-15,9265,2014-01-01,0235,018716,,3,3,9,3900,0,1,1,,2,502,"RT 5","ROTH RD",900.00,N,N,A,-,Y,SJ,10,5,-,R,19.780,H,-,N,Y,2,0,3,2,A,-,01,23152,A,N,D,C,A,A,H,-,D,D,1,,,,,Y,Y,A,01,1,1,1,0,0,0,0,0,0,"- ","- ",37.859430000000003,-121.28086999999999,"SAN JOAQUIN",UNINCORPORATED,-121.28122617,37.858169799999999
6417081,2014,2014-07-09,9266,2014-03-04,1435,13608,,2,2,9,3900,0,3,5,,2,002,"W SCHULTE RD","MOUNTAIN HOUSE PKWY",0.00,E,N,A,-,N,,,,,,,,,,Y,2,0,2,2,A,-,03,22350,,N,D,C,A,A,H,-,A,D,0,,,,,Y,,A,01,1,0,1,0,0,0,0,0,0,"- ","- ",37.721980000000002,-121.52995,"SAN JOAQUIN",UNINCORPORATED,-121.53174993,37.72221991
6424155,2014,2016-02-22,9266,2014-02-25,0050,18365,,2,3,9,3900,0,1,1,,2,014,"RT 205","MTN HOUSE PKWY",500.00,W,N,A,-,Y,SJ,10,205,-,-,1.178,R,2,E,Y,2,0,1,1,A,-,08,22107,,N,F,A,A,A,H,-,C,D,1,,,,,Y,,A,07,1,0,0,0,0,0,0,0,0,"- ","- ",37.741779999999999,-121.53376,"SAN JOAQUIN",UNINCORPORATED,-121.53494138000001,37.742614840000002
6433794,2014,2016-03-05,9265,2014-03-22,1516,17405,,6,2,9,3900,0,1,3,,1,092,"RT 12","DEVRIES RD",1267.00,E,N,A,-,Y,SJ,10,12,-,-,11.900,H,-,E,Y,2,0,2,3,A,-,03,22350,,N,C,C,A,A,H,-,A,D,0,,,,,Y,,A,08,1,1,0,0,0,0,0,0,0,"- ","- ",38.115650000000002,-121.34805,"SAN JOAQUIN",UNINCORPORATED,-121.36633596999999,38.116009200000001
6433798,2014,2016-01-29,9265,2014-03-25,1150,018836,,2,1,9,3900,0,1,3,,1,062,"RT 88","KETTLEMAN LN",4277.00,E,N,A,-,Y,SJ,10,88,-,-,11.450,H,-,E,Y,2,0,1,1,A,-,01,23152,B,N,E,I,A,A,H,-,A,D,0,,,,,Y,Y,A,07,1,0,0,0,0,0,0,0,0,"- ","- ",38.127490000000002,-121.16842,"SAN JOAQUIN",UNINCORPORATED,-121.16830656,38.127673160000001
6437159,2014,2016-03-01,9265,2014-02-24,1315,018590,,1,1,9,3900,0,1,3,,2,004,"RT 99","MORADA LN",1690.00,N,N,A,-,Y,SJ,10,99,-,-,24.360,H,-,S,Y,2,0,2,1,A,-,08,22107,,N,E,I,A,A,H,-,A,D,1,,,,,Y,,A,01,1,0,1,0,0,0,0,0,0,"- ","- ",38.041690000000003,-121.25884000000001,"SAN JOAQUIN",UNINCORPORATED,-121.25857370999999,38.04201484
6441805,2014,2014-07-01,9265,2014-02-22,1052,15408,,6,1,9,3900,0,2,4,,1,053,"WILSON WY","E ST",3.00,E,N,A,-,N,,,,,,,,,,Y,2,0,2,2,A,-,09,21802,A,N,D,C,A,A,H,-,A,A,0,,,Y,,Y,,A,08,1,1,0,0,0,0,0,0,1,"- ","- ",37.984960000000001,-121.27007,"SAN JOAQUIN",UNINCORPORATED,-121.27033,37.985069000000003
6444262,2014,2014-07-07,9265,2014-03-17,1905,18511,,1,2,9,3900,0,3,5,,2,060,"N MCINTIRE RD","RT 12",600.00,,N,A,-,N,,,,,,,,,,N,2,0,1,1,C,-,18,,,N,H,A,A,A,H,-,A,D,0,,,,,Y,,-,"- ",1,0,0,0,0,0,0,0,0,"- ","- ",38.202979999999997,-121.03719,"SAN JOAQUIN",UNINCORPORATED,-121.03712991,38.201249959999998
6451252,2014,2015-12-21,9265,2014-04-02,0114,15174,,3,3,9,3900,0,3,5,,2,060,"MACKVILLE RD","RT 88",421.00,N,N,B,C,N,,,,,,,,,,Y,2,0,1,1,A,-,01,23152,A,N,E,I,A,B,H,-,D,D,0,,,,,Y,Y,D,22,1,0,0,0,0,0,0,0,0,"- ","- ",38.235900000000001,-121.0813,"SAN JOAQUIN",UNINCORPORATED,-121.08675599999999,38.192391999999998
6451765,2014,2014-07-10,9265,2014-04-03,1502,017856,,4,2,9,3900,0,2,4,,1,091,"THORNTON RD","EL CAMINO AV",170.00,N,N,A,-,N,,,,,,,,,,Y,2,0,4,4,A,-,08,22107,,N,A,C,A,A,H,-,A,D,0,,,,,Y,,A,07,2,0,2,0,0,0,0,0,0,"- ","- ",38.02317,-121.327,"SAN JOAQUIN",UNINCORPORATED,-121.32702358,38.023039619999999
6451776,2014,2014-07-10,9265,2014-04-12,1429,18488,,6,2,9,3900,0,3,5,,2,030,"MARIPOSA RD","POCK LN",150.00,E,N,A,-,N,,,,,,,,,,Y,2,0,1,1,A,-,08,22107,,N,E,I,A,A,H,-,A,D,0,,,,,Y,,D,22,1,0,0,0,0,0,0,0,0,"- ","- ",37.941510000000001,-121.24936,"SAN JOAQUIN",UNINCORPORATED,-121.24966612999999,37.941732739999999
6451795,2014,2015-12-21,9265,2014-04-20,1421,18477,,7,2,9,3900,0,3,5,,2,010,"S VAN ALLEN RD","RT 120",1130.00,S,N,A,-,N,,,,,,,,,,Y,2,0,3,2,A,-,06,21750,,N,B,C,A,A,H,-,A,D,0,,,,,Y,,D,22,1,1,1,0,0,0,0,0,0,"- ","- ",37.795229999999997,-121.05195999999999,"SAN JOAQUIN",UNINCORPORATED,-121.05200219,37.795377649999999
6485000,2014,2015-12-29,9266,2014-05-04,0512,18751,,7,3,9,3900,0,1,1,,2,014,"RT 205","11TH ST",1206.00,W,N,A,-,Y,SJ,10,205,-,R,3.130,H,-,E,Y,1,1,2,2,A,-,08,22107,,N,C,E,A,A,H,-,D,D,1,,,,Y,Y,,A,01,0,0,2,0,0,0,0,0,0,"- ","- ",37.740459999999999,-121.49648000000001,"SAN JOAQUIN",UNINCORPORATED,-121.49999472,37.740456850000001
6486526,2014,2014-07-28,3906,2014-05-26,1933,1395,,1,5,5,3906,0,0,0,,0,002,"TRACY BL","SCHULTE RD",0.00,,Y,A,-,N,,,,,,,,,,Y,2,0,8,3,A,-,12,21453,A,N,D,C,A,A,H,-,B,A,0,,,,,Y,,D,22,1,3,4,0,0,0,0,0,0,"- ","- ",,,"SAN JOAQUIN",TRACY,-121.43485993,37.725209890000002
6498512,2014,2014-07-18,9265,2014-04-14,1010,018661,,1,1,9,3900,0,2,4,,1,014,"MARIPOSA RD","ESCALON BELLOTA RD",0.00,,Y,A,-,N,,,,,,,,,,N,2,0,2,2,A,-,09,21802,A,N,D,C,A,A,H,-,A,D,0,,,,,Y,,A,07,1,0,1,0,0,0,0,0,0,"- ","- ",37.834350000000001,-121.99791999999999,"SAN JOAQUIN",UNINCORPORATED,-120.998029,37.834293000000002
6499914,2014,2016-04-09,9265,2014-05-21,1203,16581,,3,1,9,3900,0,1,3,,1,041,"RT 4","WHISKEY SLOUGH RD",1056.00,E,N,A,-,Y,SJ,10,4,-,R,8.780,H,-,E,Y,2,0,2,5,A,-,04,21703,,N,C,C,A,A,H,-,A,D,0,,,,Y,Y,,A,01,1,0,1,0,0,0,0,0,0,"- ","- ",37.92718,-121.42542,"SAN JOAQUIN",UNINCORPORATED,-121.42692577,37.926899149999997
6503701,2014,2014-07-26,9266,2014-05-04,2117,18751,,7,2,9,3900,0,2,4,,2,032,"BYRON RD","GREAT VALLEY PKWY",1854.00,N,N,A,-,N,,,,,,,,,,N,2,0,1,2,D,-,00,,,F,G,B,E,A,H,-,D,D,0,Y,,,,Y,,-,"- ",1,0,0,0,1,0,0,0,0,"- ","- ",37.797919999999998,-121.55544,"SAN JOAQUIN",UNINCORPORATED,-121.55544,37.797919999999998
6505998,2014,2014-07-30,9265,2014-05-11,1005,016479,,7,1,9,3900,0,1,1,,2,505,"RT 5","PELTIER RD",4752.00,N,N,A,-,Y,,,5,,,,,,,Y,2,0,1,1,A,-,07,21658,A,N,E,I,A,A,H,-,A,D,0,,,,,Y,,A,07,1,0,0,0,0,0,0,0,0,"- ","- ",38.202249999999999,-121.41361999999999,"SAN JOAQUIN",UNINCORPORATED,-121.41366841,38.20221566
6511573,2014,2014-07-31,9265,2014-05-27,0800,018289,,2,1,9,3900,0,2,4,,1,052,"CHEROKEE RD","ASHLEY LN",0.00,,Y,A,-,N,,,,,,,,,,Y,2,0,3,2,A,-,12,22450,A,N,D,C,A,A,H,-,A,A,0,,,,,Y,,D,22,2,1,0,0,0,0,0,0,0,"- ","- ",38.019089999999998,-121.22102,"SAN JOAQUIN",UNINCORPORATED,-121.22098995,38.019099990000001
6515753,2014,2014-08-12,9266,2014-06-10,0520,018217,,2,3,9,3900,0,2,4,,2,013,"BYRON RD","W GRANT LINE RD",0.00,,Y,A,-,N,,,,,,,,,,Y,2,0,2,2,A,-,09,21801,A,N,D,C,A,A,H,-,B,D,0,,,,,Y,,A,07,1,1,0,0,0,0,0,0,0,"- ","- ",37.758420000000001,-121.49202,"SAN JOAQUIN",UNINCORPORATED,-121.48485992000001,37.753959989999998
6516849,2014,2016-04-09,9265,2014-06-08,1409,018289,,7,2,9,3900,0,1,3,,2,004,"RT 99","CHEROKEE RD",1358.00,S,N,A,-,Y,SJ,10,99,-,-,20.630,H,-,S,Y,2,0,2,1,A,-,08,22107,,N,E,I,A,A,H,-,A,D,1,,,,,Y,,A,01,1,0,1,0,0,0,0,0,0,"- ","- ",37.988500000000002,-121.25149,"SAN JOAQUIN",UNINCORPORATED,-121.25147413000001,37.98869543
6516863,2014,2014-08-11,9265,2014-06-01,1435,018836,,7,2,9,3900,0,3,5,,2,060,"LIBERTY RD","DUSTIN RD",0.00,,Y,A,-,N,,,,,,,,,,Y,2,0,4,3,A,-,09,21801,A,N,D,C,A,A,H,-,A,D,0,,,,,Y,,A,01,1,1,2,0,0,0,0,0,0,"- ","- ",38.234059999999999,-121.22673,"SAN JOAQUIN",UNINCORPORATED,-121.22673987,38.234039889999998
6516869,2014,2016-04-09,9265,2014-06-14,0127,18955,,6,3,9,3900,0,1,3,,1,092,"RT 12","FLAG CITY BL",410.00,W,N,A,-,Y,SJ,10,12,-,-,10.820,H,-,W,Y,2,0,3,1,A,-,01,23152,A,N,F,A,A,A,H,-,C,D,0,,,,,Y,Y,A,07,2,0,1,0,0,0,0,0,0,"- ","- ",38.116280000000003,-121.38741,"SAN JOAQUIN",UNINCORPORATED,-121.3860885,38.116149350000001
6517054,2014,2014-08-20,9265,2014-06-15,0350,018525,,7,3,9,3900,0,2,4,,1,022,"UNION RD","FRENCH CAMP RD",2232.00,S,N,A,-,N,,,,,,,,,,Y,2,0,1,1,A,-,01,23152,A,N,E,I,A,A,H,-,D,D,0,,,,,Y,Y,D,22,1,0,0,0,0,0,0,0,0,"- ","- ",37.859540000000003,-121.23703999999999,"SAN JOAQUIN",UNINCORPORATED,-121.23719493999999,37.859253279999997
6518483,2014,2014-07-31,9265,2014-05-18,2323,017021,,7,3,9,3900,0,3,5,,2,070,"MARCH LN","BROOKSIDE LN",5280.00,W,N,A,-,N,,,,,,,,,,Y,2,0,1,1,A,-,08,22107,,N,E,I,A,A,H,-,D,D,0,,,,,Y,,A,01,1,0,0,0,0,0,0,0,0,"- ","- ",38.129800000000003,-121.9898,"SAN JOAQUIN",UNINCORPORATED,-121.36750478,37.977472540000001
6518527,2014,2016-04-09,9265,2014-05-26,0107,018511,,1,3,9,3900,0,3,5,,2,060,"BEYER LN","RT 26",100.00,N,N,A,-,Y,SJ,10,26,-,-,2.260,I,6,W,Y,2,0,1,1,A,-,01,23152,B,N,F,A,A,A,H,-,D,D,0,,,,,Y,Y,A,07,1,0,0,0,0,0,0,0,0,"- ","- ",37.976019999999998,-121.22586,"SAN JOAQUIN",UNINCORPORATED,-121.22584907,37.975694830000002
6518531,2014,2015-12-21,9265,2014-05-26,0242,015174,,1,3,9,3900,0,3,5,,2,050,"DIRT RD IN STOCKTON DIVERTING CANAL","RT 99",60.00,E,N,A,-,N,,,,,,,,,,N,2,0,2,3,B,-,22,,,F,G,B,E,A,H,-,D,D,0,Y,,,,Y,,A,01,2,0,0,0,2,0,0,0,0,"- ","- ",37.585799999999999,-121.015,"SAN JOAQUIN",UNINCORPORATED,,
6518547,2014,2016-04-11,9265,2014-05-27,1627,018289,,2,2,9,3900,0,1,3,,2,004,"RT 99","EIGHT MILES RD",3590.00,N,N,A,-,Y,SJ,10,99,-,-,26.100,R,2,N,Y,2,0,1,1,A,-,08,22107,,N,E,I,A,A,H,-,A,D,1,,,,,Y,,A,01,1,0,0,0,0,0,0,0,0,"- ","- ",38.067160000000001,-121.25949,"SAN JOAQUIN",UNINCORPORATED,-121.25959272,38.067190719999999
6518559,2014,2014-07-31,9265,2014-05-19,2045,018821,,1,2,9,3900,0,1,3,,1,062,"HARNEY LN","CLEMENTS RD",5280.00,W,N,A,-,N,,,,,,,,,,N,2,0,1,1,A,-,01,21200,5,N,E,I,A,A,H,-,B,D,0,,Y,,,Y,Y,L,04,1,0,0,0,0,0,1,0,0,"- ","- ",38.103360000000002,-121.10568000000001,"SAN JOAQUIN",UNINCORPORATED,-121.09649601,38.103510550000003
6523793,2014,2016-04-09,9265,2014-04-06,1445,018836,,7,2,9,3900,0,1,3,,2,004,"RT 99","HAMMER LN",260.00,N,N,A,-,Y,SJ,10,99,-,-,22.905,R,2,N,Y,2,0,4,1,A,-,03,22350,,N,F,A,A,A,H,-,A,D,1,,,,,Y,,A,01,1,2,1,0,0,0,0,0,0,TO,"- ",38.022019999999998,-121.25655,"SAN JOAQUIN",UNINCORPORATED,-121.25808481999999,38.020946590000001
6523830,2014,2014-07-22,9265,2014-04-19,1950,019136,,6,2,9,3900,0,3,5,,2,050,"MYRTLE ST","OLIVE AV",76.00,E,N,A,-,N,,,,,,,,,,Y,2,0,1,1,A,-,08,22107,,N,E,I,A,A,H,-,C,D,0,,,,,Y,,A,01,1,0,0,0,0,0,0,0,0,"- ","- ",37.965470000000003,-121.24009,"SAN JOAQUIN",UNINCORPORATED,-121.23980898000001,37.965573499999998
6523870,2014,2015-03-25,9265,2014-04-01,2100,017039,,2,2,9,3900,0,1,1,,2,505,"RT 5","RT 5 FRONTAGE RD",3168.00,S,N,C,-,Y,SJ,10,5,-,-,37.460,H,-,N,Y,1,1,0,1,A,-,08,22107,,N,E,I,A,B,H,-,C,D,1,,,,,Y,,A,07,0,0,0,0,0,0,0,0,0,"- ","- ",38.096420000000002,-121.3861,"SAN JOAQUIN",UNINCORPORATED,-121.38216214000001,38.088063939999998
6533912,2014,2014-08-22,9265,2014-06-19,2048,19307,9265,4,2,9,3900,0,3,5,,2,050,"ARDELLE AV","CARDINAL AV",600.00,W,N,A,-,N,,,,,,,,,,N,2,0,1,2,A,-,11,21954,A,N,G,B,D,A,H,-,C,D,0,Y,,,,Y,,N,60,1,0,0,0,1,0,0,0,0,"- ","- ",37.962560000000003,-121.22332,"SAN JOAQUIN",UNINCORPORATED,-121.22331629,37.96254983
6565151,2014,2016-04-09,9265,2014-06-28,1255,013515,,6,1,9,3900,0,1,3,,1,061,"RT 26","ALPINE AV",2112.00,W,N,A,-,Y,SJ,10,26,-,-,3.810,H,-,E,Y,2,0,2,1,A,-,01,23152,A,N,E,I,A,A,H,-,A,D,0,,,,,Y,Y,A,01,2,0,0,0,0,0,0,0,0,"- ","- ",37.982300000000002,-121.20124,"SAN JOAQUIN",UNINCORPORATED,-121.19984814999999,37.983645490000001
6565159,2014,2016-04-14,9265,2014-06-27,1840,013515,,5,2,9,3900,0,1,3,,1,016,"RT 120","SEIDNER RD",0.00,,Y,A,-,Y,SJ,10,120,-,-,19.690,I,5,E,Y,2,0,1,2,A,-,03,22350,,N,C,C,A,A,H,-,A,D,0,,,Y,,Y,,C,02,1,0,0,0,0,0,0,0,1,"- ","- ",37.793779999999998,-120.95083,"SAN JOAQUIN",UNINCORPORATED,-120.95081218,37.793884470000002
6591360,2014,2016-04-29,9265,2014-07-20,0213,15872,,7,3,9,3900,0,1,3,,2,001,"RT 99","JACK TONE RD",6864.00,N,N,B,-,Y,SJ,10,99,-,-,3.110,H,-,N,Y,2,0,4,3,A,-,01,23153,B,N,C,C,A,A,H,-,D,D,1,,,,,Y,Y,A,01,3,1,0,0,0,0,0,0,0,"- ","- ",37.767029999999998,-121.16784,"SAN JOAQUIN",UNINCORPORATED,-121.15364270000001,37.758709539999998