CASE_ID,ACCIDENT_YEAR,PROC_DATE,JURIS,COLLISION_DATE,COLLISION_TIME,OFFICER_ID,REPORTING_DISTRICT,DAY_OF_WEEK,CHP_SHIFT,POPULATION,CNTY_CITY_LOC,SPECIAL_COND,BEAT_TYPE,CHP_BEAT_TYPE,CITY_DIVISION_LAPD,CHP_BEAT_CLASS,BEAT_NUMBER,PRIMARY_RD,SECONDARY_RD,DISTANCE,DIRECTION,INTERSECTION,WEATHER_1,WEATHER_2,STATE_HWY_IND,CALTRANS_COUNTY,CALTRANS_DISTRICT,STATE_ROUTE,ROUTE_SUFFIX,POSTMILE_PREFIX,POSTMILE,LOCATION_TYPE,RAMP_INTERSECTION,SIDE_OF_HWY,TOW_AWAY,COLLISION_SEVERITY,NUMBER_KILLED,NUMBER_INJURED,PARTY_COUNT,PRIMARY_COLL_FACTOR,PCF_CODE_OF_VIOL,PCF_VIOL_CATEGORY,PCF_VIOLATION,PCF_VIOL_SUBSECTION,HIT_AND_RUN,TYPE_OF_COLLISION,MVIW,PED_ACTION,ROAD_SURFACE,ROAD_COND_1,ROAD_COND_2,LIGHTING,CONTROL_DEVICE,CHP_ROAD_TYPE,PEDESTRIAN_ACCIDENT,BICYCLE_ACCIDENT,MOTORCYCLE_ACCIDENT,TRUCK_ACCIDENT,NOT_PRIVATE_PROPERTY,ALCOHOL_INVOLVED,STWD_VEHTYPE_AT_FAULT,CHP_VEHTYPE_AT_FAULT,COUNT_SEVERE_INJ,COUNT_VISIBLE_INJ,COUNT_COMPLAINT_PAIN,COUNT_PED_KILLED,COUNT_PED_INJURED,COUNT_BICYCLIST_KILLED,COUNT_BICYCLIST_INJURED,COUNT_MC_KILLED,COUNT_MC_INJURED,PRIMARY_RAMP,SECONDARY_RAMP,LATITUDE,LONGITUDE,COUNTY,CITY,POINT_X,POINT_Y
6591409,2014,2016-04-29,9265,2014-07-21,2002,019413,,1,2,9,3900,0,1,1,,2,503,"RT 5","MARCH LN",4224.00,S,N,B,-,Y,SJ,10,5,-,-,29.190,H,-,N,Y,2,0,1,2,A,-,07,21658,A,N,B,C,A,A,D,-,B,D,1,,,,,Y,,M,47,1,0,0,0,0,0,0,0,0,"- ","- ",37.582689999999999,-121.20202999999999,"SAN JOAQUIN",UNINCORPORATED,-121.33881259,37.973358599999997
6593943,2014,2016-04-28,9265,2014-07-28,0420,18047,,1,3,9,3900,0,1,3,,1,041,"RT 4","INLAND DR",3100.00,W,N,A,-,Y,SJ,10,4,-,-,9.860,H,-,W,Y,2,0,2,2,A,-,06,21751,,N,A,C,A,A,H,-,D,D,0,,,Y,,Y,,A,01,1,0,1,0,0,0,0,0,1,"- ","- ",37.926879999999997,-121.41288,"SAN JOAQUIN",UNINCORPORATED,-121.40833083,37.926887139999998
6596427,2014,2016-04-29,9266,2014-08-12,1934,018324,,2,2,9,3900,0,1,1,,2,021,"RT 580","MPM 580 SJ 1.689",11.00,W,N,A,-,Y,SJ,10,580,-,-,1.690,H,-,W,Y,2,0,4,1,A,-,08,22107,,N,E,I,A,A,H,-,A,D,1,,,,,Y,,A,01,1,3,0,0,0,0,0,0,0,"- ","- ",37.614519999999999,-121.36436,"SAN JOAQUIN",UNINCORPORATED,-121.36464248999999,37.615008840000002
6606095,2014,2015-12-29,9265,2014-05-10,0230,18784,,6,3,9,3900,0,1,3,,2,004,"RT 99","ARMSTRONG RD",1355.00,N,N,A,-,Y,SJ,10,99,-,-,27.770,H,-,S,Y,1,1,0,1,A,-,01,23152,A,N,E,I,A,A,H,-,D,D,1,,,,,Y,Y,D,22,0,0,0,0,0,0,0,0,0,"- ","- ",38.090229999999998,-121.26014000000001,"SAN JOAQUIN",UNINCORPORATED,-121.26017290999999,38.09129995
6606096,2014,2015-12-29,9265,2014-05-14,1424,15604,,3,2,9,3900,0,1,3,,1,066,"RT 26","FINE RD",0.00,,Y,A,-,Y,SJ,10,26,-,-,12.670,I,5,E,Y,1,2,1,2,A,-,12,22450,A,N,D,C,A,A,H,-,A,A,0,,,,,Y,Y,A,01,1,0,0,0,0,0,0,0,0,"- ","- ",38.031680000000001,-121.05,"SAN JOAQUIN",UNINCORPORATED,-121.05014703000001,38.031841069999999
6606099,2014,2015-12-29,9265,2014-05-25,1325,18477,,7,1,9,3900,0,2,4,,1,014,"MARIPOSA RD","JACK TONE RD",1584.00,W,N,A,-,N,,,,,,,,,,Y,1,1,3,1,A,-,01,23152,F,N,E,I,A,A,A,H,A,D,0,,,,,Y,Y,D,22,0,3,0,0,0,0,0,0,0,"- ","- ",37.906610000000001,-121.15226,"SAN JOAQUIN",UNINCORPORATED,-121.15240584999999,37.906629029999998
6606180,2014,2014-09-29,9266,2014-06-08,0230,19312,,7,3,9,3900,0,1,3,,1,011,"RT 4","POWER POLE 17548",450.00,E,N,A,-,Y,SJ,10,4,-,-,2.280,H,-,W,Y,1,1,0,1,A,-,08,22107,,N,E,I,A,A,H,-,D,D,0,,,,,Y,,A,07,0,0,0,0,0,0,0,0,0,"- ","- ",37.890050000000002,-121.53043,"SAN JOAQUIN",UNINCORPORATED,-121.52892543,37.890074980000001
6606186,2014,2015-12-18,9266,2014-06-26,0355,13668,,4,3,9,3900,0,1,1,,2,021,"RT 580","HOSPITAL CRK",5.00,E,N,B,-,Y,SJ,10,580,-,-,0.540,H,-,E,Y,1,1,0,1,A,-,08,22107,,N,E,I,A,A,H,-,D,D,1,,,,,Y,Y,A,01,0,0,0,0,0,0,0,0,0,"- ","- ",37.602890000000002,-121.34950000000001,"SAN JOAQUIN",UNINCORPORATED,-121.34928248999999,37.602793339999998
6616343,2014,2016-04-28,9265,2014-08-27,1546,18955,,3,2,9,3900,0,1,3,,1,092,"RT 12","PEATLAND RD",1056.00,W,N,A,-,Y,SJ,10,12,-,-,6.780,H,-,W,Y,2,0,1,2,A,-,01,23152,E,N,B,C,A,A,H,-,A,D,0,,,,Y,Y,,A,01,1,0,0,0,0,0,0,0,0,"- ","- ",38.115310000000001,-121.46066,"SAN JOAQUIN",UNINCORPORATED,-121.45997812,38.115383190000003
6625815,2014,2016-04-09,9265,2014-08-15,0010,019657,,5,3,6,3905,0,1,3,,2,004,"RT 99","ARMSTRONG RD",405.00,S,N,A,-,Y,SJ,10,99,-,-,27.420,H,-,N,Y,2,0,2,1,A,-,08,22107,,N,E,C,A,A,H,-,D,D,1,,,,,Y,,A,01,1,1,0,0,0,0,0,0,0,"- ","- ",38.086320000000001,-121.25978000000001,"SAN JOAQUIN",STOCKTON,-121.25990985,38.086228749999997
6625843,2014,2016-04-29,9265,2014-08-09,1245,17405,,6,1,9,3900,0,1,3,,1,011,"RT 120","CARROLTON RD",0.00,,Y,A,-,Y,SJ,10,120,-,-,12.830,I,5,E,Y,2,0,3,2,A,-,09,21802,A,N,D,C,A,A,H,-,A,D,0,,,,,Y,,A,01,1,0,2,0,0,0,0,0,0,"- ","- ",37.749310000000001,-121.13813,"SAN JOAQUIN",UNINCORPORATED,-121.07040884,37.798244019999998
6625871,2014,2014-09-24,9265,2014-08-07,0604,018784,,4,1,9,3900,0,2,4,,1,014,"JACK TONE RD","MARIPOSA RD",3168.00,N,N,A,-,N,,,,,,,,,,Y,2,0,2,1,A,-,08,22107,,N,F,A,A,A,H,-,B,D,0,,,,,Y,,A,01,1,0,1,0,0,0,0,0,0,"- ","- ",37.919829999999997,-121.14774,"SAN JOAQUIN",UNINCORPORATED,-121.14744376,37.913729449999998
6628801,2014,2014-09-25,9265,2014-08-17,0050,017021,,7,3,9,3900,0,3,5,,2,090,"TURNER RD","RAY RD",200.00,W,N,A,-,N,,,,,,,,,,Y,2,0,1,1,A,-,01,23153,B,N,E,I,A,A,H,-,D,D,0,,,,,Y,Y,A,01,1,0,0,0,0,0,0,0,0,"- ","- ",38.238190000000003,-121.23987,"SAN JOAQUIN",UNINCORPORATED,-121.37187546,38.145827769999997
6628865,2014,2014-09-25,9265,2014-08-14,1650,018525,,4,2,9,3900,0,2,4,,1,014,"LONE TREE RD","CARROLTON RD",1584.00,E,N,A,-,N,,,,,,,,,,Y,2,0,5,1,A,-,08,22107,,N,F,A,A,A,H,-,A,D,0,,,,,Y,,A,07,2,2,1,0,0,0,0,0,0,"- ","- ",37.827399999999997,-121.06281,"SAN JOAQUIN",UNINCORPORATED,-121.06590593999999,37.827348710000003
6628869,2014,2014-09-25,9265,2014-08-13,2200,019178,,3,3,9,3900,0,2,4,,1,093,"LOWER SACRAMENTO RD","WOODBRIDGE RD",2112.00,N,N,A,-,N,,,,,,,,,,Y,2,0,1,1,A,-,08,22107,,N,F,A,A,A,H,-,D,D,0,,,,,Y,,A,07,1,0,0,0,0,0,0,0,0,"- ","- ",38.165880000000001,-121.0295,"SAN JOAQUIN",UNINCORPORATED,-121.29489857999999,38.165927279999998
6629023,2014,2016-04-28,9265,2014-08-23,2335,018850,,6,3,9,3900,0,1,3,,1,062,"RT 88","MACKVILLE RD",51.00,W,N,A,-,Y,SJ,10,88,-,-,18.070,H,-,W,N,2,0,1,2,A,-,11,21954,A,F,G,B,D,A,H,-,C,D,0,Y,,,,Y,Y,N,60,1,0,0,0,1,0,0,0,0,"- ","- ",38.191209999999998,-121.08659,"SAN JOAQUIN",UNINCORPORATED,-121.08654085000001,38.191215399999997
6629068,2014,2016-04-29,9265,2014-08-28,1110,015756,,4,1,9,3900,0,1,3,,2,003,"RT 99","MYRTLE ST",353.00,S,N,A,-,Y,SJ,10,99,-,-,18.882,R,2,S,Y,2,0,1,1,A,-,08,22107,,N,E,I,A,A,H,-,A,D,1,,,,,Y,,A,01,1,0,0,0,0,0,0,0,0,TO,"- ",37.963009999999997,-121.24319,"SAN JOAQUIN",UNINCORPORATED,-121.24321506,37.964472049999998
6629983,2014,2014-09-29,9265,2014-08-11,1721,019413,,1,2,9,3900,0,2,4,,1,051,"EAST MAIN ST","FLOWER ST",0.00,,Y,A,-,N,,,,,,,,,,Y,2,0,3,2,A,-,09,21801,A,N,D,C,A,A,H,-,A,D,0,,,,,Y,,A,07,1,2,0,0,0,0,0,0,0,"- ","- ",37.573140000000002,-121.13012000000001,"SAN JOAQUIN",UNINCORPORATED,-121.21667999,37.958819980000001
6633675,2014,2016-01-15,9265,2014-09-01,1625,018488,,1,2,9,3900,0,3,5,,2,090,"RT 99","COLLIER RD",800.00,N,N,A,-,N,,,,,,,,,,Y,2,0,1,1,A,-,01,23152,A,N,E,I,A,A,H,-,A,D,0,,,,,Y,Y,D,22,1,0,0,0,0,0,0,0,0,"- ","- ",38.219700000000003,-121.2728,"SAN JOAQUIN",UNINCORPORATED,-121.27234678000001,38.220354370000003
6648275,2014,2014-11-24,9266,2014-10-03,1225,014808,,5,1,9,3900,0,1,1,,2,021,"RT 580","LONE TREE CRK",582.00,W,N,A,-,Y,,,580,,,,,,,Y,2,0,2,1,A,-,08,22107,,N,E,I,A,A,H,-,A,D,0,,,,,Y,,A,07,1,1,0,0,0,0,0,0,0,"- ","- ",37.616030000000002,-121.36664,"SAN JOAQUIN",UNINCORPORATED,-121.36657938,37.61610855
6658260,2014,2016-04-28,9265,2014-09-21,0135,017989,,7,3,9,3900,0,1,3,,2,006,"RT 99","LIBERTY RD",3168.00,S,N,B,-,Y,SJ,10,99,-,-,37.220,H,-,S,Y,2,0,2,1,A,-,01,23152,E,N,E,I,A,A,H,-,D,D,1,,,,,Y,,D,22,2,0,0,0,0,0,0,0,0,"- ","- ",38.225099999999998,-121.2754,"SAN JOAQUIN",UNINCORPORATED,-121.27531700999999,38.225483429999997
6670429,2014,2014-11-07,9265,2014-09-17,1845,017989,,3,2,9,3900,0,3,5,,2,010,"RIVER RD","SEXTON RD",1266.00,W,N,A,-,N,,,,,,,,,,N,2,0,3,5,A,-,"- ",,,N,C,G,A,A,H,-,B,D,0,,Y,,,Y,Y,D,22,1,1,1,0,0,0,3,0,0,"- ","- ",37.75508,-121.03706,"SAN JOAQUIN",UNINCORPORATED,-121.03708813999999,37.755053529999998
6670706,2014,2016-04-28,9265,2014-09-22,1235,018836,,1,1,9,3900,0,1,3,,1,041,"RT 4","MAYBECK RD",2112.00,W,N,A,-,Y,SJ,10,4,-,-,11.210,H,-,E,Y,2,0,4,2,A,-,08,22107,,N,B,C,A,A,D,-,A,D,0,,,,,Y,Y,A,07,1,2,1,0,0,0,0,0,0,"- ","- ",37.926760000000002,-121.38185,"SAN JOAQUIN",UNINCORPORATED,-121.38391418,37.926891570000002
6670737,2014,2016-04-29,9265,2014-09-22,2026,019906,,1,2,9,3900,0,1,3,,1,011,"RT 120","SOUTH ARBOREAL WY",1584.00,W,N,A,-,Y,SJ,10,120,-,-,11.150,H,-,E,Y,2,0,2,2,A,-,09,21804,A,N,D,C,A,A,H,-,D,D,0,,,,,Y,,A,01,1,0,1,0,0,0,0,0,0,"- ","- ",37.798189999999998,-121.09998,"SAN JOAQUIN",UNINCORPORATED,-121.10100811,37.797968570000002
6672127,2014,2014-11-13,3902,2014-09-13,2102,71,,6,5,5,3902,0,0,0,,0,,"E TURNER RD","COLOMA ST",20.00,W,N,A,-,N,,,,,,,,,,Y,2,0,1,1,A,-,01,23152,A,N,E,I,A,A,H,-,C,D,0,,,,,Y,Y,A,01,1,0,0,0,0,0,0,0,0,"- ","- ",,,"SAN JOAQUIN",LODI,-121.26686955,38.145780000000002
6678092,2015,2017-03-30,3902,2015-06-19,2133,16,,5,5,5,3902,0,0,0,,0,,"SOUTH CHEROKEE LN","MAPLE ST",50.00,N,N,A,-,N,,,,,,,,,,Y,1,1,0,2,A,-,11,21954,A,N,G,B,D,A,H,-,C,A,0,Y,,,,Y,Y,N,60,0,0,0,1,0,0,0,0,0,"- ","- ",,,"SAN JOAQUIN",LODI,-121.26058,38.125367310000001
6678093,2015,2017-03-30,3903,2015-06-21,2044,1751,,7,5,4,3903,0,0,0,,0,,"LATHROP RD","AIRPORT WY",0.00,,Y,A,-,N,,,,,,,,,,Y,1,1,3,2,A,-,01,23152,A,N,A,C,A,A,H,-,B,A,0,,,,,Y,Y,A,01,3,0,0,0,0,0,0,0,0,"- ","- ",,,"SAN JOAQUIN",MANTECA,-121.25377998,37.826509979999997
6678101,2015,2016-02-18,3905,2015-07-30,2020,1295,VAL,4,5,6,3905,0,0,0,,0,,"KNICKERBOCKER DR","MONTAUBAN AV",400.00,W,N,A,-,N,,,,,,,,,,Y,1,1,0,1,A,-,03,22350,,N,E,I,A,A,H,-,C,D,0,,,Y,,Y,,C,02,0,0,0,0,0,0,0,1,0,"- ","- ",38.022260000000003,-121.29019,"SAN JOAQUIN",STOCKTON,-121.29129869,38.022269999999999
6678129,2015,2016-02-18,3905,2015-11-19,2249,2008,SEA,4,5,6,3905,0,0,0,,0,,"WILLIAM MOSS BL","BOO LN",61.00,E,N,B,-,N,,,,,,,,,,N,1,1,0,1,A,-,03,22350,,N,F,-,A,A,H,-,D,D,0,,,Y,,Y,,C,03,0,0,0,0,0,0,0,1,0,"- ","- ",37.910649999999997,-121.32172,"SAN JOAQUIN",STOCKTON,-121.32157377999999,37.910287570000001
6678176,2017,2019-04-05,3905,2017-04-04,1058,2133,LAK,2,5,6,3905,0,0,0,,0,,"HAMMER LN","ALEXANDRIA PL",182.00,E,N,A,-,N,,,,,,,,,,Y,1,2,4,6,A,-,03,22350,,N,B,C,A,A,H,-,A,A,0,,Y,,,Y,,A,01,1,1,2,0,0,0,1,0,0,"- ","- ",38.021520000000002,-121.33642,"SAN JOAQUIN",STOCKTON,-121.33611000000001,38.021000000000001
6678194,2017,2018-01-18,3905,2017-09-25,2226,1532,LAK,1,5,6,3905,0,0,0,,0,,"PACIFIC AV","LINCOLN RD",143.00,S,N,A,-,N,,,,,,,,,,Y,1,1,0,1,A,-,01,23152,F,N,E,I,A,A,H,-,C,A,0,,,,,Y,,D,22,0,0,0,0,0,0,0,0,0,"- ","- ",38.013939999999998,-121.32207,"SAN JOAQUIN",STOCKTON,-121.32161116,38.01336534
6678202,2017,2019-04-05,3905,2017-10-24,0506,2015,CIV,2,5,6,3905,0,0,0,,0,,"BUDD PL","SAN JOAQUIN ST",32.00,,N,A,-,N,,,,,,,,,,N,1,1,0,2,A,-,21,22106,,N,G,B,E,A,H,-,C,D,0,Y,,,Y,Y,Y,F,27,0,0,0,1,0,0,0,0,0,"- ","- ",37.954650000000001,-121.28755,"SAN JOAQUIN",STOCKTON,-121.28759991,37.954679910000003
6678353,2017,2018-01-24,3905,2017-09-09,2025,1536,SEA,6,5,6,3905,0,0,0,,0,,"CAROLYN WESTON BL","MCDOUGALD BL",10.00,W,N,A,-,N,,,,,,,,,,Y,1,1,0,2,A,-,12,21453,A,N,G,B,B,A,H,-,C,A,0,Y,,,,Y,,A,01,0,0,0,1,0,0,0,0,0,"- ","- ",37.911430000000003,-121.29745,"SAN JOAQUIN",STOCKTON,-121.29754465000001,37.911270889999997
6693699,2014,2014-12-08,9265,2014-10-02,1815,013515,,4,2,9,3900,0,1,3,,1,041,"RT 4","INLAND DR",36960.00,E,N,A,-,Y,,,4,,,,,,,Y,2,0,3,3,A,-,08,22107,,N,A,C,A,A,D,-,A,D,0,,,,,Y,,A,01,1,2,0,0,0,0,0,0,0,"- ","- ",37.926929999999999,-121.38455,"SAN JOAQUIN",UNINCORPORATED,-121.38454991,37.926890049999997
6699063,2014,2014-11-17,9265,2014-10-03,2212,13193,,5,3,9,3900,0,3,5,,2,090,"DEVRIES RD","THORNTON RD",199.00,E,N,A,-,N,,,,,,,,,,Y,2,0,1,1,A,-,01,23152,A,N,E,J,A,A,H,-,D,D,0,,,Y,,Y,Y,C,02,1,0,0,0,0,0,0,0,1,"- ","- ",38.075020000000002,-121.0352,"SAN JOAQUIN",UNINCORPORATED,-121.35225024,38.075179759999997
6701503,2014,2014-12-08,9265,2014-10-18,0150,18850,,6,3,9,3900,0,3,5,,2,060,"CONFER RD","BAKER RD",3080.00,S,N,A,-,N,,,,,,,,,,Y,2,0,1,1,A,-,01,23152,A,N,E,I,A,A,H,-,D,D,0,,,,,Y,Y,D,22,1,0,0,0,0,0,0,0,0,"- ","- ",38.020690000000002,-121.19049,"SAN JOAQUIN",UNINCORPORATED,-121.190505,38.020504989999999
6701508,2014,2014-11-25,9265,2014-10-29,1112,015756,,3,1,6,3905,0,1,3,,1,042,"RT 4","RT 99",0.00,,N,A,-,Y,,,4,,,,,,,Y,2,0,1,1,A,-,08,22107,,N,E,I,A,A,H,-,A,D,0,,,,Y,Y,,G,25,1,0,0,0,0,0,0,0,0,TO,"- ",37.960799999999999,-121.24239,"SAN JOAQUIN",STOCKTON,-121.24270000999999,37.961285259999997
6701540,2014,2014-12-11,9265,2014-10-29,1325,013325,,3,1,9,3900,0,3,5,,2,010,"MARIPOSA RD","STAGECOACH RD",400.00,E,N,A,-,N,,,,,,,,,,Y,2,0,3,3,A,-,03,22350,,N,G,B,E,A,D,-,A,D,0,Y,,,,Y,,D,22,1,0,2,0,1,0,0,0,0,"- ","- ",37.93159,-121.22685,"SAN JOAQUIN",UNINCORPORATED,-121.22697530000001,37.931456019999999
6701549,2014,2014-12-08,9265,2014-10-24,2035,17989,,5,2,9,3900,0,3,5,,2,010,"MURPHY RD","MELLO RD",1584.00,S,N,A,-,N,,,,,,,,,,Y,2,0,3,2,A,-,03,22350,,N,B,C,A,A,H,-,D,D,0,,,Y,,Y,,C,02,1,0,2,0,0,0,0,0,1,"- ","- ",37.768949999999997,-121.10654,"SAN JOAQUIN",UNINCORPORATED,-121.10621985,37.767871290000002
6701941,2014,2014-12-09,9265,2014-10-30,1818,019336,,4,2,9,3900,0,3,5,,2,070,"HARRISBURG PL","SHERIDAN WY",0.00,,Y,A,-,N,,,,,,,,,,Y,2,0,1,2,A,-,09,21801,A,N,F,A,A,A,H,-,B,A,0,,,Y,,Y,,A,01,1,0,0,0,0,0,0,0,1,"- ","- ",38.006439999999998,-121.33389,"SAN JOAQUIN",UNINCORPORATED,-121.33376989,38.0063599
6706749,2014,2016-02-17,9265,2014-10-09,0820,013325,,4,1,9,3900,0,3,5,,2,010,"RT 99","LATHROP RD",500.00,N,N,A,-,N,,,,,,,,,,N,2,0,1,2,A,-,08,22107,,F,G,B,E,A,H,-,A,D,0,Y,,,,Y,,-,,1,0,0,0,1,0,0,0,0,"- ","- ",37.827550000000002,-121.21536,"SAN JOAQUIN",UNINCORPORATED,-121.22058403,37.827945710000002
6706773,2014,2014-11-21,9265,2014-10-13,2205,016661,,1,3,6,3905,0,1,3,,1,042,"RT 4","WEBER AV",1056.00,S,N,A,-,Y,,,,,,,,,,Y,2,0,4,1,A,-,01,23152,A,F,E,I,A,A,H,-,D,D,0,,,,,Y,Y,A,01,1,3,0,0,0,0,0,0,0,TO,"- ",37.949800000000003,-121.30070000000001,"SAN JOAQUIN",STOCKTON,,
6707352,2014,2014-12-03,9265,2014-10-26,2156,018511,,7,2,9,3900,0,3,5,,2,060,"FRAZIER RD","TULLY RD",0.00,,Y,A,-,N,,,,,,,,,,Y,2,0,1,1,A,-,01,23152,A,N,E,I,A,A,H,-,D,D,0,,,Y,,Y,Y,C,02,1,0,0,0,0,0,0,0,1,"- ","- ",38.073810000000002,-121.12406,"SAN JOAQUIN",UNINCORPORATED,-121.12402996,38.073789929999997
6718188,2014,2015-03-10,9265,2014-11-22,0255,18850,,6,3,9,3900,0,2,4,,1,093,"THORNTON RD","DEVRIES RD",800.00,S,N,B,-,N,,,,,,,,,,Y,1,1,1,1,A,-,01,23152,A,N,F,J,A,B,H,-,D,D,0,,,,,Y,Y,A,01,1,0,0,0,0,0,0,0,0,"- ","- ",38.07311,-121.35201000000001,"SAN JOAQUIN",UNINCORPORATED,-121.35199319,38.072740320000001
6718423,2014,2015-12-29,9265,2014-07-23,0700,18784,,3,1,9,3900,0,2,4,,1,012,"JACK TONE RD","LOUISE AV",0.00,,Y,A,-,N,,,,,,,,,,Y,1,1,1,2,A,-,09,21802,A,N,D,C,A,A,H,-,A,D,0,,,,,Y,Y,A,01,1,0,0,0,0,0,0,0,0,"- ","- ",37.81194,-121.14366,"SAN JOAQUIN",UNINCORPORATED,-121.14375994,37.812199980000003
6718445,2014,2014-12-18,9265,2014-07-29,1453,19182,,2,2,9,3900,0,1,3,,2,001,"RT 99","AUSTIN RD",20.00,N,N,A,-,Y,SJ,10,99,-,-,4.890,H,-,S,Y,1,1,0,1,A,-,08,22107,,N,E,I,A,A,D,-,A,D,1,,,,,Y,,D,22,0,0,0,0,0,0,0,0,0,"- ","- ",37.77458,-121.17922,"SAN JOAQUIN",UNINCORPORATED,-121.17925059,37.774528320000002
6718661,2017,2018-03-01,3905,2017-09-15,1422,2133,LAK,5,5,6,3905,0,0,0,,0,,"PACIFIC AV","YOKUTS AV",835.00,S,N,A,-,N,,,,,,,,,,Y,1,1,2,3,A,-,09,21801,A,N,D,C,A,A,H,-,A,A,0,,,,,Y,Y,A,01,1,0,1,0,0,0,0,0,0,"- ","- ",37.996760000000002,-121.3143,"SAN JOAQUIN",STOCKTON,-121.31385948,37.994450209999997
6718662,2017,2018-03-02,3903,2017-10-09,0324,2916,,1,5,4,3903,0,0,0,,0,,"MAIN ST","EDISON ST",160.00,N,N,A,-,N,,,,,,,,,,Y,1,1,1,1,A,-,01,23153,A,N,E,I,A,A,H,-,C,D,0,,,,,Y,,D,22,1,0,0,0,0,0,0,0,0,"- ","- ",37.806559999999998,-121.21684999999999,"SAN JOAQUIN",MANTECA,-121.21685757,37.806959200000001
6718670,2017,2019-04-08,3903,2017-11-17,1902,1751,,5,5,4,3903,0,0,0,,0,,"MAIN ST","EDISON ST",3.00,N,N,A,-,N,,,,,,,,,,N,1,1,0,2,A,-,06,21951,,N,G,B,B,A,H,-,C,D,0,Y,,,,Y,Y,A,01,0,0,0,1,0,0,0,0,0,"- ","- ",37.806559999999998,-121.21684999999999,"SAN JOAQUIN",MANTECA,-121.21684033,37.806528229999998
6718676,2017,2019-04-08,3905,2017-11-30,0634,2675,SEA,4,5,6,3905,0,0,0,,0,,"MARTIN LUTHER KING BL","TURNPIKE RD",42.00,E,N,B,-,N,,,,,,,,,,N,1,1,0,2,A,-,11,21955,,N,G,B,D,A,H,-,B,A,0,Y,,,,Y,,N,60,0,0,0,1,0,0,0,0,0,"- ","- ",37.938189999999999,-121.29003,"SAN JOAQUIN",STOCKTON,-121.28984034,37.938143500000002
6718717,2017,2019-04-08,3905,2017-10-21,0417,2416,CIV,6,5,6,3905,0,0,0,,0,,"WEST LN","ENTERPRISE ST",0.00,,Y,A,-,N,,,,,,,,,,Y,1,1,0,2,A,-,01,23152,A,N,D,C,A,A,H,-,C,A,0,,,Y,Y,Y,Y,C,02,0,0,0,0,0,0,0,1,0,"- ","- ",37.990200000000002,-121.28570000000001,"SAN JOAQUIN",STOCKTON,-121.28617994,37.990149940000002
6719102,2014,2015-01-05,3906,2014-10-05,1215,1454,TWINC,7,5,5,3906,0,0,0,,0,558,"MX TRACK","CORRAL HOLLOW",528.00,S,N,A,-,N,,,,,,,,,,N,2,0,1,1,A,-,03,38305,,N,F,A,A,A,H,-,A,A,0,,,Y,,Y,,C,02,1,0,0,0,0,0,0,0,1,"- ","- ",37.377560000000003,-121.32044,"SAN JOAQUIN",TRACY,,
6723994,2014,2015-01-20,9265,2014-11-05,0635,013325,,3,1,9,3900,0,1,3,,1,011,"RT 120","SEXTON RD",0.00,,Y,A,-,Y,,,120,,,,,,,Y,2,0,3,2,A,-,09,21802,A,N,A,C,A,A,H,-,A,A,0,,,,,Y,,D,22,1,2,0,0,0,0,0,0,0,"- ","- ",37.798859999999998,-121.03361,"SAN JOAQUIN",UNINCORPORATED,-121.03361126,37.798646089999998
6726070,2014,2014-12-09,3902,2014-07-18,1937,BG46,,5,5,5,3902,0,0,0,,0,,"E TURNER RD",YOKUTS,600.00,E,N,A,-,N,,,,,,,,,,Y,2,0,1,1,C,-,18,,,N,E,I,A,A,H,-,A,D,0,,,,,Y,,-,"- ",1,0,0,0,0,0,0,0,0,"- ","- ",,,"SAN JOAQUIN",LODI,-121.26483652,38.145690000000002
6732431,2014,2015-01-15,9265,2014-11-08,1746,18511,,6,2,9,3900,0,3,5,,2,060,"JAHANT RD","BRUELLA RD",1584.00,W,N,A,-,N,,,,,,,,,,Y,2,0,2,2,A,-,03,22350,,N,C,C,A,A,H,-,D,D,0,,,,,Y,,A,01,1,1,0,0,0,0,0,0,0,"- ","- ",38.204009999999997,-121.21435,"SAN JOAQUIN",UNINCORPORATED,-121.21340201,38.204030609999997
6735615,2014,2015-01-27,9265,2014-11-18,1810,15827,,2,2,9,3900,0,2,4,,1,012,"LONE TREE RD","WAGNER RD",0.00,,Y,A,-,N,,,,,,,,,,Y,2,0,1,2,A,-,09,21801,A,N,D,C,A,A,H,-,D,D,0,,,,,Y,,D,22,1,0,0,0,0,0,0,0,0,"- ","- ",37.827159999999999,-121.08985,"SAN JOAQUIN",UNINCORPORATED,-121.08964991000001,37.82718989
6736466,2014,2015-01-05,3902,2014-10-21,0621,81,,2,5,5,3902,0,0,0,,0,,"PINE ST","WASHINGTON ST",275.00,E,N,A,-,N,,,,,,,,,,N,2,0,1,2,A,-,11,21954,A,N,G,B,D,A,H,-,D,D,0,Y,,,,Y,,N,60,1,0,0,0,1,0,0,0,0,"- ","- ",,,"SAN JOAQUIN",LODI,-121.26705393,38.133948850000003
6755010,2014,2015-02-04,3906,2014-12-21,1511,1138,61,7,5,5,3906,0,0,0,,0,003,"CYPRESS DR","BARCELONA DR",235.00,E,N,A,-,N,,,,,,,,,,Y,2,0,1,1,A,-,03,22350,,N,H,A,A,A,H,-,A,A,0,,,Y,,Y,,C,02,1,0,0,0,0,0,0,0,1,"- ","- ",,,"SAN JOAQUIN",TRACY,-121.45629614000001,37.734861189999997
6755316,2014,2015-02-05,9265,2014-12-03,0236,018821,,3,3,9,3900,0,2,4,,1,023,"S AUSTIN RD","AUSTIN RD",1056.00,S,N,C,-,N,,,,,,,,,,Y,2,0,1,1,A,-,08,22107,,F,E,I,A,B,H,-,D,D,0,,,,,Y,Y,A,01,1,0,0,0,0,0,0,0,0,"- ","- ",37.7029,-121.18186,"SAN JOAQUIN",UNINCORPORATED,-121.18372379,37.893060159999997