CASE_ID,ACCIDENT_YEAR,PROC_DATE,JURIS,COLLISION_DATE,COLLISION_TIME,OFFICER_ID,REPORTING_DISTRICT,DAY_OF_WEEK,CHP_SHIFT,POPULATION,CNTY_CITY_LOC,SPECIAL_COND,BEAT_TYPE,CHP_BEAT_TYPE,CITY_DIVISION_LAPD,CHP_BEAT_CLASS,BEAT_NUMBER,PRIMARY_RD,SECONDARY_RD,DISTANCE,DIRECTION,INTERSECTION,WEATHER_1,WEATHER_2,STATE_HWY_IND,CALTRANS_COUNTY,CALTRANS_DISTRICT,STATE_ROUTE,ROUTE_SUFFIX,POSTMILE_PREFIX,POSTMILE,LOCATION_TYPE,RAMP_INTERSECTION,SIDE_OF_HWY,TOW_AWAY,COLLISION_SEVERITY,NUMBER_KILLED,NUMBER_INJURED,PARTY_COUNT,PRIMARY_COLL_FACTOR,PCF_CODE_OF_VIOL,PCF_VIOL_CATEGORY,PCF_VIOLATION,PCF_VIOL_SUBSECTION,HIT_AND_RUN,TYPE_OF_COLLISION,MVIW,PED_ACTION,ROAD_SURFACE,ROAD_COND_1,ROAD_COND_2,LIGHTING,CONTROL_DEVICE,CHP_ROAD_TYPE,PEDESTRIAN_ACCIDENT,BICYCLE_ACCIDENT,MOTORCYCLE_ACCIDENT,TRUCK_ACCIDENT,NOT_PRIVATE_PROPERTY,ALCOHOL_INVOLVED,STWD_VEHTYPE_AT_FAULT,CHP_VEHTYPE_AT_FAULT,COUNT_SEVERE_INJ,COUNT_VISIBLE_INJ,COUNT_COMPLAINT_PAIN,COUNT_PED_KILLED,COUNT_PED_INJURED,COUNT_BICYCLIST_KILLED,COUNT_BICYCLIST_INJURED,COUNT_MC_KILLED,COUNT_MC_INJURED,PRIMARY_RAMP,SECONDARY_RAMP,LATITUDE,LONGITUDE,COUNTY,CITY,POINT_X,POINT_Y
6762019,2014,2015-01-27,9265,2014-11-29,1317,013444,,6,1,9,3900,0,3,5,,2,060,"LIBERTY RD","N NICHOLS RD",628.00,E,N,C,-,N,,,,,,,,,,Y,2,0,1,2,A,-,03,22350,,N,C,C,A,B,H,-,A,D,0,,,,Y,Y,,A,01,1,0,0,0,0,0,0,0,0,"- ","- ",38.233080000000001,-121.26964,"SAN JOAQUIN",UNINCORPORATED,-121.27062359,38.23312541
6786817,2014,2015-02-12,9265,2014-12-31,0025,16854,,3,3,9,3900,0,2,4,,1,015,"COPPEROPOLIS RD","REID RD",74.00,W,N,A,-,N,,,,,,,,,,Y,2,0,1,4,A,-,03,22350,,N,B,C,E,A,H,-,D,D,0,Y,,,,Y,,A,01,1,0,0,0,1,0,0,0,0,"- ","- ",37.972929999999998,-121.05364,"SAN JOAQUIN",UNINCORPORATED,-121.05361669,37.972937109999997
6786863,2014,2015-02-12,9265,2014-12-25,2020,18850,,4,2,9,3900,0,1,3,,1,061,"RT 26","ALPINE RD",2798.00,W,N,A,-,Y,,,26,,,,,,,Y,2,0,3,2,A,-,01,23152,A,N,F,A,A,A,H,-,D,D,0,,,,,Y,Y,D,23,2,1,0,0,0,0,0,0,0,"- ","- ",37.983409999999999,-121.20003,"SAN JOAQUIN",UNINCORPORATED,-121.20004493,37.983427259999999
6786967,2014,2015-02-18,9265,2014-12-04,1606,019752,,4,2,9,3900,0,2,4,,1,053,"WILSON WY","NEWTON RD",42.00,S,N,A,-,N,,,,,,,,,,Y,2,0,2,1,A,-,01,23152,E,N,E,I,A,A,H,-,A,A,0,,,,,Y,,A,08,1,0,1,0,0,0,0,0,0,"- ","- ",37.999899999999997,-121.26022,"SAN JOAQUIN",UNINCORPORATED,-121.26035512,38.000236360000002
6791680,2014,2015-02-06,9265,2014-12-12,1231,019182,,5,1,6,3905,0,1,3,,1,042,"RT 4","FILBERT ST",1584.00,E,N,A,-,Y,,,,,,,,,,Y,2,0,1,3,C,-,18,,,N,D,B,E,A,G,-,A,D,0,Y,,,,Y,,-,"- ",1,0,0,0,1,0,0,0,0,"- ","- ",37.660800000000002,-121.24809999999999,"SAN JOAQUIN",STOCKTON,-121.24847868000001,37.961062890000001
6816003,2015,2015-03-04,9266,2015-01-27,0415,13650,,2,3,9,3900,0,2,4,,1,016,"11TH ST","GRANT LINE RD",0.00,,Y,A,-,N,,,,,,,,,,Y,2,0,1,1,A,-,01,23152,A,N,E,I,A,A,H,-,C,A,0,,,,,Y,Y,A,07,1,0,0,0,0,0,0,0,0,"- ","- ",37.753039999999999,-121.35168,"SAN JOAQUIN",UNINCORPORATED,-121.35210693000001,37.753202629999997
6816023,2015,2016-04-18,9266,2015-01-28,1045,14808,,3,1,9,3900,0,2,4,,2,032,"BYRON RD","MOUNTAIN HOUSE PKWY",37.00,N,N,A,-,N,,,,,,,,,,Y,2,0,1,2,A,-,00,21660,A,N,C,C,A,A,H,-,A,A,0,,,Y,,Y,,A,08,1,0,0,0,0,0,0,0,1,"- ","- ",37.782409999999999,-121.53117,"SAN JOAQUIN",UNINCORPORATED,-121.53079991,37.782160050000002
6826334,2015,2016-09-16,9265,2015-02-07,0845,013444,,6,1,9,3900,0,1,3,,1,066,"RT 26","WIMER RD",2112.00,W,N,A,-,Y,SJ,10,26,-,-,19.930,H,-,E,Y,2,0,1,1,A,-,08,22107,,N,F,A,A,A,H,-,A,A,0,,,,,Y,,A,07,1,0,0,0,0,0,0,0,0,"- ","- ",38.090389999999999,-121.95077000000001,"SAN JOAQUIN",UNINCORPORATED,-120.94941959000001,38.090713170000001
6827194,2015,2016-09-14,9266,2015-02-14,2145,19717,,6,2,9,3900,0,1,3,,1,026,"RT 132","KOSTER RD",5280.00,E,N,A,-,Y,SJ,10,132,-,-,5.240,H,-,W,Y,2,0,2,2,A,-,01,23152,A,N,A,C,A,A,H,-,D,D,0,,,,,Y,Y,A,01,1,0,1,0,0,0,0,0,0,"- ","- ",37.638060000000003,-121.30656,"SAN JOAQUIN",UNINCORPORATED,-121.30658833,37.638095839999998
6848510,2015,2016-09-19,9265,2015-02-27,1825,018850,,5,2,9,3900,0,1,3,,2,004,"RT 99","CHEROKEE RD",1584.00,N,N,A,-,Y,SJ,10,99,-,-,21.190,H,-,N,Y,2,0,1,1,A,-,08,22107,,N,F,A,A,A,H,-,E,D,1,,,,,Y,,A,01,1,0,0,0,0,0,0,0,0,"- ","- ",37.996830000000003,-121.25444,"SAN JOAQUIN",UNINCORPORATED,-121.25439926,37.996516999999997
6848546,2015,2016-09-13,9265,2015-02-16,1957,018511,,1,2,9,3900,0,1,3,,1,062,"RT 88","DISCH RD",539.00,E,N,A,-,Y,SJ,10,88,-,-,16.370,H,-,W,Y,2,0,3,2,A,-,06,21751,,N,A,C,A,A,H,-,D,D,0,,,,,Y,,A,01,2,1,0,0,0,0,0,0,0,"- ","- ",38.179040000000001,-121.11293999999999,"SAN JOAQUIN",UNINCORPORATED,-121.11359569,38.179159970000001
6848558,2015,2016-09-19,9265,2015-02-17,1936,018511,,2,2,9,3900,0,1,3,,2,006,"RT 99","RT 99 FR RD",106.00,N,N,A,-,Y,SJ,10,99,-,-,31.600,H,-,N,Y,2,0,1,1,A,-,01,23152,A,N,F,A,A,A,H,-,C,D,1,,,,,Y,Y,A,07,1,0,0,0,0,0,0,0,0,"- ","- ",38.146259999999998,-121.26121000000001,"SAN JOAQUIN",UNINCORPORATED,-121.26112612,38.146084969999997
6851091,2015,2015-03-24,9265,2015-02-19,0550,015490,,4,3,9,3900,0,3,5,,2,060,"MILL ST","FRONT ST",5.00,S,N,E,-,N,,,,,,,,,,N,2,0,1,2,A,-,21,22106,,N,G,B,B,A,H,-,D,A,0,Y,,,,Y,,D,22,1,0,0,0,1,0,0,0,0,"- ","- ",38.021569999999997,-121.08404,"SAN JOAQUIN",UNINCORPORATED,-121.08405277999999,38.02157751
6852585,2015,2016-09-19,9265,2015-02-21,0840,17405,,6,1,3,3904,0,1,3,,2,001,"RT 99","MILGEO AV",228.00,S,N,A,-,Y,SJ,10,99,-,-,1.476,R,2,N,N,2,0,1,1,A,-,01,23152,A,N,E,I,A,A,H,-,A,D,1,,,Y,,Y,Y,C,02,1,0,0,0,0,0,0,0,1,TO,"- ",37.745750000000001,-121.13065,"SAN JOAQUIN",RIPON,-121.1298934,37.74469199
6852592,2015,2016-09-21,9265,2015-02-15,0840,019387,,7,1,6,3905,0,1,1,,2,503,"RT 5","PERSHING AV",528.00,S,N,A,-,Y,SJ,10,5,-,-,26.880,H,-,N,Y,2,0,1,2,A,-,07,21658,A,N,C,C,A,A,D,-,A,D,1,,,Y,,Y,,A,01,1,0,0,0,0,0,0,0,0,"- ","- ",37.9544,-121.31100000000001,"SAN JOAQUIN",STOCKTON,-121.31105331000001,37.954324700000001
6854011,2014,2016-01-14,9266,2014-11-22,0522,19012,,6,3,9,3900,0,1,1,,2,014,"RT 205","TRACY BL",4224.00,W,N,A,-,Y,SJ,10,205,-,R,6.270,H,-,E,Y,1,2,4,1,A,-,01,23152,E,N,E,I,A,A,H,-,D,D,1,,,,,Y,,A,01,3,0,1,0,0,0,0,0,0,"- ","- ",37.760010000000001,-121.44814,"SAN JOAQUIN",UNINCORPORATED,-121.44785775,37.760198690000003
6854014,2014,2015-12-18,9265,2014-12-01,1510,19882,,1,2,9,3900,0,1,3,,1,066,"RT 26","SHELLEY RD",968.00,E,N,A,-,Y,SJ,10,26,-,-,19.250,H,-,W,Y,1,1,0,1,A,-,08,22107,,N,F,A,A,A,H,-,A,D,0,,,,,Y,,D,22,0,0,0,0,0,0,0,0,0,"- ","- ",38.09008,-120.95112,"SAN JOAQUIN",UNINCORPORATED,-120.95941852999999,38.085029370000001
6854112,2014,2016-01-13,3905,2014-10-19,0253,1617,BEA,7,5,6,3905,0,0,0,,0,,"EIGHT MILE RD","STONEY GORGE DR",205.00,W,N,-,-,N,,,,,,,,,,Y,1,1,0,2,A,-,01,23152,A,N,C,C,A,-,-,-,-,D,0,,,Y,,Y,Y,-,"- ",0,0,0,0,0,0,0,1,0,"- ","- ",,,"SAN JOAQUIN",STOCKTON,-121.35747206000001,38.05771
6854115,2014,2015-04-07,9265,2014-10-24,1405,19178,,5,2,9,3900,0,2,4,,1,053,"WATERLOO RD","CHRONICLE AV",0.00,,Y,A,-,N,,,,,,,,,,Y,1,1,1,2,A,-,12,22450,A,N,D,C,A,A,H,-,A,A,0,,,,,Y,Y,A,01,0,0,1,0,0,0,0,0,0,"- ","- ",37.980789999999999,-121.25597,"SAN JOAQUIN",UNINCORPORATED,-121.25598986,37.98080994
6854127,2014,2015-04-16,9265,2014-11-22,2310,18047,,6,3,2,3920,0,1,1,,2,502,"RT 5","LOUISE AV",4224.00,S,N,E,-,Y,SJ,10,5,-,R,15.670,H,-,S,Y,1,1,3,1,A,-,01,23152,E,N,E,I,A,A,H,-,D,D,1,,,,,Y,,A,01,0,2,1,0,0,0,0,0,0,"- ","- ",37.801169999999999,-121.29947,"SAN JOAQUIN",LATHROP,-121.29977153,37.800520200000001
6854130,2014,2016-05-11,3905,2014-11-29,1809,2133,SEA,6,5,6,3905,0,0,0,,0,,"CHARTER WY","ARMY CT",0.00,,Y,C,-,Y,SJ,10,4,-,-,14.453,I,5,W,Y,1,1,0,2,A,-,11,21954,A,N,G,B,D,-,H,-,D,A,0,Y,,,,Y,Y,N,60,0,0,0,1,0,0,0,0,0,"- ","- ",,,"SAN JOAQUIN",STOCKTON,-121.32313824000001,37.929978120000001
6854132,2014,2015-03-27,9265,2014-11-27,1207,17405,,4,1,4,3903,0,1,3,,2,025,"RT 120","UNION RD",2112.00,E,N,A,-,Y,SJ,10,120,-,R,4.790,H,-,W,Y,1,1,1,1,A,-,08,22107,,N,F,A,A,A,H,-,A,D,1,,,,,Y,,A,01,1,0,0,0,0,0,0,0,0,"- ","- ",37.783459999999998,-121.22843,"SAN JOAQUIN",MANTECA,-121.22537943,37.783513489999997
6854297,2014,2015-04-20,9265,2014-08-29,2055,19136,,5,2,9,3900,0,3,5,,2,060,"ALPINE RD","CHEROKEE RD",161.00,N,N,A,-,N,,,,,,,,,,Y,1,1,0,1,A,-,08,22107,,N,E,I,A,A,H,-,D,D,0,,,,,Y,,D,22,0,0,0,0,0,0,0,0,0,"- ","- ",38.025440000000003,-121.21111000000001,"SAN JOAQUIN",UNINCORPORATED,-121.21148666000001,38.026306660000003
6854361,2014,2015-04-28,9265,2014-09-02,1320,18590,,2,1,6,3905,0,1,1,,2,504,"RT 5","HAMMER LN",1056.00,S,N,A,-,Y,SJ,10,5,-,-,32.460,H,-,N,Y,1,1,0,2,A,-,08,22107,,N,E,J,A,A,D,-,A,D,1,,,,Y,Y,,G,25,0,0,0,0,0,0,0,0,0,"- ","- ",38.019539999999999,-121.35769999999999,"SAN JOAQUIN",STOCKTON,-121.35720631,38.018459249999999
6854366,2014,2016-01-12,9265,2014-10-15,1915,019752,,3,2,9,3900,0,2,4,,1,031,"FRENCH CAMP RD","UNION RD",653.00,W,N,B,-,N,,,,,,,,,,Y,1,1,1,2,A,-,08,22107,,N,B,C,A,A,H,-,D,D,0,,,,Y,Y,,E,22,1,0,0,0,0,0,0,0,0,"- ","- ",37.866480000000003,-121.23976,"SAN JOAQUIN",UNINCORPORATED,-121.23937162,37.866211610000001
6854370,2014,2015-04-21,9265,2014-10-26,0150,017039,,7,3,9,3900,0,3,5,,2,090,"DAVIS RD","EIGHT MILE RD",4752.00,N,N,B,-,N,,,,,,,,,,Y,1,1,3,2,A,-,01,23152,A,N,C,C,A,A,H,-,D,A,0,,,,,Y,Y,A,07,0,2,1,0,0,0,0,0,0,"- ","- ",38.420999999999999,-121.123,"SAN JOAQUIN",UNINCORPORATED,-121.33335,38.057600000000001
6854516,2015,2017-04-04,9265,2015-04-29,1218,18784,,3,1,9,3900,0,3,5,,2,060,"JACK TONE RD","HARNEY LN",0.00,,Y,A,-,N,,,,,,,,,,Y,1,1,0,2,A,-,12,22450,A,N,D,C,A,A,H,-,A,A,0,,,,Y,Y,Y,A,01,0,0,0,0,0,0,0,0,0,"- ","- ",38.101779999999998,-121.15083,"SAN JOAQUIN",UNINCORPORATED,-121.15082998,38.101839949999999
6863952,2015,2016-09-19,9265,2015-03-01,0145,017021,,7,3,9,3900,0,1,3,,2,006,"RT 99","JAHANT RD",65.00,N,N,A,-,Y,SJ,10,99,-,-,35.610,H,-,S,Y,2,0,1,1,A,-,01,23152,A,N,E,I,A,A,H,-,D,D,1,,,,,Y,Y,A,01,1,0,0,0,0,0,0,0,0,"- ","- ",38.974299999999999,-121.46129999999999,"SAN JOAQUIN",UNINCORPORATED,-121.26320301,38.204257519999999
6864385,2015,2015-04-20,9265,2015-03-07,2003,019657,,6,2,9,3900,0,2,4,,1,014,"MARIPOSA RD","SKIFF RD",1077.00,E,N,A,-,N,,,,,,,,,,Y,2,0,2,2,A,-,08,22107,,N,A,C,A,A,H,-,D,D,0,,,,,Y,,A,01,1,0,1,0,0,0,0,0,0,"- ","- ",37.86927,-121.06809,"SAN JOAQUIN",UNINCORPORATED,-121.06819023,37.869332710000002
6865813,2015,2015-04-10,9265,2015-03-05,1407,17856,,4,2,9,3900,0,3,5,,2,070,"DOUGLAS RD","GETTYSBURG PL",489.00,W,N,A,-,N,,,,,,,,,,N,2,0,1,2,A,-,11,21954,A,N,G,B,D,A,H,-,A,D,0,Y,,,,Y,,N,60,1,0,0,0,1,0,0,0,0,"- ","- ",38.00611,-121.32742,"SAN JOAQUIN",UNINCORPORATED,-121.3237489,38.006806760000003
6875694,2015,2016-09-16,9266,2015-03-22,0303,018365,,7,3,9,3900,0,1,1,,2,021,"RT 580","MOUNTAIN HOUSE PKWY",4224.00,E,N,A,-,Y,SJ,10,580,-,-,12.730,H,-,W,Y,2,0,1,1,A,-,08,22107,,N,E,I,A,A,H,-,D,D,1,,,,,Y,,A,01,1,0,0,0,0,0,0,0,0,"- ","- ",,,"SAN JOAQUIN",UNINCORPORATED,-121.52306419999999,37.712321780000003
6876816,2015,2016-09-21,9265,2015-03-21,2300,019991,,6,3,4,3903,0,1,3,,2,025,"RT 120","MAIN ST",616.00,E,N,A,-,Y,SJ,10,120,-,R,5.567,R,2,W,Y,2,0,1,1,A,-,01,23152,A,N,E,I,A,A,G,-,C,D,1,,,,,Y,Y,A,01,1,0,0,0,0,0,0,0,0,"- ","- ",37.784979999999997,-121.21499,"SAN JOAQUIN",MANTECA,-121.21122178,37.783541169999999
6879383,2015,2015-05-05,3902,2015-02-15,1718,KV86,,7,5,5,3902,0,0,0,,0,,"S SACRAMENTO ST","VILLAGE ST",267.00,N,N,A,-,N,,,,,,,,,,N,2,0,1,2,A,-,21,22106,,F,H,A,A,A,H,-,A,D,0,,,,,Y,Y,A,01,1,0,0,0,0,0,0,0,0,"- ","- ",,,"SAN JOAQUIN",LODI,-121.27417982,38.113531719999997
6886624,2015,2015-04-25,9265,2015-03-16,1810,13539,,1,2,9,3900,0,3,5,,2,020,"DIVISION RD","AVENUE D",360.00,S,N,A,-,N,,,,,,,,,,N,2,0,1,1,A,-,08,22107,,N,F,A,A,A,H,-,A,D,0,,,Y,,Y,,C,02,1,0,0,0,0,0,0,0,1,"- ","- ",37.690860000000001,-121.21841000000001,"SAN JOAQUIN",UNINCORPORATED,-121.21823193,37.690984190000002
6888509,2015,2015-04-27,9266,2015-04-04,1230,14717,,6,1,9,3900,0,3,5,,2,001,"FINCK RD","TRACY BL",6864.00,W,N,A,-,N,,,,,,,,,,Y,2,0,1,1,A,-,03,22350,,N,F,I,A,A,H,-,A,D,0,,,,,Y,,A,07,1,0,0,0,0,0,0,0,0,"- ","- ",37.796950000000002,-121.48786,"SAN JOAQUIN",UNINCORPORATED,-121.47163857,37.801303109999999
6889322,2015,2016-09-21,9265,2015-03-29,0110,19307,,7,3,6,3905,0,1,1,,2,503,"RT 5","ANDERSON ST",106.00,N,N,A,-,Y,SJ,10,5,-,-,25.680,H,-,N,Y,2,0,2,1,A,-,01,23152,A,N,E,I,A,A,D,-,D,A,1,,,,,Y,Y,A,01,1,1,0,0,0,0,0,0,0,FR,"- ",37.941090000000003,-121.29801,"SAN JOAQUIN",STOCKTON,-121.29817866,37.941335639999998
6889376,2015,2015-04-25,9266,2015-04-20,2230,018330,,1,3,9,3900,0,2,4,,2,013,"GRANT LINE RD","BYRON RD",145.00,W,N,A,-,N,,,,,,,,,,Y,2,0,1,1,A,-,01,23152,A,N,E,I,A,A,H,-,D,D,0,,,,,Y,Y,A,01,1,0,0,0,0,0,0,0,0,"- ","- ",37.758000000000003,-121.49265,"SAN JOAQUIN",UNINCORPORATED,-121.48486,37.753959999999999
6889400,2015,2015-06-02,9266,2015-04-16,0545,018324,,4,3,9,3900,0,2,4,,2,020,"KASSON RD","UNION PACIFIC RAILROAD",1825.00,S,N,A,-,N,,,,,,,,,,Y,2,0,1,1,A,-,08,22107,,N,F,I,A,A,H,-,D,D,0,,,,,Y,,A,01,1,0,0,0,0,0,0,0,0,"- ","- ",37.740859999999998,-121.33694,"SAN JOAQUIN",UNINCORPORATED,-121.33694,37.740859999999998
6889420,2015,2016-12-07,9266,2015-04-06,1740,015805,,1,2,2,3920,0,1,1,,2,024,"RT 5","STEWART RD",700.00,N,N,A,-,Y,SJ,10,5,-,R,14.050,H,-,S,Y,2,0,1,2,A,-,03,22350,,N,C,C,A,A,H,-,A,D,1,,,,,Y,,A,01,1,0,0,0,0,0,0,0,0,"- ","- ",37.780290000000001,-121.31478,"SAN JOAQUIN",LATHROP,-121.31288194,37.781187119999998
6890091,2015,2016-09-19,9265,2015-03-26,1210,015490,,4,1,9,3900,0,1,3,,2,004,"RT 99","FREMONT ST",120.00,N,N,A,-,Y,SJ,10,99,-,-,19.417,R,2,S,Y,2,0,1,1,A,-,01,23152,A,N,E,I,A,A,H,-,A,D,1,,,,,Y,Y,A,07,1,0,0,0,0,0,0,0,0,TO,"- ",,,"SAN JOAQUIN",UNINCORPORATED,-121.24664011,37.97166026
6896248,2015,2015-05-18,3902,2015-03-31,0702,16,,2,5,5,3902,0,0,0,,0,,"DAISY AV","CALIFORNIA ST",0.00,,Y,A,-,N,,,,,,,,,,Y,2,0,3,2,A,-,09,21802,A,N,D,C,A,A,H,-,A,A,0,,,,,Y,,A,01,1,1,1,0,0,0,0,0,0,"- ","- ",,,"SAN JOAQUIN",LODI,-121.28045994,38.140919969999999
6897282,2015,2015-05-11,9266,2015-04-19,1440,018888,,7,2,9,3900,0,3,5,,2,001,"LAMMERS RD","BETHANY RD",2112.00,N,N,A,-,N,,,,,,,,,,Y,2,0,1,1,A,-,08,22107,,N,F,A,A,A,H,-,A,A,0,,,Y,,Y,,C,02,1,0,0,0,0,0,0,0,1,"- ","- ",37.786029999999997,-121.47709,"SAN JOAQUIN",UNINCORPORATED,-121.47658706999999,37.786241459999999
6905614,2015,2017-03-29,9265,2015-04-19,0250,17989,,7,3,9,3900,0,3,5,,2,050,"SIERRA LN","JOHN ST",20.00,S,N,A,-,N,,,,,,,,,,Y,1,1,2,3,A,-,01,23152,A,N,D,E,A,A,H,-,C,D,0,,,,,Y,Y,A,01,2,0,0,0,0,0,0,0,0,"- ","- ",37.974939999999997,-121.26412999999999,"SAN JOAQUIN",UNINCORPORATED,-121.26403931999999,37.97497757
6905639,2015,2015-08-06,9265,2015-04-19,1619,18821,,7,2,9,3900,0,1,1,,2,505,"RT 5","WOODBRIDGE RD",434.00,N,N,A,-,Y,SJ,10,5,-,-,42.750,H,-,N,Y,1,1,4,1,A,-,08,22107,,N,E,I,A,A,H,-,A,D,1,,,,,Y,,A,01,2,0,2,0,0,0,0,0,0,"- ","- ",38.161299999999997,-121.39949,"SAN JOAQUIN",UNINCORPORATED,-121.39940558000001,38.161630610000003
6915328,2015,2016-12-05,9265,2015-04-11,1610,018477,,6,2,4,3903,0,1,3,,2,025,"RT 120","MAIN ST",1720.00,W,N,A,-,Y,SJ,10,120,-,R,4.980,H,-,W,Y,2,0,1,3,A,-,08,22107,,N,B,C,A,A,H,-,A,D,1,,,Y,,Y,,A,01,1,0,0,0,0,0,0,0,1,"- ","- ",37.783580000000001,-121.22163,"SAN JOAQUIN",MANTECA,-121.22191701,37.783547259999999
6916976,2015,2016-12-05,9265,2015-04-08,2233,13193,,3,3,9,3900,0,1,1,,2,503,"RT 5","CHARTER WY",90.00,N,N,A,-,Y,SJ,10,5,-,-,25.370,H,-,N,Y,2,0,1,2,A,-,01,23152,A,N,C,C,A,A,D,-,C,D,1,,,,Y,Y,Y,A,01,1,0,0,0,0,0,0,0,0,"- ","- ",37.939300000000003,-121.29765,"SAN JOAQUIN",UNINCORPORATED,-121.29742899999999,37.936886170000001
6919988,2015,2016-11-19,9265,2015-04-02,1520,15756,,4,2,9,3900,0,1,3,,2,003,"RT 99","FRENCH CAMP RD",5650.00,N,N,A,-,Y,SJ,10,99,-,-,12.580,H,-,N,Y,2,0,2,2,A,-,03,22350,,N,C,C,A,A,D,-,A,D,1,,,,,Y,,A,07,1,0,1,0,0,0,0,0,0,"- ","- ",37.881360000000001,-121.21995,"SAN JOAQUIN",UNINCORPORATED,-121.2195352,37.875458719999997
6924081,2015,2015-06-03,3906,2015-04-22,1520,000916,,3,5,5,3906,0,0,0,,0,003,"11TH ST","LAMMERS RD",0.00,,Y,A,-,N,,,,,,,,,,Y,2,0,3,2,A,-,01,23153,A,N,D,C,A,A,H,-,A,A,0,,,,,Y,Y,D,22,1,1,1,0,0,0,0,0,0,"- ","- ",,,"SAN JOAQUIN",TRACY,-121.47676988000001,37.739369979999999
6948919,2015,2016-11-19,9265,2015-04-29,0615,013325,,3,1,9,3900,0,1,3,,2,025,"RT 120","RT 99",643.00,E,N,A,-,Y,SJ,10,99,-,-,5.634,R,2,N,Y,2,0,1,1,A,-,03,22350,,N,F,A,A,A,H,-,A,A,1,,,,Y,Y,,G,25,1,0,0,0,0,0,0,0,0,TO,"- ",37.782730000000001,-121.185,"SAN JOAQUIN",UNINCORPORATED,-121.18734006,37.782565669999997
6948931,2015,2016-11-19,9265,2015-04-30,1122,018590,,4,1,9,3900,0,1,3,,1,062,"RT 88","HARNEY LN",0.00,,Y,A,-,Y,SJ,10,88,-,-,9.610,I,5,W,Y,2,0,3,2,A,-,12,21453,A,N,D,C,A,A,H,-,A,A,0,,,,,Y,,A,01,1,0,2,0,0,0,0,0,0,"- ","- ",38.101640000000003,-121.17834999999999,"SAN JOAQUIN",UNINCORPORATED,-121.17824106,38.101713060000002
6956337,2015,2016-11-19,9265,2015-04-23,0102,019336,,4,3,9,3900,0,1,3,,1,062,"RT 88","FAIRCHILD RD",35.00,W,N,A,-,Y,SJ,10,88,-,-,2.210,H,-,W,Y,2,0,1,1,A,-,08,22107,,N,E,I,A,A,H,-,D,D,0,,,,,Y,,D,22,1,0,0,0,0,0,0,0,0,"- ","- ",38.005490000000002,-121.21935000000001,"SAN JOAQUIN",UNINCORPORATED,-121.21935506,38.00543605
6958011,2015,2016-06-02,9265,2015-04-16,1555,013444,,4,2,9,3900,0,3,5,,2,090,"RT 99 W FR RD","FOREST LAKE RD",100.00,S,N,A,-,N,,,,,,,,,,N,2,0,1,2,A,-,01,21200,5,N,D,G,A,A,H,-,A,D,0,,Y,,,Y,Y,L,04,1,0,0,0,0,0,1,0,0,"- ","- ",,,"SAN JOAQUIN",UNINCORPORATED,-121.27319806,38.22170019
6958196,2015,2016-11-02,9265,2015-04-27,2230,017039,,1,3,6,3905,0,1,3,,1,042,"RT 4","SIERRA NEVADA ST",87.00,W,N,A,-,Y,SJ,10,4,-,R,17.670,H,-,W,N,2,0,1,2,A,-,11,21954,A,F,G,B,E,A,H,-,C,D,0,Y,,,,Y,Y,N,60,1,0,0,0,1,0,0,0,0,"- ","- ",37.5321,-121.38751999999999,"SAN JOAQUIN",STOCKTON,-121.27184879000001,37.95334536
6958216,2015,2016-06-02,9265,2015-04-24,1445,013465,,5,2,9,3900,0,3,5,,2,030,"RT 99 W FR RD","CARPENTER RD",0.00,,Y,A,-,N,,,,,,,,,,Y,2,0,2,1,A,-,08,22107,,N,E,I,A,A,H,-,A,D,0,,,,,Y,,A,08,1,0,1,0,0,0,0,0,0,"- ","- ",37.552799999999998,-121.1352,"SAN JOAQUIN",UNINCORPORATED,-121.23122988,37.92465996
6960253,2015,2016-06-06,9265,2015-05-11,1530,019558,,1,2,9,3900,0,3,5,,2,040,"W MCDONALD RD","INLAND DR",1437.00,W,N,A,-,N,,,,,,,,,,Y,2,0,1,1,A,-,08,22107,,N,E,I,A,A,H,-,A,D,0,,,,,Y,,A,01,1,0,0,0,0,0,0,0,0,"- ","- ",37.955939999999998,-121.41036,"SAN JOAQUIN",UNINCORPORATED,-121.41114448,37.95571193
6960269,2015,2015-06-26,9265,2015-05-15,1748,19803,,5,2,9,3900,0,3,5,,2,010,"LONE TREE RD","BRENNAN RD",0.00,,Y,A,-,N,,,,,,,,,,Y,2,0,2,2,A,-,12,22450,A,N,D,C,A,A,H,-,A,A,0,,,,,Y,,A,07,1,0,1,0,0,0,0,0,0,"- ","- ",37.827669999999998,-120.99762,"SAN JOAQUIN",UNINCORPORATED,-121.01594995000001,37.827619910000003
6960301,2015,2015-06-26,9265,2015-05-06,2138,019336,,3,2,9,3900,0,3,5,,2,030,"MARIPOSA RD","SECTION AV",65.00,E,N,A,-,N,,,,,,,,,,N,2,0,1,2,A,-,11,21954,A,F,G,B,D,A,H,-,C,D,0,Y,,,,Y,,N,60,1,0,0,0,1,0,0,0,0,"- ","- ",37.94258,-121.25158999999999,"SAN JOAQUIN",UNINCORPORATED,-121.2513794,37.942594700000001
6965651,2015,2016-11-19,9265,2015-05-12,0755,018488,,2,1,9,3900,0,1,3,,2,004,"RT 99","CHEROKEE RD",252.00,S,N,A,-,Y,SJ,10,99,-,-,20.830,H,-,N,Y,2,0,1,1,A,-,01,23152,E,N,E,I,A,A,H,-,A,D,1,,,,,Y,,A,07,1,0,0,0,0,0,0,0,0,"- ","- ",,,"SAN JOAQUIN",UNINCORPORATED,-121.25242269,37.991591530000001