CASE_ID,ACCIDENT_YEAR,PROC_DATE,JURIS,COLLISION_DATE,COLLISION_TIME,OFFICER_ID,REPORTING_DISTRICT,DAY_OF_WEEK,CHP_SHIFT,POPULATION,CNTY_CITY_LOC,SPECIAL_COND,BEAT_TYPE,CHP_BEAT_TYPE,CITY_DIVISION_LAPD,CHP_BEAT_CLASS,BEAT_NUMBER,PRIMARY_RD,SECONDARY_RD,DISTANCE,DIRECTION,INTERSECTION,WEATHER_1,WEATHER_2,STATE_HWY_IND,CALTRANS_COUNTY,CALTRANS_DISTRICT,STATE_ROUTE,ROUTE_SUFFIX,POSTMILE_PREFIX,POSTMILE,LOCATION_TYPE,RAMP_INTERSECTION,SIDE_OF_HWY,TOW_AWAY,COLLISION_SEVERITY,NUMBER_KILLED,NUMBER_INJURED,PARTY_COUNT,PRIMARY_COLL_FACTOR,PCF_CODE_OF_VIOL,PCF_VIOL_CATEGORY,PCF_VIOLATION,PCF_VIOL_SUBSECTION,HIT_AND_RUN,TYPE_OF_COLLISION,MVIW,PED_ACTION,ROAD_SURFACE,ROAD_COND_1,ROAD_COND_2,LIGHTING,CONTROL_DEVICE,CHP_ROAD_TYPE,PEDESTRIAN_ACCIDENT,BICYCLE_ACCIDENT,MOTORCYCLE_ACCIDENT,TRUCK_ACCIDENT,NOT_PRIVATE_PROPERTY,ALCOHOL_INVOLVED,STWD_VEHTYPE_AT_FAULT,CHP_VEHTYPE_AT_FAULT,COUNT_SEVERE_INJ,COUNT_VISIBLE_INJ,COUNT_COMPLAINT_PAIN,COUNT_PED_KILLED,COUNT_PED_INJURED,COUNT_BICYCLIST_KILLED,COUNT_BICYCLIST_INJURED,COUNT_MC_KILLED,COUNT_MC_INJURED,PRIMARY_RAMP,SECONDARY_RAMP,LATITUDE,LONGITUDE,COUNTY,CITY,POINT_X,POINT_Y
6965671,2015,2016-11-19,9265,2015-05-30,0339,019136,,6,3,9,3900,0,1,3,,2,004,"RT 99","EIGHT MILE RD",2904.00,S,N,A,-,Y,SJ,10,99,-,-,24.870,H,-,N,Y,2,0,3,1,A,-,08,22107,,N,E,I,A,A,H,-,C,D,1,,,,,Y,,A,01,1,0,2,0,0,0,0,0,0,"- ","- ",,,"SAN JOAQUIN",UNINCORPORATED,-121.25885635,38.049412719999999
6978247,2015,2016-11-19,9265,2015-06-17,1335,015490,,3,1,9,3900,0,1,3,,1,062,"RT 88","BUDISELICH RD",1056.00,E,N,A,-,Y,SJ,10,88,-,-,0.960,H,-,W,Y,2,0,1,1,A,-,08,22107,,N,E,I,A,A,H,-,A,D,0,,,,,Y,,A,07,1,0,0,0,0,0,0,0,0,"- ","- ",37.992730000000002,-121.23745,"SAN JOAQUIN",UNINCORPORATED,-121.2364783,37.993503060000002
6981403,2015,2016-11-19,9265,2015-06-05,0951,015756,,5,1,4,3903,0,1,3,,2,025,"RT 120","AIRPORT WY",1260.00,E,N,A,-,Y,SJ,10,120,-,R,3.560,H,-,W,Y,2,0,1,2,A,-,03,22350,,N,C,C,A,A,H,-,A,D,1,,,,,Y,,A,07,1,0,0,0,0,0,0,0,0,"- ","- ",37.783360000000002,-121.2475,"SAN JOAQUIN",MANTECA,-121.2478622,37.783426390000002
7006004,2015,2015-07-28,9265,2015-06-07,1830,19666,,7,2,9,3900,0,1,1,,2,505,"RT 5","WALNUT GROVE RD",589.00,N,N,A,-,Y,SJ,10,5,-,-,47.784,R,2,N,Y,1,1,0,1,A,-,01,23152,A,N,E,I,A,A,H,-,A,D,1,,,,,Y,Y,D,22,0,0,0,0,0,0,0,0,0,FR,"- ",38.227379999999997,-121.43103000000001,"SAN JOAQUIN",UNINCORPORATED,-121.43213082,38.228215659999996
7006099,2015,2015-08-25,3906,2015-07-09,0512,1374,99,4,5,5,3906,0,0,0,,0,005,"PARADISE RD","CHABOT RD",176.00,W,N,A,-,N,,,,,,,,,,Y,1,1,0,1,A,-,08,22107,,N,E,I,A,A,H,-,C,D,0,,,Y,,Y,,C,02,0,0,0,0,0,0,0,1,0,"- ","- ",,,"SAN JOAQUIN",TRACY,-121.39040709,37.752054620000003
7006484,2015,2015-12-28,3905,2015-05-09,1929,2133,PAR,6,5,6,3905,0,0,0,,0,,"MAIN ST","E ST",81.00,E,N,A,-,N,,,,,,,,,,Y,1,1,1,2,A,-,01,23152,A,N,C,C,A,A,H,-,C,A,0,,,,,Y,Y,D,22,0,0,1,0,0,0,0,0,0,"- ","- ",,,"SAN JOAQUIN",STOCKTON,-121.21675999999999,37.804650000000002
7006485,2015,2017-04-03,3905,2015-05-22,1858,2015,SEA,5,5,6,3905,0,0,0,,0,,"CHARTER WY","ARGONAUT ST",8.00,E,N,A,-,Y,SJ,10,4,-,-,15.620,H,-,W,Y,1,1,0,2,A,-,11,21950,B,N,G,B,E,A,H,-,A,D,0,Y,,,,Y,Y,N,60,0,0,0,1,0,0,0,0,0,"- ","- ",37.935429999999997,-121.30311,"SAN JOAQUIN",STOCKTON,-121.30276173999999,37.935448809999997
7006692,2015,2017-03-29,3905,2015-10-12,1658,1295,CIV,1,5,6,3905,0,0,0,,0,,"MONTEREY AV","DWIGHT WY",7.00,W,N,A,-,N,,,,,,,,,,Y,1,1,0,2,A,-,09,21802,A,N,H,G,A,A,H,-,A,A,0,,Y,,,Y,,L,04,0,0,0,0,0,1,0,0,0,"- ","- ",,,"SAN JOAQUIN",STOCKTON,-121.30753317999999,37.974954269999998
7006696,2015,2016-04-08,3905,2015-03-20,2151,1295,SEA,5,5,6,3905,0,0,0,,0,,"CALIFORNIA ST","9TH ST",1065.00,S,N,A,-,N,,,,,,,,,,Y,1,1,2,1,A,-,01,23152,A,N,E,I,A,A,H,-,C,D,0,,,,,Y,Y,A,07,1,0,1,0,0,0,0,0,0,"- ","- ",,,"SAN JOAQUIN",STOCKTON,-121.27644155,37.925585349999999
7006771,2015,2016-02-04,9265,2015-05-09,1900,019489,,6,2,2,3920,0,1,1,,2,502,"RT 5","RT 120",1320.00,N,N,A,-,Y,SJ,10,5,-,R,15.160,H,-,S,Y,1,1,2,1,A,-,08,22107,,N,F,A,A,A,H,-,A,D,1,,,,,Y,,A,07,1,1,0,0,0,0,0,0,0,"- ","- ",37.793520000000001,-121.30096,"SAN JOAQUIN",LATHROP,-121.30094455,37.793179850000001
7015500,2015,2016-12-05,9265,2015-06-12,1750,19803,,5,2,9,3900,0,1,1,,2,505,"RT 5","TURNER RD",2000.00,N,N,A,-,Y,SJ,10,5,-,-,42.060,H,-,N,Y,2,0,1,3,A,-,03,22350,,F,C,C,A,A,H,-,A,D,1,,,Y,Y,Y,,C,02,1,0,0,0,0,0,0,0,1,"- ","- ",38.153649999999999,-121.39821000000001,"SAN JOAQUIN",UNINCORPORATED,-121.39917663999999,38.151653590000002
7023287,2015,2016-11-29,9265,2015-06-19,2155,19341,,5,2,9,3900,0,1,3,,1,092,"RT 12","POTATO SLOUGH",12144.00,W,N,A,-,Y,SJ,10,12,-,-,2.140,H,-,W,Y,2,0,2,2,A,-,05,21460,A,N,A,C,A,A,H,-,D,D,0,,,,,Y,,A,01,1,1,0,0,0,0,0,0,0,"- ","- ",38.113210000000002,-121.54405,"SAN JOAQUIN",UNINCORPORATED,-121.54434357,38.113215279999999
7055174,2015,2015-10-09,3902,2015-08-08,1657,DB72,,6,5,5,3902,0,0,0,,0,,"SOUTH HAM LN","W LODI AV",6.00,S,N,A,-,N,,,,,,,,,,Y,2,0,5,4,A,-,01,23152,A,N,A,C,A,A,H,-,A,A,0,,,,,Y,Y,A,01,1,0,4,0,0,0,0,0,0,"- ","- ",,,"SAN JOAQUIN",LODI,-121.28831972,38.130023520000002
7094361,2015,2017-03-28,3905,2015-12-04,1316,2633,VAL,5,5,6,3905,0,0,0,,0,,"SWAIN RD","TAM O SHANTER DR",150.00,W,N,A,-,N,,,,,,,,,,Y,1,1,0,2,A,-,09,21806,A,N,D,C,A,A,H,-,A,A,0,,,,,Y,,A,01,0,0,0,0,0,0,0,0,0,"- ","- ",38.010399999999997,-121.29662,"SAN JOAQUIN",STOCKTON,-121.29667546,38.010263340000002
7124963,2015,2015-12-23,3906,2015-11-19,1510,941,TSC,4,5,5,3906,0,0,0,,0,005,"EAST ST","EATON AV",9.00,N,N,A,-,N,,,,,,,,,,N,2,0,1,2,A,-,11,21950,B,N,G,B,B,A,H,-,A,D,0,Y,,,,Y,,N,60,1,0,0,0,1,0,0,0,0,"- ","- ",,,"SAN JOAQUIN",TRACY,-121.42117,37.743504719999997
7133898,2015,2015-12-15,3906,2015-11-12,1934,000916,,4,5,5,3906,0,0,0,,0,001,"TRACY BL","SCHULTE RD",0.00,,Y,A,-,N,,,,,,,,,,Y,2,0,1,2,A,-,11,21456,B,N,G,B,B,A,H,-,C,A,0,Y,,,,Y,,N,60,1,0,0,0,1,0,0,0,0,"- ","- ",,,"SAN JOAQUIN",TRACY,-121.43485993,37.725209890000002
7158885,2015,2016-02-05,3905,2015-12-04,1423,1422,LAK,5,5,6,3905,0,0,0,,0,,"SWAIN RD","FILLMORE AV",0.00,,Y,A,-,N,,,,,,,,,,Y,2,0,1,1,D,-,00,,,N,E,I,A,A,H,-,A,D,0,,,,,Y,,-,"- ",1,0,0,0,0,0,0,0,0,"- ","- ",38.007620000000003,-121.30788,"SAN JOAQUIN",STOCKTON,-121.30749994,38.007499950000003
7169465,2016,2016-01-26,3902,2016-01-05,1847,AB36,,2,5,5,3902,0,0,0,,0,,"W LODI AV","SOUTH CHURCH ST",0.00,,Y,C,-,N,,,,,,,,,,N,2,0,1,2,A,-,08,22107,,N,H,G,A,B,H,-,C,A,0,,Y,,,Y,,L,04,1,0,0,0,0,0,1,0,0,"- ","- ",,,"SAN JOAQUIN",LODI,-121.2753299,38.130199959999999
7174977,2015,2016-02-09,3905,2015-11-25,1218,2463,CIV,3,5,6,3905,0,0,0,,0,,"MADISON ST","WASHINGTON ST",23.00,N,N,A,-,N,,,,,,,,,,N,2,0,1,2,A,-,05,21650,1,N,D,G,A,A,H,-,A,D,0,,Y,,,Y,,L,04,1,0,0,0,0,0,1,0,0,"- ","- ",37.950360000000003,-121.29324,"SAN JOAQUIN",STOCKTON,-121.29326707,37.9504017
7175614,2015,2016-02-10,3905,2015-12-02,1700,2769,PAR,3,5,6,3905,0,0,0,,0,,"AIRPORT WY","SCOTTS AV",10.00,S,N,A,-,N,,,,,,,,,,N,2,0,1,2,A,-,11,21954,A,N,G,B,D,A,H,-,C,A,0,Y,,,,Y,,N,60,1,0,0,0,1,0,0,0,0,"- ","- ",37.948210000000003,-121.27227000000001,"SAN JOAQUIN",STOCKTON,-121.27227212,37.948323250000001
7175823,2015,2016-02-11,3905,2015-12-25,1443,1422,LAK,5,5,6,3905,0,0,0,,0,,"PERSHING AV","BROOKSIDE RD",0.00,,Y,A,-,N,,,,,,,,,,Y,2,0,3,3,A,-,12,21453,A,N,D,C,A,A,H,-,A,A,0,,,,,Y,,A,01,1,0,2,0,0,0,0,0,0,"- ","- ",37.982190000000003,-121.31862,"SAN JOAQUIN",STOCKTON,-121.31897988,37.981989919999997
7176821,2015,2017-02-04,3905,2015-11-01,2033,2773,SEA,7,5,6,3905,0,0,0,,0,,"CHARTER WY","RT 5",0.00,,Y,B,-,Y,SJ,10,4,-,-,15.872,I,5,W,N,2,0,1,2,A,-,11,21954,A,N,G,B,D,A,H,-,C,A,0,Y,,,,Y,,N,60,1,0,0,0,1,0,0,0,0,"- ",SF,37.936630000000001,-121.29853,"SAN JOAQUIN",STOCKTON,-121.29835863,37.936631329999997
7179524,2015,2016-03-21,3903,2015-12-02,1655,2602,,3,5,4,3903,0,0,0,,0,,"PRIMROSE AV","PEAR TREE ST",79.00,N,N,A,-,N,,,,,,,,,,N,1,1,0,1,C,-,18,,,N,G,B,A,A,H,-,B,D,0,,,,,Y,,-,"- ",0,0,0,0,0,0,0,0,0,"- ","- ",,,"SAN JOAQUIN",MANTECA,-121.21395028000001,37.773356370000002
7188391,2016,2016-02-23,3903,2016-01-16,1411,3558,,6,5,4,3903,0,0,0,,0,,"ATHERTON DR","SORREL DR",150.00,E,N,A,-,N,,,,,,,,,,N,2,0,1,1,C,-,18,,,N,H,A,A,A,H,-,A,D,0,,,,,Y,,-,"- ",1,0,0,0,0,0,0,0,0,"- ","- ",,,"SAN JOAQUIN",MANTECA,,
7189289,2015,2016-02-24,3902,2015-12-28,0130,C93,,1,5,5,3902,0,0,0,,0,,"W TRUNER RD","SACRAMENTO RD",244.00,E,N,A,-,N,,,,,,,,,,N,2,0,1,2,A,-,09,21804,A,N,H,G,A,A,H,-,C,D,0,,Y,,,Y,,L,04,1,0,0,0,0,0,1,0,0,"- ","- ",,,"SAN JOAQUIN",LODI,-121.27089857999999,38.145699299999997
7190308,2016,2018-09-26,3905,2016-02-20,1910,1295,VAL,6,5,6,3905,0,0,0,,0,,"BIANCHI RD","CLOWES ST",416.00,W,N,A,-,N,,,,,,,,,,Y,1,1,0,2,A,-,03,22350,,N,D,C,A,A,H,-,C,D,0,,,Y,,Y,Y,C,02,0,0,0,0,0,0,0,1,0,"- ","- ",37.997459999999997,-121.28946999999999,"SAN JOAQUIN",STOCKTON,-121.29138346000001,37.997133290000001
7190352,2016,2016-12-22,3905,2016-06-15,1748,2424,LAK,3,5,6,3905,0,0,0,,0,,"MORGAN PL","SEA GULL LN",210.00,N,N,A,-,N,,,,,,,,,,Y,1,1,0,1,A,-,01,23152,E,N,E,I,A,A,H,-,A,D,0,,,Y,,Y,,C,02,0,0,0,0,0,0,0,1,0,"- ","- ",,,"SAN JOAQUIN",STOCKTON,-121.35154023,37.99781685
7190353,2016,2016-09-13,3905,2016-04-16,2308,1532,BEA,6,5,6,3905,0,0,0,,0,,"THORNTON RD","WAGNER HEIGHTS RD",468.00,S,N,A,-,N,,,,,,,,,,Y,1,1,0,2,D,-,00,,,N,G,B,E,A,H,-,C,A,0,Y,,,,Y,Y,-,"- ",0,0,0,1,0,0,0,0,0,"- ","- ",38.035299999999999,-121.33933,"SAN JOAQUIN",STOCKTON,-121.33805905,38.034503809999997
7190410,2016,2016-09-21,3905,2016-07-01,2351,1084,PAR,5,5,6,3905,0,0,0,,0,,"LOGISTICS DR","ARCH RD",1920.00,N,N,A,-,N,,,,,,,,,,Y,1,1,1,2,A,-,03,22350,,F,D,C,A,A,H,-,C,D,0,,,Y,,Y,,C,02,0,1,0,0,0,0,0,1,0,"- ","- ",37.905270000000002,-121.19311,"SAN JOAQUIN",STOCKTON,-121.19324309,37.910622660000001
7190451,2016,2016-10-05,3903,2016-07-19,1239,1751,,2,5,4,3903,0,0,0,,0,,"LOUISE AV","TIDEWATER PK",37.00,E,N,A,-,N,,,,,,,,,,N,1,1,0,2,A,-,08,22107,,N,H,G,A,A,H,-,A,A,0,,Y,,,Y,,L,04,0,0,0,0,0,1,0,0,0,"- ","- ",37.812019999999997,-121.22613,"SAN JOAQUIN",MANTECA,-121.2261795,37.811942999999999
7190539,2016,2018-09-27,3905,2016-06-11,1740,2015,CIV,6,5,6,3905,0,0,0,,0,,"EL DORADO ST","INGRAM ST",152.00,S,N,A,-,N,,,,,,,,,,Y,1,1,0,2,A,-,00,21760,C,N,H,G,A,A,H,-,A,D,0,,Y,,,Y,Y,A,01,0,0,0,0,0,1,0,0,0,"- ","- ",37.99006,-121.30291,"SAN JOAQUIN",STOCKTON,-121.30317527,37.989513430000002
7190561,2016,2016-11-17,3905,2016-09-22,1118,2525,PAR,4,5,6,3905,0,0,0,,0,,"AIRPORT WY","HAZELTON AV",0.00,,Y,A,-,N,,,,,,,,,,Y,1,1,4,2,A,-,09,21801,A,N,D,C,A,A,H,-,A,A,0,,,,,Y,,A,01,0,0,4,0,0,0,0,0,0,"- ","- ",37.94932,-121.27256,"SAN JOAQUIN",STOCKTON,-121.27257997,37.949429909999999
7190662,2016,2016-12-13,3906,2016-10-07,2350,916,,5,5,5,3906,0,0,0,,0,005,"11TH ST","LINCOLN BL",0.00,,Y,A,-,N,,,,,,,,,,Y,1,1,0,2,A,-,01,23152,A,F,D,C,A,A,H,-,C,A,0,,,Y,,Y,Y,C,02,0,0,0,0,0,0,0,1,0,"- ","- ",,,"SAN JOAQUIN",TRACY,-121.44169988,37.739669919999997
7190688,2016,2018-09-26,3905,2016-07-30,2122,1532,VAL,6,5,6,3905,0,0,0,,0,,"HAMMER LN","GIRARDI WY",0.00,,Y,A,-,N,,,,,,,,,,Y,1,1,6,2,A,-,01,23152,A,N,D,C,A,A,H,-,C,A,0,,,,,Y,Y,A,01,0,3,3,0,0,0,0,0,0,"- ","- ",38.020980000000002,-121.27695,"SAN JOAQUIN",STOCKTON,-121.27662995999999,38.021209970000001
7190718,2016,2018-09-26,3906,2016-08-20,1420,1374,,6,5,5,3906,0,0,0,,0,002,"EGRET DR","HUMMINGBIRD WY",0.00,,Y,A,-,N,,,,,,,,,,Y,1,1,1,2,A,-,09,21802,A,N,D,C,A,A,H,-,A,A,0,,,Y,,Y,,A,07,0,0,1,0,0,0,0,1,0,"- ","- ",,,"SAN JOAQUIN",TRACY,-121.44334986,37.716889889999997
7190769,2015,2016-02-23,3903,2015-11-10,1525,2916,,2,5,4,3903,0,0,0,,0,3903,"MOFFAT BL","GARFIELD AV",70.00,W,N,A,-,N,,,,,,,,,,N,2,0,1,2,A,-,11,21950,B,N,G,B,C,A,H,-,A,D,0,Y,,,,Y,,N,60,1,0,0,0,1,0,0,0,0,"- ","- ",,,"SAN JOAQUIN",MANTECA,-121.2111352,37.792763860000001
7190981,2016,2016-02-24,3901,2016-01-09,2004,D1,,6,5,2,3901,0,0,0,,0,,"MAIN ST","3RD ST",0.00,N,N,A,-,N,,,,,,,,,,N,2,0,1,1,B,-,22,,,N,F,A,A,A,H,-,C,D,0,,,Y,,Y,Y,C,02,1,0,0,0,0,0,0,0,1,"- ","- ",,,"SAN JOAQUIN",ESCALON,-120.99142988,37.79347989
7192793,2016,2016-02-24,3902,2016-02-05,0634,23,,5,5,5,3902,0,0,0,,0,,"CHEROKEE LN","VICTOR RD",239.00,S,N,A,-,N,,,,,,,,,,N,2,0,1,2,A,-,11,21954,A,N,G,B,D,A,H,-,C,D,0,Y,,,,Y,,N,60,1,0,0,0,1,0,0,0,0,"- ","- ",,,"SAN JOAQUIN",LODI,-121.26089315999999,38.136624279999999
7198138,2016,2016-03-04,3905,2016-01-15,1902,2732,PAR,5,5,6,3905,0,0,0,,0,,"LAFAYETTE ST","UNION ST",95.00,E,N,A,-,N,,,,,,,,,,N,2,0,1,2,A,-,11,21950,B,N,G,B,D,A,H,-,D,D,0,Y,,,,Y,,N,60,1,0,0,0,1,0,0,0,0,"- ","- ",37.951909999999998,-121.27594000000001,"SAN JOAQUIN",STOCKTON,-121.27562949999999,37.952040570000001
7199480,2015,2016-03-21,3905,2015-12-12,1823,1532,BEA,6,5,6,3905,0,0,0,,0,,"HAMMER LN","LAN ARK DR",0.00,,Y,A,-,N,,,,,,,,,,Y,1,1,0,2,A,-,11,21453,D,N,G,B,B,A,H,-,C,A,0,Y,,,,Y,,N,60,0,0,0,1,0,0,0,0,0,"- ","- ",38.021050000000002,-121.30974000000001,"SAN JOAQUIN",STOCKTON,-121.30943000000001,38.020989970000002
7199481,2015,2016-03-21,3905,2015-10-01,1929,1084,CIV,4,5,6,3905,0,0,0,,0,,"OAK FOREST AV","MIGHTY OAK DR",0.00,,Y,A,-,N,,,,,,,,,,N,1,1,0,2,A,-,11,21950,B,N,G,B,E,A,H,-,D,D,0,Y,,,,Y,Y,N,60,0,0,0,1,0,0,0,0,0,"- ","- ",37.990949999999998,-121.27598999999999,"SAN JOAQUIN",STOCKTON,-121.27642985999999,37.99104999
7199483,2015,2017-04-04,3903,2015-10-05,1506,2393,,1,5,4,3903,0,0,0,,0,,"LOUISE AV","MAIN ST",270.00,E,N,A,-,N,,,,,,,,,,Y,1,1,0,2,A,-,03,22350,,N,D,C,A,A,H,-,A,D,0,,,Y,,Y,,C,02,0,0,0,0,0,0,0,1,0,"- ","- ",,,"SAN JOAQUIN",MANTECA,-121.21704,37.81194
7199528,2015,2017-03-29,3905,2015-12-24,0313,2133,LAK,4,5,6,3905,0,0,0,,0,,"SWAIN RD","BREA AV",0.00,E,N,C,-,N,,,,,,,,,,Y,1,1,0,1,A,-,01,23152,A,N,E,I,A,B,H,-,C,A,0,,,,,Y,Y,A,01,0,0,0,0,0,0,0,0,0,"- ","- ",38.006689999999999,-121.31175,"SAN JOAQUIN",STOCKTON,-121.31131000000001,38.006569970000001
7017116,2015,2015-08-24,3906,2015-07-31,1932,941,TSC,5,5,5,3906,0,0,0,,0,002,"MACARTHUR DR","VALPICO RD",9.00,N,N,A,-,N,,,,,,,,,,Y,2,0,1,1,A,-,01,23152,A,M,E,I,A,A,H,-,A,A,0,,,,,Y,Y,D,22,1,0,0,0,0,0,0,0,0,"- ","- ",,,"SAN JOAQUIN",TRACY,-121.41638854999999,37.710664690000002
7199555,2016,2016-06-22,3905,2016-03-20,2018,2133,CIV,7,5,6,3905,0,0,0,,0,,"WEST LN","ENTERPRISE ST",811.00,N,N,A,-,N,,,,,,,,,,Y,1,1,0,2,A,-,11,21954,A,N,G,B,D,A,H,-,C,A,0,Y,,,,Y,,N,60,0,0,0,1,0,0,0,0,0,"- ","- ",37.990200000000002,-121.28570000000001,"SAN JOAQUIN",STOCKTON,-121.28696501,37.992288709999997
7199804,2016,2018-09-26,3905,2016-01-29,2500,2015,PAR,5,5,6,3905,0,0,0,,0,,"RT 4","LADD TRACT RD",0.00,,Y,A,-,N,,,,,,,,,,N,1,1,0,2,D,-,00,,,F,H,G,A,A,H,-,D,A,0,,Y,,,Y,Y,-,"- ",0,0,0,0,0,1,0,0,0,"- ","- ",37.940260000000002,-121.23639,"SAN JOAQUIN",STOCKTON,,
7201527,2016,2016-03-15,3906,2016-02-16,2044,916,,2,5,5,3906,0,0,0,,0,002,"CORRAL HOLLOW RD","LINNE RD",5808.00,S,N,B,-,N,,,,,,,,,,Y,2,0,2,2,A,-,06,21751,,N,A,C,A,A,H,-,D,D,0,,,,,Y,,A,01,2,0,0,0,0,0,0,0,0,"- ","- ",,,"SAN JOAQUIN",TRACY,-121.45276,37.67993834
7201555,2016,2016-03-15,3906,2016-02-09,0651,1421,84,2,5,5,3906,0,0,0,,0,004,"LOWELL AV","JOSEPH MENUSA LN",0.00,,Y,A,-,N,,,,,,,,,,N,2,0,1,2,A,-,05,21650,1,N,D,G,A,A,H,-,A,D,0,,Y,,,Y,,L,04,1,0,0,0,0,0,1,0,0,"- ","- ",,,"SAN JOAQUIN",TRACY,-121.456722,37.747028
8010211,2016,2016-04-11,3905,2016-03-07,1603,2463,CIV,1,5,6,3905,0,0,0,,0,,"AURORA ST","MARKET ST",0.00,,Y,B,C,N,,,,,,,,,,Y,2,0,2,3,A,-,09,21802,A,N,D,C,A,B,H,-,A,A,0,,Y,,,Y,,A,01,1,0,1,0,0,0,1,0,0,"- ","- ",37.953429999999997,-121.27907999999999,"SAN JOAQUIN",STOCKTON,-121.27912986,37.953479909999999
8023483,2016,2016-04-27,3905,2016-04-08,2349,2768,PAR,5,5,6,3905,0,0,0,,0,,"FLORA ST","BELVEDERE AV",54.00,W,N,C,-,N,,,,,,,,,,Y,2,0,2,2,A,-,03,22350,,N,D,E,A,B,H,-,C,D,0,,,,,Y,,A,01,1,0,1,0,0,0,0,0,0,"- ","- ",37.96649,-121.26130999999999,"SAN JOAQUIN",STOCKTON,-121.26163961,37.96661787
8023615,2016,2016-04-25,3905,2016-04-02,1921,2606,VAL,6,5,6,3905,0,0,0,,0,,"MARCH LN","FRED RUSSO DR",1839.00,W,N,A,-,N,,,,,,,,,,Y,2,0,2,4,A,-,03,22350,,N,C,E,E,A,H,-,A,D,0,Y,,,,Y,,A,01,1,1,0,0,2,0,0,0,0,"- ","- ",38.005459999999999,-121.27674,"SAN JOAQUIN",STOCKTON,-121.28241402,38.00425955
8023633,2016,2016-04-25,3905,2016-04-02,0406,2694,PAR,6,5,6,3905,0,0,0,,0,PAR,"LINDSAY ST","SIERRA NEVADA ST",0.00,,Y,A,-,N,,,,,,,,,,N,2,0,1,2,A,-,09,21801,A,F,H,G,A,A,H,-,D,D,0,,Y,,,Y,,A,07,1,0,0,0,0,0,1,0,0,"- ","- ",37.959519999999998,-121.27386,"SAN JOAQUIN",STOCKTON,-121.27398999,37.959609960000002
8028990,2016,2016-08-29,3905,2016-05-10,2151,2289,,2,5,6,3905,0,0,0,,0,PAR,"SIERRA NEVADA ST","CHANNEL ST",60.00,S,N,A,-,N,,,,,,,,,,N,2,0,1,2,A,-,21,22106,,N,H,G,A,A,H,-,C,D,0,,Y,,,Y,,A,07,1,0,0,0,0,0,1,0,0,"- ","- ",37.957430000000002,-121.27331,"SAN JOAQUIN",STOCKTON,-121.27333654,37.957368850000002
8031763,2016,2016-05-09,3905,2016-04-23,2015,2463,SEA,6,5,6,3905,0,0,0,,0,,"MARTIN LUTHER KING BL","LINCOLN ST",186.00,W,N,A,-,N,,,,,,,,,,Y,2,0,1,2,A,-,11,21955,,N,G,B,C,A,H,-,C,A,0,Y,,,,Y,,N,60,1,0,0,0,1,0,0,0,0,"- ","- ",37.937539999999998,-121.29397,"SAN JOAQUIN",STOCKTON,-121.29451138,37.9374556
8031783,2016,2016-05-09,3905,2016-04-13,1611,2525,SEA,3,5,6,3905,0,0,0,,0,,"MANTHEY RD","HENRY LONG BL",5.00,S,N,A,-,N,,,,,,,,,,Y,2,0,4,2,A,-,03,22350,,F,D,C,A,A,H,-,A,D,0,,,,,Y,,A,01,1,3,0,0,0,0,0,0,0,"- ","- ",37.900469999999999,-121.28574999999999,"SAN JOAQUIN",STOCKTON,,
8031784,2016,2016-05-10,3905,2016-04-18,0803,2600,VAL,1,5,6,3905,0,0,0,,0,,"WEST LN","HAMMERTOWN DR",0.00,,Y,A,-,N,,,,,,,,,,Y,2,0,1,2,A,-,09,21453,C,N,A,C,A,A,H,-,A,A,0,,,,,Y,,A,07,1,0,0,0,0,0,0,0,0,"- ","- ",38.016579999999998,-121.29517,"SAN JOAQUIN",STOCKTON,-121.29492985,38.016579989999997
8031824,2016,2016-05-10,3905,2016-04-19,1901,2815,BEA,2,5,6,3905,0,0,0,,0,,"EL DORADO ST","LOS FELIS AV",0.00,,Y,B,-,N,,,,,,,,,,Y,2,0,1,2,A,-,09,21802,A,N,D,C,A,A,H,-,A,A,0,,,Y,,Y,,A,01,1,0,0,0,0,0,0,0,1,"- ","- ",38.032589999999999,-121.31762999999999,"SAN JOAQUIN",STOCKTON,-121.31743996,38.03242994
8031838,2016,2016-05-09,3905,2016-04-28,1447,2277,SEA,4,5,6,3905,0,0,0,,0,,"MARTIN LUTHER KING BL","HARRISON ST",100.00,E,N,A,-,N,,,,,,,,,,Y,2,0,1,2,A,-,03,22350,,N,D,C,A,A,H,-,A,D,0,,,Y,,Y,,C,02,1,0,0,0,0,0,0,0,1,"- ","- ",37.937330000000003,-121.29528000000001,"SAN JOAQUIN",STOCKTON,-121.29481054999999,37.937406129999999
8050635,2016,2016-06-11,3905,2016-05-28,0241,2794,SEA,6,5,6,3905,0,0,0,,0,,"ARGONAUT ST","2ND ST",473.00,W,N,A,-,N,,,,,,,,,,N,2,0,1,2,A,-,03,22350,,F,G,B,E,A,H,-,C,D,0,Y,,,,Y,,A,01,1,0,0,0,1,0,0,0,0,"- ","- ",37.93486,-121.30311,"SAN JOAQUIN",STOCKTON,-121.30296,37.934739999999998
8072866,2016,2016-06-30,3905,2016-06-22,1159,2537,LAK,3,5,6,3905,0,0,0,,0,,"SAN CARLOS WY","SANTA INES CT",0.00,,Y,A,-,N,,,,,,,,,,N,2,0,1,2,A,-,09,21804,A,N,D,G,A,A,H,-,A,D,0,,Y,,,Y,,L,04,1,0,0,0,0,0,1,0,0,"- ","- ",38.020359999999997,-121.31918,"SAN JOAQUIN",STOCKTON,-121.31886999,38.020189950000002
8072895,2016,2016-07-01,3905,2016-06-07,2109,2784,CIV,2,5,6,3905,0,0,0,,0,,"WEBER AV","HUNTER ST",110.00,W,N,A,-,N,,,,,,,,,,Y,2,0,2,1,A,-,01,23153,B,N,E,I,A,A,H,-,C,A,0,,,,,Y,Y,A,01,1,1,0,0,0,0,0,0,0,"- ","- ",37.953969999999998,-121.28873,"SAN JOAQUIN",STOCKTON,-121.28917407,37.95396058
8088052,2016,2016-10-13,3905,2016-07-10,0318,2448,PAR,7,5,6,3905,0,0,0,,0,,"SIERRA NEVADA ST","LINDSAY ST",0.00,,Y,A,-,N,,,,,,,,,,N,2,0,1,2,A,-,03,22350,,F,H,G,A,A,H,-,C,D,0,,Y,,,Y,,A,01,1,0,0,0,0,0,1,0,0,"- ","- ",37.959519999999998,-121.27386,"SAN JOAQUIN",STOCKTON,-121.27398999,37.959609960000002