CASE_ID,ACCIDENT_YEAR,PROC_DATE,JURIS,COLLISION_DATE,COLLISION_TIME,OFFICER_ID,REPORTING_DISTRICT,DAY_OF_WEEK,CHP_SHIFT,POPULATION,CNTY_CITY_LOC,SPECIAL_COND,BEAT_TYPE,CHP_BEAT_TYPE,CITY_DIVISION_LAPD,CHP_BEAT_CLASS,BEAT_NUMBER,PRIMARY_RD,SECONDARY_RD,DISTANCE,DIRECTION,INTERSECTION,WEATHER_1,WEATHER_2,STATE_HWY_IND,CALTRANS_COUNTY,CALTRANS_DISTRICT,STATE_ROUTE,ROUTE_SUFFIX,POSTMILE_PREFIX,POSTMILE,LOCATION_TYPE,RAMP_INTERSECTION,SIDE_OF_HWY,TOW_AWAY,COLLISION_SEVERITY,NUMBER_KILLED,NUMBER_INJURED,PARTY_COUNT,PRIMARY_COLL_FACTOR,PCF_CODE_OF_VIOL,PCF_VIOL_CATEGORY,PCF_VIOLATION,PCF_VIOL_SUBSECTION,HIT_AND_RUN,TYPE_OF_COLLISION,MVIW,PED_ACTION,ROAD_SURFACE,ROAD_COND_1,ROAD_COND_2,LIGHTING,CONTROL_DEVICE,CHP_ROAD_TYPE,PEDESTRIAN_ACCIDENT,BICYCLE_ACCIDENT,MOTORCYCLE_ACCIDENT,TRUCK_ACCIDENT,NOT_PRIVATE_PROPERTY,ALCOHOL_INVOLVED,STWD_VEHTYPE_AT_FAULT,CHP_VEHTYPE_AT_FAULT,COUNT_SEVERE_INJ,COUNT_VISIBLE_INJ,COUNT_COMPLAINT_PAIN,COUNT_PED_KILLED,COUNT_PED_INJURED,COUNT_BICYCLIST_KILLED,COUNT_BICYCLIST_INJURED,COUNT_MC_KILLED,COUNT_MC_INJURED,PRIMARY_RAMP,SECONDARY_RAMP,LATITUDE,LONGITUDE,COUNTY,CITY,POINT_X,POINT_Y
8103023,2016,2016-08-19,3905,2016-08-02,0508,2719,SEA,2,5,6,3905,0,0,0,,0,,"MARTIN LUTHER KING BL","STANISLAUS ST",0.00,,Y,A,-,N,,,,,,,,,,N,2,0,1,2,A,-,03,22350,,F,G,B,E,A,H,-,C,D,0,Y,,,,Y,,A,08,1,0,0,0,1,0,0,0,0,"- ","- ",37.940199999999997,-121.27835,"SAN JOAQUIN",STOCKTON,-121.27824986,37.940279959999998
8103217,2016,2016-08-22,3905,2016-07-25,2131,2743,LAK,1,5,6,3905,0,0,0,,0,,"HAMMER LN","ALEXANDRIA PL",158.00,W,N,A,-,N,,,,,,,,,,N,2,0,1,2,A,-,11,21955,,N,G,B,D,A,H,-,C,A,0,Y,,,,Y,,N,60,1,0,0,0,1,0,0,0,0,"- ","- ",38.021520000000002,-121.33642,"SAN JOAQUIN",STOCKTON,-121.33665746,38.021027099999998
8114659,2016,2016-09-13,3901,2016-07-04,2021,L9,,1,5,2,3901,0,0,0,,0,,"TAMARA CT","JENNIFER DR",146.00,W,N,A,-,N,,,,,,,,,,N,2,0,1,4,A,-,21,22106,,N,G,B,E,A,H,-,A,D,0,Y,,,,Y,,D,22,1,0,0,0,1,0,0,0,0,"- ","- ",,,"SAN JOAQUIN",ESCALON,-120.99359533000001,37.805770000000003
8118263,2016,2016-09-09,3905,2016-08-19,2233,2609,LAK,5,5,6,3905,0,0,0,,0,,"BENJAMIN HOLT DR","CUMBERLAND PL",487.00,E,N,A,-,N,,,,,,,,,,Y,2,0,1,1,A,-,03,22350,,N,E,I,A,A,H,-,C,D,0,,,Y,,Y,,C,02,1,0,0,0,0,0,0,0,1,"- ","- ",38.005659999999999,-121.36314,"SAN JOAQUIN",STOCKTON,-121.36086505,38.005748359999998
8119147,2016,2016-09-12,3905,2016-08-29,1928,2675,CIV,1,5,6,3905,0,0,0,,0,,"AURORA ST","MINER AV",0.00,,Y,A,-,N,,,,,,,,,,Y,2,0,1,1,A,-,03,22350,,N,E,I,A,A,H,-,A,D,0,,,,,Y,,A,01,1,0,0,0,0,0,0,0,0,"- ","- ",37.957410000000003,-121.28010999999999,"SAN JOAQUIN",STOCKTON,-121.28018987999999,37.957459929999999
8119188,2016,2016-09-12,3905,2016-08-14,0818,2676,CIV,7,5,6,3905,0,0,0,,0,,"HUNTER ST","BRIDGE PL",0.00,,Y,A,-,N,,,,,,,,,,N,2,0,1,2,A,-,05,21650,1,N,H,G,A,A,H,-,A,D,0,,Y,,,Y,,L,04,1,0,0,0,0,0,1,0,0,"- ","- ",37.954479999999997,-121.28887,"SAN JOAQUIN",STOCKTON,-121.28891999,37.954489950000003
8154727,2016,2016-10-31,3905,2016-10-02,1904,2729,SEA,7,5,6,3905,0,0,0,,0,,"EL DORADO ST","IVY AV",1056.00,S,N,A,-,N,,,,,,,,,,N,2,0,1,2,A,-,11,21954,A,N,G,B,D,A,H,-,B,D,0,Y,,,,Y,,N,60,1,0,0,0,1,0,0,0,0,"- ","- ",37.918889999999998,-121.2786,"SAN JOAQUIN",STOCKTON,-121.27763340999999,37.916115480000002
8154787,2016,2016-10-28,3905,2016-10-22,2050,2649,BEA,6,5,6,3905,0,0,0,,0,,"MORADA LN","EL DORADO ST",23.00,W,N,A,-,N,,,,,,,,,,Y,2,0,3,1,A,-,01,23152,A,N,E,I,A,A,H,-,C,D,0,,,,,Y,Y,A,01,1,0,2,0,0,0,0,0,0,"- ","- ",38.035670000000003,-121.31814,"SAN JOAQUIN",STOCKTON,-121.31805987,38.035490000000003
8155791,2016,2016-11-21,3905,2016-09-07,1558,2822,SEA,3,5,6,3905,0,0,0,,0,,"WASHINGTON ST","VENTURA AV",0.00,,Y,A,-,N,,,,,,,,,,Y,2,0,1,2,A,-,09,21801,A,N,D,C,A,A,H,-,A,A,0,,,Y,,Y,,A,07,1,0,0,0,0,0,0,0,1,"- ","- ",37.946039999999996,-121.31826,"SAN JOAQUIN",STOCKTON,-121.31819992,37.945849940000002
8155800,2016,2016-10-28,3905,2016-09-20,1220,2537,LAK,2,5,6,3905,0,0,0,,0,,"YOKUTS AV","EL DORADO ST",200.00,W,N,A,-,N,,,,,,,,,,Y,2,0,1,2,A,-,09,21801,A,N,D,C,A,A,H,-,A,D,0,,,Y,,Y,,A,01,1,0,0,0,0,0,0,0,1,"- ","- ",37.998860000000001,-121.30526,"SAN JOAQUIN",STOCKTON,-121.30715059000001,37.998441339999999
8155822,2016,2016-10-31,3905,2016-09-06,1953,2675,CIV,2,5,6,3905,0,0,0,,0,,"PERSHING AV","PRINCETON AV",0.00,,Y,A,-,N,,,,,,,,,,Y,2,0,1,1,A,-,03,22350,,N,E,I,A,A,H,-,C,D,0,,,,,Y,Y,A,01,1,0,0,0,0,0,0,0,0,"- ","- ",37.977559999999997,-121.31798000000001,"SAN JOAQUIN",STOCKTON,-121.31827991,37.977359919999998
81659566,2021,2021-12-23,3905,2021-11-03,1840,3020,CIV,3,5,6,3905,0,0,0,,0,,"CALIFORNIA ST","FLORA ST",0.00,,Y,A,-,Y,,,,,,,,,,N,2,0,1,2,A,-,10,21950,A,F,G,B,B,A,H,-,C,D,0,Y,,,,Y,Y,D,22,1,0,0,0,1,0,0,0,0,"- ","- ",37.961521148681641,-121.28662109375,"SAN JOAQUIN",STOCKTON,-121.28675842285156,37.961532592773438
81659577,2021,2021-12-23,3905,2021-11-04,1730,3076,VAL,4,5,6,3905,0,0,0,,0,,"HAMMERTOWN DR","WEST LN",0.00,,Y,A,-,N,,,,,,,,,,N,2,0,1,2,A,-,10,21950,A,N,G,B,B,A,H,-,A,A,0,Y,,,,Y,,A,01,1,0,0,0,1,0,0,0,0,"- ","- ",38.016040802001953,-121.29524993896484,"SAN JOAQUIN",STOCKTON,-121.29438781738281,38.016593933105469
81661631,2021,2021-12-27,3905,2021-10-28,0752,1315,PAR,4,5,6,3905,0,0,0,,0,,"EIGHTH ST","PHELPS ST",0.00,,Y,A,-,N,,,,,,,,,,N,2,0,1,2,A,-,03,22350,,F,G,B,D,A,H,-,A,D,0,Y,,,,Y,,A,08,1,0,0,0,1,0,0,0,0,"- ","- ",37.931308746337891,-121.26595306396484,"SAN JOAQUIN",STOCKTON,-121.26576232910156,37.931491851806641
81663024,2021,2021-12-28,3905,2021-11-09,1525,3041,PAR,2,5,6,3905,0,0,0,,0,,"MINER AV","WILSON WY",131.00,E,N,A,-,N,,,,,,,,,,N,2,0,1,2,A,-,03,22350,,N,B,E,A,A,H,-,A,D,0,,,,,Y,,A,07,1,0,0,0,0,0,0,0,0,"- ","- ",37.958110809326172,-121.27348327636719,"SAN JOAQUIN",STOCKTON,-121.27191162109375,37.958816528320312
8166679,2016,2017-02-02,3905,2016-11-27,1806,2542,LAK,7,5,6,3905,0,0,0,,0,,"CUMBERLAND PL","BENJAMIN HOLT DR",10.00,N,N,A,-,N,,,,,,,,,,N,1,1,0,2,A,-,11,21456,B,N,G,B,B,A,H,-,C,A,0,Y,,,,Y,,N,60,0,0,0,1,0,0,0,0,0,"- ","- ",38.005659999999999,-121.36314,"SAN JOAQUIN",STOCKTON,-121.36253211,38.005705740000003
8166681,2016,2018-09-27,3905,2016-10-30,0048,2416,SEA,7,5,6,3905,0,0,0,,0,,"FRENCH CAMP RD","EWS WOODS BL",0.00,,Y,B,-,N,,,,,,,,,,Y,1,1,2,2,A,-,01,23152,A,N,D,A,A,A,H,-,C,A,0,,,,,Y,Y,A,01,0,0,2,0,0,0,0,0,0,"- ","- ",37.89734,-121.30342,"SAN JOAQUIN",STOCKTON,-121.30329998000001,37.897179880000003
8166682,2016,2017-02-02,3905,2016-08-18,2030,2416,CIV,4,5,6,3905,0,0,0,,0,,"PACIFIC AV","REGENT CT",0.00,,Y,A,-,N,,,,,,,,,,Y,1,1,2,2,A,-,03,22350,,N,D,C,A,A,H,-,C,D,0,,,Y,,Y,,C,02,0,0,2,0,0,0,0,1,0,"- ","- ",37.974290000000003,-121.30206,"SAN JOAQUIN",STOCKTON,-121.30234993000001,37.97421997
8166688,2016,2017-02-13,3901,2016-08-20,2210,L6,,6,5,2,3901,0,0,0,,0,,"RT 120","BRENNAN RD",0.00,,Y,A,-,Y,SJ,10,120,-,-,15.860,I,5,E,Y,1,1,0,2,A,-,09,21802,A,F,D,C,A,A,H,-,D,A,0,,,Y,,Y,,A,07,0,0,0,0,0,0,0,1,0,"- ","- ",37.798540000000003,-121.01495,"SAN JOAQUIN",ESCALON,-121.01498807,37.798526870000003
8166720,2016,2017-02-23,3905,2016-11-04,1536,2424,SEA,5,5,6,3905,0,0,0,,0,,"DOWNING AV","RT 5",0.00,,Y,A,-,N,,,,,,,,,,Y,1,1,0,2,A,-,12,21453,A,N,D,C,A,A,H,-,A,A,0,,,,,Y,,A,01,0,0,0,0,0,0,0,0,0,"- ",NF,37.913209999999999,-121.28885,"SAN JOAQUIN",STOCKTON,-121.288923,37.913100999999997
8166724,2016,2018-09-27,3905,2016-11-24,0636,2416,PAR,4,5,6,3905,0,0,0,,0,,"WILSON WY","OAK ST",34.00,S,N,F,-,N,,,,,,,,,,Y,1,1,0,2,A,-,11,21954,A,N,G,B,D,A,H,-,A,D,0,Y,,,,Y,,N,60,0,0,0,1,0,0,0,0,0,"- ","- ",37.961680000000001,-121.27307,"SAN JOAQUIN",STOCKTON,-121.27315668,37.961728469999997
8166761,2016,2017-03-30,3902,2016-04-25,1950,28,,1,5,5,3902,0,0,0,,0,,"LODI AV","S PLEASANT AV",0.00,,Y,A,-,N,,,,,,,,,,Y,1,2,2,3,A,-,01,23153,A,F,D,C,A,A,H,-,B,A,0,,,,,Y,Y,A,01,1,0,1,0,0,0,0,0,0,"- ","- ",,,"SAN JOAQUIN",LODI,-121.27666986,38.130119960000002
8166774,2016,2017-03-16,3905,2016-10-01,0152,2133,LAK,6,5,6,3905,0,0,0,,0,,"FEATHER RIVER DR","DRIFTWOOD PL",892.00,N,N,A,-,N,,,,,,,,,,Y,1,1,0,1,A,-,01,23152,A,N,E,I,A,A,H,-,C,A,0,,,,,Y,Y,A,01,0,0,0,0,0,0,0,0,0,"- ","- ",37.989649999999997,-121.34675,"SAN JOAQUIN",STOCKTON,-121.34682975,37.991649129999999
8166775,2016,2017-03-16,3905,2016-07-11,0822,1532,LAK,1,5,6,3905,0,0,0,,0,,"QUAIL LAKES DR","MARCH LN",856.00,N,N,A,-,N,,,,,,,,,,Y,1,1,0,2,A,-,03,22350,,N,D,C,A,A,H,-,A,A,0,,,Y,,Y,,C,02,0,0,0,0,0,0,0,1,0,"- ","- ",37.985169999999997,-121.33951999999999,"SAN JOAQUIN",STOCKTON,-121.33996713000001,37.986117739999997
8166788,2016,2017-03-17,3903,2016-11-26,1207,1751,,6,5,4,3903,0,0,0,,0,,"MOFFAT BL","RT 99",340.00,W,N,B,C,N,,,,,,,,,,Y,1,2,0,2,A,-,05,21650,,N,D,C,A,B,H,-,A,D,0,,,,Y,Y,,A,01,0,0,0,0,0,0,0,0,0,"- ",SF,37.774369999999998,-121.18091,"SAN JOAQUIN",MANTECA,-121.1813128,37.774709090000002
8166830,2016,2017-03-28,3905,2016-12-06,1615,1532,,2,5,6,3905,0,0,0,,0,,"HUNTER ST","POPLAR ST",0.00,,Y,B,-,N,,,,,,,,,,Y,1,1,1,2,A,-,00,23152,G,N,D,C,A,A,H,-,A,A,0,,,,,Y,Y,A,01,0,0,1,0,0,0,0,0,0,"- ","- ",37.961869999999998,-121.2908,"SAN JOAQUIN",STOCKTON,-121.29090988,37.961849890000003
8167125,2017,2019-04-08,3903,2017-08-09,2231,2916,,3,5,4,3903,0,0,0,,0,,"WOODWARD AV","MCKINLEY AV",2325.00,W,N,A,-,N,,,,,,,,,,Y,1,2,1,2,A,-,05,21650,,F,A,C,A,A,H,-,D,D,0,,,,,Y,,-,"- ",1,0,0,0,0,0,0,0,0,"- ","- ",37.77552,-121.27083,"SAN JOAQUIN",MANTECA,-121.27874420000001,37.775393510000001
8167140,2017,2018-05-31,3902,2017-10-05,0609,CD93,,4,5,5,3902,0,0,0,,0,,"E VICTOR RD","BECKMAN RD",347.00,E,N,A,-,Y,SJ,10,99,-,-,30.920,R,4,N,N,1,1,0,2,A,-,04,21703,,F,C,G,A,A,H,-,C,D,0,,Y,,,Y,,D,22,0,0,0,0,0,1,0,0,0,"- ","- ",,,"SAN JOAQUIN",LODI,-121.25748143,38.136756800000001
8167538,2017,2019-04-09,3901,2017-06-15,2257,L3,,4,5,2,3901,0,0,0,,0,,"JACKSON AV","DAVID ST",377.00,E,N,A,-,Y,SJ,10,120,-,-,17.950,H,-,E,N,1,1,0,2,A,-,11,21954,A,N,G,B,D,A,H,-,D,D,0,Y,,,,Y,Y,N,60,0,0,0,1,0,0,0,0,0,"- ","- ",,,"SAN JOAQUIN",ESCALON,-120.98273454,37.794185630000001
81678089,2021,2022-01-14,3905,2021-11-29,1837,2902,SEA,1,5,6,3905,0,0,0,,0,,"MARTIN LUTHER KING BL","CALIFORNIA ST",0.00,,Y,A,-,N,,,,,,,,,,N,2,0,1,2,A,-,12,21453,A,N,D,G,A,A,H,-,C,A,0,,Y,,,Y,,L,04,1,0,0,0,0,0,1,0,0,"- ","- ",37.939781188964844,-121.28095245361328,"SAN JOAQUIN",STOCKTON,-121.28085327148438,37.939888000488281
81682368,2021,2022-01-21,3905,2021-11-08,0331,2626,SEA,1,5,6,3905,0,0,0,,0,,"CHARTER WY WB TURN LANE TO NAVY DR","NAVY DR",90.00,E,N,A,-,Y,,,,,,,,,,N,1,1,0,2,A,-,05,21202,A,N,D,G,A,A,H,-,C,D,0,,Y,,Y,Y,,L,04,0,0,0,0,0,1,0,0,0,"- ","- ",37.936241149902344,-121.30003356933594,"SAN JOAQUIN",STOCKTON,,
8169132,2016,2016-11-16,3903,2016-10-06,1945,2058,,4,5,4,3903,0,0,0,,0,,"LOUISE AV","POPLAR AV",63.00,W,N,A,-,N,,,,,,,,,,N,2,0,1,2,A,-,11,21954,A,N,G,B,D,A,H,-,C,D,0,Y,,,,Y,,N,60,1,0,0,0,1,0,0,0,0,"- ","- ",37.811990000000002,-121.21974,"SAN JOAQUIN",MANTECA,-121.21999809,37.81194
8169167,2016,2016-11-16,3903,2016-10-25,1801,2284,MANTE,2,5,4,3903,0,0,0,,0,001,"AGATE AV","SAPPHIRE WY",0.00,,Y,B,-,N,,,,,,,,,,N,2,0,1,2,A,-,09,21802,A,N,D,C,A,A,H,-,A,A,0,,,Y,,Y,,C,03,1,0,0,0,0,0,0,0,1,"- ","- ",37.810229999999997,-121.2329,"SAN JOAQUIN",MANTECA,-121.23294998999999,37.810089980000001
81694306,2021,2022-02-07,3905,2021-12-21,2038,3127,BEA,2,5,6,3905,0,0,0,,0,,"SANTIAGO WY","DON AV",0.00,,Y,C,-,N,,,,,,,,,,N,2,0,1,2,A,-,10,21950,A,N,G,B,B,B,H,-,D,D,0,Y,,,,Y,,A,01,1,0,0,0,1,0,0,0,0,"- ","- ",38.023220062255859,-121.34580993652344,"SAN JOAQUIN",STOCKTON,-121.34546661376953,38.023399353027344
81697463,2021,2022-02-10,3905,2021-12-19,1726,2384,PAR,7,5,6,3905,0,0,0,,0,,"WATERLOO RD","ROOSEVELT ST",0.00,,Y,A,-,N,,,,,,,,,,Y,2,0,2,2,A,-,03,22350,,F,B,C,A,A,H,-,C,D,0,,,,,Y,,A,01,2,0,0,0,0,0,0,0,0,"- ","- ",37.967758178710938,-121.27178192138672,"SAN JOAQUIN",STOCKTON,-121.27197265625,37.967948913574219
81700782,2021,2022-02-15,3905,2021-12-19,0230,3090,PAR,7,5,6,3905,0,0,0,,0,,"NIGHTINGALE AV","EIGHTH ST",0.00,,Y,A,-,N,,,,,,,,,,N,2,0,1,2,A,-,03,22350,,F,G,B,E,A,H,-,C,D,0,Y,,,,Y,Y,A,01,1,0,0,0,1,0,0,0,0,"- ","- ",37.936531066894531,-121.24459075927734,"SAN JOAQUIN",STOCKTON,-121.24441528320312,37.936809539794922
8170566,2017,2018-06-15,3902,2017-11-19,0823,CD93,,7,5,5,3902,0,0,0,,0,,"WEST KETTLEMAN LN","HAM LN",18.00,E,N,A,-,Y,SJ,10,12,-,-,16.440,I,5,E,N,2,0,1,2,A,-,11,21456,B,N,G,B,B,A,H,-,A,A,0,Y,,,,Y,,N,60,1,0,0,0,1,0,0,0,0,"- ","- ",,,"SAN JOAQUIN",LODI,-121.28805407999999,38.115395059999997
81725807,2021,2022-03-17,3905,2021-12-01,1325,2660,LAK,3,5,6,3905,0,0,0,,0,,"BENJAMIN HOLT DR","BELMONT PL",588.00,W,N,A,-,N,,,,,,,,,,Y,2,0,1,2,A,-,03,22350,,N,C,C,A,A,H,-,A,D,0,,,Y,,Y,,C,02,1,0,0,0,0,0,0,0,1,"- ","- ",38.004878997802734,-121.34398651123047,"SAN JOAQUIN",STOCKTON,-121.34542846679688,38.005168914794922
8172701,2016,2016-11-28,3906,2016-10-05,1342,00916,,3,5,5,3906,0,0,0,,0,006,"TRACY BL","CLOVER RD",414.00,S,N,A,-,N,,,,,,,,,,N,2,0,3,1,A,-,08,22107,,N,E,I,A,A,H,-,A,D,0,,,,,Y,,A,01,1,2,0,0,0,0,0,0,0,"- ","- ",,,"SAN JOAQUIN",TRACY,-121.43506000000001,37.760282910000001
81751791,2021,2022-04-20,3905,2021-11-23,0745,2747,CIV,2,5,6,3905,0,0,0,,0,,"CALIFORNIA ST","GEARY ST",11.00,S,N,E,-,N,,,,,,,,,,Y,1,1,1,2,A,-,01,23152,B,N,A,C,A,A,H,-,A,D,0,,,,,Y,Y,A,01,0,0,1,0,0,0,0,0,0,"- ","- ",37.976211547851562,-121.29106903076172,"SAN JOAQUIN",STOCKTON,-121.29132080078125,37.976150512695312
81751860,2022,2022-04-20,3905,2022-02-09,2215,2658,LAK,3,5,6,3905,0,0,0,,0,,"MARCH LN","NB I5 ON RAMP",0.00,,Y,A,-,N,,,,,,,,,,N,2,0,1,2,A,-,05,21650,1,N,D,G,A,A,H,-,C,A,0,,Y,,,Y,,L,04,1,0,0,0,0,0,1,0,0,"- ","- ",37.985008239746094,-121.34233856201172,"SAN JOAQUIN",STOCKTON,,
81751877,2022,2022-04-20,3905,2022-02-10,2349,2658,LAK,4,5,6,3905,0,0,0,,0,,"PACIFIC AV","SWAIN RD",66.00,N,N,A,-,N,,,,,,,,,,N,2,0,1,2,A,-,03,22350,,N,B,C,A,A,H,-,C,A,0,,,Y,,Y,,C,02,1,0,0,0,0,0,0,0,1,"- ","- ",38.004249572753906,-121.31857299804688,"SAN JOAQUIN",STOCKTON,-121.31814575195312,38.004791259765625
81752049,2022,2022-04-20,3905,2022-02-27,1800,2680,CIV,7,5,6,3905,0,0,0,,0,CIV,"CENTER ST","OAK ST",0.00,,Y,A,-,N,,,,,,,,,,N,2,0,1,2,A,-,10,21950,A,F,G,B,B,A,H,-,B,A,0,Y,,,,Y,,A,01,1,0,0,0,1,0,0,0,0,"- ","- ",37.958461761474609,-121.29264068603516,"SAN JOAQUIN",STOCKTON,-121.292724609375,37.958480834960938
81752157,2022,2022-04-20,3905,2022-03-08,2335,3156,CIV,2,5,6,3905,0,0,0,,0,,"HARDING WY","GRANT ST",0.00,,Y,A,-,N,,,,,,,,,,Y,2,0,1,1,A,-,03,22350,,F,E,I,A,A,H,-,C,A,0,,,,,Y,,A,01,1,0,0,0,0,0,0,0,0,"- ","- ",37.969028472900391,-121.28466033935547,"SAN JOAQUIN",STOCKTON,-121.28485870361328,37.969047546386719
81763924,2022,2022-05-04,3905,2022-03-12,2021,2680,CIV,6,5,6,3905,0,0,0,,0,CIV,"AIRPORT WY","OAK ST",0.00,,Y,A,-,N,,,,,,,,,,N,2,0,1,2,A,-,03,22350,,N,B,C,A,A,H,-,C,A,0,,,Y,,Y,,A,07,1,0,0,0,0,0,0,0,1,"- ","- ",37.960700988769531,-121.27687835693359,"SAN JOAQUIN",STOCKTON,-121.27581024169922,37.961360931396484
8178011,2016,2018-09-27,3905,2016-11-14,0709,1312,PAR,1,5,6,3905,0,0,0,,0,,"ARCH AIRPORT RD","SPERRY RD",0.00,,Y,B,-,N,,,,,,,,,,Y,1,1,1,2,A,-,12,21453,A,N,D,C,A,A,H,-,B,A,0,,,,,Y,,A,01,0,0,1,0,0,0,0,0,0,"- ","- ",37.901809999999998,-121.25481000000001,"SAN JOAQUIN",STOCKTON,-121.26233988,37.899939920000001
8178015,2016,2016-12-05,3905,2016-11-14,1839,2015,PAR,1,5,6,3905,0,0,0,,0,,"1ST ST","AIRPORT WY",165.00,W,N,A,-,N,,,,,,,,,,Y,2,0,1,2,A,-,09,21804,A,N,H,G,A,A,H,-,C,D,0,,Y,,,Y,,L,04,1,0,0,0,0,0,1,0,0,"- ","- ",37.94041,-121.27032,"SAN JOAQUIN",STOCKTON,-121.27082092000001,37.940407569999998
8178046,2016,2016-12-05,3905,2016-11-11,2359,2800,PAR,5,5,6,3905,0,0,0,,0,,"SOUTH AIRPORT WY","E MARTIN LUTHER KING BL",0.00,,Y,A,-,N,,,,,,,,,,Y,2,0,1,1,A,-,01,23153,A,F,E,I,A,A,H,-,C,A,0,,,,,Y,Y,A,01,1,0,0,0,0,0,0,0,0,"- ","- ",37.941479999999999,-121.27059,"SAN JOAQUIN",STOCKTON,-121.27057994,37.941559920000003
8178078,2016,2016-12-05,3905,2016-11-06,0115,2711,SEA,7,5,6,3905,0,0,0,,0,,"MARTIN LUTHER KING BL","EL DORADO ST",253.00,E,N,A,-,N,,,,,,,,,,Y,2,0,2,1,A,-,03,22350,,N,E,I,A,A,H,-,C,D,0,,,,,Y,,A,08,2,0,0,0,0,0,0,0,0,"- ","- ",37.938929999999999,-121.28616,"SAN JOAQUIN",STOCKTON,-121.2851904,37.939148889999998
8178384,2016,2016-12-06,3905,2016-11-12,1628,2542,VAL,6,5,6,3905,0,0,0,,0,,"BIANCHI RD","TOWNEHOME DR",8.00,E,N,A,-,N,,,,,,,,,,Y,2,0,1,2,A,-,10,21950,A,N,G,B,B,A,H,-,B,A,0,Y,,,,Y,,A,01,1,0,0,0,1,0,0,0,0,"- ","- ",37.996130000000001,-121.29483,"SAN JOAQUIN",STOCKTON,-121.29529503000001,37.996109599999997
81787513,2022,2022-06-03,3905,2022-04-20,0740,7175,PAR,3,5,6,3905,0,0,0,,0,,"AIRPORT WY","LAFAYETTE ST",0.00,,Y,A,-,N,,,,,,,,,,Y,2,0,2,2,A,-,09,21801,A,N,D,C,A,A,H,-,A,A,0,,,,,Y,,A,01,1,0,1,0,0,0,0,0,0,"- ","- ",37.951770782470703,-121.27455139160156,"SAN JOAQUIN",STOCKTON,-121.27336883544922,37.952423095703125
81811815,2022,2022-07-07,3905,2022-05-05,1602,7221,SEA,4,5,6,3905,0,0,0,,0,,"FRESNO AV","SCOTTS AV",141.00,S,N,A,-,N,,,,,,,,,,N,2,0,2,2,A,-,11,21954,A,N,G,B,D,A,H,-,A,D,0,Y,,Y,,Y,,N,60,2,0,0,0,1,0,0,0,1,"- ","- ",37.940719604492188,-121.31285095214844,"SAN JOAQUIN",STOCKTON,-121.31142425537109,37.940750122070312
81813665,2022,2022-07-11,3905,2022-05-31,1948,3047,CIV,2,5,6,3905,0,0,0,,0,,"COUNTRY CLUB BL","RYDE AV",0.00,,Y,A,-,N,,,,,,,,,,Y,2,0,1,2,A,-,12,21453,A,F,D,C,A,A,H,-,B,A,0,,,,,Y,,A,01,1,0,0,0,0,0,0,0,0,"- ","- ",37.964569091796875,-121.33586120605469,"SAN JOAQUIN",STOCKTON,-121.33599090576172,37.964221954345703
81818812,2022,2022-07-18,3905,2022-06-10,1705,7160,SEA,5,5,6,3905,0,0,0,,0,,"CHURCH ST","HARRISON ST",414.00,W,N,A,-,N,,,,,,,,,,Y,2,0,1,3,A,-,03,22350,,F,G,B,F,A,H,-,A,D,0,Y,,,,Y,,A,01,1,0,0,0,1,0,0,0,0,"- ","- ",37.946331024169922,-121.29759216308594,"SAN JOAQUIN",STOCKTON,-121.29898834228516,37.946037292480469
81821007,2022,2022-07-20,3905,2022-05-18,2143,3015,,3,5,6,3905,0,0,0,,0,,"MARCH LN","HOLIDAY DR",55.00,E,N,A,-,N,,,,,,,,,,N,2,0,1,2,A,-,11,21954,A,N,G,B,D,A,H,-,C,A,0,Y,,,,Y,,N,60,1,0,0,0,1,0,0,0,0,"- ","- ",38.000709533691406,-121.29621124267578,"SAN JOAQUIN",STOCKTON,-121.29656982421875,38.00079345703125
81823661,2022,2022-07-25,3905,2022-06-17,2318,2625,PAR,5,5,6,3905,0,0,0,,0,,"COURT ST","ALMA AV",0.00,,Y,A,-,N,,,,,,,,,,N,2,0,2,2,A,-,01,23152,A,N,A,E,A,A,H,-,C,D,0,,,,,Y,Y,A,08,1,1,0,0,0,0,0,0,0,"- ","- ",37.953449249267578,-121.25911712646484,"SAN JOAQUIN",STOCKTON,-121.25914001464844,37.953655242919922
81823890,2022,2022-07-25,3905,2022-04-02,1531,2660,PAR,6,5,6,3905,0,0,0,,0,,"AIRPORT WY","SIXTH ST",28.00,S,N,A,-,N,,,,,,,,,,Y,2,0,3,3,A,-,01,23152,B,N,A,D,A,A,H,-,A,D,0,,,,,Y,Y,A,01,1,1,1,0,0,0,0,0,0,"- ","- ",37.934558868408203,-121.268310546875,"SAN JOAQUIN",STOCKTON,-121.26818084716797,37.934627532958984
81858560,2022,2022-09-07,3905,2022-07-21,1528,7034,SEA,4,5,6,3905,0,0,0,,0,,"CHARTER WY","TILLIE LEWIS DR",0.00,,Y,A,-,N,,,,,,,,,,Y,2,0,2,2,A,-,12,21453,A,N,D,C,A,A,H,-,A,A,0,,,,,Y,,A,01,1,1,0,0,0,0,0,0,0,"- ","- ",37.931468963623047,-121.31842803955078,"SAN JOAQUIN",STOCKTON,-121.31830596923828,37.931247711181641