CASE_ID,ACCIDENT_YEAR,PROC_DATE,JURIS,COLLISION_DATE,COLLISION_TIME,OFFICER_ID,REPORTING_DISTRICT,DAY_OF_WEEK,CHP_SHIFT,POPULATION,CNTY_CITY_LOC,SPECIAL_COND,BEAT_TYPE,CHP_BEAT_TYPE,CITY_DIVISION_LAPD,CHP_BEAT_CLASS,BEAT_NUMBER,PRIMARY_RD,SECONDARY_RD,DISTANCE,DIRECTION,INTERSECTION,WEATHER_1,WEATHER_2,STATE_HWY_IND,CALTRANS_COUNTY,CALTRANS_DISTRICT,STATE_ROUTE,ROUTE_SUFFIX,POSTMILE_PREFIX,POSTMILE,LOCATION_TYPE,RAMP_INTERSECTION,SIDE_OF_HWY,TOW_AWAY,COLLISION_SEVERITY,NUMBER_KILLED,NUMBER_INJURED,PARTY_COUNT,PRIMARY_COLL_FACTOR,PCF_CODE_OF_VIOL,PCF_VIOL_CATEGORY,PCF_VIOLATION,PCF_VIOL_SUBSECTION,HIT_AND_RUN,TYPE_OF_COLLISION,MVIW,PED_ACTION,ROAD_SURFACE,ROAD_COND_1,ROAD_COND_2,LIGHTING,CONTROL_DEVICE,CHP_ROAD_TYPE,PEDESTRIAN_ACCIDENT,BICYCLE_ACCIDENT,MOTORCYCLE_ACCIDENT,TRUCK_ACCIDENT,NOT_PRIVATE_PROPERTY,ALCOHOL_INVOLVED,STWD_VEHTYPE_AT_FAULT,CHP_VEHTYPE_AT_FAULT,COUNT_SEVERE_INJ,COUNT_VISIBLE_INJ,COUNT_COMPLAINT_PAIN,COUNT_PED_KILLED,COUNT_PED_INJURED,COUNT_BICYCLIST_KILLED,COUNT_BICYCLIST_INJURED,COUNT_MC_KILLED,COUNT_MC_INJURED,PRIMARY_RAMP,SECONDARY_RAMP,LATITUDE,LONGITUDE,COUNTY,CITY,POINT_X,POINT_Y
81858572,2022,2022-09-07,3905,2022-07-23,2130,3131,SEA,6,5,6,3905,0,0,0,,0,,"CHARTER WY","ARGONAUT ST",13.00,E,N,A,-,N,,,,,,,,,,Y,2,0,1,2,A,-,11,21954,A,N,G,B,D,A,H,-,C,D,0,Y,,,,Y,,N,60,1,0,0,0,1,0,0,0,0,"- ","- ",37.935428619384766,-121.30310821533203,"SAN JOAQUIN",STOCKTON,-121.30289459228516,37.93536376953125
81866238,2022,2022-09-16,3905,2022-05-01,2013,2718,LAK,7,5,6,3905,0,0,0,,0,,"EL DORADO ST","MISSION PARK DR",215.00,S,N,A,-,N,,,,,,,,,,Y,1,1,0,1,A,-,03,22350,,N,F,A,A,A,H,-,C,D,0,,,Y,,Y,,C,02,0,0,0,0,0,0,0,1,0,"- ","- ",38.019599914550781,-121.31549835205078,"SAN JOAQUIN",STOCKTON,-121.31538391113281,38.018898010253906
81867330,2022,2022-09-19,3905,2022-05-01,2321,2718,LAK,7,5,6,3905,0,0,0,,0,,"MARCH LN","PRECISSI LN",14.00,W,N,A,-,N,,,,,,,,,,Y,1,1,0,2,A,-,11,21456,B,F,G,B,B,A,H,-,C,A,0,Y,,,,Y,,N,60,0,0,0,1,0,0,0,0,0,"- ","- ",37.990718841552734,-121.31529998779297,"SAN JOAQUIN",STOCKTON,-121.3157958984375,37.990619659423828
8187256,2016,2016-12-22,3905,2016-12-12,0317,2668,CIV,1,5,6,3905,0,0,0,,0,,"STANFORD AV","HARDING WY",50.00,W,N,B,-,N,,,,,,,,,,N,2,0,1,2,A,-,11,21954,A,M,G,B,E,A,H,-,C,D,0,Y,,,,Y,,N,60,1,0,0,0,1,0,0,0,0,"- ","- ",37.969830000000002,-121.27968,"SAN JOAQUIN",STOCKTON,-121.28012187,37.969908580000002
81872780,2022,2022-09-26,3905,2022-05-28,1834,2718,SEA,6,5,6,3905,0,0,0,,0,,"FRENCH CAMP RD","MANTHEY RD",692.00,E,N,A,G,Y,,,,,,,,,,Y,1,1,0,2,A,-,05,21651,A,N,D,C,A,A,H,-,A,D,0,,,Y,Y,Y,,G,25,0,0,0,0,0,0,0,1,0,"- ","- ",37.896541595458984,-121.28753662109375,"SAN JOAQUIN",STOCKTON,-121.28900909423828,37.897045135498047
81872783,2022,2022-09-26,3905,2022-07-30,0049,2891,BEA,6,5,6,3905,0,0,0,,0,,"APPLING CI","BATTLEVIEW PL (E)",185.00,N,N,A,-,N,,,,,,,,,,Y,2,0,1,3,A,-,01,23152,A,M,E,I,A,A,H,-,C,D,0,,,,,Y,Y,A,07,1,0,0,0,0,0,0,0,0,"- ","- ",38.036598205566406,-121.35189819335938,"SAN JOAQUIN",STOCKTON,-121.35633087158203,38.036567687988281
81888064,2022,2022-10-12,3905,2022-09-10,2030,2845,CIV,6,5,6,3905,0,0,0,,0,,"CALIFORNIA ST","VINE ST",179.00,S,N,A,-,N,,,,,,,,,,N,2,0,1,2,A,-,11,21954,A,F,G,B,E,A,H,-,B,D,0,Y,,,,Y,,N,60,1,0,0,0,1,0,0,0,0,"- ","- ",37.966411590576172,-121.28790283203125,"SAN JOAQUIN",STOCKTON,-121.28794097900391,37.965938568115234
81903780,2022,2022-10-28,3905,2022-08-26,0050,2932,BEA,5,5,6,3905,0,0,0,,0,,"EIGHT MILE RD","RIO BLANCO RD",1902.00,E,N,A,-,Y,,,,,,,,,,Y,2,0,1,2,A,-,07,21658,A,N,B,C,A,A,H,-,D,D,0,,,Y,,Y,,A,01,1,0,0,0,0,0,0,0,1,"- ","- ",38.058719635009766,-121.41761016845703,"SAN JOAQUIN",STOCKTON,-121.41111755371094,38.058185577392578
81905184,2022,2022-10-31,3905,2022-08-20,2258,2982,LAK,6,5,6,3905,0,0,0,,0,,"PORTAGE PZ","CUMBERLAND PL",32.00,W,N,A,-,N,,,,,,,,,,N,2,0,1,2,A,-,11,21955,,N,G,B,D,A,H,-,C,D,0,Y,,,,Y,,N,60,1,0,0,0,1,0,0,0,0,"- ","- ",37.996318817138672,-121.35740661621094,"SAN JOAQUIN",STOCKTON,-121.35688018798828,37.996490478515625
81905195,2022,2022-10-31,3905,2022-08-25,0253,3093,CIV,4,5,6,3905,0,0,0,,0,,"PERSHING AV","PRINCETON AV",105.00,N,N,A,-,N,,,,,,,,,,Y,2,0,1,1,A,-,03,22350,,N,E,I,A,A,H,-,C,D,0,,,Y,,Y,,C,02,1,0,0,0,0,0,0,0,1,"- ","- ",37.977558135986328,-121.31797790527344,"SAN JOAQUIN",STOCKTON,-121.31839752197266,37.977634429931641
81915292,2022,2022-11-10,3924,2022-10-30,1511,1299,L1,7,5,2,3920,0,0,0,,0,00H,"MCKINLEY AV","LATHROP RD",105.00,S,-,A,-,N,,,,,,,,,,Y,2,0,2,2,A,-,03,22350,,N,A,C,A,A,H,-,A,D,0,,,,,Y,,A,01,1,0,1,0,0,0,0,0,0,"- ","- ",37.826610565185547,-121.27218627929688,"SAN JOAQUIN",LATHROP,-121.27213287353516,37.826301574707031
81926369,2022,2022-11-25,3905,2022-08-18,0014,2625,PAR,4,5,6,3905,0,0,0,,0,,"AIRPORT WY","SIXTH ST",26.00,N,N,A,-,N,,,,,,,,,,N,2,0,1,2,A,-,03,22350,,F,H,G,A,A,H,-,C,D,0,,Y,,,Y,,A,01,1,0,0,0,0,0,1,0,0,"- ","- ",37.934558868408203,-121.268310546875,"SAN JOAQUIN",STOCKTON,-121.26823425292969,37.934768676757812
81926372,2022,2022-11-25,3905,2022-09-28,0253,3133,BEA,3,5,6,3905,0,0,0,,0,,"HAMMER LN","LAN ARK DR",675.00,E,N,-,-,N,,,,,,,,,,N,2,0,1,2,A,-,11,21956,A,N,G,B,E,A,H,-,C,D,0,Y,,,,Y,,N,60,1,0,0,0,1,0,0,0,0,"- ","- ",38.021049499511719,-121.30973815917969,"SAN JOAQUIN",STOCKTON,-121.30708312988281,38.020862579345703
81926384,2022,2022-11-25,3905,2022-10-17,1640,7254,SEA,1,5,6,3905,0,0,0,,0,,"ARGONAUT ST","CHARTER WY",875.00,S,N,A,-,N,,,,,,,,,,Y,2,0,3,2,A,-,05,21650,,N,A,C,A,A,H,-,A,A,0,,,,,Y,,A,01,1,2,0,0,0,0,0,0,0,"- ","- ",37.934871673583984,-121.30433654785156,"SAN JOAQUIN",STOCKTON,-121.30297088623047,37.932945251464844
81927053,2022,2022-11-28,3905,2022-10-24,2223,2788,VAL,1,5,6,3905,0,0,0,,0,,"WEST LN","BIANCHI RD",0.00,,Y,A,-,N,,,,,,,,,,Y,2,0,2,2,A,-,12,21453,A,N,A,C,A,A,H,-,C,A,0,,,,,Y,,A,01,1,0,1,0,0,0,0,0,0,"- ","- ",37.9976806640625,-121.28845977783203,"SAN JOAQUIN",STOCKTON,-121.28903198242188,37.997650146484375
81938061,2022,2022-12-09,3905,2022-11-06,0102,2732,PAR,7,5,6,3905,0,0,0,,0,,"SPERRY RD","AIRPORT WY",154.00,W,N,A,-,Y,,,,,,,,,,Y,2,0,2,1,A,-,03,22350,,N,E,I,A,A,H,-,D,D,0,,,,,Y,,A,01,1,0,1,0,0,0,0,0,0,"- ","- ",37.901809692382812,-121.25480651855469,"SAN JOAQUIN",STOCKTON,-121.25535583496094,37.901790618896484
81945220,2022,2022-12-19,3905,2022-11-13,1906,3162,LAK,7,5,6,3905,0,0,0,,0,,"PACIFIC AV","RIVARA RD",0.00,,Y,A,-,N,,,,,,,,,,Y,2,0,3,2,A,-,12,21453,A,N,A,C,A,A,H,-,C,A,0,,,,,Y,,A,01,2,0,1,0,0,0,0,0,0,"- ","- ",38.019779205322266,-121.32425689697266,"SAN JOAQUIN",STOCKTON,-121.32404327392578,38.019573211669922
81957374,2022,2023-01-02,3905,2022-07-21,0114,2905,CIV,4,5,6,3905,0,0,0,,0,,"EL DORADO ST","POPLAR ST",0.00,,Y,A,-,N,,,,,,,,,,N,2,0,1,2,A,-,10,21950,A,F,G,B,B,A,H,-,C,D,0,Y,,,,Y,,A,01,1,0,0,0,1,0,0,0,0,"- ","- ",37.961650848388672,-121.29209899902344,"SAN JOAQUIN",STOCKTON,-121.292236328125,37.961631774902344
81967529,2022,2023-01-13,3905,2022-12-03,0719,2466,PAR,6,5,6,3905,0,0,0,,0,,"MARIPOSA RD","FLEMONS AV",20.00,W,N,A,B,N,,,,,,,,,,N,2,0,1,2,A,-,10,21950,A,N,G,B,B,A,H,-,A,A,0,Y,,,,Y,,D,22,1,0,0,0,1,0,0,0,0,"- ","- ",37.935878753662109,-121.24131774902344,"SAN JOAQUIN",STOCKTON,-121.239990234375,37.936771392822266
81968660,2022,2023-01-16,3905,2022-12-13,1843,2908,VAL,2,5,6,3905,0,0,0,,0,,"EIGHT MILE RD","MARLETTE RD",0.00,,Y,A,-,N,,,,,,,,,,N,2,0,1,1,A,-,03,22350,,N,E,I,A,A,H,-,C,A,0,,,,,Y,,A,01,1,0,0,0,0,0,0,0,0,"- ","- ",38.057239532470703,-121.31768798828125,"SAN JOAQUIN",STOCKTON,-121.31774139404297,38.057590484619141
81976231,2023,2023-01-24,3924,2023-01-15,"51  ",1275,L2,7,5,2,3920,0,0,0,,0,00C,"LOUISE AVE","MCKINLEY AVE",2000.00,E,-,A,-,N,,,,,,,,,,Y,2,0,2,2,A,-,09,21801,A,N,A,C,A,B,H,-,C,D,0,,,,Y,Y,,G,25,1,1,0,0,0,0,0,0,0,"- ","- ",37.811820983886719,-121.27136993408203,"SAN JOAQUIN",LATHROP,-121.26450347900391,37.811859130859375
81978580,2023,2023-01-26,3924,2023-01-17,2130,1276,L3,2,5,2,3920,0,0,0,,0,00R,"GOLDEN VALLEY PARKWAY","SOMERVILLE RD",21.00,S,Y,A,-,N,,,,,,,,,,N,2,0,1,2,A,-,05,21650,,N,D,G,A,A,H,-,C,A,0,,Y,,Y,Y,,L,04,1,0,0,0,0,0,1,0,0,"- ","- ",37.807430267333984,-121.30020904541016,"SAN JOAQUIN",LATHROP,-121.30031585693359,37.807373046875
81985772,2022,2023-02-03,3905,2022-12-16,1950,2845,CIV,5,5,6,3905,0,0,0,,0,,"PERSHING AV","TUXEDO S AV (S)",0.00,,Y,A,-,N,,,,,,,,,,N,2,0,1,2,A,-,05,21650,1,N,D,G,A,A,H,-,B,D,0,,Y,,,Y,,L,04,1,0,0,0,0,0,1,0,0,"- ","- ",37.966999053955078,-121.31391143798828,"SAN JOAQUIN",STOCKTON,-121.31413269042969,37.966861724853516
81985788,2022,2023-02-03,3905,2022-12-19,2159,3068,PAR,1,5,6,3905,0,0,0,,0,PAR,"N D ST","E VINE ST",9.00,S,N,B,-,N,,,,,,,,,,N,2,0,2,1,A,-,03,22350,,N,E,I,A,A,H,-,C,D,0,,,,,Y,,A,07,2,0,0,0,0,0,0,0,0,"- ","- ",37.970359802246094,-121.26592254638672,"SAN JOAQUIN",STOCKTON,-121.26613616943359,37.970485687255859
81991333,2022,2023-02-10,3905,2022-09-17,2319,2660,SEA,6,5,6,3905,0,0,0,,0,,"MANTHEY RD","WILLIAM MOSS BL",2788.00,S,N,A,-,N,,,,,,,,,,Y,1,1,0,1,A,-,01,23152,B,N,E,I,A,A,H,-,C,D,0,,,,,Y,Y,A,01,0,0,0,0,0,0,0,0,0,"- ","- ",37.907489776611328,-121.28987884521484,"SAN JOAQUIN",STOCKTON,-121.28578948974609,37.900485992431641
82008999,2023,2023-03-03,3924,2023-02-17,1932,1277,L2,5,5,2,3920,0,0,0,,0,00C,"W LATHROP RD","MANTHEY RD",0.00,,Y,A,-,N,,,,,,,,,,Y,2,0,1,2,A,-,09,21804,,N,D,C,A,A,H,-,C,A,0,,,,,Y,Y,A,01,1,0,0,0,0,0,0,0,0,"- ","- ",37.826400756835938,-121.29184722900391,"SAN JOAQUIN",LATHROP,-121.2918701171875,37.826351165771484
82015303,2022,2023-03-13,3905,2022-10-06,2011,1641,CIV,4,5,6,3905,0,0,0,,0,,"PACIFIC AV","MONTEREY AV",0.00,,Y,A,-,N,,,,,,,,,,Y,1,1,0,3,A,-,11,21956,,N,G,B,D,A,H,-,C,D,0,Y,,,,Y,,N,60,0,0,0,1,0,0,0,0,0,"- ","- ",37.976051330566406,-121.30333709716797,"SAN JOAQUIN",STOCKTON,-121.30360412597656,37.975933074951172
82015355,2023,2023-04-17,3905,2023-01-22,2228,3001,SEA,7,5,6,3905,0,0,0,,0,,"MARTIN LUTHER KING BL","SUTTER ST",0.00,,Y,A,-,N,,,,,,,,,,N,2,0,1,2,D,-,00,,,F,G,B,B,A,H,-,C,D,0,Y,,,,Y,,-,"- ",1,0,0,0,1,0,0,0,0,"- ","- ",37.939571380615234,-121.28225708007812,"SAN JOAQUIN",STOCKTON,-121.28215789794922,37.939662933349609
82034473,2023,2023-06-08,3905,2023-02-13,2323,2788,LAK,1,5,6,3905,0,0,0,,0,,"PACIFIC AV","BIANCHI RD",72.00,N,N,A,-,N,,,,,,,,,,Y,2,0,1,2,A,-,11,21950,B,N,G,B,E,A,H,-,C,A,0,Y,,,,Y,,N,60,1,0,0,0,1,0,0,0,0,"- ","- ",37.987960815429688,-121.31089782714844,"SAN JOAQUIN",STOCKTON,-121.31242370605469,37.987541198730469
82038234,2023,2023-04-07,3905,2023-03-04,"152 ",3142,SEA,6,5,6,3905,0,0,0,,0,,"EL DORADO ST","SCOTTS AV",270.00,S,N,A,-,N,,,,,,,,,,N,2,0,2,2,A,-,17,21657,,F,A,C,A,A,H,-,C,D,0,,,,,Y,,A,01,1,0,1,0,0,0,0,0,0,"- ","- ",37.945529937744141,-121.28788757324219,"SAN JOAQUIN",STOCKTON,-121.28782653808594,37.945526123046875
82039268,2023,2023-04-07,3905,2023-03-06,"1   ",2987,PAR,1,5,6,3905,0,0,0,,0,,"GOLDEN GATE AV","MARTIN LUTHER KING BL",0.00,,Y,A,-,N,,,,,,,,,,N,2,0,1,2,A,-,11,21954,A,F,G,B,E,A,H,-,C,A,0,Y,,,,Y,,N,60,1,0,0,0,1,0,0,0,0,"- ","- ",37.951000213623047,-121.24314880371094,"SAN JOAQUIN",STOCKTON,-121.24314880371094,37.951255798339844
82044826,2023,2023-04-14,3905,2023-03-07,1500,7034,SEA,2,5,6,3905,0,0,0,,0,,"EL DORADO ST","IVY AV",172.00,N,N,A,-,N,,,,,,,,,,Y,2,0,1,2,A,-,09,21801,A,N,D,C,A,A,H,-,A,D,0,,,Y,,Y,,D,22,1,0,0,0,0,0,0,0,1,"- ","- ",37.918251037597656,-121.28031921386719,"SAN JOAQUIN",STOCKTON,-121.27892303466797,37.919330596923828
82044846,2023,2023-05-22,3905,2023-03-11,2220,3090,CIV,6,5,6,3905,0,0,0,,0,,"PARK ST","EL DORADO ST",154.00,E,N,A,-,N,,,,,,,,,,Y,2,0,8,3,A,-,05,21651,A,N,A,C,A,A,H,-,C,A,0,,,,,Y,Y,A,01,1,1,6,0,0,0,0,0,0,"- ","- ",37.959701538085938,-121.29158782958984,"SAN JOAQUIN",STOCKTON,-121.29117584228516,37.95977783203125
82045771,2023,2023-06-12,3905,2023-02-24,2120,3181,PAR,5,5,6,3905,0,0,0,,0,,"AIRPORT WY","EIGHTH ST",0.00,,Y,B,-,N,,,,,,,,,,Y,2,0,2,3,A,-,12,21453,A,F,D,C,A,B,H,-,C,A,0,,,,,Y,,D,22,2,0,0,0,0,0,0,0,0,"- ","- ",37.931510925292969,-121.26724243164062,"SAN JOAQUIN",STOCKTON,-121.26709747314453,37.931659698486328
82050165,2022,2023-04-21,3905,2022-12-27,0731,2949,CIV,2,5,6,3905,0,0,0,,0,,"HARDING WY","CEMETERY LN",0.00,,Y,B,-,N,,,,,,,,,,Y,2,0,1,1,A,-,03,22350,,N,E,I,A,B,F,-,A,A,0,,,,,Y,,A,01,1,0,0,0,0,0,0,0,0,"- ","- ",37.968730926513672,-121.28643035888672,"SAN JOAQUIN",STOCKTON,-121.28665161132812,37.96875
82050200,2023,2023-04-21,3905,2023-03-13,1204,7034,PAR,1,5,6,3905,0,0,0,,0,,"WILSON WY","MAIN ST",0.00,,Y,B,-,N,,,,,,,,,,Y,2,0,2,3,A,-,12,21453,A,N,D,C,A,A,H,-,A,A,0,,,,,Y,,A,01,1,0,1,0,0,0,0,0,0,"- ","- ",37.955718994140625,-121.27150726318359,"SAN JOAQUIN",STOCKTON,-121.27156066894531,37.955780029296875
82050203,2023,2023-04-24,3905,2023-03-13,2211,2402,VAL,1,5,6,3905,0,0,0,,0,,"EIGHT MILE RD","MARLETTE RD",527.00,W,N,B,-,N,,,,,,,,,,Y,2,0,1,3,A,-,05,21651,A,N,A,C,A,B,H,-,D,D,0,,,,,Y,,A,01,1,0,0,0,0,0,0,0,0,"- ","- ",38.057781219482422,-121.31765747070312,"SAN JOAQUIN",STOCKTON,-121.31956481933594,38.057670593261719
82050209,2023,2023-04-24,3905,2023-03-14,1902,3001,PAR,2,5,6,3905,0,0,0,,0,,"MAIN ST","DAVID AV",63.00,E,N,B,-,N,,,,,,,,,,N,2,0,1,2,A,-,03,22350,,N,G,B,E,A,H,-,A,D,0,Y,,,,Y,,A,01,1,0,0,0,1,0,0,0,0,"- ","- ",37.954319000244141,-121.24672698974609,"SAN JOAQUIN",STOCKTON,-121.24654388427734,37.954574584960938
82051094,2023,2023-04-24,3905,2023-03-22,"934 ",2137,CIV,3,5,6,3905,0,0,0,,0,,"LINCOLN ST","WASHINGTON ST",284.00,N,N,B,C,N,,,,,,,,,,Y,2,0,3,3,A,-,03,22350,,N,D,C,A,B,H,-,A,D,0,,,,Y,Y,,A,01,1,0,2,0,0,0,0,0,0,"- ","- ",37.949508666992188,-121.29708099365234,"SAN JOAQUIN",STOCKTON,-121.29724884033203,37.950115203857422
82056481,2023,2023-05-01,3905,2023-03-23,1054,3180,VAL,4,5,6,3905,0,0,0,,0,,"HAMMER LN","HOLMAN RD",0.00,,Y,A,-,N,,,,,,,,,,Y,2,0,1,2,A,-,09,21800,D,N,D,C,A,A,H,-,A,B,0,,,,,Y,,A,01,1,0,0,0,0,0,0,0,0,"- ","- ",38.020439147949219,-121.27198791503906,"SAN JOAQUIN",STOCKTON,-121.271728515625,38.021076202392578
8206051,2016,2017-01-17,3906,2016-12-23,1959,1476,,5,5,5,3906,0,0,0,,0,,"SYCAMORE PKWY","AMBERWOOD WY",0.00,,Y,C,-,N,,,,,,,,,,Y,2,0,2,2,A,-,08,22100,B,F,D,C,A,B,H,-,C,D,0,,,,,Y,Y,A,01,1,0,1,0,0,0,0,0,0,"- ","- ",,,"SAN JOAQUIN",TRACY,-121.43956991,37.722399959999997
82066329,2023,2023-08-22,3905,2023-03-28,2047,2642,VAL,2,5,6,3905,0,0,0,,0,,"HAMMER LN","MORELAND AV",263.00,W,N,B,-,N,,,,,,,,,,N,2,0,1,2,A,-,11,21954,A,F,G,B,E,B,H,-,C,D,0,Y,,,,Y,,N,60,1,0,0,0,1,0,0,0,0,"- ","- ",38.020439147949219,-121.26100921630859,"SAN JOAQUIN",STOCKTON,-121.26156616210938,38.021091461181641
82072785,2023,2023-05-22,3905,2023-03-31,1250,2137,SEA,5,5,6,3905,0,0,0,,0,,"CENTER ST","ANDERSON ST",0.00,,Y,A,-,N,,,,,,,,,,Y,2,0,3,2,A,-,12,22450,A,N,D,C,A,A,H,-,A,A,0,,,,,Y,,A,01,1,0,2,0,0,0,0,0,0,"- ","- ",37.942569732666016,-121.28849029541016,"SAN JOAQUIN",STOCKTON,-121.28839111328125,37.942577362060547
82080040,2023,2023-05-29,3905,2023-04-22,"410 ",3119,VAL,6,5,6,3905,0,0,0,,0,,"WEST LN","EIGHT MILE RD",0.00,,Y,A,-,N,,,,,,,,,,N,2,0,1,2,A,-,05,21650,1,N,A,G,A,A,H,-,C,D,0,,Y,,,Y,,L,04,1,0,0,0,0,0,1,0,0,"- ","- ",38.057479858398438,-121.29615020751953,"SAN JOAQUIN",STOCKTON,-121.29634094238281,38.057464599609375
82085222,2023,2023-06-05,3924,2023-05-17,1244,1295,L2,3,5,2,3920,0,0,0,,0,00C,"J ST","LOTTIE WY",0.00,,Y,A,-,N,,,,,,,,,,N,2,0,1,2,A,-,11,21954,A,N,B,B,E,A,H,-,A,A,0,Y,,,,Y,,A,01,1,0,0,0,1,0,0,0,0,"- ","- ",37.822158813476562,-121.28910827636719,"SAN JOAQUIN",LATHROP,-121.28939056396484,37.822338104248047
82085226,2023,2023-06-14,3924,2023-05-25,"802 ",1309,L3,4,5,2,3920,0,0,0,,0,00R,"MANTHEY RD","E FOG LINE OF MANTHEY RD",2.00,E,-,A,-,N,,,,,,,,,,Y,2,0,1,2,A,-,03,22350,,F,B,G,A,A,H,-,A,D,0,,Y,,,Y,,-,"- ",1,0,0,0,0,0,1,0,0,"- ","- ",37.785030364990234,-121.30808258056641,"SAN JOAQUIN",LATHROP,-121.31842803955078,37.778526306152344
82090854,2023,2023-06-14,3905,2023-04-08,2127,7254,PAR,6,5,6,3905,0,0,0,,0,,"MAIN ST","SHASTA AV",0.00,,Y,A,-,N,,,,,,,,,,N,2,0,1,2,A,-,11,21950,B,N,G,B,D,A,H,-,C,D,0,Y,,,,Y,,N,60,1,0,0,0,1,0,0,0,0,"- ","- ",37.954380035400391,-121.24787139892578,"SAN JOAQUIN",STOCKTON,-121.2479248046875,37.954647064208984
82090867,2023,2023-06-12,3905,2023-05-03,1612,2466,PAR,3,5,6,3905,0,0,0,,0,,"ARCH AIRPORT RD","POCK LN",33.00,S,N,A,-,N,,,,,,,,,,Y,2,0,2,2,A,-,09,21802,A,N,D,C,A,A,H,-,A,A,0,,,Y,,Y,,A,07,2,0,0,0,0,0,0,0,1,"- ","- ",37.907180786132812,-121.23831939697266,"SAN JOAQUIN",STOCKTON,-121.23851776123047,37.90692138671875
82090880,2023,2023-06-12,3905,2023-05-06,"16  ",3103,SEA,6,5,6,3905,0,0,0,,0,,"CAROLYN WESTON BL","WATERVIEW LN",259.00,E,N,C,-,N,,,,,,,,,,Y,2,0,2,1,A,-,03,22350,,N,E,I,A,B,H,-,C,D,0,,,,,Y,,A,01,1,0,1,0,0,0,0,0,0,"- ","- ",37.913341522216797,-121.31504058837891,"SAN JOAQUIN",STOCKTON,-121.31428527832031,37.913291931152344
82096253,2023,2023-06-19,3905,2023-01-25,2220,2660,SEA,3,5,6,3905,0,0,0,,0,,"LINCOLN ST",BN&SFRR,100.00,N,N,A,-,N,,,,,,,,,,N,1,1,0,2,A,-,11,21954,A,F,G,B,D,A,H,-,C,A,0,Y,,,,Y,,N,60,0,0,0,1,0,0,0,0,0,"- ","- ",37.943500518798828,-121.29551696777344,"SAN JOAQUIN",STOCKTON,,
82100515,2023,2023-06-26,3905,2023-04-19,"205 ",3135,CIV,3,5,6,3905,0,0,0,,0,,"EL DORADO ST","HARPER ST",0.00,,Y,A,-,N,,,,,,,,,,N,2,0,1,1,A,-,03,22350,,N,E,I,A,A,H,-,C,D,0,,,,,Y,,A,01,1,0,0,0,0,0,0,0,0,"- ","- ",37.989368438720703,-121.30264282226562,"SAN JOAQUIN",STOCKTON,-121.30307006835938,37.989261627197266
82111517,2023,2023-07-10,3905,2023-05-19,2300,3103,,5,5,6,3905,0,0,0,,0,,"CLAY ST","CALIFORNIA ST",7.00,E,N,A,-,N,,,,,,,,,,N,2,0,1,2,A,-,10,21950,A,F,G,B,B,A,H,-,C,D,0,Y,,,,Y,,-,99,1,0,0,0,1,0,0,0,0,"- ","- ",37.940708160400391,-121.28119659423828,"SAN JOAQUIN",STOCKTON,-121.28108978271484,37.940765380859375
82119424,2023,2023-07-18,3905,2023-05-13,"618 ",3176,SEA,6,5,6,3905,0,0,0,,0,,"MARTIN LUTHER KING BL","COMMERCE ST",0.00,,Y,A,-,N,,,,,,,,,,N,2,0,1,2,A,-,11,21954,A,F,G,B,E,A,H,-,B,D,0,Y,,,,Y,,N,60,1,0,0,0,1,0,0,0,0,"- ","- ",37.938468933105469,-121.28875732421875,"SAN JOAQUIN",STOCKTON,-121.28867340087891,37.938510894775391
82121517,2023,2023-07-20,3905,2023-05-22,2343,3141,CIV,1,5,6,3905,0,0,0,,0,,"WILSON WY","BRADFORD ST",27.00,N,N,A,-,N,,,,,,,,,,N,2,0,1,2,A,-,11,21954,A,F,G,B,D,A,H,-,C,A,0,Y,,,,Y,,N,60,1,0,0,0,1,0,0,0,0,"- ","- ",37.973808288574219,-121.27607727050781,"SAN JOAQUIN",STOCKTON,-121.27633666992188,37.973964691162109
82122531,2023,2023-07-24,3906,2023-07-06,2131,1824,,4,5,5,3906,0,0,0,,0,004,"ELEVENTH ST","LAMMERS RD",0.00,N,Y,A,-,N,,,,,,,,,,Y,2,0,1,2,A,-,12,21453,A,N,H,C,A,A,H,-,C,A,0,,,,,Y,,A,01,1,0,0,0,0,0,0,0,0,"- ","- ",37.739208221435547,-121.47673034667969,"SAN JOAQUIN",TRACY,-121.47676849365234,37.739368438720703
82127276,2023,2023-07-28,3905,2023-06-03,2237,3066,PAR,6,5,6,3905,0,0,0,,0,,"WEBER AV","WILSON WY",0.00,,Y,A,-,N,,,,,,,,,,N,2,0,1,2,A,-,03,22350,,F,G,B,B,A,H,-,C,D,0,Y,,,,Y,,-,99,1,0,0,0,1,0,0,0,0,"- ","- ",37.954700469970703,-121.27124786376953,"SAN JOAQUIN",STOCKTON,-121.2718505859375,37.956844329833984
82127284,2023,2023-07-28,3905,2023-06-18,"150 ",2932,BEA,7,5,6,3905,0,0,0,,0,,"THORNTON RD","DAVIS RD",0.00,,Y,A,-,Y,,,,,,,,,,Y,2,0,1,2,A,-,01,23153,A,N,D,C,A,A,H,-,C,A,0,,,,,Y,Y,A,01,1,0,0,0,0,0,0,0,0,"- ","- ",38.028919219970703,-121.33233642578125,"SAN JOAQUIN",STOCKTON,-121.33213043212891,38.028636932373047