CASE_ID,ACCIDENT_YEAR,PROC_DATE,JURIS,COLLISION_DATE,COLLISION_TIME,OFFICER_ID,REPORTING_DISTRICT,DAY_OF_WEEK,CHP_SHIFT,POPULATION,CNTY_CITY_LOC,SPECIAL_COND,BEAT_TYPE,CHP_BEAT_TYPE,CITY_DIVISION_LAPD,CHP_BEAT_CLASS,BEAT_NUMBER,PRIMARY_RD,SECONDARY_RD,DISTANCE,DIRECTION,INTERSECTION,WEATHER_1,WEATHER_2,STATE_HWY_IND,CALTRANS_COUNTY,CALTRANS_DISTRICT,STATE_ROUTE,ROUTE_SUFFIX,POSTMILE_PREFIX,POSTMILE,LOCATION_TYPE,RAMP_INTERSECTION,SIDE_OF_HWY,TOW_AWAY,COLLISION_SEVERITY,NUMBER_KILLED,NUMBER_INJURED,PARTY_COUNT,PRIMARY_COLL_FACTOR,PCF_CODE_OF_VIOL,PCF_VIOL_CATEGORY,PCF_VIOLATION,PCF_VIOL_SUBSECTION,HIT_AND_RUN,TYPE_OF_COLLISION,MVIW,PED_ACTION,ROAD_SURFACE,ROAD_COND_1,ROAD_COND_2,LIGHTING,CONTROL_DEVICE,CHP_ROAD_TYPE,PEDESTRIAN_ACCIDENT,BICYCLE_ACCIDENT,MOTORCYCLE_ACCIDENT,TRUCK_ACCIDENT,NOT_PRIVATE_PROPERTY,ALCOHOL_INVOLVED,STWD_VEHTYPE_AT_FAULT,CHP_VEHTYPE_AT_FAULT,COUNT_SEVERE_INJ,COUNT_VISIBLE_INJ,COUNT_COMPLAINT_PAIN,COUNT_PED_KILLED,COUNT_PED_INJURED,COUNT_BICYCLIST_KILLED,COUNT_BICYCLIST_INJURED,COUNT_MC_KILLED,COUNT_MC_INJURED,PRIMARY_RAMP,SECONDARY_RAMP,LATITUDE,LONGITUDE,COUNTY,CITY,POINT_X,POINT_Y
82130423,2022,2023-07-28,3905,2022-12-10,2000,2718,CIV,6,5,6,3905,0,0,0,,0,,"CALIFORNIA ST","ELLIS ST",37.00,N,N,C,-,N,,,,,,,,,,Y,1,1,0,2,A,-,11,21954,A,F,G,B,E,B,H,-,C,D,0,Y,,,,Y,,-,"- ",0,0,0,1,0,0,0,0,0,"- ","- ",37.976871490478516,-121.29132080078125,"SAN JOAQUIN",STOCKTON,-121.29165649414062,37.976978302001953
82131300,2023,2023-07-31,3905,2023-06-17,2150,3158,PAR,6,5,6,3905,0,0,0,,0,,"UNION ST","CHANNEL ST",60.00,N,N,A,-,N,,,,,,,,,,N,2,0,1,2,A,-,11,21954,A,F,G,B,E,A,H,-,C,D,0,Y,,,,Y,,N,60,1,0,0,0,1,0,0,0,0,"- ","- ",37.956798553466797,-121.27722930908203,"SAN JOAQUIN",STOCKTON,-121.27736663818359,37.957019805908203
82132603,2023,2023-08-01,3906,2023-06-14,"525 ",1138,,3,5,5,3906,0,0,0,,0,002,"CORRAL HOLLOW RD","LINNE RD",3920.00,S,N,A,-,N,,,,,,,,,,Y,2,0,1,2,A,-,08,22107,,F,B,C,A,A,H,-,A,A,0,,,Y,,Y,,C,02,1,0,0,0,0,0,0,0,1,"- ","- ",37.695888519287109,-121.452880859375,"SAN JOAQUIN",TRACY,-121.45278167724609,37.685123443603516
82136650,2023,2023-08-07,3906,2023-07-18,1610,1824,81,2,5,5,3906,0,0,0,,0,004,"ELEVENTH ST","BELCONTE DR",36.00,W,N,A,-,N,,,,,,,,,,Y,2,0,1,1,A,-,07,21658,A,N,E,I,A,A,H,-,A,A,0,,,,,Y,,A,01,1,0,0,0,0,0,0,0,0,"- ","- ",37.739330291748047,-121.45638275146484,"SAN JOAQUIN",TRACY,-121.45653533935547,37.739418029785156
82140354,2023,2023-08-10,3905,2023-07-01,2358,3133,SEA,6,5,6,3905,0,0,0,,0,,"EL DORADO ST","EIGHTH ST",0.00,,Y,A,-,N,,,,,,,,,,N,2,0,1,2,A,-,00,23103,A,F,G,B,F,A,H,-,C,A,0,Y,,,,Y,,D,22,1,0,0,0,1,0,0,0,0,"- ","- ",37.928909301757812,-121.28304290771484,"SAN JOAQUIN",STOCKTON,-121.28281402587891,37.928962707519531
82146030,2022,2023-08-17,3905,2022-01-16,1023,2835,SEA,7,5,6,3905,0,0,0,,0,,"MARTIN LUTHER KING BL","LINCOLN ST",0.00,,Y,A,-,N,,,,,,,,,,Y,1,1,1,2,A,-,12,21453,A,N,D,C,A,A,A,-,A,A,0,,,,,Y,,A,01,0,0,1,0,0,0,0,0,0,"- ","- ",37.937538146972656,-121.29396820068359,"SAN JOAQUIN",STOCKTON,-121.29388427734375,37.937557220458984
82149295,2023,2023-08-23,3906,2023-07-24,1242,1574,MSC,1,5,5,3906,0,0,0,,0,001,"EAST 6TH STREET AND SCHOOL STREET","SCHOOL STREET",315.00,E,N,A,-,N,,,,,,,,,,Y,2,0,1,2,A,-,09,21804,A,N,D,C,A,A,H,-,A,D,0,,,,,Y,,A,01,1,0,0,0,0,0,0,0,0,"- ","- ",,,"SAN JOAQUIN",TRACY,-121.41886901855469,37.736545562744141
82159249,2023,2023-08-31,3905,2023-07-28,"845 ",1315,SEA,5,5,6,3905,0,0,0,,0,,"MARTIN LUTHER KING BL","TURNPIKE RD",73.00,E,N,A,-,N,,,,,,,,,,N,2,0,1,2,A,-,10,21950,A,F,G,B,B,A,H,-,A,A,0,Y,,,,Y,,-,99,1,0,0,0,1,0,0,0,0,"- ","- ",37.938190460205078,-121.29003143310547,"SAN JOAQUIN",STOCKTON,-121.28985595703125,37.938133239746094
82161608,2022,2023-09-05,3905,2022-09-07,2040,3061,PAR,3,5,6,3905,0,0,0,,0,,"AIRPORT WY","OAK ST",8.00,N,N,A,-,N,,,,,,,,,,N,2,0,1,2,A,-,10,21950,A,N,G,B,B,A,H,-,A,A,0,Y,,,,Y,,A,07,1,0,0,0,1,0,0,0,0,"- ","- ",37.961261749267578,-121.27568054199219,"SAN JOAQUIN",STOCKTON,-121.27581787109375,37.961380004882812
82163097,2023,2023-09-07,3905,2023-06-26,1135,7035,CIV,1,5,6,3905,0,0,0,,0,,"CORONADO AV","DELIVERY ST",475.00,N,N,A,-,N,,,,,,,,,,Y,2,0,1,2,A,-,03,22350,,N,D,C,A,A,H,-,A,D,0,,,Y,,Y,,C,02,1,0,0,0,0,0,0,0,1,"- ","- ",37.990268707275391,-121.28868103027344,"SAN JOAQUIN",STOCKTON,-121.28955078125,37.991493225097656
82165345,2023,2023-09-08,3905,2023-07-01,2140,3130,LAK,6,5,6,3905,0,0,0,,0,,"MARCH LN","KENTFIELD RD",100.00,W,N,A,-,N,,,,,,,,,,N,2,0,1,2,A,-,01,23152,A,N,D,C,A,A,H,-,C,A,0,,,,,Y,Y,D,22,1,0,0,0,0,0,0,0,0,"- ","- ",37.997791290283203,-121.30301666259766,"SAN JOAQUIN",STOCKTON,-121.30388641357422,37.997577667236328
82168017,2023,2023-09-12,3924,2023-09-11,"141 ",1345,L3,1,5,2,3920,0,0,0,,0,00R,"GOLDEN VALLEY PKWY",SOMERVILLE,306.00,N,-,A,-,N,,,,,,,,,,N,2,0,1,2,A,-,01,23152,F,F,C,G,A,A,H,-,C,D,0,,Y,,,Y,,A,01,1,0,0,0,0,0,1,0,0,"- ","- ",37.808128356933594,-121.30039215087891,"SAN JOAQUIN",LATHROP,-121.30030059814453,37.808269500732422
82177918,2023,2023-09-26,3906,2023-09-12,1753,1824,159,2,5,5,3906,0,0,0,,0,006,"HOLLY DR","LARCH RD",0.00,,Y,A,-,N,,,,,,,,,,Y,2,0,2,2,A,-,12,22450,A,N,D,C,A,A,H,-,A,D,0,,,,,Y,,A,01,2,0,0,0,0,0,0,0,0,"- ","- ",37.765010833740234,-121.42595672607422,"SAN JOAQUIN",TRACY,-121.42598724365234,37.765045166015625
82196981,2023,2023-12-21,3905,2023-08-26,1955,7164,LAK,6,5,6,3905,0,0,0,,0,,"ROBINHOOD DR","PACIFIC AV W FR RD",290.00,W,N,A,-,N,,,,,,,,,,Y,2,0,2,2,A,-,09,21801,A,N,D,C,A,A,H,-,B,A,0,,,Y,,Y,,A,01,1,0,1,0,0,0,0,0,2,"- ","- ",37.999988555908203,-121.31783294677734,"SAN JOAQUIN",STOCKTON,-121.31820678710938,38.000102996826172
82205357,2023,2023-10-23,3905,2023-09-09,"840 ",2466,CIV,6,5,6,3905,0,0,0,,0,,"EL DORADO ST","ADAMS ST",0.00,,Y,A,-,N,,,,,,,,,,Y,2,0,2,2,A,-,09,21802,A,N,D,C,A,A,H,-,A,A,0,,,,,Y,,A,01,1,0,1,0,0,0,0,0,0,"- ","- ",37.973831176757812,-121.29621124267578,"SAN JOAQUIN",STOCKTON,-121.29646301269531,37.973781585693359
82205358,2023,2023-10-23,3905,2023-09-13,1415,2463,PAR,3,5,6,3905,0,0,0,,0,,"WILSON WY","CHANNEL ST",10.00,S,N,A,-,N,,,,,,,,,,N,2,0,1,2,A,-,11,21950,B,N,G,B,B,A,H,-,A,A,0,Y,,,,Y,,N,60,1,0,0,0,1,0,0,0,0,"- ","- ",37.9576416015625,-121.27201843261719,"SAN JOAQUIN",STOCKTON,-121.27207946777344,37.957721710205078
82223374,2023,2023-11-28,3924,2023-09-19,1537,1270,L3,2,5,2,3920,0,0,0,,0,00H,"STEWART RD","MANTHEY RD",0.00,,Y,A,-,N,,,,,,,,,,Y,1,1,0,1,A,-,01,23152,A,N,E,I,A,A,H,-,A,D,0,,,,Y,Y,,F,26,0,0,0,0,0,0,0,0,0,"- ","- ",,,"SAN JOAQUIN",LATHROP,-121.30815124511719,37.785068511962891
82226185,2023,2023-12-15,3905,2023-09-23,2013,2944,SEA,6,5,6,3905,0,0,0,,0,,"EL DORADO ST","SIXTH ST (N)",92.00,N,N,A,-,Y,,,,,,,,,,N,2,0,1,2,A,-,11,21954,A,F,G,B,D,A,H,-,C,A,0,Y,,,,Y,,N,60,1,0,0,0,1,0,0,0,0,"- ","- ",37.931411743164062,-121.28401184082031,"SAN JOAQUIN",STOCKTON,-121.28389739990234,37.931690216064453
82228431,2023,2023-11-06,3906,2023-10-24,1617,1824,,2,5,5,3906,0,0,0,,0,003,"SCHULTE RD","TRACY BLVD",0.00,,Y,A,-,N,,,,,,,,,,N,2,0,1,2,A,-,08,22107,,N,D,G,A,A,H,-,A,A,0,,Y,,,Y,,A,01,1,0,0,0,0,0,1,0,0,"- ","- ",37.724639892578125,-121.43501281738281,"SAN JOAQUIN",TRACY,-121.43486022949219,37.725082397460938
82233684,2023,2023-11-13,3905,2023-08-25,2222,2660,VAL,5,5,6,3905,0,0,0,,0,,"HAMMER LN","TAM O SHANTER DR",89.00,E,N,A,-,N,,,,,,,,,,Y,1,1,1,3,A,-,03,22350,,N,C,C,A,A,H,-,C,A,0,,,Y,,Y,,C,02,0,0,1,0,0,0,0,1,0,"- ","- ",38.020999908447266,-121.30084228515625,"SAN JOAQUIN",STOCKTON,-121.30023193359375,38.020881652832031
82240137,2023,2023-11-20,3906,2023-11-07,1429,1804,,2,5,5,3906,0,0,0,,0,001,"SCHULTE RD","JORANOLLO DR",0.00,,Y,A,-,N,,,,,,,,,,Y,2,0,2,2,A,-,08,22107,,N,D,C,A,A,H,-,A,A,0,,,,,Y,,A,01,2,0,0,0,0,0,0,0,0,"- ","- ",37.725090026855469,-121.41941833496094,"SAN JOAQUIN",TRACY,-121.41947174072266,37.725109100341797
82247269,2023,2023-11-29,3906,2023-11-16,1725,1824,,4,5,5,3906,0,0,0,,0,002,"MACARTHUR DR","GLENBROOK DR",43.00,E,N,B,-,N,,,,,,,,,,N,2,0,1,2,A,-,12,22450,A,N,C,C,A,A,H,-,C,D,0,,,,,Y,,A,01,1,0,0,0,0,0,0,0,0,"- ","- ",37.700321197509766,-121.41645050048828,"SAN JOAQUIN",TRACY,-121.41638946533203,37.700298309326172
82248722,2023,2023-11-30,3905,2023-10-02,1420,2463,PAR,1,5,6,3905,0,0,0,,0,,"MARTIN LUTHER KING BL","MARIPOSA RD (E)",295.00,E,N,A,-,N,,,,,,,,,,Y,2,0,1,1,A,-,21,22106,,N,E,I,A,A,H,-,A,D,0,,,,,Y,,A,07,1,0,0,0,0,0,0,0,0,"- ","- ",37.944721221923828,-121.25579833984375,"SAN JOAQUIN",STOCKTON,-121.25468444824219,37.945110321044922
82250349,2023,2023-12-04,3906,2023-11-20,1657,1710,,1,5,5,3906,0,0,0,,0,005,"GRANT LINE RD","CHABOT CT",650.00,E,N,A,-,N,,,,,,,,,,Y,2,0,1,1,A,-,08,22107,,N,E,I,A,A,H,-,C,A,0,,,,,Y,,A,01,1,0,0,0,0,0,0,0,0,"- ","- ",37.753490447998047,-121.38717651367188,"SAN JOAQUIN",TRACY,-121.3851318359375,37.754413604736328
82250622,2023,2023-12-04,3905,2023-07-18,2214,1641,LAK,2,5,6,3905,0,0,0,,0,,"PACIFIC AV","YOKUTS AV",0.00,,Y,A,-,N,,,,,,,,,,N,1,1,0,2,A,-,05,21650,1,F,D,G,A,A,H,-,C,A,0,,Y,,,Y,,L,04,0,0,0,0,0,1,0,0,0,"- ","- ",37.996761322021484,-121.31430053710938,"SAN JOAQUIN",STOCKTON,-121.31472015380859,37.996639251708984
82251465,2023,2023-12-04,3905,2023-11-02,"101 ",2896,VAL,4,5,6,3905,0,0,0,,0,,"WEST LN","EIGHT MILE RD",0.00,,Y,A,-,N,,,,,,,,,,Y,2,0,1,2,A,-,12,21453,A,N,A,C,A,A,H,-,C,A,0,,,,Y,Y,,A,01,1,0,0,0,0,0,0,0,0,"- ","- ",38.057479858398438,-121.29615020751953,"SAN JOAQUIN",STOCKTON,-121.29634094238281,38.057464599609375
82264179,2023,2023-12-18,3905,2023-10-25,"459 ",2785,PAR,3,5,6,3905,0,0,0,,0,,"AIRPORT WY","MICHAEL AV",176.00,S,N,A,-,N,,,,,,,,,,Y,1,1,0,2,A,-,08,22107,,N,B,C,A,A,H,-,C,D,0,,,,,Y,,A,01,0,0,0,0,0,0,0,0,0,"- ","- ",37.922401428222656,-121.26338958740234,"SAN JOAQUIN",STOCKTON,-121.26309204101562,37.922080993652344
82268821,2023,2023-12-25,3906,2023-12-09,1514,1832,3,6,5,5,3906,0,0,0,,0,001,"CENTRAL AVE","SEVENTH ST",8.00,S,N,A,-,N,,,,,,,,,,N,2,0,1,2,A,-,10,21950,A,N,G,B,B,A,H,-,A,A,0,Y,,,,Y,,A,01,1,0,0,0,1,0,0,0,0,"- ","- ",37.735599517822266,-121.42575836181641,"SAN JOAQUIN",TRACY,-121.42578125,37.735527038574219
82270633,2023,2023-12-28,3905,2023-11-14,2012,3046,LAK,2,5,6,3905,0,0,0,,0,,"MARCH LN","KENTFIELD RD",191.00,E,N,B,-,N,,,,,,,,,,Y,2,0,1,2,A,-,11,21954,A,N,G,B,D,A,H,-,C,D,0,Y,,,,Y,,N,60,1,0,0,0,1,0,0,0,0,"- ","- ",37.997791290283203,-121.30301666259766,"SAN JOAQUIN",STOCKTON,-121.30313110351562,37.998100280761719
82274648,2023,2023-12-29,3905,2023-11-27,1540,3044,CIV,1,5,6,3905,0,0,0,,0,,"WILSON WY","BRADFORD ST",22.00,E,N,A,-,N,,,,,,,,,,N,2,0,1,2,A,-,10,21950,A,N,G,B,B,A,H,-,A,A,0,Y,,,,Y,,A,07,1,0,0,0,1,0,0,0,0,"- ","- ",37.973808288574219,-121.27607727050781,"SAN JOAQUIN",STOCKTON,-121.27633666992188,37.973949432373047
82275531,2023,2024-01-01,3905,2023-11-18,2344,2714,SEA,6,5,6,3905,0,0,0,,0,,"CENTER ST","MARTIN LUTHER KING BL",8.00,S,N,B,-,N,,,,,,,,,,N,2,0,1,2,A,-,12,21453,A,F,G,B,B,B,H,-,C,A,0,Y,,,,Y,,A,01,1,0,0,0,1,0,0,0,0,"- ","- ",37.938701629638672,-121.28752899169922,"SAN JOAQUIN",STOCKTON,-121.28738403320312,37.938758850097656
82292413,2022,2024-01-22,3905,2022-02-27,2048,2719,,7,5,6,3905,0,0,0,,0,,"EL DORADO ST","HAMMER LN",553.00,S,N,A,-,N,,,,,,,,,,Y,2,0,1,1,C,-,18,,,N,F,A,A,A,H,-,C,D,0,,,Y,,Y,,-,"- ",1,0,0,0,0,0,0,0,1,"- ","- ",38.021160125732422,-121.31549072265625,"SAN JOAQUIN",STOCKTON,-121.31513214111328,38.019359588623047
82292738,2022,2024-01-22,3905,2022-05-26,2326,2738,,4,5,6,3905,0,0,0,,0,,"MARTIN LUTHER KING BL","HUNTER ST",100.00,W,N,A,-,N,,,,,,,,,,N,2,0,1,2,A,-,11,21954,A,F,G,B,E,A,H,-,C,D,0,Y,,,,Y,,N,60,1,0,0,0,1,0,0,0,0,"- ","- ",37.939140319824219,-121.28486633300781,"SAN JOAQUIN",STOCKTON,-121.28510284423828,37.939163208007812
82304882,2024,2024-02-05,3906,2024-01-08,"849 ",1824,196,1,5,5,3906,0,0,0,,0,004,"LAMMERS RD","ELEVENTH ST",0.00,,Y,A,-,N,,,,,,,,,,Y,2,0,2,2,A,-,08,22107,,N,D,C,A,A,H,-,A,A,0,,,,,Y,,A,01,1,1,0,0,0,0,0,0,0,"- ","- ",37.739288330078125,-121.47666931152344,"SAN JOAQUIN",TRACY,-121.47676849365234,37.739368438720703
82306372,2023,2024-02-06,3905,2023-12-15,1700,2852,VAL,5,5,6,3905,0,0,0,,0,,"TAM O SHANTER DR","ERIE DR",150.00,N,N,A,-,N,,,,,,,,,,N,2,0,1,2,A,-,11,21955,,N,G,B,E,A,H,-,B,D,0,Y,,,,Y,,N,60,1,0,0,0,1,0,0,0,0,"- ","- ",38.025131225585938,-121.30079650878906,"SAN JOAQUIN",STOCKTON,-121.300537109375,38.025470733642578
82309009,2023,2024-02-08,3924,2023-12-19,1722,1332,,2,5,2,3920,0,0,0,,0,00C,"THOMSEN RD","HARLAN RD",0.00,,Y,A,-,N,,,,,,,,,,N,2,0,1,2,A,-,09,21804,,F,D,G,A,A,H,-,C,A,0,,Y,,,Y,,D,72,1,0,0,0,0,0,1,0,0,"- ","- ",37.819080352783203,-121.29231262207031,"SAN JOAQUIN",LATHROP,-121.29233551025391,37.819061279296875
82316876,2023,2024-02-19,3905,2023-11-18,1746,1641,CIV,6,5,6,3905,0,0,0,,0,,"EL DORADO ST","VINE ST",0.00,,Y,A,-,N,,,,,,,,,,N,1,1,0,2,A,-,11,21955,,N,G,B,E,B,H,-,C,D,0,Y,,,,Y,,N,60,0,0,0,1,0,0,0,0,0,"- ","- ",37.965560913085938,-121.29312896728516,"SAN JOAQUIN",STOCKTON,-121.29328918457031,37.965526580810547
82320343,2024,2024-03-19,3924,2024-02-07,1957,1362,,3,5,2,3920,0,0,0,,0,00C,"MCKINLEY AV","YOSEMITE AV",2275.00,N,-,A,-,N,,,,,,,,,,Y,2,0,3,2,A,-,01,23152,A,N,A,C,A,B,H,-,D,D,0,,,,,Y,Y,A,01,2,1,0,0,0,0,0,0,0,"- ","- ",37.797111511230469,-121.27056884765625,"SAN JOAQUIN",LATHROP,-121.27090454101562,37.8033447265625
82323578,2024,2024-02-26,3924,2024-02-21,1743,1299,,3,5,2,3920,0,0,0,,0,00R,"RIVER ISLANDS PKWY","IMPERIAL DR",175.00,E,-,A,-,N,,,,,,,,,,Y,2,0,1,1,A,-,03,22350,,N,H,A,A,A,H,-,A,D,0,,,Y,,Y,,C,02,1,0,0,0,0,0,0,0,1,"- ","- ",37.800800323486328,-121.32247924804688,"SAN JOAQUIN",LATHROP,-121.32571411132812,37.800727844238281
82335700,2023,2024-03-12,3905,2023-11-19,2227,1641,PAR,7,5,6,3905,0,0,0,,0,,"WATERLOO RD","HIAWATHA AV",0.00,,Y,A,-,N,,,,,,,,,,N,1,1,0,2,A,-,05,21650,1,N,A,G,A,A,H,-,C,D,0,,Y,,,Y,,L,04,0,0,0,0,0,1,0,0,0,"- ","- ",37.970489501953125,-121.2696533203125,"SAN JOAQUIN",STOCKTON,-121.26992797851562,37.970783233642578
82339044,2024,2024-03-15,3905,2024-02-02,1435,3197,,5,5,6,3905,0,0,0,,0,,"MADISON ST","ACACIA ST",0.00,,Y,A,-,N,,,,,,,,,,N,2,0,1,3,A,-,09,21800,C,N,D,C,A,A,H,-,A,A,0,,,,,Y,,D,22,1,0,0,0,0,0,0,0,0,"- ","- ",37.961990356445312,-121.29627227783203,"SAN JOAQUIN",STOCKTON,-121.29640197753906,37.961944580078125
82343537,2024,2024-03-22,3905,2024-02-15,1810,7164,,4,5,6,3905,0,0,0,,0,,"ARCH AIRPORT RD","AIRPORT WY",43.00,E,N,A,-,N,,,,,,,,,,N,2,0,1,2,A,-,12,21453,A,N,D,G,A,A,H,-,C,A,0,,Y,,,Y,,L,04,1,0,0,0,0,0,1,0,0,"- ","- ",37.901809692382812,-121.25480651855469,"SAN JOAQUIN",STOCKTON,-121.25456237792969,37.902000427246094
82358852,2024,2024-04-08,3924,2024-01-21,1616,1332,L1,7,5,2,3920,0,0,0,,0,00H,"HARLAN RD","SLATE ST",3100.00,N,-,A,-,N,,,,,,,,,,Y,1,2,0,2,A,-,03,22350,,N,A,C,A,A,H,-,A,D,0,,,Y,Y,Y,,C,02,0,0,0,0,0,0,0,2,0,"- ","- ",37.849830627441406,-121.28262329101562,"SAN JOAQUIN",LATHROP,-121.2830810546875,37.849346160888672
82362773,2024,2024-04-12,3905,2024-03-09,1235,7034,VAL,6,5,6,3905,0,0,0,,0,,"KENTFIELD RD","GATEWAY CT",130.00,S,N,A,-,N,,,,,,,,,,N,2,0,1,2,A,-,05,21650,1,N,D,G,A,A,H,-,A,D,0,,Y,,,Y,,L,04,1,0,0,0,0,0,1,0,0,"- ","- ",37.996978759765625,-121.30223083496094,"SAN JOAQUIN",STOCKTON,-121.30250549316406,37.996559143066406
82375691,2024,2024-04-26,3905,2024-03-21,"758 ",7034,,4,5,6,3905,0,0,0,,0,,"ALPINE AV","ALVARADO AV",25.00,E,N,A,-,N,,,,,,,,,,Y,2,0,9,2,A,-,08,22107,,N,D,C,A,A,H,-,A,A,0,,,,,Y,,D,22,2,3,4,0,0,0,0,0,0,"- ","- ",37.982749938964844,-121.28896331787109,"SAN JOAQUIN",STOCKTON,-121.28917694091797,37.982769012451172
82396712,2024,2024-05-24,3905,2024-04-12,2145,3197,,5,5,6,3905,0,0,0,,0,,"HUNTER ST","WILLOW ST",0.00,,Y,A,-,N,,,,,,,,,,Y,2,0,2,2,A,-,12,22450,A,F,D,C,A,A,H,-,C,A,0,,,,,Y,,A,07,1,0,1,0,0,0,0,0,0,"- ","- ",37.966751098632812,-121.29206848144531,"SAN JOAQUIN",STOCKTON,-121.29225158691406,37.966743469238281
82397820,2024,2024-05-27,3905,2024-04-16,2002,3044,,2,5,6,3905,0,0,0,,0,,"ALPINE AV","CALIFORNIA ST",15.00,E,N,A,-,N,,,,,,,,,,N,2,0,1,2,A,-,05,21650,1,F,D,G,A,A,H,-,C,A,0,,Y,,,Y,Y,L,04,1,0,0,0,0,0,1,0,0,"- ","- ",37.981548309326172,-121.29316711425781,"SAN JOAQUIN",STOCKTON,-121.29347229003906,37.981571197509766
82397861,2024,2024-06-03,3905,2024-03-31,1848,2785,,7,5,6,3905,0,0,0,,0,,"AIRPORT WY","LAFAYETTE ST",0.00,,Y,A,-,N,,,,,,,,,,Y,2,0,1,2,A,-,05,21650,1,N,D,G,A,A,H,-,A,D,0,,Y,,,Y,Y,L,04,1,0,0,0,0,0,1,0,0,"- ","- ",37.95233154296875,-121.27333831787109,"SAN JOAQUIN",STOCKTON,-121.27336883544922,37.952423095703125
82398825,2024,2024-05-27,3906,2024-05-10,1507,1824,,5,5,5,3906,0,0,0,,0,004,"TRACY BLVD","CARLTON WAY",38.00,S,N,A,-,N,,,,,,,,,,Y,2,0,1,2,A,-,07,21658,A,N,B,C,A,A,H,-,A,D,0,,,,,Y,,A,01,1,0,0,0,0,0,0,0,0,"- ","- ",37.74578857421875,-121.43498992919922,"SAN JOAQUIN",TRACY,-121.43502044677734,37.7462158203125
82412927,2024,2024-06-13,3902,2024-04-15,1101,31,,1,5,5,3902,0,0,0,,0,003,"LOWER SACRAMENTO RD","KETTLEMAN LN",632.00,N,N,A,-,N,,,,,,,,,,Y,2,0,2,2,A,-,12,21453,A,N,D,C,A,A,H,-,A,A,0,,,,,Y,,D,22,1,1,0,0,0,0,0,0,0,"- ","- ",38.115501403808594,-121.30655670166016,"SAN JOAQUIN",LODI,-121.30661773681641,38.117313385009766
82414665,2024,2024-06-14,3905,2024-05-08,1550,3194,,3,5,6,3905,0,0,0,,0,,"MYRTLE ST","FILBERT ST (N)",2547.00,E,N,A,-,N,,,,,,,,,,Y,2,0,1,1,A,-,03,22350,,N,E,I,A,A,H,-,A,D,0,,,Y,,Y,,C,02,1,0,0,0,0,0,0,0,1,"- ","- ",37.960651397705078,-121.25402069091797,"SAN JOAQUIN",STOCKTON,-121.24896240234375,37.960960388183594
82415241,2024,2024-06-17,3906,2024-04-29,"758 ",1138,,1,5,5,3906,0,0,0,,0,006,"TRACY BLVD","KAVANAGH AVE",54.00,N,N,A,-,N,,,,,,,,,,Y,2,0,1,2,A,-,12,21453,A,N,B,C,A,A,H,-,A,A,0,,,,,Y,,A,07,1,0,0,0,0,0,0,0,0,"- ","- ",37.758319854736328,-121.43498992919922,"SAN JOAQUIN",TRACY,-121.43505096435547,37.758289337158203
82419955,2024,2024-06-21,3906,2024-06-05,"700 ",1894,,3,5,5,3906,0,0,0,,0,001,"TRACY BLVD","SIXTH ST",500.00,N,N,A,-,N,,,,,,,,,,Y,2,0,1,2,C,-,18,,,N,A,C,A,A,H,-,A,A,0,,,,Y,Y,,-,"- ",1,0,0,0,0,0,0,0,0,"- ","- ",37.737091064453125,-121.43628692626953,"SAN JOAQUIN",TRACY,-121.43637084960938,37.738552093505859
82420117,2024,2024-06-21,3905,2024-05-12,2250,2850,,7,5,6,3905,0,0,0,,0,,"MARCH LN","BROOKSIDE RD (W)",0.00,,Y,A,-,N,,,,,,,,,,Y,2,0,2,2,A,-,01,23152,A,N,D,C,A,A,H,-,C,A,0,,,,,Y,Y,A,07,1,0,1,0,0,0,0,0,0,"- ","- ",37.977481842041016,-121.36934661865234,"SAN JOAQUIN",STOCKTON,-121.35518646240234,37.983860015869141
82420855,2024,2024-06-24,3905,2024-05-03,2045,3141,,5,5,6,3905,0,0,0,,0,,"D ST","SEVENTH ST",65.00,N,N,A,-,N,,,,,,,,,,N,2,0,1,2,A,-,03,22350,,F,G,B,E,A,H,-,C,D,0,Y,,,,Y,,A,01,1,0,0,0,1,0,0,0,0,"- ","- ",37.936630249023438,-121.25258636474609,"SAN JOAQUIN",STOCKTON,-121.25250244140625,37.937030792236328
82420880,2024,2024-06-25,3905,2024-05-17,2205,3224,,5,5,6,3905,0,0,0,,0,,"W 99 FRONTAGE RD","INSPIRATION DR",323.00,N,N,A,-,N,,,,,,,,,,N,2,0,2,3,A,-,11,21954,A,F,G,B,E,A,H,-,D,D,0,Y,,,,Y,,N,60,1,1,0,0,2,0,0,0,0,"- ","- ",38.031471252441406,-121.25904846191406,"SAN JOAQUIN",STOCKTON,,
82421094,2024,2024-06-25,3905,2024-05-15,1540,2724,,3,5,6,3905,0,0,0,,0,,"2317 STANFIELD DR","CHAPEL HILL CI",132.00,W,N,A,-,N,,,,,,,,,,Y,2,0,1,2,A,-,11,21954,A,F,G,B,E,A,H,-,A,D,0,Y,,,,Y,,N,60,1,0,0,0,1,0,0,0,0,"- ","- ",38.036659240722656,-121.34661102294922,"SAN JOAQUIN",STOCKTON,-121.34645080566406,38.036815643310547