CASE_ID,ACCIDENT_YEAR,PROC_DATE,JURIS,COLLISION_DATE,COLLISION_TIME,OFFICER_ID,REPORTING_DISTRICT,DAY_OF_WEEK,CHP_SHIFT,POPULATION,CNTY_CITY_LOC,SPECIAL_COND,BEAT_TYPE,CHP_BEAT_TYPE,CITY_DIVISION_LAPD,CHP_BEAT_CLASS,BEAT_NUMBER,PRIMARY_RD,SECONDARY_RD,DISTANCE,DIRECTION,INTERSECTION,WEATHER_1,WEATHER_2,STATE_HWY_IND,CALTRANS_COUNTY,CALTRANS_DISTRICT,STATE_ROUTE,ROUTE_SUFFIX,POSTMILE_PREFIX,POSTMILE,LOCATION_TYPE,RAMP_INTERSECTION,SIDE_OF_HWY,TOW_AWAY,COLLISION_SEVERITY,NUMBER_KILLED,NUMBER_INJURED,PARTY_COUNT,PRIMARY_COLL_FACTOR,PCF_CODE_OF_VIOL,PCF_VIOL_CATEGORY,PCF_VIOLATION,PCF_VIOL_SUBSECTION,HIT_AND_RUN,TYPE_OF_COLLISION,MVIW,PED_ACTION,ROAD_SURFACE,ROAD_COND_1,ROAD_COND_2,LIGHTING,CONTROL_DEVICE,CHP_ROAD_TYPE,PEDESTRIAN_ACCIDENT,BICYCLE_ACCIDENT,MOTORCYCLE_ACCIDENT,TRUCK_ACCIDENT,NOT_PRIVATE_PROPERTY,ALCOHOL_INVOLVED,STWD_VEHTYPE_AT_FAULT,CHP_VEHTYPE_AT_FAULT,COUNT_SEVERE_INJ,COUNT_VISIBLE_INJ,COUNT_COMPLAINT_PAIN,COUNT_PED_KILLED,COUNT_PED_INJURED,COUNT_BICYCLIST_KILLED,COUNT_BICYCLIST_INJURED,COUNT_MC_KILLED,COUNT_MC_INJURED,PRIMARY_RAMP,SECONDARY_RAMP,LATITUDE,LONGITUDE,COUNTY,CITY,POINT_X,POINT_Y
82421132,2024,2024-06-24,3905,2024-03-28,1130,2133,,4,5,6,3905,0,0,0,,0,,"E STATE ROUTE 4","FILBERT ST (S)",600.00,S,N,A,-,Y,,,,,,,,,,N,2,0,1,2,A,-,03,22350,,N,C,C,A,A,H,-,A,A,0,,,,,Y,,A,01,1,0,0,0,0,0,0,0,0,"- ","- ",37.9593505859375,-121.25350189208984,"SAN JOAQUIN",STOCKTON,-121.25389862060547,37.959499359130859
82425727,2024,2024-07-01,3905,2024-05-21,2003,3044,,2,5,6,3905,0,0,0,,0,,"EL DORADO ST","EUCLID AV",110.00,N,N,A,-,N,,,,,,,,,,N,2,0,1,1,C,-,18,,,N,E,J,A,A,H,-,C,D,0,,,,,Y,,-,"- ",1,0,0,0,0,0,0,0,0,"- ","- ",37.980789184570312,-121.29924774169922,"SAN JOAQUIN",STOCKTON,-121.29970550537109,37.980987548828125
82440004,2024,2024-07-16,3905,2024-05-24,"45  ",3224,,5,5,6,3905,0,0,0,,0,,"PACIFIC AV","ALPINE AV",375.00,S,N,A,-,N,,,,,,,,,,N,2,0,1,2,A,-,17,21228,,F,B,C,A,A,H,-,C,D,0,,,,,Y,,M,94,1,0,0,0,0,0,0,0,0,"- ","- ",37.978561401367188,-121.30525970458984,"SAN JOAQUIN",STOCKTON,-121.30487823486328,37.977565765380859
82444092,2024,2024-07-22,3905,2024-03-22,1701,7192,,5,5,6,3905,0,0,0,,0,,"EL DORADO ST","GEARY ST",0.00,,Y,B,-,N,,,,,,,,,,Y,1,1,2,2,A,-,09,21801,A,N,B,C,A,A,H,-,A,A,0,,,,,Y,,D,22,0,0,2,0,0,0,0,0,0,"- ","- ",37.974369049072266,-121.29811859130859,"SAN JOAQUIN",STOCKTON,-121.29714965820312,37.974807739257812
82444285,2024,2024-07-22,3905,2024-06-03,1349,2463,,1,5,6,3905,0,0,0,,0,,"KELLEY DR","BEAUFORT AV",45.00,N,N,A,-,N,,,,,,,,,,Y,2,0,1,4,A,-,08,22103,,N,D,C,A,A,H,-,A,D,0,,,Y,,Y,,A,07,1,0,0,0,0,0,0,0,1,"- ","- ",38.023971557617188,-121.35809326171875,"SAN JOAQUIN",STOCKTON,-121.35787963867188,38.024188995361328
82595596,2024,2024-07-23,3924,2024-07-16,1330,1281,,2,5,2,3920,0,0,0,,0,00C,"HARLAN RD","D'ARCY PKWY",20.00,S,-,A,-,N,,,,,,,,,,Y,2,0,1,2,A,-,01,23152,A,N,A,C,A,A,H,-,A,A,0,,,,,Y,Y,A,01,1,0,0,0,0,0,0,0,0,"- ","- ",37.803550720214844,-121.29785919189453,"SAN JOAQUIN",LATHROP,-121.29790496826172,37.803508758544922
82800274,2024,2024-07-29,3906,2024-07-14,1806,1094,,7,5,5,3906,0,0,0,,0,004,"LOWELL AVE","CORRAL HOLLOW RD",0.00,,Y,A,-,N,,,,,,,,,,N,2,0,1,2,A,-,12,21453,A,N,D,G,A,A,H,-,A,A,0,,Y,,,Y,,L,04,1,0,0,0,0,0,1,0,0,"- ","- ",37.74713134765625,-121.45307922363281,"SAN JOAQUIN",TRACY,-121.45323181152344,37.747081756591797
8288046,2015,2017-01-20,3905,2015-06-26,0407,2655,SEA,5,5,6,3905,0,0,0,,0,,"EL DORADO ST","IVY AV",0.00,,Y,A,-,N,,,,,,,,,,Y,2,0,3,2,A,-,09,21801,A,N,A,C,A,A,H,-,C,D,0,,,,,Y,,A,01,3,0,0,0,0,0,0,0,0,"- ","- ",,,"SAN JOAQUIN",STOCKTON,-121.27873999000001,37.9188799
8288068,2015,2017-01-20,3905,2015-06-10,1314,1315,SEA,3,5,6,3905,0,0,0,,0,,"EL DORADO ST","LOWELL AV",553.00,S,N,B,C,N,,,,,,,,,,Y,2,0,5,3,A,-,03,22350,,N,C,E,A,B,H,-,A,D,0,,,,,Y,,A,01,1,4,0,0,0,0,0,0,0,"- ","- ",,,"SAN JOAQUIN",STOCKTON,-121.27910202,37.919764430000001
8288190,2015,2017-01-20,3905,2015-02-28,2108,2668,,6,5,6,3905,0,0,0,,0,,"AIRPORT WY","ROOSEVELT ST",25.00,N,N,A,-,N,,,,,,,,,,N,2,0,1,3,A,-,06,21951,,F,G,B,D,A,H,-,C,D,0,Y,,,,Y,,-,,1,0,0,0,1,0,0,0,0,"- ","- ",,,"SAN JOAQUIN",STOCKTON,-121.27732813999999,37.966927130000002
8288217,2015,2017-01-23,3905,2015-01-01,2103,2433,PAR,4,5,6,3905,0,0,0,,0,,"MAIN ST","NETHERTON AV",56.00,W,N,A,-,N,,,,,,,,,,N,2,0,1,2,A,-,11,21956,,N,G,B,D,A,H,-,C,A,0,Y,,,,Y,Y,N,60,1,0,0,0,1,0,0,0,0,"- ","- ",,,"SAN JOAQUIN",STOCKTON,-121.24237384,37.954359770000003
8288242,2015,2017-02-03,3905,2015-02-07,1129,2438,PAR,6,5,6,3905,0,0,0,,0,,"MYRTLE ST","FILBERT ST N",1584.00,E,N,C,-,N,,,,,,,,,,Y,2,0,4,3,A,-,05,21460,A,N,A,C,A,B,H,-,A,D,0,,,,,Y,,-,"- ",1,1,2,0,0,0,0,0,0,"- ","- ",,,"SAN JOAQUIN",STOCKTON,-121.24890634,37.961341760000003
8288270,2015,2017-01-20,3905,2015-02-16,1530,2731,PAR,1,5,6,3905,0,0,0,,0,,"SCOTTS AV","ASH ST",66.00,W,N,A,-,N,,,,,,,,,,Y,2,0,1,2,A,-,08,22103,,N,D,C,A,A,H,-,A,D,0,,Y,,,Y,,L,04,1,0,0,0,0,0,1,0,0,"- ","- ",,,"SAN JOAQUIN",STOCKTON,-121.25929868,37.951386419999999
8288375,2015,2017-01-20,3905,2015-05-02,0308,2644,VAL,6,5,6,3905,0,0,0,,0,,"BIANCHI RD","TENNALINDE LN",332.00,S,N,A,-,N,,,,,,,,,,Y,2,0,1,1,A,-,01,23152,A,N,E,I,A,A,H,-,C,D,0,,,,,Y,Y,A,01,1,0,0,0,0,0,0,0,0,"- ","- ",,,"SAN JOAQUIN",STOCKTON,-121.28417798,38.000787209999999
8288446,2015,2017-02-03,3905,2015-09-09,1750,2758,BEA,3,5,6,3905,0,0,0,,0,,"HAMMER LN","LAN ARK DR",0.00,,Y,A,-,N,,,,,,,,,,Y,2,0,4,2,A,-,12,21453,A,N,A,C,A,A,H,-,A,A,0,,,,,Y,,-,"- ",1,2,1,0,0,0,0,0,0,"- ","- ",38.021050000000002,-121.30974000000001,"SAN JOAQUIN",STOCKTON,-121.30943000000001,38.020989970000002
8288474,2015,2017-01-20,3905,2015-09-02,1608,2731,PAR,3,5,6,3905,0,0,0,,0,,"HARDING WY","WEST LN",0.00,,Y,A,-,N,,,,,,,,,,N,2,0,1,2,A,-,09,21453,B,N,H,G,A,A,H,-,A,A,0,,Y,,,Y,Y,L,04,1,0,0,0,0,0,1,0,0,"- ","- ",37.970100000000002,-121.27799,"SAN JOAQUIN",STOCKTON,-121.27820991999999,37.970179880000003
8288515,2015,2017-01-19,3905,2015-07-06,1242,1315,VAL,1,5,6,3905,0,0,0,,0,,"MARCH LN","WEST LN",39.00,E,N,A,-,N,,,,,,,,,,Y,2,0,3,5,A,-,01,23152,C,N,A,C,A,A,H,-,A,A,0,,,,,Y,,A,07,1,0,2,0,0,0,0,0,0,"- ","- ",,,"SAN JOAQUIN",STOCKTON,-121.2907199,38.00216957
8288531,2015,2017-02-03,3905,2015-09-20,0253,2440,SEA,7,5,6,3905,0,0,0,,0,,"TURNPIKE E FR RD","KOHLER ST",90.00,N,N,A,-,N,,,,,,,,,,N,2,0,1,2,A,-,11,21956,A,F,G,B,E,A,H,-,D,D,0,Y,,,,Y,,N,60,1,0,0,0,1,0,0,0,0,"- ","- ",,,"SAN JOAQUIN",STOCKTON,-121.29512966,37.930620789999999
8288549,2015,2017-01-20,3905,2015-09-26,1541,2700,,6,5,6,3905,0,0,0,,0,BEA,"WHISTLER WY","DAVIS RD",442.00,E,N,A,-,N,,,,,,,,,,Y,2,0,1,1,A,-,03,22350,,N,E,I,A,A,H,-,A,D,0,,,,,Y,,A,01,1,0,0,0,0,0,0,0,0,"- ","- ",38.048400000000001,-121.33246,"SAN JOAQUIN",STOCKTON,-121.33092508,38.048134390000001
8288606,2015,2017-01-23,3905,2015-10-25,2245,2769,VAL,7,5,6,3905,0,0,0,,0,,"TAM O SHANTER DR","DANNY DR",109.00,N,N,A,-,N,,,,,,,,,,Y,2,0,1,2,A,-,11,21954,A,N,G,B,E,A,H,-,C,D,0,Y,,,,Y,,N,60,1,0,0,0,1,0,0,0,0,"- ","- ",38.011310000000002,-121.29712000000001,"SAN JOAQUIN",STOCKTON,-121.29687616,38.011562670000004
8288614,2015,2017-01-23,3905,2015-10-30,1735,2750,SEA,5,5,6,3905,0,0,0,,0,,"IRENE ST","STOCKTON ST",0.00,,Y,A,-,N,,,,,,,,,,Y,2,0,1,1,C,-,18,,,N,E,I,A,A,H,-,A,D,0,,,,,Y,,-,"- ",1,0,0,0,0,0,0,0,0,"- ","- ",37.930430000000001,-121.30007999999999,"SAN JOAQUIN",STOCKTON,-121.29986991,37.930379899999998
8288632,2015,2017-01-23,3905,2015-10-13,2113,2573,PAR,2,5,6,3905,0,0,0,,0,,"AIRPORT RD","WASHINGTON ST",0.00,,Y,A,-,N,,,,,,,,,,N,2,0,1,2,A,-,11,21955,,N,G,B,D,A,H,-,D,A,0,Y,,,,Y,,N,60,1,0,0,0,1,0,0,0,0,"- ","- ",37.953299999999999,-121.2736,"SAN JOAQUIN",STOCKTON,-121.27364993,37.953409899999997
8288682,2015,2017-01-20,3905,2015-10-16,0133,2678,SEA,5,5,6,3905,0,0,0,,0,,"CENTER ST","JEFFERSON ST",0.00,,Y,A,-,N,,,,,,,,,,N,2,0,3,4,A,-,03,22350,,N,C,E,A,A,H,-,C,D,0,,,,,Y,,A,01,2,0,1,0,0,0,0,0,0,"- ","- ",37.941600000000001,-121.28824,"SAN JOAQUIN",STOCKTON,-121.28812992,37.941609919999998
8288686,2015,2017-01-20,3905,2015-10-13,0500,2738,PAR,2,5,6,3905,0,0,0,,0,,"MYRTLE ST","FILBERT ST",3168.00,E,N,A,-,N,,,,,,,,,,N,2,0,1,1,A,-,03,22350,,N,E,I,A,A,H,-,C,D,0,,,,,Y,Y,A,01,1,0,0,0,0,0,0,0,0,"- ","- ",37.95984,-121.25369999999999,"SAN JOAQUIN",STOCKTON,-121.24413799,37.963067950000003
8288722,2015,2017-01-30,3905,2015-05-10,2023,2726,CIV,7,5,6,3905,0,0,0,,0,,"WATERLOO RD","HARDING WY",0.00,,Y,A,-,N,,,,,,,,,,Y,2,0,3,4,A,-,01,23152,A,F,D,C,A,A,H,-,B,A,0,,,,,Y,Y,D,22,1,2,0,0,0,0,0,0,0,"- ","- ",,,"SAN JOAQUIN",STOCKTON,-121.26890992,37.971769940000001
8288739,2015,2017-01-30,3905,2015-03-30,0814,1315,CIV,1,5,6,3905,0,0,0,,0,,"MADISON CT","HARDING WY",16.00,N,N,A,-,N,,,,,,,,,,N,2,0,1,2,A,-,09,21801,A,N,G,B,B,A,H,-,A,A,0,Y,,,,Y,,A,01,1,0,0,0,1,0,0,0,0,"- ","- ",,,"SAN JOAQUIN",STOCKTON,-121.29791,37.966830000000002
8288740,2015,2017-01-30,3905,2015-03-29,0002,2639,VAL,7,5,6,3905,0,0,0,,0,,"8 MILE RD","GOLFVIEW RD",471.00,W,N,A,-,N,,,,,,,,,,Y,2,0,1,2,A,-,01,23152,A,N,A,C,A,A,H,-,C,D,0,,,,,Y,Y,A,01,1,0,0,0,0,0,0,0,0,"- ","- ",,,"SAN JOAQUIN",STOCKTON,-121.27477705,38.057413830000002
8288845,2015,2017-01-21,3905,2015-01-28,0601,2680,VAL,3,5,6,3905,0,0,0,,0,VAL,"MARCH LN","EL DORADO ST",11.00,E,N,A,-,N,,,,,,,,,,N,2,0,1,2,A,-,11,21453,D,N,G,B,B,A,H,-,C,A,0,Y,,,,Y,,N,60,1,0,0,0,1,0,0,0,0,"- ","- ",,,"SAN JOAQUIN",STOCKTON,-121.30576166,37.996260239999998
8288856,2015,2017-01-19,3905,2015-01-23,2100,2652,VAL,5,5,6,3905,0,0,0,,0,,"HAMMER LN","LORRAINE AV",14.00,E,N,A,-,N,,,,,,,,,,Y,2,0,2,1,A,-,03,22350,,N,E,I,A,A,H,-,C,A,0,,,,,Y,,A,01,2,0,0,0,0,0,0,0,0,"- ","- ",,,"SAN JOAQUIN",STOCKTON,-121.2832214,38.020980549999997
8288894,2015,2017-01-23,3905,2015-04-10,2129,1507,BEA,5,5,6,3905,0,0,0,,0,,"STANFIELD DR","CHAPEL HILL CT",19.00,E,N,A,-,N,,,,,,,,,,N,2,0,1,2,A,-,05,21650,,F,B,G,A,A,H,-,C,D,0,,Y,,,Y,Y,A,01,1,0,0,0,0,0,1,0,0,"- ","- ",,,"SAN JOAQUIN",STOCKTON,-121.34592413,38.036827049999999
8288974,2015,2017-01-23,3905,2015-04-23,2314,2678,PAR,4,5,6,3905,0,0,0,,0,,"WILSON WY","JACKSON ST",0.00,,Y,A,-,N,,,,,,,,,,N,2,0,2,2,A,-,08,22100,B,N,D,C,A,A,H,-,C,D,0,,,,,Y,,A,01,1,0,1,0,0,0,0,0,0,"- ","- ",,,"SAN JOAQUIN",STOCKTON,-121.26832996,37.943909929999997
8288991,2015,2017-01-23,3905,2015-04-22,0021,2731,LAK,3,5,6,3905,0,0,0,,0,,"PLYMOUTH RD","BUCKNER CT",224.00,S,N,A,-,N,,,,,,,,,,Y,2,0,1,1,A,-,01,23152,A,N,E,I,A,A,H,-,C,D,0,,,,,Y,Y,A,01,1,0,0,0,0,0,0,0,0,"- ","- ",,,"SAN JOAQUIN",STOCKTON,-121.35110773,38.007851940000002
8289043,2015,2017-01-19,3905,2015-08-04,1538,2463,LAK,2,5,6,3905,0,0,0,,0,,"HAMMER LN","TAM O SHANTER DR",0.00,,Y,A,-,N,,,,,,,,,,Y,2,0,1,2,C,-,18,,,N,B,C,A,A,H,-,A,D,0,,,,,Y,,-,"- ",1,0,0,0,0,0,0,0,0,"- ","- ",,,"SAN JOAQUIN",STOCKTON,-121.30053998,38.021019950000003
8289104,2015,2017-01-23,3905,2015-05-13,2344,2678,PAR,3,5,6,3905,0,0,0,,0,,"MARTIN LUTHER KING BL","GOLDEN GATE AV",0.00,,Y,A,-,N,,,,,,,,,,N,2,0,1,2,A,-,11,21956,,N,G,B,E,A,H,-,D,D,0,Y,,,,Y,,N,60,1,0,0,0,1,0,0,0,0,"- ","- ",,,"SAN JOAQUIN",STOCKTON,-121.24314993,37.951249949999998
8296887,2017,2017-02-22,3905,2017-01-30,2358,2774,CIV,1,5,6,3905,0,0,0,,0,,"PERSHING AV","PRINCETON AV",252.00,N,N,A,-,N,,,,,,,,,,Y,2,0,1,2,A,-,01,23152,A,N,E,I,A,A,H,-,C,D,0,,,,,Y,Y,A,07,1,0,0,0,0,0,0,0,0,"- ","- ",37.977559999999997,-121.31798000000001,"SAN JOAQUIN",STOCKTON,-121.31854422000001,37.978019420000003
8296928,2017,2017-05-16,3905,2017-01-17,1919,1393,PAR,2,5,6,3905,0,0,0,,0,,"WILSON WY","PARK ST",4.00,N,N,B,-,N,,,,,,,,,,N,2,0,1,3,A,-,12,21453,A,F,D,G,A,A,H,-,C,A,0,,Y,,,Y,,D,22,1,0,0,0,0,0,1,0,0,"- ","- ",37.962679999999999,-121.27333,"SAN JOAQUIN",STOCKTON,-121.27344316999999,37.962800700000003
8297023,2017,2017-03-01,3905,2017-01-16,0003,2752,LAK,1,5,6,3905,0,0,0,,0,,"FEATHER RIVER DR","SEA GULL LN",1080.00,S,N,A,-,N,,,,,,,,,,Y,2,0,2,1,A,-,01,23153,A,N,F,I,A,A,H,-,C,D,0,,,,,Y,Y,A,07,2,0,0,0,0,0,0,0,0,"- ","- ",,,"SAN JOAQUIN",STOCKTON,-121.34903310999999,37.994978740000001
8297123,2017,2017-03-01,3905,2017-01-05,1713,2831,SEA,4,5,6,3905,0,0,0,,0,,"2ND ST","STANISLAUS ST",141.00,W,N,A,-,N,,,,,,,,,,N,2,0,1,3,A,-,03,22350,,F,B,E,F,A,H,-,B,D,0,Y,,,,Y,,-,99,1,0,0,0,1,0,0,0,0,"- ","- ",37.973649999999999,-121.2777,"SAN JOAQUIN",STOCKTON,-121.27804682999999,37.937644319999997
8297205,2017,2017-03-02,3905,2017-01-13,1611,2448,PAR,5,5,6,3905,0,0,0,,0,,"ACACIA ST","WILSON WY",3.00,W,N,A,-,N,,,,,,,,,,N,2,0,1,2,A,-,05,21650,1,N,H,G,A,A,H,-,A,D,0,,Y,,,Y,,L,04,1,0,0,0,0,0,1,0,0,"- ","- ",37.965589999999999,-121.27408,"SAN JOAQUIN",STOCKTON,-121.27423020000001,37.965688380000003
82996853,2024,2024-07-31,3906,2024-05-06,2302,1678,,1,5,5,3906,0,0,0,,0,002,"MIDDLEFIELD DR","CALAMITY LN",0.00,,Y,A,-,N,,,,,,,,,,Y,2,0,1,1,A,-,01,23152,A,N,E,I,A,A,H,-,C,A,0,,,,,Y,Y,A,01,1,0,0,0,0,0,0,0,0,"- ","- ",37.697971343994141,-121.44876861572266,"SAN JOAQUIN",TRACY,-121.44815826416016,37.698390960693359
82996865,2024,2024-07-31,3906,2024-06-19,2029,1710,,3,5,5,3906,0,0,0,,0,001,"EASTLAKE CIR","PYRAMID DR",0.00,,Y,A,-,N,,,,,,,,,,N,2,0,1,2,A,-,05,21651,B,N,A,G,A,A,H,-,B,D,0,,Y,Y,,Y,,L,04,1,0,0,0,0,0,1,0,0,"- ","- ",37.711441040039062,-121.4105224609375,"SAN JOAQUIN",TRACY,-121.41011047363281,37.712177276611328
8303092,2017,2017-02-06,3905,2017-01-05,1426,2853,PAR,4,5,6,3905,0,0,0,,0,,"MARTIN LUTHER KING BL","AIRPORT WAY",528.00,W,N,A,-,N,,,,,,,,,,N,2,0,1,2,A,-,03,22350,,F,H,G,A,A,H,-,A,D,0,,Y,,,Y,,-,99,1,0,0,0,0,0,1,0,0,"- ","- ",37.941479999999999,-121.27059,"SAN JOAQUIN",STOCKTON,-121.27237426000001,37.941272300000001
8303351,2016,2017-02-08,3905,2016-12-19,1057,2463,CIV,1,5,6,3905,0,0,0,,0,,"CALIFORNIA ST","ARCADE ST",14.00,N,N,A,-,N,,,,,,,,,,N,2,0,1,2,A,-,10,21950,A,M,G,B,B,A,H,-,A,A,0,Y,,,,Y,,A,07,1,0,0,0,1,0,0,0,0,"- ","- ",37.978230000000003,-121.29186,"SAN JOAQUIN",STOCKTON,-121.29216486999999,37.978256600000002
8311825,2017,2017-03-28,3906,2017-02-13,1954,1484,174,1,5,5,3906,0,0,0,,0,006,"ALTOGA AV","GRANT LINE RD",3.00,N,N,A,-,N,,,,,,,,,,N,2,0,1,2,A,-,05,21202,,N,D,G,A,A,H,-,C,A,0,,Y,,,Y,,L,04,1,0,0,0,0,0,1,0,0,"- ","- ",,,"SAN JOAQUIN",TRACY,-121.42709008,37.754208239999997
8319846,2017,2017-03-13,3906,2017-02-20,1849,1484,TRACY,1,5,5,3906,0,0,0,,0,004,"GRANT LINE RD","OHARA DR",5.00,E,N,C,-,N,,,,,,,,,,Y,2,0,2,2,A,-,10,21950,A,N,G,B,B,B,H,-,C,A,0,Y,,Y,,Y,,C,02,1,0,1,0,1,0,0,0,1,"- ","- ",,,"SAN JOAQUIN",TRACY,-121.43852269999999,37.754160069999998
8320710,2017,2017-03-28,3905,2017-01-30,0201,2600,VAL,1,5,6,3905,0,0,0,,0,,"TAM O SHANTER DR","TOMMYDON ST",0.00,,Y,A,-,N,,,,,,,,,,Y,2,0,1,1,A,-,03,22350,,N,E,I,A,A,H,-,C,D,0,,,,,Y,,A,01,1,0,0,0,0,0,0,0,0,"- ","- ",38.018880000000003,-121.30087,"SAN JOAQUIN",STOCKTON,-121.30050993,38.018799970000003
8320737,2017,2017-03-13,3905,2017-02-04,2027,2767,LAK,6,5,6,3905,0,0,0,,0,,"MARCH LN","PACIFIC AV",75.00,E,N,A,-,N,,,,,,,,,,Y,2,0,1,1,C,-,18,,,N,E,I,A,A,H,-,C,A,0,,,,,Y,,-,"- ",1,0,0,0,0,0,0,0,0,"- ","- ",37.991489999999999,-121.31228,"SAN JOAQUIN",STOCKTON,-121.31260056000001,37.991530750000003
8320741,2017,2018-02-10,3905,2017-02-04,0140,2741,SEA,6,5,6,3905,0,0,0,,0,,"FRESNO AV","RT 4",0.00,,Y,C,-,Y,SJ,10,4,-,-,15.800,I,6,W,Y,2,0,1,1,A,-,12,22450,A,N,E,I,A,B,H,-,C,D,0,,,,,Y,,A,01,1,0,0,0,0,0,0,0,0,"- ","- ",37.943809999999999,-121.31227,"SAN JOAQUIN",STOCKTON,-121.29961994999999,37.936299779999999
8320761,2017,2017-03-13,3905,2017-02-18,2248,2658,LAK,6,5,6,3905,0,0,0,,0,,"EL DORADO ST","ROBINHOOD DR",391.00,N,N,A,-,N,,,,,,,,,,N,2,0,1,2,A,-,11,21954,A,N,G,B,D,A,H,-,C,D,0,Y,,,,Y,Y,N,60,1,0,0,0,1,0,0,0,0,"- ","- ",38.002690000000001,-121.30638999999999,"SAN JOAQUIN",STOCKTON,-121.30735376,38.003587639999999
8326853,2017,2017-03-27,3903,2017-01-27,0648,3111,,5,5,4,3903,0,0,0,,0,,"NORTHWOODS AV","YOSEMITE AV",47.00,N,N,A,-,N,,,,,,,,,,N,2,0,1,2,A,-,03,22350,,N,G,B,D,A,H,-,A,D,0,Y,,,,Y,,D,22,1,0,0,0,1,0,0,0,0,"- ","- ",37.797640000000001,-121.19373,"SAN JOAQUIN",MANTECA,-121.19372660000001,37.797599050000002
8335613,2017,2017-04-12,3906,2017-01-27,1819,000916,,5,5,5,3906,0,0,0,,0,001,"CENTRAL AV","7TH ST",146.00,N,N,A,-,N,,,,,,,,,,Y,2,0,1,2,A,-,01,21200,5,N,D,G,A,A,H,-,C,D,0,,Y,,,Y,Y,L,04,1,0,0,0,0,0,1,0,0,"- ","- ",,,"SAN JOAQUIN",TRACY,-121.4258073,37.735950420000002
83491017,2024,2024-08-05,3905,2024-06-14,"321 ",3213,,5,5,6,3905,0,0,0,,0,,"NAVY DR","ARGONAUT ST",200.00,E,N,A,-,Y,,,,,,,,,,N,2,0,1,2,A,-,11,21954,A,F,G,B,D,A,H,-,C,D,0,Y,,,,Y,Y,N,60,1,0,0,0,1,0,0,0,0,"- ","- ",37.937019348144531,-121.30415344238281,"SAN JOAQUIN",STOCKTON,-121.30209350585938,37.937496185302734
83491022,2024,2024-08-05,3905,2024-06-16,2121,3141,,7,5,6,3905,0,0,0,,0,,"UNION ST","WASHINGTON ST",45.00,S,N,A,-,N,,,,,,,,,,N,2,0,1,2,A,-,11,21954,A,F,G,B,D,A,H,-,C,D,0,Y,,,,Y,,N,60,1,0,0,0,1,0,0,0,0,"- ","- ",37.952880859375,-121.27619934082031,"SAN JOAQUIN",STOCKTON,-121.27619934082031,37.952831268310547
8353362,2017,2017-04-28,3905,2017-03-20,1500,2463,PAR,1,5,6,3905,0,0,0,,0,,"MARIPOSA RD","FARMINGTON RD",351.00,N,N,A,-,N,,,,,,,,,,N,2,0,1,2,A,-,00,21760,C,N,C,G,A,A,H,-,A,D,0,,Y,,,Y,,A,08,1,0,0,0,0,0,1,0,0,"- ","- ",37.937930000000001,-121.24296,"SAN JOAQUIN",STOCKTON,-121.24388107999999,37.938754680000002
8353690,2017,2017-05-01,3905,2017-03-12,0143,2668,SEA,7,5,6,3905,0,0,0,,0,,"MARTIN LUTHER KING BL","LINCOLN ST",100.00,E,N,A,-,N,,,,,,,,,,N,2,0,1,2,A,-,11,21954,A,F,G,B,E,A,H,-,C,D,0,Y,,,,Y,,N,60,1,0,0,0,1,0,0,0,0,"- ","- ",37.937539999999998,-121.29397,"SAN JOAQUIN",STOCKTON,-121.29354066000001,37.937616560000002
8384970,2017,2017-07-07,3900,2017-06-05,1529,152430,,1,5,2,3920,0,0,0,,0,009,"HARLAN RD","HARLAN RD 15600",0.00,,Y,A,-,N,,,,,,,,,,Y,2,0,1,2,A,-,03,22350,,N,F,C,A,A,H,-,A,A,0,,,,Y,Y,,D,22,1,0,0,0,0,0,0,0,0,"- ","- ",,,"SAN JOAQUIN",LATHROP,-121.29192908,37.820034679999999
8394282,2017,2017-06-23,3902,2017-05-31,1737,WH54,,3,5,5,3902,0,0,0,,0,,"CYPRESS ST","SOUTH CENTRAL AV",167.00,W,N,A,-,N,,,,,,,,,,N,2,0,1,2,A,-,11,21954,A,N,G,B,D,A,H,-,A,D,0,Y,,,,Y,,N,60,1,0,0,0,1,0,0,0,0,"- ","- ",,,"SAN JOAQUIN",LODI,-121.26564879,38.11851446
84019800,2024,2024-08-12,3906,2024-07-26,2317,1783,,5,5,5,3906,0,0,0,,0,004,"CORRAL HOLLOW RD","LOWELL AVE",147.00,S,N,A,-,N,,,,,,,,,,N,2,0,1,1,A,-,03,22350,,N,E,I,A,A,H,-,E,D,0,,,,,Y,,A,01,1,0,0,0,0,0,0,0,0,"- ","- ",37.74713134765625,-121.45307922363281,"SAN JOAQUIN",TRACY,-121.45323181152344,37.746677398681641
84020588,2024,2024-08-12,3905,2024-06-26,"31  ",3093,,3,5,6,3905,0,0,0,,0,,"MARCH LN","BIANCHI RD",0.00,,Y,A,-,N,,,,,,,,,,Y,2,0,1,2,A,-,01,23152,A,N,D,C,A,A,H,-,C,A,0,,,,,Y,Y,A,07,1,0,0,0,0,0,0,0,0,"- ","- ",38.0035400390625,-121.28412628173828,"SAN JOAQUIN",STOCKTON,-121.28475189208984,38.003482818603516
8404328,2017,2017-07-13,3902,2017-05-19,0957,67,,5,5,5,3902,0,0,0,,0,,"CLUFF AV","EAST PINE ST",0.00,,Y,A,-,N,,,,,,,,,,Y,1,1,1,2,A,-,09,21802,A,N,D,C,A,A,H,-,A,C,0,,,,,Y,,A,07,0,0,1,0,0,0,0,0,0,"- ","- ",,,"SAN JOAQUIN",LODI,-121.2525,38.133999879999998
8404456,2017,2017-09-13,3905,2017-05-04,1344,2424,PAR,4,5,6,3905,0,0,0,,0,,"MARIPOSA RD","8TH ST",0.00,,Y,A,-,N,,,,,,,,,,Y,1,1,1,2,A,-,03,22350,,N,G,B,F,A,H,-,A,A,0,Y,,,,Y,,A,07,0,0,1,1,0,0,0,0,0,"- ","- ",37.937930000000001,-121.24296,"SAN JOAQUIN",STOCKTON,-121.24285999,37.938229980000003