CASE_ID,ACCIDENT_YEAR,PROC_DATE,JURIS,COLLISION_DATE,COLLISION_TIME,OFFICER_ID,REPORTING_DISTRICT,DAY_OF_WEEK,CHP_SHIFT,POPULATION,CNTY_CITY_LOC,SPECIAL_COND,BEAT_TYPE,CHP_BEAT_TYPE,CITY_DIVISION_LAPD,CHP_BEAT_CLASS,BEAT_NUMBER,PRIMARY_RD,SECONDARY_RD,DISTANCE,DIRECTION,INTERSECTION,WEATHER_1,WEATHER_2,STATE_HWY_IND,CALTRANS_COUNTY,CALTRANS_DISTRICT,STATE_ROUTE,ROUTE_SUFFIX,POSTMILE_PREFIX,POSTMILE,LOCATION_TYPE,RAMP_INTERSECTION,SIDE_OF_HWY,TOW_AWAY,COLLISION_SEVERITY,NUMBER_KILLED,NUMBER_INJURED,PARTY_COUNT,PRIMARY_COLL_FACTOR,PCF_CODE_OF_VIOL,PCF_VIOL_CATEGORY,PCF_VIOLATION,PCF_VIOL_SUBSECTION,HIT_AND_RUN,TYPE_OF_COLLISION,MVIW,PED_ACTION,ROAD_SURFACE,ROAD_COND_1,ROAD_COND_2,LIGHTING,CONTROL_DEVICE,CHP_ROAD_TYPE,PEDESTRIAN_ACCIDENT,BICYCLE_ACCIDENT,MOTORCYCLE_ACCIDENT,TRUCK_ACCIDENT,NOT_PRIVATE_PROPERTY,ALCOHOL_INVOLVED,STWD_VEHTYPE_AT_FAULT,CHP_VEHTYPE_AT_FAULT,COUNT_SEVERE_INJ,COUNT_VISIBLE_INJ,COUNT_COMPLAINT_PAIN,COUNT_PED_KILLED,COUNT_PED_INJURED,COUNT_BICYCLIST_KILLED,COUNT_BICYCLIST_INJURED,COUNT_MC_KILLED,COUNT_MC_INJURED,PRIMARY_RAMP,SECONDARY_RAMP,LATITUDE,LONGITUDE,COUNTY,CITY,POINT_X,POINT_Y
8404458,2017,2017-09-13,3905,2017-05-09,2131,2015,PAR,2,5,6,3905,0,0,0,,0,,"WATERLOO RD","SOLARI AV",50.00,W,N,A,-,N,,,,,,,,,,Y,1,1,1,3,A,-,11,21954,A,N,G,B,D,A,H,-,C,D,0,Y,,,,Y,,N,60,1,0,0,1,1,0,0,0,0,"- ","- ",37.967759999999998,-121.27178000000001,"SAN JOAQUIN",STOCKTON,-121.27209748999999,37.967631429999997
8404595,2017,2019-04-09,3903,2017-09-30,1641,1751,,6,5,4,3903,0,0,0,,0,,"UNION AV","CENTER ST",323.00,N,N,A,-,N,,,,,,,,,,Y,1,1,2,2,A,-,09,21804,A,N,D,C,A,A,H,-,A,D,0,,,,,Y,,A,01,0,0,2,0,0,0,0,0,0,"- ","- ",37.798960000000001,-121.23504,"SAN JOAQUIN",MANTECA,-121.23497055999999,37.800076509999997
8404905,2018,2020-05-26,3905,2018-03-25,1659,7009,CIV,7,5,6,3905,0,0,0,,0,,"CALIFORNIA ST","OAK ST",0.00,,Y,A,-,N,,,,,,,,,,Y,1,1,0,3,A,-,12,21453,A,F,D,C,A,A,H,-,A,A,0,,,,,Y,Y,A,07,0,0,0,0,0,0,0,0,0,"- ","- ",37.959571838378906,-121.28610992431641,"SAN JOAQUIN",STOCKTON,-121.28621673583984,37.959590911865234
8404930,2018,2018-07-18,3902,2018-03-11,2200,MH42,,7,5,5,3902,0,0,0,,0,,"NORTH CHEROKEE WY","EAST PINE ST",119.00,N,N,A,-,N,,,,,,,,,,Y,1,1,0,2,A,-,11,21954,A,N,G,B,D,A,H,-,C,D,0,Y,,,,Y,,N,60,0,0,0,1,0,0,0,0,0,"- ","- ",,,"SAN JOAQUIN",LODI,-121.26078796386719,38.134307861328125
8410264,2017,2017-07-26,3906,2017-07-13,1843,1402,,4,5,5,3906,0,0,0,,0,003,"11TH ST","LAMMERS RD",0.00,,Y,A,-,N,,,,,,,,,,Y,2,0,1,2,A,-,09,21453,B,N,D,C,A,A,H,-,A,A,0,,,,,Y,,A,07,1,0,0,0,0,0,0,0,0,"- ","- ",,,"SAN JOAQUIN",TRACY,-121.47676988000001,37.739369979999999
8415919,2017,2017-12-05,3903,2017-10-06,1348,2916,,5,5,4,3903,0,0,0,,0,,"MAIN ST","ARGONAUT ST",0.00,,Y,A,-,N,,,,,,,,,,Y,2,0,1,2,A,-,03,22350,,N,A,C,A,A,H,-,A,A,0,,,Y,,Y,,C,02,1,0,0,0,0,0,0,0,1,"- ","- ",37.80782,-121.21688,"SAN JOAQUIN",MANTECA,-121.2168899,37.807769980000003
8423554,2017,2018-03-20,3905,2017-06-13,2040,2724,VAL,2,5,6,3905,0,0,0,,0,,"CALANDRIA ST","BIANCHI RD",0.00,,Y,A,-,N,,,,,,,,,,N,2,0,1,2,A,-,11,21954,A,N,G,B,D,A,H,-,D,D,0,Y,,,,Y,,N,60,1,0,0,0,1,0,0,0,0,"- ","- ",37.995640000000002,-121.29582000000001,"SAN JOAQUIN",STOCKTON,-121.29632988,37.995609960000003
8424222,2017,2017-08-14,3903,2017-07-11,0610,3220,,2,5,4,3903,0,0,0,,0,,"YOSEMITE AV","FISHBACK RD",0.00,,Y,A,-,N,,,,,,,,,,N,2,0,1,2,A,-,05,21752,D,N,D,C,A,A,H,-,A,A,0,,,Y,,Y,,C,03,1,0,0,0,0,0,0,0,1,"- ","- ",37.797220000000003,-121.24822,"SAN JOAQUIN",MANTECA,-121.24811999000001,37.797309949999999
8426161,2017,2017-08-17,3905,2017-06-23,1818,2536,PAR,5,5,6,3905,0,0,0,,0,,"LADD TRACT RD","LADD TRACT CT",787.00,S,N,A,-,N,,,,,,,,,,Y,2,0,3,2,A,-,09,21802,A,N,D,C,A,A,H,-,A,A,0,,,,,Y,,A,08,1,2,0,0,0,0,0,0,0,"- ","- ",37.942450000000001,-121.23663999999999,"SAN JOAQUIN",STOCKTON,-121.23629682000001,37.94062795
8427375,2017,2017-08-28,3905,2017-07-11,1910,2816,CIV,2,5,6,3905,0,0,0,,0,,"CENTER ST","ACACIA ST",0.00,,Y,A,-,N,,,,,,,,,,N,2,0,1,2,A,-,12,21453,A,N,D,C,A,A,H,-,C,A,0,,,,,Y,,-,"- ",1,0,0,0,0,0,0,0,0,"- ","- ",37.962409999999998,-121.29366,"SAN JOAQUIN",STOCKTON,-121.29379991,37.962399920000003
8427391,2017,2017-08-16,3905,2017-07-30,0122,2788,VAL,7,5,6,3905,0,0,0,,0,,"BIANCHI RD","HILLSBORO WY",23.00,E,N,A,-,N,,,,,,,,,,Y,2,0,1,1,A,-,03,22350,,N,E,I,A,A,H,-,C,D,0,,,,,Y,,A,01,1,0,0,0,0,0,0,0,0,"- ","- ",37.995959999999997,-121.29522,"SAN JOAQUIN",STOCKTON,-121.29566336000001,37.995934769999998
8427677,2017,2017-11-06,3905,2017-06-11,2226,2786,SEA,7,5,6,3905,0,0,0,,0,,"MARTIN LUTHER KING BL","CENTER ST",0.00,,Y,A,-,N,,,,,,,,,,N,2,0,2,2,A,-,12,21453,A,N,D,C,A,A,H,-,C,A,0,,,,,Y,,A,01,1,0,1,0,0,0,0,0,0,"- ","- ",37.938699999999997,-121.28753,"SAN JOAQUIN",STOCKTON,-121.28738995000001,37.938779910000001
8427720,2017,2017-08-18,3905,2017-07-22,0740,2830,CIV,6,5,6,3905,0,0,0,,0,,"COUNTRY CLUB BL","RYDE AV",0.00,,Y,A,-,N,,,,,,,,,,Y,2,0,2,2,A,-,12,21453,A,N,D,-,A,A,H,-,A,A,0,,,Y,,Y,,C,02,1,1,0,0,0,0,0,0,1,"- ","- ",37.964570000000002,-121.33586,"SAN JOAQUIN",STOCKTON,-121.33598994,37.964219890000003
84358845,2024,2024-08-19,3906,2024-08-06,"803 ",1824,,2,5,5,3906,0,0,0,,0,003,"GLACIER ST","PARKER POLICH CT",0.00,,Y,-,-,N,,,,,,,,,,N,2,0,2,2,A,-,09,21802,A,N,C,C,A,A,H,-,A,D,0,,,,,Y,,A,01,2,0,0,0,0,0,0,0,0,"- ","- ",37.722381591796875,-121.4486083984375,"SAN JOAQUIN",TRACY,-121.44859313964844,37.722446441650391
84361209,2024,2024-08-20,3905,2024-07-06,1713,3020,,6,5,6,3905,0,0,0,,0,,"MAIN ST","MARKET ST",0.00,,Y,A,-,N,,,,,,,,,,N,2,0,1,2,A,-,03,22350,,N,C,C,A,A,H,-,A,A,0,,,,,Y,,D,22,1,0,0,0,0,0,0,0,0,"- ","- ",37.955490112304688,-121.26727294921875,"SAN JOAQUIN",STOCKTON,-121.26734924316406,37.955665588378906
84368817,2024,2024-08-26,3905,2024-07-19,"805 ",7034,,5,5,6,3905,0,0,0,,0,,"AIRPORT WY","INDUSTRIAL DR",0.00,,Y,A,-,N,,,,,,,,,,Y,2,0,1,2,A,-,12,21453,A,N,D,C,A,A,H,-,A,A,0,,,,Y,Y,,G,25,1,0,0,0,0,0,0,0,0,"- ","- ",37.910881042480469,-121.25845336914062,"SAN JOAQUIN",STOCKTON,-121.25856018066406,37.910980224609375
84370569,2024,2024-08-27,3905,2024-07-23,"416 ",2987,,2,5,6,3905,0,0,0,,0,,"MONTAUBAN AV","SWAIN RD",0.00,,Y,A,-,N,,,,,,,,,,Y,2,0,3,1,A,-,03,22350,,N,E,I,A,A,H,-,C,D,0,,,,Y,Y,,F,26,1,1,1,0,0,0,0,0,0,"- ","- ",38.012470245361328,-121.29051208496094,"SAN JOAQUIN",STOCKTON,-121.2901611328125,38.012489318847656
84371924,2024,2024-08-27,3924,2024-08-05,2259,1295,,1,5,2,3920,0,0,0,,0,00C,"YOSEMITE AV","YOSEMITE CT",0.00,,Y,A,-,N,,,,,,,,,,Y,2,0,1,1,A,-,01,23152,A,N,E,J,A,A,H,-,D,D,0,,,,,Y,Y,A,01,1,0,0,0,0,0,0,0,0,"- ","- ",37.797111511230469,-121.27056884765625,"SAN JOAQUIN",LATHROP,-121.28842163085938,37.787200927734375
84377834,2024,2024-09-02,3906,2024-08-11,1404,1441,,7,5,5,3906,0,0,0,,0,002,"TRACY BLVD","CENTRAL AVE",0.00,,Y,A,-,N,,,,,,,,,,Y,2,0,2,2,A,-,12,21453,A,N,D,C,A,A,H,-,A,A,0,,,,,Y,,-,"- ",2,0,0,0,0,0,0,0,0,"- ","- ",37.714141845703125,-121.43506622314453,"SAN JOAQUIN",TRACY,-121.43478393554688,37.714618682861328
84381641,2024,2024-09-04,3924,2024-05-19,2147,1270,,7,5,2,3920,0,0,0,,0,00H,"SB I-5 MANTHEY RD OFF RAMP","MANTHEY RD",250.00,S,-,A,-,Y,,,,,,,,,,Y,2,0,2,1,A,-,03,22350,,N,E,I,A,A,H,-,C,D,0,,,,,Y,,A,01,1,0,1,0,0,0,0,0,0,"- ","- ",37.811771392822266,-121.29734802246094,"SAN JOAQUIN",LATHROP,-121.31894683837891,37.777980804443359
84392669,2024,2024-09-13,3905,2024-08-12,2055,3020,,1,5,6,3905,0,0,0,,0,,"WILSON WY","PARK ST",145.00,S,N,A,-,N,,,,,,,,,,N,2,0,1,2,A,-,09,21801,A,F,A,C,A,A,H,-,C,D,0,,,Y,,Y,,D,22,1,0,0,0,0,0,0,0,1,"- ","- ",37.962680816650391,-121.27333068847656,"SAN JOAQUIN",STOCKTON,-121.27333831787109,37.962398529052734
84401640,2024,2024-09-20,3905,2024-07-13,2115,2845,,6,5,6,3905,0,0,0,,0,,"MARTIN LUTHER KING BL","LINCOLN ST",440.00,W,N,A,-,N,,,,,,,,,,N,2,0,1,2,A,-,11,21954,A,F,G,B,D,A,H,-,C,D,0,Y,,,,Y,,N,60,1,0,0,0,1,0,0,0,0,"- ","- ",37.936981201171875,-121.29518890380859,"SAN JOAQUIN",STOCKTON,-121.29537200927734,37.937305450439453
84407139,2024,2024-09-25,3905,2024-08-24,"614 ",7034,,6,5,6,3905,0,0,0,,0,,"HAMMER LN","WEST LN",0.00,,Y,B,C,N,,,,,,,,,,Y,2,0,1,2,A,-,03,22350,,F,C,C,A,B,H,-,B,A,0,,,,,Y,,A,01,1,0,0,0,0,0,0,0,0,"- ","- ",38.020931243896484,-121.29518127441406,"SAN JOAQUIN",STOCKTON,-121.29499816894531,38.020858764648438
84409624,2024,2024-09-26,3924,2024-09-12,2128,1362,,4,5,2,3920,0,0,0,,0,00H,"HARLAN RD","SHILLING AV",354.00,N,-,A,-,N,,,,,,,,,,N,2,0,1,2,A,-,00,21954,,N,G,B,E,A,H,-,C,D,0,Y,,,,Y,Y,N,60,1,0,0,0,1,0,0,0,0,"- ","- ",37.832019805908203,-121.28650665283203,"SAN JOAQUIN",LATHROP,-121.28780364990234,37.830760955810547
84415649,2024,2024-10-02,3906,2024-08-29,1629,1804,,4,5,5,3906,0,0,0,,0,005,"TRACY BLVD","MADISON AVE",255.00,N,N,A,-,N,,,,,,,,,,Y,2,0,2,2,A,-,09,21802,A,N,D,G,A,A,H,-,A,D,0,,Y,Y,,Y,,L,04,2,0,0,0,0,0,1,0,1,"- ","- ",37.741191864013672,-121.43576812744141,"SAN JOAQUIN",TRACY,-121.4351806640625,37.741703033447266
84432558,2024,2024-10-16,3905,2024-05-23,2058,2660,,4,5,6,3905,0,0,0,,0,,"LINCOLN ST","SONORA ST",0.00,,Y,A,-,N,,,,,,,,,,N,1,1,0,2,A,-,12,22450,A,F,D,G,A,A,H,-,C,A,0,,Y,,,Y,,-,99,0,0,0,0,0,1,0,0,0,"- ","- ",37.947521209716797,-121.29657745361328,"SAN JOAQUIN",STOCKTON,-121.29651641845703,37.947475433349609
84434189,2024,2024-10-17,3905,2024-05-15,"258 ",2835,,3,5,6,3905,0,0,0,,0,,"WATERLOO RD","HIAWATHA AV",0.00,,Y,A,-,N,,,,,,,,,,N,1,1,0,2,A,-,01,23152,A,N,H,F,A,A,H,-,C,A,0,,,,,Y,Y,A,07,0,0,0,0,0,0,0,0,0,"- ","- ",37.970489501953125,-121.2696533203125,"SAN JOAQUIN",STOCKTON,-121.26992797851562,37.970783233642578
84437788,2024,2024-10-21,3905,2024-09-10,1723,7323,,2,5,6,3905,0,0,0,,0,,"MAIN ST","SULLIVAN AV",100.00,W,N,A,-,N,,,,,,,,,,Y,2,0,2,5,A,-,08,22102,,N,A,C,A,A,H,-,A,D,0,,,,,Y,Y,A,01,1,0,1,0,0,0,0,0,0,"- ","- ",37.95452880859375,-121.25052642822266,"SAN JOAQUIN",STOCKTON,-121.25090789794922,37.954799652099609
84451698,2024,2024-10-30,3924,2024-09-29,"316 ",1277,,7,5,2,3920,0,0,0,,0,00R,"PARADISE RD","PARADISE CUT WW",300.00,N,-,A,-,N,,,,,,,,,,N,2,0,2,1,A,-,01,23152,A,N,F,J,A,A,H,-,D,D,0,,,,,Y,Y,D,22,1,1,0,0,0,0,0,0,0,"- ","- ",37.801101684570312,-121.36746978759766,"SAN JOAQUIN",LATHROP,-120.77809906005859,37.422080993652344
8447506,2017,2017-09-29,3906,2017-08-23,1727,1505,,3,5,5,3906,0,0,0,,0,002,"W SCHULTE RD","SYCAMORE PKWY",368.00,E,N,A,-,N,,,,,,,,,,N,2,0,1,1,A,-,08,22107,,N,A,I,A,A,H,-,A,D,0,,,,,Y,,A,01,1,0,0,0,0,0,0,0,0,"- ","- ",,,"SAN JOAQUIN",TRACY,-121.43914773,37.72540918
8447510,2017,2017-11-30,3906,2017-08-26,0006,10118,,6,5,5,3906,0,0,0,,0,005,"11TH ST","ADAM ST",0.00,,Y,A,-,N,,,,,,,,,,Y,2,0,1,2,A,-,09,21802,A,N,D,C,A,A,H,-,C,A,0,,,Y,,Y,,C,02,1,0,0,0,0,0,0,0,1,"- ","- ",,,"SAN JOAQUIN",TRACY,-121.42681994,37.739699889999997
8447818,2017,2018-05-04,3905,2017-08-29,1730,2724,LAK,2,5,6,3905,0,0,0,,0,,"MARCH LN","FEATHER RIVER DR",416.00,E,N,A,-,N,,,,,,,,,,N,2,0,1,2,A,-,09,21801,A,N,D,C,A,A,H,-,A,D,0,,,Y,,Y,,A,01,1,0,0,0,0,0,0,0,1,"- ","- ",37.984720000000003,-121.34716,"SAN JOAQUIN",STOCKTON,-121.34611292,37.98447779
84481404,2024,2024-12-09,3905,2024-10-23,"943 ",7034,,3,5,6,3905,0,0,0,,0,,"CAROLYN WESTON BL","GEN MUELLER LN",189.00,E,N,B,-,N,,,,,,,,,,Y,2,0,2,1,A,-,03,22350,,N,E,I,A,A,H,-,A,D,0,,,,,Y,,D,22,1,1,0,0,0,0,0,0,0,"- ","- ",37.911518096923828,-121.30055236816406,"SAN JOAQUIN",STOCKTON,-121.29996490478516,37.911334991455078
84487040,2024,2024-11-28,3905,2024-06-22,"250 ",2785,,6,5,6,3905,0,0,0,,0,,"EL DORADO ST","GLENCANNON ST",82.00,S,N,A,-,N,,,,,,,,,,N,1,1,0,2,A,-,11,21954,A,N,G,B,E,A,H,-,C,D,0,Y,,,,Y,Y,N,60,0,0,0,1,0,0,0,0,0,"- ","- ",38.026481628417969,-121.31649780273438,"SAN JOAQUIN",STOCKTON,-121.31626892089844,38.026084899902344
8449030,2017,2017-09-15,3903,2017-08-28,0347,3743,,1,5,4,3903,0,0,0,,0,,"ATHERTON DR","SOUTH MAIN ST",1600.00,E,N,A,-,N,,,,,,,,,,Y,2,0,1,1,A,-,03,22350,,N,E,J,A,A,H,-,C,D,0,,,Y,,Y,,C,02,1,0,0,0,0,0,0,0,1,"- ","- ",,,"SAN JOAQUIN",MANTECA,-121.21576,37.779249999999998
84500997,2024,2024-12-13,3906,2024-11-28,1949,1596,,4,5,5,3906,0,0,0,,0,001,"VALPICO RD","MACARTHUR DR",20.00,W,N,A,-,N,,,,,,,,,,Y,2,0,1,2,A,-,01,23153,A,N,C,C,A,A,H,-,C,D,0,,,Y,,Y,Y,C,06,1,0,0,0,0,0,0,0,1,"- ","- ",37.710620880126953,-121.41631317138672,"SAN JOAQUIN",TRACY,-121.41638946533203,37.710639953613281
84516104,2024,2024-12-26,3905,2024-09-26,2010,2785,,4,5,6,3905,0,0,0,,0,,"CALIFORNIA ST","VINE ST",17.00,S,N,A,-,N,,,,,,,,,,N,1,1,0,2,A,-,11,21954,A,F,G,B,D,A,H,-,C,D,0,Y,,,,Y,,N,60,0,0,0,1,0,0,0,0,0,"- ","- ",37.966411590576172,-121.28790283203125,"SAN JOAQUIN",STOCKTON,-121.28805541992188,37.966373443603516
84530886,2024,2025-01-16,3906,2024-10-24,1609,1469,,4,5,5,3906,0,0,0,,0,003,"LAMMERS RD","JAGUAR RUN",56.00,N,N,A,-,N,,,,,,,,,,Y,2,0,1,2,A,-,11,21456,A,N,G,B,B,A,H,-,A,A,0,Y,,,,Y,,N,60,1,0,0,0,1,0,0,0,0,"- ","- ",,,"SAN JOAQUIN",TRACY,-121.47653961181641,37.734683990478516
84530894,2024,2025-01-09,3906,2024-12-20,2119,1954,,5,5,5,3906,0,0,0,,0,,"MACARTHUR DR","MACARTHUR DR (S)",0.00,W,Y,A,-,N,,,,,,,,,,Y,2,0,1,2,A,-,12,21453,A,N,A,C,A,A,H,-,C,A,0,,,,,Y,,A,01,1,0,0,0,0,0,0,0,0,"- ","- ",,,"SAN JOAQUIN",TRACY,,
84560815,2024,2025-02-03,3902,2024-09-27,2250,115,,5,5,5,3902,0,0,0,,0,004,"HUTCHINS ST","CARDINAL ST",53.00,N,-,A,-,N,,,,,,,,,,N,2,0,1,2,A,-,01,23152,A,N,D,E,A,A,H,-,C,D,0,,,Y,,Y,Y,C,02,1,0,0,0,0,0,0,0,1,"- ","- ",,,"SAN JOAQUIN",LODI,-121.27902984619141,38.119667053222656
84561129,2024,2025-02-03,3902,2024-12-05,1729,114,,4,5,5,3902,0,0,0,,0,001,"TURNER RD","CALIFORNIA ST",0.00,N,-,A,-,N,,,,,,,,,,N,2,0,1,2,A,-,09,21802,A,N,D,C,A,A,H,-,C,D,0,,,,,Y,,D,22,1,0,0,0,0,0,0,0,0,"- ","- ",,,"SAN JOAQUIN",LODI,-121.28053283691406,38.145671844482422
84561752,2024,2025-02-04,3905,2024-12-20,2130,2972,,5,5,6,3905,0,0,0,,0,,"MAIN ST","SONORA ST",150.00,E,N,A,-,N,,,,,,,,,,Y,2,0,2,2,A,-,01,23152,B,N,C,C,A,A,H,-,C,D,0,,,,,Y,Y,A,01,1,0,1,0,0,0,0,0,0,"- ","- ",37.955001831054688,-121.2586669921875,"SAN JOAQUIN",STOCKTON,-121.25837707519531,37.955173492431641
84561816,2024,2025-02-03,3905,2024-12-28,"659 ",7349,,6,5,6,3905,0,0,0,,0,,"CENTER ST","FREMONT ST",50.00,S,N,A,-,N,,,,,,,,,,Y,2,0,1,1,A,-,03,22350,,N,E,I,A,A,H,-,B,A,0,,,,,Y,,A,08,1,0,0,0,0,0,0,0,0,"- ","- ",37.956958770751953,-121.29360198974609,"SAN JOAQUIN",STOCKTON,-121.29243469238281,37.957393646240234
84569710,2024,2025-02-07,3905,2024-12-08,"228 ",2915,,7,5,6,3905,0,0,0,,0,,"NB I5 OFF RAMP","HAMMER LN",0.00,,Y,A,-,N,,,,,,,,,,Y,2,0,1,1,A,-,03,22350,,N,E,I,A,A,H,-,C,A,0,,,,,Y,,A,07,1,0,0,0,0,0,0,0,0,"- ","- ",38.021259307861328,-121.3590087890625,"SAN JOAQUIN",STOCKTON,-121.35905456542969,38.021434783935547
84570928,2024,2025-02-11,3905,2024-10-16,1922,3166,,3,5,6,3905,0,0,0,,0,,"EL DORADO ST","BARRYMORE ST",10.00,N,N,A,-,N,,,,,,,,,,N,1,1,0,2,A,-,10,21950,A,F,G,B,B,A,H,-,C,D,0,Y,,,,Y,,A,07,0,0,0,1,0,0,0,0,0,"- ","- ",37.985340118408203,-121.30106353759766,"SAN JOAQUIN",STOCKTON,-121.30146026611328,37.985267639160156
84570982,2025,2025-02-14,3905,2025-01-03,2030,2850,,5,5,6,3905,0,0,0,,0,,"HARDING WY","EL DORADO ST",200.00,E,N,A,-,N,,,,,,,,,,Y,2,0,1,2,A,-,03,22350,,N,G,B,D,A,H,-,C,A,0,Y,,,,Y,,J,48,1,0,0,0,1,0,0,0,0,"- ","- ",37.967559814453125,-121.29364013671875,"SAN JOAQUIN",STOCKTON,-121.29315185546875,37.9676513671875
84579556,2025,2025-02-14,3905,2025-01-02,1606,2875,,4,5,6,3905,0,0,0,,0,,"MARCH LN","QUAIL LAKES DR",0.00,,Y,A,-,N,,,,,,,,,,N,2,0,1,2,A,-,05,21650,1,N,D,G,A,A,H,-,A,A,0,,Y,,,Y,,L,04,1,0,0,0,0,0,1,0,0,"- ","- ",37.98516845703125,-121.33952331542969,"SAN JOAQUIN",STOCKTON,-121.33998870849609,37.984886169433594
84581516,2025,2025-02-17,3905,2025-01-12,"543 ",3224,,7,5,6,3905,0,0,0,,0,,"AMERICAN ST","FREMONT ST",164.00,N,N,A,-,N,,,,,,,,,,N,2,0,1,3,C,-,18,,,N,B,C,A,A,H,-,C,D,0,,,,,Y,,-,"- ",1,0,0,0,0,0,0,0,0,"- ","- ",37.95880126953125,-121.28455352783203,"SAN JOAQUIN",STOCKTON,-121.28476715087891,37.959259033203125
84586999,2025,2025-02-24,3906,2025-02-09,"407 ",1865,,7,5,5,3906,0,0,0,,0,003,"ELEVENTH ST","LAMMERS RD",1952.00,W,N,A,-,Y,,,,,,,,,,N,2,0,1,1,A,-,08,22107,,N,E,J,A,A,H,-,C,D,0,,,,,Y,,A,01,1,0,0,0,0,0,0,0,0,"- ","- ",37.739208221435547,-121.47666931152344,"SAN JOAQUIN",TRACY,-121.48351287841797,37.739524841308594
84593991,2025,2025-03-03,3905,2025-01-28,"837 ",3001,,2,5,6,3905,0,0,0,,0,,"FREMONT ST","FILBERT ST",0.00,,Y,A,-,N,,,,,,,,,,N,2,0,2,3,A,-,10,21950,A,N,G,B,B,A,H,-,A,A,0,Y,,,,Y,,A,01,1,0,1,0,2,0,0,0,0,"- ","- ",37.965278625488281,-121.25604248046875,"SAN JOAQUIN",STOCKTON,-121.25621795654297,37.965511322021484
84599434,2024,2025-03-17,3905,2024-11-01,1626,2718,,5,5,6,3905,0,0,0,,0,,"CHURCHILL ST","HUNTER ST",530.00,E,N,A,-,N,,,,,,,,,,N,1,1,0,1,A,-,03,22350,,N,F,A,A,A,G,-,A,D,0,,Y,,,Y,,L,04,0,0,0,0,0,1,0,0,0,"- ","- ",37.986251831054688,-121.30026245117188,"SAN JOAQUIN",STOCKTON,-121.29892730712891,37.986557006835938
84600761,2025,2025-03-18,3905,2025-01-19,"52  ",3202,,7,5,6,3905,0,0,0,,0,,"PARK ST","ORANGE ST",0.00,,Y,A,-,N,,,,,,,,,,Y,2,0,1,3,A,-,09,21802,B,N,D,C,A,A,H,-,D,A,0,,,Y,,Y,,C,02,1,0,0,0,0,0,0,0,1,"- ","- ",37.956729888916016,-121.30985260009766,"SAN JOAQUIN",STOCKTON,-121.30989837646484,37.956592559814453
84606864,2025,2025-03-18,3906,2025-02-20,1001,903,,4,5,5,3906,0,0,0,,0,003,"BEECHNUT AVE","FOREST HILLS DR",0.00,,Y,A,-,N,,,,,,,,,,Y,2,0,1,2,A,-,09,21801,A,N,D,C,A,A,H,-,A,D,0,,,Y,,Y,,A,07,1,0,0,0,0,0,0,0,1,"- ","- ",37.737159729003906,-121.43800354003906,"SAN JOAQUIN",TRACY,-121.43801879882812,37.737197875976562
84606865,2025,2025-03-18,3906,2025-02-22,"210 ",1895,,6,5,5,3906,0,0,0,,0,006,"MACARTHUR DR","ARBOR AVE",0.00,,Y,A,-,N,,,,,,,,,,Y,2,0,1,1,A,-,01,23152,A,N,F,A,A,A,H,-,C,D,0,,,,,Y,Y,A,01,1,0,0,0,0,0,0,0,0,"- ","- ",37.768699645996094,-121.41459655761719,"SAN JOAQUIN",TRACY,-121.41471862792969,37.768825531005859
84631467,2025,2025-03-31,3905,2025-02-21,2113,3234,,5,5,6,3905,0,0,0,,0,,"CARPENTER RD","ASH ST",130.00,E,N,A,-,N,,,,,,,,,,N,2,0,1,2,A,-,11,21954,A,N,G,B,E,A,H,-,D,D,0,Y,,,,Y,,N,60,1,0,0,0,1,0,0,0,0,"- ","- ",37.920848846435547,-121.24667358398438,"SAN JOAQUIN",STOCKTON,-121.246337890625,37.920711517333984
84638556,2025,2025-04-07,3905,2025-02-11,"440 ",3099,,2,5,6,3905,0,0,0,,0,,"WILSON WY","MARKET ST",132.00,N,N,A,-,N,,,,,,,,,,N,2,0,1,1,C,-,18,,,N,E,I,A,A,H,-,C,D,0,,,,,Y,,-,"- ",1,0,0,0,0,0,0,0,0,"- ","- ",37.954700469970703,-121.27124786376953,"SAN JOAQUIN",STOCKTON,-121.27140045166016,37.955173492431641
84638856,2025,2025-04-07,3905,2025-02-27,1943,3154,,4,5,6,3905,0,0,0,,0,,"STANISLAUS ST","CLAY ST",0.00,,Y,A,-,N,,,,,,,,,,Y,2,0,2,2,A,-,01,23152,A,N,D,C,A,A,H,-,C,A,0,,,,,Y,Y,A,01,2,0,0,0,0,0,0,0,0,"- ","- ",37.941131591796875,-121.27858734130859,"SAN JOAQUIN",STOCKTON,-121.27849578857422,37.941200256347656
84638883,2025,2025-04-15,3905,2025-03-01,2348,3172,,6,5,6,3905,0,0,0,,0,,"BENJAMIN HOLT DR","HERNDON PL",0.00,,Y,C,-,N,,,,,,,,,,N,2,0,1,2,A,-,01,23152,A,N,A,C,A,B,H,-,C,A,0,,,,,Y,Y,A,01,1,0,0,0,0,0,0,0,0,"- ","- ",38.005031585693359,-121.35697174072266,"SAN JOAQUIN",STOCKTON,-121.35640716552734,38.005100250244141