CASE_ID,ACCIDENT_YEAR,PROC_DATE,JURIS,COLLISION_DATE,COLLISION_TIME,OFFICER_ID,REPORTING_DISTRICT,DAY_OF_WEEK,CHP_SHIFT,POPULATION,CNTY_CITY_LOC,SPECIAL_COND,BEAT_TYPE,CHP_BEAT_TYPE,CITY_DIVISION_LAPD,CHP_BEAT_CLASS,BEAT_NUMBER,PRIMARY_RD,SECONDARY_RD,DISTANCE,DIRECTION,INTERSECTION,WEATHER_1,WEATHER_2,STATE_HWY_IND,CALTRANS_COUNTY,CALTRANS_DISTRICT,STATE_ROUTE,ROUTE_SUFFIX,POSTMILE_PREFIX,POSTMILE,LOCATION_TYPE,RAMP_INTERSECTION,SIDE_OF_HWY,TOW_AWAY,COLLISION_SEVERITY,NUMBER_KILLED,NUMBER_INJURED,PARTY_COUNT,PRIMARY_COLL_FACTOR,PCF_CODE_OF_VIOL,PCF_VIOL_CATEGORY,PCF_VIOLATION,PCF_VIOL_SUBSECTION,HIT_AND_RUN,TYPE_OF_COLLISION,MVIW,PED_ACTION,ROAD_SURFACE,ROAD_COND_1,ROAD_COND_2,LIGHTING,CONTROL_DEVICE,CHP_ROAD_TYPE,PEDESTRIAN_ACCIDENT,BICYCLE_ACCIDENT,MOTORCYCLE_ACCIDENT,TRUCK_ACCIDENT,NOT_PRIVATE_PROPERTY,ALCOHOL_INVOLVED,STWD_VEHTYPE_AT_FAULT,CHP_VEHTYPE_AT_FAULT,COUNT_SEVERE_INJ,COUNT_VISIBLE_INJ,COUNT_COMPLAINT_PAIN,COUNT_PED_KILLED,COUNT_PED_INJURED,COUNT_BICYCLIST_KILLED,COUNT_BICYCLIST_INJURED,COUNT_MC_KILLED,COUNT_MC_INJURED,PRIMARY_RAMP,SECONDARY_RAMP,LATITUDE,LONGITUDE,COUNTY,CITY,POINT_X,POINT_Y
84643957,2024,2025-04-11,3903,2024-03-14,"149 ",3768,,4,5,4,3903,0,0,0,,0,,"UNION RD","LOUISE AV",0.00,,Y,A,-,N,,,,,,,,,,N,2,0,1,2,A,-,12,21453,A,N,D,D,A,A,H,-,C,A,0,,,,Y,Y,,A,01,1,0,0,0,0,0,0,0,0,"- ","- ",37.812038421630859,-121.23533630371094,"SAN JOAQUIN",MANTECA,-121.23526763916016,37.811988830566406
84647134,2024,2025-04-14,3905,2024-11-02,1540,2660,,6,5,6,3905,0,0,0,,0,,"N STATE ROUTE 99 W FR RD","PFC JESSE MIZENER ST",14.00,S,N,A,-,N,,,,,,,,,,Y,1,1,0,2,A,-,03,22350,,N,C,C,A,A,H,-,A,D,0,,,Y,,Y,,C,02,0,0,0,0,0,0,0,1,0,"- ","- ",38.050788879394531,-121.25945281982422,"SAN JOAQUIN",STOCKTON,-121.25943756103516,38.051521301269531
84647725,2025,2025-04-14,3905,2025-03-09,1700,7323,,7,5,6,3905,0,0,0,,0,,"MARCH LN","QUAIL LAKES DR",0.00,,Y,A,-,N,,,,,,,,,,Y,2,0,1,2,A,-,12,21453,A,F,D,C,A,A,H,-,A,A,0,,,Y,,Y,,A,01,1,0,0,0,0,0,0,0,1,"- ","- ",37.984611511230469,-121.34069061279297,"SAN JOAQUIN",STOCKTON,-121.33998870849609,37.984886169433594
8465132,2017,2017-11-22,3903,2017-09-02,1631,3768,,6,5,4,3903,0,0,0,,0,002,"MOUNT DEW AV","LOUISE AV",0.00,,Y,A,-,N,,,,,,,,,,N,2,0,1,2,A,-,09,21802,A,N,B,C,A,A,H,-,A,A,0,,,Y,,Y,,C,02,1,0,0,0,0,0,0,0,1,"- ","- ",37.812019999999997,-121.20864,"SAN JOAQUIN",MANTECA,-121.20868999,37.811919889999999
84655684,2025,2025-04-21,3905,2025-03-19,"506 ",3197,,3,5,6,3905,0,0,0,,0,,"MORADA LN","CHERBOURG WY",254.00,E,N,A,-,N,,,,,,,,,,N,2,0,1,2,A,-,03,22350,,F,H,G,A,A,H,-,D,D,0,,Y,,,Y,,-,99,1,0,0,0,0,0,1,0,0,"- ","- ",38.036899566650391,-121.28572082519531,"SAN JOAQUIN",STOCKTON,-121.28470611572266,38.036930084228516
8465889,2018,2020-05-26,3906,2018-12-29,1857,1052,152,6,5,5,3906,0,0,0,,0,006,"GRANT LINE RD","MACARTHUR DR",1174.00,E,N,B,-,N,,,,,,,,,,Y,1,4,2,1,A,-,01,23152,B,N,E,I,A,A,H,-,C,D,0,,,,,Y,Y,A,01,1,1,0,0,0,0,0,0,0,"- ","- ",,,"SAN JOAQUIN",TRACY,-121.41059112548828,37.754245758056641
8465905,2019,2019-07-09,3905,2019-03-11,0753,2413,SEA,1,5,6,3905,0,0,0,,0,,"CAROLYN WESTON BL","MCDOUGALD BL",0.00,,Y,A,-,N,,,,,,,,,,Y,1,1,0,2,A,-,01,21200,5,N,H,G,A,A,H,-,A,A,0,,Y,,,Y,,L,04,0,0,0,0,0,1,0,0,0,"- ","- ",37.911430358886719,-121.29744720458984,"SAN JOAQUIN",STOCKTON,-121.29750823974609,37.911270141601562
8465907,2019,2019-07-09,3905,2019-04-04,0530,2291,VAL,4,5,6,3905,0,0,0,,0,,"N RT 99 W FR RD","INSPIRATION DR",797.00,S,N,A,-,N,,,99,,,,,,,N,1,1,0,2,A,-,03,22350,,F,H,G,A,A,H,-,B,A,0,,Y,,,Y,,A,01,0,0,0,0,0,1,0,0,0,"- ","- ",38.03057861328125,-121.25904846191406,"SAN JOAQUIN",STOCKTON,-121.2584228515625,38.030590057373047
8465908,2019,2021-05-20,3905,2019-04-17,0250,2830,VAL,3,5,6,3905,0,0,0,,0,,"MARCH LN","PALM PLAZA DR",55.00,E,N,A,-,N,,,,,,,,,,Y,1,1,0,2,A,-,11,21955,,N,G,B,D,A,H,-,C,A,0,Y,,,,Y,,N,60,0,0,0,1,0,0,0,0,0,"- ","- ",38.001678466796875,-121.29193115234375,"SAN JOAQUIN",STOCKTON,-121.29235076904297,38.001785278320312
8465909,2019,2019-07-09,3905,2019-05-02,0503,2424,SEA,4,5,6,3905,0,0,0,,0,,"MARTIN LUTHER KING BL","STANISLAUS ST",0.00,,Y,A,-,N,,,,,,,,,,Y,1,1,0,2,A,-,10,21950,A,N,G,B,B,A,H,-,C,D,0,Y,,,,Y,,A,07,0,0,0,1,0,0,0,0,0,"- ","- ",37.940200805664062,-121.27835083007812,"SAN JOAQUIN",STOCKTON,-121.27825164794922,37.940280914306641
84660661,2024,2025-04-23,3924,2024-12-02,"553 ",1334,,1,5,2,3920,0,0,0,,0,00H,"HARLAN RD","OLD HARLAN ROAD",119.00,N,-,A,-,N,,,,,,,,,,Y,2,0,4,2,A,-,07,21658,,N,A,C,A,A,H,-,C,D,0,,,,,Y,,A,01,1,0,3,0,0,0,0,0,0,"- ","- ",37.829811096191406,-121.28810119628906,"SAN JOAQUIN",LATHROP,-121.28919219970703,37.824253082275391
84682628,2025,2025-05-12,3903,2025-04-24,1426,3768,,4,5,4,3903,0,0,0,,0,,"YOSEMITE AV","PESTANA AV",235.00,W,N,A,-,N,,,,,,,,,,N,2,0,1,2,A,-,08,22107,,N,D,D,A,A,H,-,A,D,0,,,,,Y,,A,07,1,0,0,0,0,0,0,0,0,"- ","- ",37.797580718994141,-121.18672180175781,"SAN JOAQUIN",MANTECA,-121.18753051757812,37.797531127929688
84699686,2025,2025-05-26,3905,2025-04-11,"700 ",7366,,5,5,6,3905,0,0,0,,0,,"WAGNER HEIGHTS RD","BAINBRIDGE PL",0.00,,Y,A,-,N,,,,,,,,,,N,2,0,2,2,A,-,12,22450,A,F,D,C,A,A,H,-,A,A,0,,,,,Y,,A,01,2,0,0,0,0,0,0,0,0,"- ","- ",38.031959533691406,-121.35587310791016,"SAN JOAQUIN",STOCKTON,-121.35562896728516,38.032047271728516
84702834,2025,2025-05-28,3905,2025-04-17,"602 ",7366,,4,5,6,3905,0,0,0,,0,,"MARTIN LUTHER KING BL","MARIPOSA RD (W)",0.00,,Y,A,-,N,,,,,,,,,,Y,2,0,2,2,A,-,12,21453,A,N,D,C,A,A,H,-,B,A,0,,,,,Y,,A,01,1,0,1,0,0,0,0,0,0,"- ","- ",37.944248199462891,-121.25749206542969,"SAN JOAQUIN",STOCKTON,-121.25563812255859,37.944820404052734
84704700,2025,2025-05-29,3905,2025-01-19,"226 ",2719,,7,5,6,3905,0,0,0,,0,,"MARIPOSA RD","EIGHTH ST",212.00,S,N,A,-,N,,,,,,,,,,N,1,1,0,2,A,-,11,21954,A,F,G,B,D,A,H,-,C,D,0,Y,,,,Y,,N,60,0,0,0,1,0,0,0,0,0,"- ","- ",37.937931060791016,-121.24295806884766,"SAN JOAQUIN",STOCKTON,-121.24223327636719,37.937923431396484
8472974,2017,2017-11-14,3905,2017-10-11,1053,1422,PAR,3,5,6,3905,0,0,0,,0,,"AIRPORT WY","ROOSEVELT ST",0.00,,Y,A,-,N,,,,,,,,,,Y,2,0,5,2,A,-,01,23152,E,N,D,C,A,A,H,-,A,A,0,,,,,Y,,D,22,2,3,0,0,0,0,0,0,0,"- ","- ",37.966799999999999,-121.27712,"SAN JOAQUIN",STOCKTON,-121.27730997,37.966859890000002
84741831,2025,2025-06-27,3905,2025-05-16,1444,2875,,5,5,6,3905,0,0,0,,0,,"MARCH LN","PRECISSI LN",0.00,,Y,A,-,N,,,,,,,,,,N,2,0,1,2,A,-,12,21453,A,N,D,C,A,A,H,-,A,A,0,,,,,Y,,A,07,1,0,0,0,0,0,0,0,0,"- ","- ",37.990718841552734,-121.31529998779297,"SAN JOAQUIN",STOCKTON,-121.31575012207031,37.990627288818359
84750717,2025,2025-07-07,3903,2025-06-19,2153,6261,,4,5,4,3903,0,0,0,,0,,"WEST CENTER ST","ELM AV",3.00,E,N,A,-,N,,,,,,,,,,N,2,0,1,2,A,-,03,22350,,F,G,B,B,A,H,-,E,D,0,Y,,,,Y,,A,01,1,0,0,0,1,0,0,0,0,"- ","- ",,,"SAN JOAQUIN",MANTECA,-121.22274780273438,37.799129486083984
84751238,2025,2025-07-07,3902,2025-05-19,2110,115,,1,5,5,3902,0,0,0,,0,001,"MILLS AVE","CAPELL DR",0.00,N,-,A,-,N,,,,,,,,,,N,2,0,2,2,A,-,03,22350,,N,D,C,A,A,H,-,C,D,0,,,,,Y,,M,96,1,1,0,0,0,0,0,0,0,"- ","- ",,,"SAN JOAQUIN",LODI,-121.29751586914062,38.132251739501953
84754807,2025,2025-07-09,3905,2025-04-05,"114 ",2852,,6,5,6,3905,0,0,0,,0,,"NB 99 OFF RAMP","FREMONT ST (E)",0.00,,Y,A,-,Y,,,,,,,,,,Y,2,0,2,1,A,-,03,22350,,N,E,I,A,A,H,-,C,D,0,,,,,Y,,A,01,1,0,1,0,0,0,0,0,0,"- ","- ",37.970138549804688,-121.24434661865234,"SAN JOAQUIN",STOCKTON,,
84769222,2025,2025-07-24,3905,2025-06-04,"205 ",3197,,3,5,6,3905,0,0,0,,0,,"WEST LN","MARCH LN",0.00,,Y,A,-,N,,,,,,,,,,Y,2,0,2,2,A,-,09,21453,C,N,D,C,A,A,H,-,C,A,0,,,,,Y,,A,01,1,0,1,0,0,0,0,0,0,"- ","- ",38.002071380615234,-121.29015350341797,"SAN JOAQUIN",STOCKTON,-121.29084777832031,38.002140045166016
84776618,2025,2025-07-25,3905,2025-05-20,1951,3201,,2,5,6,3905,0,0,0,,0,,"EL DORADO ST","ADAMS ST",53.00,S,N,A,-,N,,,,,,,,,,Y,2,0,2,2,A,-,05,21651,B,N,A,C,A,A,H,-,A,D,0,,,,,Y,,A,01,1,1,0,0,0,0,0,0,0,"- ","- ",37.973831176757812,-121.29621124267578,"SAN JOAQUIN",STOCKTON,-121.29637908935547,37.973648071289062
84776680,2025,2025-07-25,3905,2025-06-14,1037,7366,,6,5,6,3905,0,0,0,,0,,"PERSHING AV","MONTEREY AV (N)",107.00,S,N,A,-,N,,,,,,,,,,N,2,0,1,1,A,-,03,22350,,N,E,I,A,A,H,-,A,D,0,,,,,Y,,A,01,1,0,0,0,0,0,0,0,0,"- ","- ",37.973331451416016,-121.31636810302734,"SAN JOAQUIN",STOCKTON,-121.31654357910156,37.972827911376953
8478268,2017,2017-11-01,3905,2017-08-30,2143,2796,CIV,3,5,6,3905,0,0,0,,0,,"CALIFORNIA ST","ACACIA ST NORTH",120.00,N,N,A,-,N,,,,,,,,,,N,2,0,1,2,A,-,11,21955,,F,G,B,D,A,H,-,C,D,0,Y,,,,Y,Y,N,60,1,0,0,0,1,0,0,0,0,"- ","- ",37.96349,-121.28713,"SAN JOAQUIN",STOCKTON,-121.28738577,37.963832500000002
84787001,2025,2025-08-04,3905,2025-06-16,2005,2566,,1,5,6,3905,0,0,0,,0,,"MARANATHA DR","INSPIRATION DR",0.00,,Y,A,-,N,,,,,,,,,,N,2,0,4,2,A,-,12,22450,A,N,D,D,A,A,H,-,A,A,0,,,,,Y,,A,07,3,1,0,0,0,0,0,0,0,"- ","- ",38.030868530273438,-121.2645263671875,"SAN JOAQUIN",STOCKTON,-121.26432037353516,38.03106689453125
84794629,2024,2025-08-11,3903,2024-11-06,2033,3768,,3,5,4,3903,0,0,0,,0,,"YOSEMITE AV","MYLNAR AV",29.00,W,N,A,-,N,,,,,,,,,,N,1,1,0,2,A,-,03,22350,,F,G,B,E,A,H,-,C,D,0,Y,,,,Y,,A,01,0,0,0,1,0,0,0,0,0,"- ","- ",37.797470092773438,-121.2010498046875,"SAN JOAQUIN",MANTECA,-121.20114898681641,37.797477722167969
8482206,2017,2018-05-04,3905,2017-08-31,2040,2852,SEA,4,5,6,3905,0,0,0,,0,,"MARTIN LUTHER KING BL","STANISLAUS ST",0.00,,Y,A,-,N,,,,,,,,,,N,2,0,1,2,A,-,09,21802,A,N,H,G,A,A,H,-,C,A,0,,Y,,,Y,,L,04,1,0,0,0,0,0,1,0,0,"- ","- ",37.940199999999997,-121.27835,"SAN JOAQUIN",STOCKTON,-121.27824986,37.940279959999998
8511117,2017,2017-12-28,3905,2017-10-14,0402,2912,SEA,6,5,6,3905,0,0,0,,0,,"EL DORADO ST","CLAYTON AV",674.00,S,N,A,-,N,,,,,,,,,,Y,2,0,1,2,A,-,09,21804,B,N,D,C,A,A,H,-,C,D,0,,,,Y,Y,,A,01,1,0,0,0,0,0,0,0,0,"- ","- ",37.911189999999998,-121.27573,"SAN JOAQUIN",STOCKTON,-121.27567818,37.90930221
8511351,2017,2017-12-22,3905,2017-10-26,1700,2768,LAK,4,5,6,3905,0,0,0,,0,LAK,"BROOKSIDE RD","MANCHESTER AV",97.00,E,N,A,-,N,,,,,,,,,,N,2,0,1,2,A,-,10,21950,A,N,G,B,C,A,H,-,A,A,0,Y,,,,Y,,A,01,1,0,0,0,1,0,0,0,0,"- ","- ",37.982999999999997,-121.31525999999999,"SAN JOAQUIN",STOCKTON,-121.31529858,37.982889040000003
8511653,2017,2017-12-27,3905,2017-11-01,0656,3410,LAK,3,5,6,3905,0,0,0,,0,,"ROSE MARIE LN","GEORGETOWN PL",6.00,N,N,A,-,N,,,,,,,,,,N,2,0,1,2,A,-,10,21950,A,N,G,B,B,A,H,-,B,D,0,Y,,,,Y,,A,01,1,0,0,0,1,0,0,0,0,"- ","- ",37.988639999999997,-121.31274999999999,"SAN JOAQUIN",STOCKTON,-121.31315007000001,37.988484759999999
8518321,2017,2017-12-29,3905,2017-11-15,1724,2820,SEA,3,5,6,3905,0,0,0,,0,,"MARTIN LUTHER KING BL","TURNPIKE RD",0.00,,Y,A,-,N,,,,,,,,,,Y,2,0,1,2,A,-,03,22350,,N,C,C,A,A,H,-,C,A,0,,,,,Y,,D,22,1,0,0,0,0,0,0,0,0,"- ","- ",37.938189999999999,-121.29003,"SAN JOAQUIN",STOCKTON,-121.289946,37.938217999999999
8518386,2017,2017-12-29,3905,2017-11-20,1820,2649,BEA,1,5,6,3905,0,0,0,,0,,"IRIS AV","EL DORADO ST",17.00,W,N,A,-,N,,,,,,,,,,N,2,0,1,2,A,-,10,21950,A,N,G,B,B,A,H,-,C,D,0,Y,,,,Y,,D,22,1,0,0,0,1,0,0,0,0,"- ","- ",38.022599999999997,-121.3158,"SAN JOAQUIN",STOCKTON,-121.31552000000001,38.022449999999999
8520526,2017,2017-12-27,3905,2017-11-28,1757,2870,VAL,2,5,6,3905,0,0,0,,0,,"LORRAINE AV","HAMMER LN",0.00,,Y,A,-,N,,,,,,,,,,N,2,0,1,2,A,-,10,21950,A,N,G,B,B,A,H,-,C,A,0,Y,,,,Y,,A,01,1,0,0,0,1,0,0,0,0,"- ","- ",38.020980000000002,-121.28358,"SAN JOAQUIN",STOCKTON,-121.28326994,38.020979930000003
8521142,2017,2018-01-03,3905,2017-11-09,1426,2305,PAR,4,5,6,3905,0,0,0,,0,,"BEL AIR ST","MONTCLAIR ST",0.00,,Y,A,-,N,,,,,,,,,,N,2,0,1,3,A,-,03,22350,,F,G,B,E,A,H,-,A,D,0,Y,,,,Y,,A,01,1,0,0,0,1,0,0,0,0,"- ","- ",37.937629999999999,-121.24596,"SAN JOAQUIN",STOCKTON,-121.24582997,37.937909900000001
8526579,2017,2018-02-03,3902,2017-12-01,1805,RE66,,5,5,5,3902,0,0,0,,0,,"SOUTH HUTCHINS ST","ALICANTE DR",52.00,N,N,A,-,N,,,,,,,,,,N,2,0,1,2,A,-,08,22107,,N,H,G,A,A,H,-,C,D,0,,Y,,,Y,Y,L,04,1,0,0,0,0,0,1,0,0,"- ","- ",,,"SAN JOAQUIN",LODI,-121.27900751,38.118122679999999
8545462,2017,2018-02-08,3905,2017-12-23,0950,2537,BEA,6,5,6,3905,0,0,0,,0,,"DAVIS RD","ROYAL OAKS DR",0.00,,Y,B,-,N,,,,,,,,,,Y,2,0,1,2,A,-,09,21802,A,N,D,C,A,A,H,-,A,A,0,,,,,Y,,A,08,1,0,0,0,0,0,0,0,0,"- ","- ",38.037100000000002,-121.33199,"SAN JOAQUIN",STOCKTON,-121.3318699,38.036839929999999
8545496,2017,2018-02-15,3905,2017-12-02,1849,2466,CIV,6,5,6,3905,0,0,0,,0,,"HARDING WY","SIERRA NEVADA ST",125.00,E,N,A,-,N,,,,,,,,,,N,2,0,1,2,A,-,17,21663,,F,H,G,A,A,H,-,C,D,0,,Y,,,Y,,L,04,1,0,0,0,0,0,1,0,0,"- ","- ",37.970309999999998,-121.27667,"SAN JOAQUIN",STOCKTON,-121.27646593,37.97046177
8546978,2017,2018-02-08,3905,2017-12-26,1414,2289,PARK,2,5,6,3905,0,0,0,,0,,"FREMONT ST","WILSON WY",100.00,E,N,A,-,N,,,,,,,,,,N,2,0,1,2,A,-,09,21804,A,N,D,C,A,A,H,-,A,A,0,,,,,Y,,A,08,1,0,0,0,0,0,0,0,0,"- ","- ",37.960679999999996,-121.27281000000001,"SAN JOAQUIN",STOCKTON,-121.27256932,37.96081169
8546982,2017,2018-02-08,3905,2017-12-25,2117,2035,BEA,1,5,6,3905,0,0,0,,0,,"EL DORADO ST","GLENCANNON ST",736.00,S,N,A,-,N,,,,,,,,,,N,2,0,1,2,A,-,11,21954,A,F,G,B,D,A,H,-,D,D,0,Y,,,,Y,Y,N,60,1,0,0,0,1,0,0,0,0,"- ","- ",38.026479999999999,-121.3165,"SAN JOAQUIN",STOCKTON,-121.31624648,38.024288949999999
8547033,2017,2018-02-09,3905,2017-12-27,0439,2797,PAR,3,5,6,3905,0,0,0,,0,,"WILSON WY","FREMONT ST",0.00,,Y,A,-,N,,,,,,,,,,Y,2,0,5,2,A,-,12,21453,A,N,D,C,A,A,H,-,A,A,0,,,,,Y,,A,07,1,4,0,0,0,0,0,0,0,"- ","- ",37.960679999999996,-121.27281000000001,"SAN JOAQUIN",STOCKTON,-121.27291,37.960759979999999
8550192,2018,2018-08-01,3905,2018-01-14,0220,2791,LAK,7,5,6,3905,0,0,0,,0,,"MARCH LN","RT 5",0.00,,Y,A,-,Y,SJ,10,5,-,-,29.882,R,4,S,N,2,0,1,2,A,-,12,21453,A,F,D,C,A,A,H,-,C,A,0,,,,,Y,,A,01,1,0,0,0,0,0,0,0,0,"- ",SO,37.984920501708984,-121.34378051757812,"SAN JOAQUIN",STOCKTON,-121.34295654296875,37.982860565185547
8570139,2017,2018-03-29,3905,2017-12-12,1650,2416,CIV,2,5,6,3905,0,0,0,,0,,"PACIFIC AV","KNOLES WY",0.00,,Y,A,-,N,,,,,,,,,,Y,2,0,1,2,A,-,01,23152,A,N,C,C,A,A,H,-,A,A,0,,,Y,,Y,Y,C,02,1,0,0,0,0,0,0,0,1,"- ","- ",37.980730000000001,-121.30696,"SAN JOAQUIN",STOCKTON,-121.3073,37.980659889999998
8570155,2018,2018-04-02,3905,2018-02-28,1900,2826,LAK,3,5,6,3905,0,0,0,,0,,"SHOREHAM PL","BONNIEBROOK DR",115.00,S,N,A,-,N,,,,,,,,,,Y,2,0,1,2,A,-,01,23152,A,N,C,E,A,A,H,-,C,D,0,,,,,Y,Y,D,22,1,0,0,0,0,0,0,0,0,"- ","- ",38.014541625976562,-121.35118103027344,"SAN JOAQUIN",STOCKTON,-121.35070037841797,38.014331817626953
8577761,2018,2018-03-28,3905,2018-02-05,1827,2463,SEA,1,5,6,3905,0,0,0,,0,,"2ND ST",ALLEY,35.00,N,N,A,-,N,,,,,,,,,,N,2,0,1,2,A,-,11,21954,A,F,G,B,E,A,G,-,D,D,0,Y,,,Y,Y,,N,60,1,0,0,0,1,0,0,0,0,"- ","- ",37.937118530273438,-121.28093719482422,"SAN JOAQUIN",STOCKTON,,
8578573,2018,2018-04-02,3905,2018-02-11,1151,7010,PAR,7,5,6,3905,0,0,0,,0,,"HAZELTON AV","WILSON WY",0.00,,Y,A,-,N,,,,,,,,,,Y,2,0,2,2,A,-,12,21453,A,N,D,C,A,A,H,-,A,A,0,,,,,Y,,A,01,1,0,1,0,0,0,0,0,0,"- ","- ",37.949729919433594,-121.26995086669922,"SAN JOAQUIN",STOCKTON,-121.26994323730469,37.949848175048828
8597700,2018,2018-04-25,3906,2018-04-08,1818,1475,39,7,5,5,3906,0,0,0,,0,002,"S TRACY BL","W CENTRAL AV",0.00,,Y,A,-,N,,,,,,,,,,N,2,0,1,2,A,-,12,21453,A,N,G,B,A,A,H,-,A,A,0,,Y,,,Y,Y,L,04,1,0,0,0,0,0,1,0,0,"- ","- ",,,"SAN JOAQUIN",TRACY,-121.43477630615234,37.714618682861328
8602917,2018,2018-05-21,3905,2018-03-29,1704,2729,SEA,4,5,6,3905,0,0,0,,0,,"SONORA ST","LINCOLN ST",120.00,W,N,A,-,N,,,,,,,,,,N,2,0,1,2,A,-,05,21651,B,F,C,G,A,A,H,-,A,D,0,,Y,,,Y,,A,01,1,0,0,0,0,0,1,0,0,"- ","- ",37.947521209716797,-121.29657745361328,"SAN JOAQUIN",STOCKTON,-121.29692840576172,37.947399139404297
8602927,2018,2018-05-25,3905,2018-03-17,0130,2676,LAK,6,5,6,3905,0,0,0,,0,,"ALEXANDRIA PL","LINCOLN RD",0.00,,Y,B,-,N,,,,,,,,,,N,2,0,1,1,C,-,18,,,N,H,A,A,B,H,-,C,D,0,,,,,Y,,-,"- ",1,0,0,0,0,0,0,0,0,"- ","- ",38.012619018554688,-121.34017181396484,"SAN JOAQUIN",STOCKTON,-121.33969116210938,38.012798309326172
8605504,2018,2018-05-17,3903,2018-04-23,0034,3729,,1,5,4,3903,0,0,0,,0,001,"PHILLIPS DR","LOUISE AV",301.00,S,N,A,-,N,,,,,,,,,,N,2,0,1,1,D,-,00,,,F,E,I,A,A,H,-,C,D,0,,,,,Y,,-,"- ",1,0,0,0,0,0,0,0,0,"- ","- ",37.811790466308594,-121.24385070800781,"SAN JOAQUIN",MANTECA,-121.24327850341797,37.811199188232422
8618872,2018,2018-05-23,3905,2018-05-02,2252,2860,PAR,3,5,6,3905,0,0,0,,0,,"RALPH AV","TRISHA WY",0.00,,Y,A,-,N,,,,,,,,,,Y,2,0,2,2,A,-,09,21801,A,N,D,C,A,A,H,-,E,A,0,,,Y,,Y,,A,01,1,0,1,0,0,0,0,0,2,"- ","- ",37.922138214111328,-121.25312805175781,"SAN JOAQUIN",STOCKTON,-121.25330352783203,37.922298431396484
8618918,2018,2018-05-23,3905,2018-04-09,1800,2891,PAR,1,5,6,3905,0,0,0,,0,,"FLORA ST","FILBERT ST",0.00,,Y,A,-,N,,,,,,,,,,Y,2,0,2,2,A,-,03,22350,,N,A,C,A,A,H,-,A,D,0,,,,,Y,,E,22,1,0,1,0,0,0,0,0,0,"- ","- ",37.967559814453125,-121.25707244873047,"SAN JOAQUIN",STOCKTON,-121.25726318359375,37.967758178710938
8638150,2018,2018-06-26,3905,2018-05-24,2018,2768,VAL,4,5,6,3905,0,0,0,,0,,"PERCIVAL WY","HOMEWOOD DR",165.00,S,N,A,-,N,,,,,,,,,,Y,2,0,1,2,A,-,03,22350,,N,B,E,A,A,H,-,B,D,0,,,Y,,Y,,C,02,1,0,0,0,0,0,0,0,1,"- ","- ",38.016670227050781,-121.28415679931641,"SAN JOAQUIN",STOCKTON,-121.28399658203125,38.016307830810547
8639368,2018,2018-07-23,3905,2018-04-26,0348,2931,VAL,4,5,6,3905,0,0,0,,0,,"MARCH LN","BIANCHI RD",68.00,W,N,A,-,N,,,,,,,,,,N,2,0,1,2,A,-,05,21650,1,N,G,G,A,A,H,-,C,A,0,,Y,,,Y,,L,04,1,0,0,0,0,0,1,0,0,"- ","- ",38.0035400390625,-121.28412628173828,"SAN JOAQUIN",STOCKTON,-121.28497314453125,38.003425598144531
8639928,2018,2018-06-22,3905,2018-05-05,1258,7011,PAR,6,5,6,3905,0,0,0,,0,,"MAIN ST","SULLIVAN AV",0.00,,Y,A,-,N,,,,,,,,,,Y,2,0,1,2,A,-,09,21802,A,N,D,C,A,A,H,-,A,A,0,,,Y,,Y,,A,07,1,0,0,0,0,0,0,0,1,"- ","- ",37.95452880859375,-121.25052642822266,"SAN JOAQUIN",STOCKTON,-121.25055694580078,37.954780578613281
8640029,2018,2018-06-26,3905,2018-05-19,0854,2277,LAK,6,5,6,3905,0,0,0,,0,,"HAMMER LN","LOWER SACRAMENTO RD",197.00,W,N,A,-,N,,,,,,,,,,N,2,0,1,2,A,-,11,21955,,N,G,B,D,A,H,-,A,A,0,Y,,,,Y,,N,60,1,0,0,0,1,0,0,0,0,"- ","- ",38.021278381347656,-121.32347869873047,"SAN JOAQUIN",STOCKTON,-121.32395172119141,38.021053314208984
8640042,2018,2018-06-26,3905,2018-05-18,2342,2855,CIV,5,5,6,3905,0,0,0,,0,,"PACIFIC AV","HARDING WY",0.00,,Y,A,-,N,,,,,,,,,,Y,2,0,1,1,A,-,01,23152,G,N,E,I,A,A,H,-,C,A,0,,,,,Y,Y,A,01,1,0,0,0,0,0,0,0,0,"- ","- ",37.966899871826172,-121.29769897460938,"SAN JOAQUIN",STOCKTON,-121.29791259765625,37.966831207275391
8641966,2018,2018-06-28,3905,2018-06-02,1918,2862,CIV,6,5,6,3905,0,0,0,,0,,"MONTEREY AV","EL DORADO ST",121.00,E,N,A,-,N,,,,,,,,,,N,2,0,1,2,A,-,11,21950,B,N,G,B,D,A,H,-,A,D,0,Y,,,,Y,,N,60,1,0,0,0,1,0,0,0,0,"- ","- ",37.977470397949219,-121.29792785644531,"SAN JOAQUIN",STOCKTON,-121.29781341552734,37.977508544921875
8642113,2018,2018-06-27,3905,2018-05-17,1501,2956,CIV,4,5,6,3905,0,0,0,,0,,"CLEVELAND ST","SUTTER ST N",240.00,E,N,A,-,N,,,,,,,,,,N,2,0,1,2,A,-,03,22350,,F,H,G,A,A,H,-,A,A,0,,Y,,,Y,,A,08,1,0,0,0,0,0,1,0,0,"- ","- ",37.973228454589844,-121.29206085205078,"SAN JOAQUIN",STOCKTON,-121.29228973388672,37.973190307617188
8642153,2018,2018-06-28,3905,2018-05-25,1926,2943,CIV,5,5,6,3905,0,0,0,,0,,"MINER AV","GRANT ST",0.00,,Y,A,-,N,,,,,,,,,,Y,2,0,3,2,A,-,01,23152,A,N,D,C,A,A,H,-,A,A,0,,,,,Y,Y,A,01,1,0,2,0,0,0,0,0,0,"- ","- ",37.957199096679688,-121.28141784667969,"SAN JOAQUIN",STOCKTON,-121.28147888183594,37.957229614257812