CASE_ID,ACCIDENT_YEAR,PROC_DATE,JURIS,COLLISION_DATE,COLLISION_TIME,OFFICER_ID,REPORTING_DISTRICT,DAY_OF_WEEK,CHP_SHIFT,POPULATION,CNTY_CITY_LOC,SPECIAL_COND,BEAT_TYPE,CHP_BEAT_TYPE,CITY_DIVISION_LAPD,CHP_BEAT_CLASS,BEAT_NUMBER,PRIMARY_RD,SECONDARY_RD,DISTANCE,DIRECTION,INTERSECTION,WEATHER_1,WEATHER_2,STATE_HWY_IND,CALTRANS_COUNTY,CALTRANS_DISTRICT,STATE_ROUTE,ROUTE_SUFFIX,POSTMILE_PREFIX,POSTMILE,LOCATION_TYPE,RAMP_INTERSECTION,SIDE_OF_HWY,TOW_AWAY,COLLISION_SEVERITY,NUMBER_KILLED,NUMBER_INJURED,PARTY_COUNT,PRIMARY_COLL_FACTOR,PCF_CODE_OF_VIOL,PCF_VIOL_CATEGORY,PCF_VIOLATION,PCF_VIOL_SUBSECTION,HIT_AND_RUN,TYPE_OF_COLLISION,MVIW,PED_ACTION,ROAD_SURFACE,ROAD_COND_1,ROAD_COND_2,LIGHTING,CONTROL_DEVICE,CHP_ROAD_TYPE,PEDESTRIAN_ACCIDENT,BICYCLE_ACCIDENT,MOTORCYCLE_ACCIDENT,TRUCK_ACCIDENT,NOT_PRIVATE_PROPERTY,ALCOHOL_INVOLVED,STWD_VEHTYPE_AT_FAULT,CHP_VEHTYPE_AT_FAULT,COUNT_SEVERE_INJ,COUNT_VISIBLE_INJ,COUNT_COMPLAINT_PAIN,COUNT_PED_KILLED,COUNT_PED_INJURED,COUNT_BICYCLIST_KILLED,COUNT_BICYCLIST_INJURED,COUNT_MC_KILLED,COUNT_MC_INJURED,PRIMARY_RAMP,SECONDARY_RAMP,LATITUDE,LONGITUDE,COUNTY,CITY,POINT_X,POINT_Y
8644006,2018,2018-06-25,3903,2018-05-27,2226,3879,SANJO,7,5,4,3903,0,0,0,,0,,"MISSION RIDGE DR","MAIN ST",314.00,W,N,A,-,N,,,,,,,,,,Y,2,0,1,1,A,-,01,23152,A,N,B,J,A,A,H,-,C,D,0,,,,,Y,Y,A,01,1,0,0,0,0,0,0,0,0,"- ","- ",37.787639617919922,-121.21587371826172,"SAN JOAQUIN",MANTECA,-121.21717834472656,37.78759765625
8644014,2018,2018-06-25,3903,2018-05-29,1610,1751,,2,5,4,3903,0,0,0,,0,,"ATHERTON DR","BASS PRO DR",0.00,,Y,A,-,N,,,,,,,,,,Y,2,0,1,2,A,-,03,22350,,N,B,D,A,A,H,-,A,A,0,,,Y,,Y,,C,02,1,0,0,0,0,0,0,0,1,"- ","- ",37.779289245605469,-121.22598266601562,"SAN JOAQUIN",MANTECA,-121.22602844238281,37.779239654541016
8648078,2018,2020-05-26,3905,2018-02-24,1927,1441,PAR,6,5,6,3905,0,0,0,,0,,"AIRPORT WY","HAZELTON AV",0.00,,Y,A,-,N,,,,,,,,,,N,1,1,0,2,A,-,11,21950,B,F,G,B,B,A,H,-,C,A,0,Y,,,,Y,Y,N,60,0,0,0,1,0,0,0,0,0,"- ","- ",37.949321746826172,-121.27256011962891,"SAN JOAQUIN",STOCKTON,-121.2725830078125,37.949428558349609
8648080,2018,2018-08-16,3905,2018-03-17,0652,2133,VAL,6,5,6,3905,0,0,0,,0,,"TAM O SHANTER DR","DANNY DR",175.00,N,N,A,-,N,,,,,,,,,,Y,1,1,0,2,A,-,01,21200,5,N,H,G,A,A,H,-,B,A,0,,Y,,,Y,,L,04,0,0,0,0,0,1,0,0,0,"- ","- ",38.011310577392578,-121.297119140625,"SAN JOAQUIN",STOCKTON,-121.29697418212891,38.011726379394531
8648130,2018,2018-09-26,3903,2018-04-22,1052,1751,,7,5,4,3903,0,0,0,,0,,"YOSEMITE AV","RT 99",0.00,,Y,A,-,Y,SJ,10,120,-,-,6.241,I,5,W,N,1,1,0,2,A,-,05,21202,A,N,H,G,A,A,H,-,A,A,0,,Y,,,Y,Y,L,04,0,0,0,0,0,1,0,0,0,"- ",NF,37.797641754150391,-121.19065093994141,"SAN JOAQUIN",MANTECA,-121.19056701660156,37.797531127929688
8648218,2018,2020-05-22,3905,2018-03-30,1650,1441,CIV,5,5,6,3905,0,0,0,,0,,"CENTER ST","CLAY ST",14.00,S,N,A,-,N,,,,,,,,,,Y,1,1,0,2,A,-,01,21200,5,N,H,G,A,A,H,-,A,A,0,,Y,,,Y,Y,L,04,0,0,0,0,0,1,0,0,0,"- ","- ",37.939651489257812,-121.2877197265625,"SAN JOAQUIN",STOCKTON,-121.28761291503906,37.939613342285156
8648220,2018,2018-10-09,3905,2018-04-27,2006,2291,PAR,5,5,6,3905,0,0,0,,0,,"WILSON WY","ANDERSON ST",62.00,N,N,A,-,N,,,,,,,,,,Y,1,1,1,1,A,-,01,23152,A,N,E,I,A,A,H,-,B,D,0,,,,,Y,Y,D,22,0,0,1,0,0,0,0,0,0,"- ","- ",37.94573974609375,-121.26891326904297,"SAN JOAQUIN",STOCKTON,-121.26889801025391,37.946067810058594
8648223,2018,2018-10-18,3905,2018-06-07,1935,2416,VAL,4,5,6,3905,0,0,0,,0,,"LORRAINE AV","MORELEY WY",0.00,,Y,A,-,N,,,,,,,,,,Y,1,1,0,2,A,-,03,22350,,N,G,B,B,A,H,-,A,D,0,Y,,,,Y,,A,07,0,0,0,1,0,0,0,0,0,"- ","- ",38.011749267578125,-121.28482818603516,"SAN JOAQUIN",STOCKTON,-121.28443145751953,38.01177978515625
8648363,2018,2020-05-22,3905,2018-09-03,2328,2015,PAR,1,5,6,3905,0,0,0,,0,,"WILSON WY","PARK ST",8.00,S,N,A,-,N,,,,,,,,,,N,1,1,0,2,A,-,11,21950,B,F,G,B,E,A,H,-,C,A,0,Y,,,,Y,,N,60,0,0,0,1,0,0,0,0,0,"- ","- ",37.962680816650391,-121.27333068847656,"SAN JOAQUIN",STOCKTON,-121.2734375,37.9627685546875
8648365,2018,2020-05-21,3905,2018-09-27,2012,2939,CIV,4,5,6,3905,0,0,0,,0,,"HARDING WY","PILGRIM ST",59.00,E,N,A,-,N,,,,,,,,,,Y,1,1,0,2,A,-,05,21650,1,N,H,G,A,A,H,-,C,D,0,,Y,,,Y,Y,L,04,0,0,0,0,0,1,0,0,0,"- ","- ",37.969898223876953,-121.279296875,"SAN JOAQUIN",STOCKTON,-121.27928924560547,37.969993591308594
8648429,2018,2018-12-18,3903,2018-01-30,1613,2916,,2,5,4,3903,0,0,0,,0,,"POWERS AV","ALAMEDA ST",0.00,,Y,A,-,N,,,,,,,,,,Y,1,1,0,2,D,-,00,,,N,A,C,A,A,H,-,A,D,0,,,Y,,Y,,-,"- ",0,0,0,0,0,0,0,1,0,"- ","- ",37.805130004882812,-121.20575714111328,"SAN JOAQUIN",MANTECA,-121.20565795898438,37.805049896240234
8648679,2018,2019-03-06,3905,2018-11-15,2322,1532,BEA,4,5,6,3905,0,0,0,,0,,"EIGHT MILE RD","STONEY GORGE DR",661.00,W,N,A,-,N,,,,,,,,,,Y,1,1,3,2,A,-,01,23152,A,N,D,C,A,A,H,-,C,D,0,,,,,Y,Y,A,07,0,0,3,0,0,0,0,0,0,"- ","- ",38.057640075683594,-121.35669708251953,"SAN JOAQUIN",STOCKTON,-121.35905456542969,38.057712554931641
8648680,2018,2019-03-06,3905,2018-11-29,1959,2424,,4,5,6,3905,0,0,0,,0,,"COUNTRY CLUB BL","DELANO AV",0.00,,Y,B,-,N,,,,,,,,,,Y,1,1,0,2,A,-,11,21950,B,N,G,B,D,A,H,-,C,D,0,Y,,,,Y,Y,-,"- ",0,0,0,1,0,0,0,0,0,"- ","- ",37.964061737060547,-121.33802032470703,"SAN JOAQUIN",STOCKTON,-121.33815765380859,37.963710784912109
8648685,2019,2021-05-25,3905,2019-01-27,0205,2424,VAL,7,5,6,3905,0,0,0,,0,,"MARCH LN","BIANCHI RD",0.00,,Y,A,-,N,,,,,,,,,,Y,1,2,3,2,A,-,01,23152,A,N,D,C,A,A,H,-,C,A,0,,,,,Y,Y,A,01,0,0,3,0,0,0,0,0,0,"- ","- ",38.0035400390625,-121.28412628173828,"SAN JOAQUIN",STOCKTON,-121.28475189208984,38.00347900390625
8648699,2019,2019-03-13,3905,2019-01-25,1743,2015,BEA,5,5,6,3905,0,0,0,,0,,"DEEPWELL DR","PAULSELL DR",20.00,E,N,A,-,N,,,,,,,,,,Y,1,1,0,2,B,-,22,,,N,G,B,F,A,H,-,C,D,0,Y,,,,Y,,N,60,0,0,0,1,0,0,0,0,0,"- ","- ",38.047908782958984,-121.331787109375,"SAN JOAQUIN",STOCKTON,-121.33168029785156,38.047637939453125
8648741,2018,2018-07-18,3905,2018-05-04,0352,2656,LAK,5,5,6,3905,0,0,0,,0,,"MARCH LN","CLAREMONT AV",0.00,,Y,A,-,N,,,,,,,,,,Y,2,0,2,2,A,-,12,21453,A,N,D,C,A,A,H,-,C,A,0,,,,,Y,,A,01,1,1,0,0,0,0,0,0,0,"- ","- ",37.994209289550781,-121.30825805664062,"SAN JOAQUIN",STOCKTON,-121.30880737304688,37.994121551513672
8667079,2018,2018-08-14,3900,2018-06-08,1618,152605,,5,5,2,3920,0,0,0,,0,009,"EAST LOUISE AV","RT 15",60.00,E,N,A,-,Y,SJ,10,5,-,R,16.709,R,4,S,Y,2,0,1,2,A,-,08,22107,,N,B,C,A,A,H,-,A,A,0,,,Y,,Y,,A,01,1,0,0,0,0,0,0,0,1,"- ",SF,,,"SAN JOAQUIN",LATHROP,-121.29463958740234,37.814937591552734
8667478,2018,2018-07-24,3903,2018-06-07,2315,3928,3903,4,5,4,3903,0,0,0,,0,,"MOFFAT BL","POWERS AV",105.00,W,N,A,-,N,,,,,,,,,,N,2,0,1,2,D,-,00,,,F,G,B,E,A,H,-,C,D,0,Y,,,,Y,,-,"- ",1,0,0,0,1,0,0,0,0,"- ","- ",37.789188385009766,-121.20556640625,"SAN JOAQUIN",MANTECA,-121.20594787597656,37.7894287109375
8675472,2018,2018-08-20,3905,2018-06-22,0357,2980,SEA,5,5,6,3905,0,0,0,,0,,"ELDORADO ST","IVY AV",0.00,,Y,A,-,N,,,,,,,,,,N,2,0,1,2,A,-,05,21202,A,N,G,G,A,A,H,-,D,D,0,,Y,,,Y,,L,04,1,0,0,0,0,0,1,0,0,"- ","- ",37.918891906738281,-121.27860260009766,"SAN JOAQUIN",STOCKTON,-121.27873992919922,37.918880462646484
8675825,2018,2018-08-20,3905,2018-06-17,0204,2321,CIV,7,5,6,3905,0,0,0,,0,,"PERSHING AV","TUXEDO S AV",176.00,S,N,A,-,N,,,,,,,,,,Y,2,0,3,2,A,-,05,21650,,N,A,C,A,A,H,-,C,D,0,,,,,Y,,A,08,1,0,2,0,0,0,0,0,0,"- ","- ",37.967369079589844,-121.31405639648438,"SAN JOAQUIN",STOCKTON,-121.31395721435547,37.966396331787109
8675922,2018,2018-08-20,3905,2018-06-24,1939,2819,LAK,7,5,6,3905,0,0,0,,0,,"EL DORADO ST","SWAIN RD",368.00,N,N,A,-,N,,,,,,,,,,N,2,0,1,2,A,-,09,21801,A,N,D,C,A,A,H,-,A,D,0,,,Y,,Y,,A,07,1,0,0,0,0,0,0,0,1,"- ","- ",38.007358551025391,-121.30901336669922,"SAN JOAQUIN",STOCKTON,-121.30881500244141,38.008232116699219
8675986,2018,2018-09-13,3905,2018-06-12,1010,2940,BEA,2,5,6,3905,0,0,0,,0,,"EIGHTH MILE RD","RT 5",16.00,S,N,A,-,Y,SJ,10,5,-,-,35.147,R,4,S,Y,2,0,4,2,A,-,12,21453,A,N,D,C,A,A,H,-,A,A,0,,,,,Y,,-,"- ",1,1,2,0,0,0,0,0,0,"- ",SO,38.057949066162109,-121.37322235107422,"SAN JOAQUIN",STOCKTON,-121.37209320068359,38.055553436279297
8680822,2018,2018-08-20,3906,2018-01-05,2118,1052,,5,5,5,3906,0,0,0,,0,002,"TRACY BL","SYCAMORE PKWY",0.00,,Y,C,-,N,,,,,,,,,,Y,2,0,3,2,A,-,09,21802,A,N,D,C,A,B,H,-,C,A,0,,,,,Y,,A,01,3,0,0,0,0,0,0,0,0,"- ","- ",,,"SAN JOAQUIN",TRACY,-121.43470764160156,37.704830169677734
8689472,2018,2018-10-01,3903,2018-07-13,1331,1741,,5,5,4,3903,0,0,0,,0,,"UNION RD","LOUISE AV",0.00,,Y,A,-,N,,,,,,,,,,N,2,0,2,3,D,-,00,,,N,A,C,A,A,H,-,A,A,0,,,,,Y,,-,"- ",1,1,0,0,0,0,0,0,0,"- ","- ",37.811798095703125,-121.23541259765625,"SAN JOAQUIN",MANTECA,-121.23526763916016,37.811988830566406
8689488,2018,2018-09-17,3903,2018-07-03,2027,3991,,2,5,4,3903,0,0,0,,0,,"LATHROP RD","ARROWSMITH DR",63.00,W,N,A,-,N,,,,,,,,,,Y,2,0,2,2,A,-,07,21658,A,N,A,C,A,A,H,-,B,A,0,,,,,Y,,A,01,1,1,0,0,0,0,0,0,0,"- ","- ",37.826370239257812,-121.23374176025391,"SAN JOAQUIN",MANTECA,-121.23371124267578,37.826431274414062
8690131,2018,2018-09-13,3903,2018-07-09,1726,1751,,1,5,4,3903,0,0,0,,0,,"WAWONA ST","AIRPORT WY",0.00,,Y,A,-,N,,,,,,,,,,N,2,0,2,2,A,-,09,21801,A,N,D,D,A,A,H,-,A,A,0,,,,,Y,,A,01,1,1,0,0,0,0,0,0,0,"- ","- ",37.790088653564453,-121.25238800048828,"SAN JOAQUIN",MANTECA,-121.25221252441406,37.790111541748047
8696439,2018,2018-09-25,3902,2018-07-19,0817,RP64,,4,5,5,3902,0,0,0,,0,,"W TRUNER RD","CALIFORNIA ST",0.00,,Y,A,-,N,,,,,,,,,,Y,2,0,1,2,A,-,09,21801,A,N,D,C,A,A,H,-,A,D,0,,,Y,,Y,,A,01,1,0,0,0,0,0,0,0,1,"- ","- ",,,"SAN JOAQUIN",LODI,-121.28052995,38.145670029999998
8703847,2018,2018-11-02,3905,2018-08-03,1330,2794,VAL,5,5,6,3905,0,0,0,,0,,"SWAIN RD","WEST LN",10.00,W,N,A,-,N,,,,,,,,,,Y,2,0,2,4,C,-,18,,,N,D,C,A,A,A,-,A,A,0,,,,,Y,,-,"- ",1,1,0,0,0,0,0,0,0,"- ","- ",38.010890960693359,-121.29457855224609,"SAN JOAQUIN",STOCKTON,-121.2943115234375,38.010871887207031
8703899,2018,2018-10-10,3905,2018-09-17,2020,2862,PAR,1,5,6,3905,0,0,0,,0,,"FREMONT ST","E ST",41.00,W,N,A,-,N,,,,,,,,,,N,2,0,1,2,A,-,11,21954,A,N,G,B,D,A,H,-,C,D,0,Y,,,,Y,Y,N,60,1,0,0,0,1,0,0,0,0,"- ","- ",37.963268280029297,-121.26096343994141,"SAN JOAQUIN",STOCKTON,-121.21018981933594,37.804698944091797
8706988,2018,2018-10-09,3905,2018-08-31,1323,2525,CIV,5,5,6,3905,0,0,0,,0,,"EL DORADO ST","GIBSON ST",130.00,N,N,A,-,N,,,,,,,,,,N,2,0,1,2,A,-,11,21955,,N,G,B,D,A,H,-,A,D,0,Y,,,,Y,,N,60,1,0,0,0,1,0,0,0,0,"- ","- ",37.988681793212891,-121.3023681640625,"SAN JOAQUIN",STOCKTON,-121.30293273925781,37.988922119140625
8711996,2018,2018-10-17,3905,2018-09-04,2135,2681,LAK,2,5,6,3905,0,0,0,,0,,"MARCH LN","EL DORADO ST",0.00,,Y,A,-,N,,,,,,,,,,N,2,0,1,2,A,-,11,21453,D,N,G,B,B,A,H,-,C,A,0,Y,,,,Y,,N,60,1,0,0,0,1,0,0,0,0,"- ","- ",37.996379852294922,-121.30506896972656,"SAN JOAQUIN",STOCKTON,-121.3057861328125,37.996238708496094
8718135,2018,2018-10-17,3902,2018-08-26,2131,AB36,,7,5,5,3902,0,0,0,,0,,"SOUTH CHEROKEE LN","ALMOND DR",3.00,S,N,A,-,N,,,,,,,,,,N,2,0,1,2,A,-,10,21950,A,F,G,B,D,A,H,-,C,D,0,Y,,,,Y,,A,01,1,0,0,0,1,0,0,0,0,"- ","- ",,,"SAN JOAQUIN",LODI,-121.26040649414062,38.111442565917969
8736655,2018,2018-11-28,3905,2018-10-02,2020,2981,VAL,2,5,6,3905,0,0,0,,0,,"MORADA LN","FOX CREEK DR",561.00,W,N,A,-,N,,,,,,,,,,Y,2,0,1,3,A,-,03,22350,,N,C,E,A,A,H,-,C,D,0,,,,,Y,Y,D,22,1,0,0,0,0,0,0,0,0,"- ","- ",38.036880493164062,-121.28137969970703,"SAN JOAQUIN",STOCKTON,-121.28321075439453,38.036937713623047
8736869,2018,2018-11-27,3905,2018-10-17,1755,2909,CIV,3,5,6,3905,0,0,0,,0,,"MINER AV","SUTTER ST",0.00,,Y,A,-,N,,,,,,,,,,N,2,0,1,2,A,-,11,21955,,N,G,B,D,A,H,-,B,A,0,Y,,,,Y,Y,N,60,1,0,0,0,1,0,0,0,0,"- ","- ",37.956348419189453,-121.28663635253906,"SAN JOAQUIN",STOCKTON,-121.28671264648438,37.956348419189453
8736877,2018,2018-11-26,3905,2018-10-19,2122,2768,VAL,5,5,6,3905,0,0,0,,0,,"MARCH LN","HOLIDAY DR",25.00,W,N,A,-,N,,,,,,,,,,N,2,0,1,2,A,-,03,22350,,N,C,C,A,A,H,-,C,A,0,,,Y,,Y,,A,01,1,0,0,0,0,0,0,0,1,"- ","- ",38.000709533691406,-121.29621124267578,"SAN JOAQUIN",STOCKTON,-121.29683685302734,38.000732421875
8736934,2018,2018-11-26,3905,2018-11-07,1751,2869,SEA,3,5,6,3905,0,0,0,,0,,"MARTIN LUTHER KING BL","SUTTER ST",0.00,,Y,A,-,N,,,,,,,,,,N,2,0,1,2,A,-,11,21955,,N,G,B,D,A,H,-,C,D,0,Y,,,,Y,Y,N,60,1,0,0,0,1,0,0,0,0,"- ","- ",37.939571380615234,-121.28225708007812,"SAN JOAQUIN",STOCKTON,-121.28215789794922,37.939659118652344
8740083,2018,2019-01-17,3905,2018-10-18,1603,3409,PAR,4,5,6,3905,0,0,0,,0,,"HAZELTON AV","SHARON AV",0.00,,Y,A,-,N,,,,,,,,,,N,2,0,1,2,A,-,09,21802,A,N,D,G,A,A,H,-,A,A,0,,Y,,,Y,,L,04,1,0,0,0,0,0,1,0,0,"- ","- ",37.953079223632812,-121.25478363037109,"SAN JOAQUIN",STOCKTON,-121.25482177734375,37.953289031982422
8756213,2018,2018-12-13,3902,2018-10-12,0146,JS73,,5,5,5,3902,0,0,0,,0,,"SOUTH CHEROKEE LN","ALMOND DR",224.00,S,N,A,-,N,,,,,,,,,,Y,2,0,1,1,A,-,08,22107,,N,E,I,A,A,H,-,C,D,0,,,,,Y,,A,01,1,0,0,0,0,0,0,0,0,"- ","- ",,,"SAN JOAQUIN",LODI,-121.26040649414062,38.110836029052734
8756217,2018,2018-12-13,3902,2018-10-22,1907,ZO57,,1,5,5,3902,0,0,0,,0,,"TURNER RD","HARVEST CROSSING",103.00,E,N,A,-,N,,,,,,,,,,Y,2,0,2,2,A,-,08,22107,,F,A,C,A,A,H,-,C,D,0,,,,,Y,,A,01,1,0,1,0,0,0,0,0,0,"- ","- ",,,"SAN JOAQUIN",LODI,-121.30868530273438,38.145561218261719
8756225,2018,2018-12-13,3902,2018-10-24,0800,49,,3,5,5,3902,0,0,0,,0,,"W TOKAY ST","S CRESCENT AV",0.00,,Y,A,-,N,,,,,,,,,,Y,2,0,1,2,A,-,09,21800,A,N,D,C,A,A,H,-,A,A,0,,,,,Y,,A,01,1,0,0,0,0,0,0,0,0,"- ","- ",,,"SAN JOAQUIN",LODI,-121.28285980224609,38.126331329345703
8760837,2018,2019-01-26,3906,2018-12-28,1753,1476,,5,5,5,3906,0,0,0,,0,005,"GRANT LINE RD","MACARTHUR DR",684.00,E,N,A,-,N,,,,,,,,,,Y,2,0,1,2,A,-,09,21804,A,N,D,C,A,A,H,-,C,D,0,,,,Y,Y,,F,26,1,0,0,0,0,0,0,0,0,"- ","- ",,,"SAN JOAQUIN",TRACY,-121.41228485107422,37.754238128662109
8761090,2018,2019-01-25,3905,2018-12-02,1132,2463,SEA,7,5,6,3905,0,0,0,,0,,"LEVER BL","GEORGIA AV",417.00,E,N,A,-,N,,,,,,,,,,Y,2,0,1,2,A,-,01,23152,A,F,B,E,A,A,H,-,A,D,0,,,,,Y,Y,A,07,1,0,0,0,0,0,0,0,0,"- ","- ",37.923370361328125,-121.30034637451172,"SAN JOAQUIN",STOCKTON,-121.29912567138672,37.923328399658203
8768686,2018,2019-02-04,3905,2018-12-25,1815,2854,CIV,2,5,6,3905,0,0,0,,0,,"HARDING WY","COMMERCE ST",5.00,E,N,A,-,N,,,,,,,,,,Y,2,0,1,2,A,-,10,21950,A,N,G,B,B,A,H,-,C,D,0,Y,,,,Y,Y,A,01,1,0,0,0,1,0,0,0,0,"- ","- ",37.967128753662109,-121.29624938964844,"SAN JOAQUIN",STOCKTON,-121.29640960693359,37.967094421386719
8769851,2018,2019-01-11,3905,2018-11-19,1844,2200,LAK,1,5,6,3905,0,0,0,,0,,"MARCH LN","CLAREMONT AV",450.00,W,N,A,-,N,,,,,,,,,,Y,2,0,1,1,A,-,03,22350,,N,E,I,A,A,H,-,C,D,0,,,,,Y,,A,01,1,0,0,0,0,0,0,0,0,"- ","- ",37.994209289550781,-121.30825805664062,"SAN JOAQUIN",STOCKTON,-121.30998229980469,37.993305206298828
8778789,2018,2019-02-02,3902,2018-02-03,2100,28,,6,5,5,3902,0,0,0,,0,,"TURNER RD","COLOMA DR",0.00,,Y,A,-,N,,,,,,,,,,N,2,0,1,2,A,-,11,21954,A,N,G,B,D,A,H,-,C,D,0,Y,,,,Y,,N,60,1,0,0,0,1,0,0,0,0,"- ","- ",,,"SAN JOAQUIN",LODI,-121.26679992675781,38.145778656005859
8782022,2018,2019-01-23,3903,2018-11-14,2151,1751,,3,5,4,3903,0,0,0,,0,,"MAIN ST","ARGONAUT ST",87.00,N,N,A,-,N,,,,,,,,,,Y,2,0,1,2,A,-,03,22350,,N,D,C,A,A,H,-,C,D,0,,,,,Y,,A,01,1,0,0,0,0,0,0,0,0,"- ","- ",37.806999206542969,-121.21600341796875,"SAN JOAQUIN",MANTECA,-121.21689605712891,37.808010101318359
8796411,2018,2019-02-20,3905,2018-11-16,2003,99999,,5,5,6,3905,0,0,0,,0,,"PLYMOUTH RD","SWAIN RD",0.00,,Y,A,-,N,,,,,,,,,,Y,2,0,2,2,A,-,12,22450,A,N,D,C,A,A,H,-,C,A,0,,,,,Y,,A,01,1,1,0,0,0,0,0,0,0,"- ","- ",38.000408172607422,-121.34764862060547,"SAN JOAQUIN",STOCKTON,-121.34767913818359,38.000358581542969
8808118,2018,2019-04-29,3906,2018-09-21,0550,10118,3906,5,5,5,3906,0,0,0,,0,007,"MT HOUSE PKWY","PROMONTORY PKWY",0.00,,Y,A,-,N,,,,,,,,,,Y,1,1,1,2,A,-,08,22101,D,N,D,C,A,A,H,-,D,A,0,,,,Y,Y,,A,01,0,1,0,0,0,0,0,0,0,"- ","- ",,,"SAN JOAQUIN",TRACY,-121.53146988,37.73315006
8808174,2018,2020-05-21,3903,2018-08-11,1154,3540,,6,5,4,3903,0,0,0,,0,,"YOSEMITE AV","PESTANA AV",233.00,W,N,A,-,N,,,,,,,,,,Y,1,1,0,2,A,-,08,22102,,N,D,C,A,A,H,-,A,A,0,,,Y,,Y,,A,01,0,0,0,0,0,0,0,1,0,"- ","- ",37.797618865966797,-121.18672943115234,"SAN JOAQUIN",MANTECA,-121.18752288818359,37.797531127929688
8808418,2019,2021-05-25,3903,2019-02-15,1935,1751,,5,5,4,3903,0,0,0,,0,,"MOFFAT BL","SPRECKELS AV",1677.00,E,N,B,-,N,,,,,,,,,,N,1,1,0,2,A,-,11,21954,A,N,G,B,D,A,H,-,C,D,0,Y,,,,Y,,N,60,0,0,0,1,0,0,0,0,0,"- ","- ",37.785911560058594,-121.20014953613281,"SAN JOAQUIN",MANTECA,-121.19575500488281,37.783218383789062
8810203,2019,2019-03-22,3900,2019-03-03,2010,161247,3900,7,5,2,3920,0,0,0,,0,009,"5TH ST","O ST",0.00,,Y,A,-,N,,,,,,,,,,Y,2,0,3,2,A,-,01,23152,A,N,A,C,A,A,H,-,C,A,0,,,,,Y,Y,D,22,1,0,2,0,0,0,0,0,0,"- ","- ",,,"SAN JOAQUIN",LATHROP,-121.27829742431641,37.816158294677734
8810871,2019,2019-05-22,3901,2019-02-06,1836,L12,,3,5,2,3901,0,0,0,,0,,"RT 120","BRENNAN AV",0.00,,Y,A,-,Y,SJ,10,120,-,-,15.860,I,5,W,N,2,0,3,3,A,-,09,21800,,N,D,C,A,A,H,-,C,A,0,,,,,Y,,A,07,1,1,1,0,0,0,0,0,0,"- ","- ",,,"SAN JOAQUIN",ESCALON,-121.01499176025391,37.798564910888672
8814216,2018,2019-03-26,3905,2018-08-28,1026,2021,LAK,2,5,6,3905,0,0,0,,0,,"YOKUTS AV","CLAREMONT AV",0.00,,Y,A,-,N,,,,,,,,,,N,2,0,1,2,B,-,22,,,N,D,C,A,A,H,-,A,A,0,,,,,Y,,J,49,1,0,0,0,0,0,0,0,0,"- ","- ",37.997859954833984,-121.30962371826172,"SAN JOAQUIN",STOCKTON,-121.31011962890625,37.997699737548828
8814605,2019,2019-03-08,3905,2019-01-08,0452,2888,PAR,2,5,6,3905,0,0,0,,0,,"AIRPORT WY","HAZELTON AV",6.00,N,N,A,-,N,,,,,,,,,,N,2,0,1,2,A,-,11,21955,,F,G,B,D,A,H,-,B,A,0,Y,,,,Y,,N,60,1,0,0,0,1,0,0,0,0,"- ","- ",37.949321746826172,-121.27256011962891,"SAN JOAQUIN",STOCKTON,-121.2725830078125,37.949447631835938
8815435,2019,2019-03-11,3905,2019-01-22,1841,2893,CIV,2,5,6,3905,0,0,0,,0,,"WEST LN","EL PINAL DR",0.00,,Y,A,-,N,,,,,,,,,,Y,2,0,2,3,C,-,18,,,N,A,C,A,A,H,-,C,-,0,,,,,Y,,-,"- ",1,0,1,0,0,0,0,0,0,"- ","- ",37.977878570556641,-121.28098297119141,"SAN JOAQUIN",STOCKTON,-121.28134918212891,37.977901458740234
8815485,2019,2019-03-11,3905,2019-01-23,1846,2891,PAR,3,5,6,3905,0,0,0,,0,,"FARMINGTON RD","LADD TRACT RD",0.00,,Y,A,-,N,,,,,,,,,,N,2,0,1,2,A,-,05,21650,1,F,H,G,A,A,H,-,D,D,0,,Y,,,Y,,L,04,1,0,0,0,0,0,1,0,0,"- ","- ",37.940460205078125,-121.23499298095703,"SAN JOAQUIN",STOCKTON,-121.23628997802734,37.940570831298828
8820950,2019,2019-03-22,3902,2019-02-01,2017,DS15,,5,5,5,3902,0,0,0,,0,,"SOUTH STOCKTON ST","FLORA ST",20.00,S,N,C,-,N,,,,,,,,,,Y,2,0,1,3,A,-,01,23152,A,N,C,E,A,B,H,-,C,D,0,,,,Y,Y,Y,A,01,1,0,0,0,0,0,0,0,0,"- ","- ",,,"SAN JOAQUIN",LODI,-121.26975250244141,38.128463745117188
8835090,2019,2019-04-23,3905,2019-02-10,1828,2979,VAL,7,5,6,3905,0,0,0,,0,,"HAMMER LN","HOLMAN RD",272.00,W,N,A,-,N,,,,,,,,,,N,2,0,1,2,A,-,11,21954,A,N,G,B,D,A,H,-,C,A,0,Y,,,,Y,,N,60,1,0,0,0,1,0,0,0,0,"- ","- ",38.020980834960938,-121.27191162109375,"SAN JOAQUIN",STOCKTON,-121.27268218994141,38.021263122558594