CASE_ID,ACCIDENT_YEAR,PROC_DATE,JURIS,COLLISION_DATE,COLLISION_TIME,OFFICER_ID,REPORTING_DISTRICT,DAY_OF_WEEK,CHP_SHIFT,POPULATION,CNTY_CITY_LOC,SPECIAL_COND,BEAT_TYPE,CHP_BEAT_TYPE,CITY_DIVISION_LAPD,CHP_BEAT_CLASS,BEAT_NUMBER,PRIMARY_RD,SECONDARY_RD,DISTANCE,DIRECTION,INTERSECTION,WEATHER_1,WEATHER_2,STATE_HWY_IND,CALTRANS_COUNTY,CALTRANS_DISTRICT,STATE_ROUTE,ROUTE_SUFFIX,POSTMILE_PREFIX,POSTMILE,LOCATION_TYPE,RAMP_INTERSECTION,SIDE_OF_HWY,TOW_AWAY,COLLISION_SEVERITY,NUMBER_KILLED,NUMBER_INJURED,PARTY_COUNT,PRIMARY_COLL_FACTOR,PCF_CODE_OF_VIOL,PCF_VIOL_CATEGORY,PCF_VIOLATION,PCF_VIOL_SUBSECTION,HIT_AND_RUN,TYPE_OF_COLLISION,MVIW,PED_ACTION,ROAD_SURFACE,ROAD_COND_1,ROAD_COND_2,LIGHTING,CONTROL_DEVICE,CHP_ROAD_TYPE,PEDESTRIAN_ACCIDENT,BICYCLE_ACCIDENT,MOTORCYCLE_ACCIDENT,TRUCK_ACCIDENT,NOT_PRIVATE_PROPERTY,ALCOHOL_INVOLVED,STWD_VEHTYPE_AT_FAULT,CHP_VEHTYPE_AT_FAULT,COUNT_SEVERE_INJ,COUNT_VISIBLE_INJ,COUNT_COMPLAINT_PAIN,COUNT_PED_KILLED,COUNT_PED_INJURED,COUNT_BICYCLIST_KILLED,COUNT_BICYCLIST_INJURED,COUNT_MC_KILLED,COUNT_MC_INJURED,PRIMARY_RAMP,SECONDARY_RAMP,LATITUDE,LONGITUDE,COUNTY,CITY,POINT_X,POINT_Y
8836178,2019,2019-04-15,3906,2019-03-31,0014,10126,24,7,5,5,3906,0,0,0,,0,002,"GIANELLI ST","SCHULTE RD",0.00,,Y,A,-,N,,,,,,,,,,Y,2,0,1,1,A,-,01,23152,A,N,E,I,A,A,H,-,C,A,0,,,Y,,Y,Y,C,02,1,0,0,0,0,0,0,0,1,"- ","- ",37.724948883056641,-121.42849731445312,"SAN JOAQUIN",TRACY,-121.42848968505859,37.725139617919922
8836845,2019,2019-04-23,3905,2019-03-25,1143,7035,CIV,1,5,6,3905,0,0,0,,0,,"HARDING WY","CENTER ST",177.00,S,N,A,-,N,,,,,,,,,,Y,2,0,1,2,A,-,12,21453,A,N,D,C,A,A,H,-,A,A,0,,,,,Y,,A,01,1,0,0,0,0,0,0,0,0,"- ","- ",37.967338562011719,-121.29493713378906,"SAN JOAQUIN",STOCKTON,-121.29573822021484,37.967208862304688
8839437,2019,2019-04-18,3906,2019-04-09,1905,1596,TRACY,2,5,5,3906,0,0,0,,0,003,"BEECHNUT AV","TRACY BL",0.00,,Y,A,-,N,,,,,,,,,,N,2,0,1,2,A,-,05,21651,B,N,G,G,A,A,H,-,A,A,0,,Y,,,Y,,L,04,1,0,0,0,0,0,1,0,0,"- ","- ",,,"SAN JOAQUIN",TRACY,-121.43618011474609,37.736759185791016
8842214,2019,2019-04-24,3905,2019-03-23,1606,2566,BEA,6,5,6,3905,0,0,0,,0,,"MOKELUMNE CI","BRITTON AV",540.00,S,N,A,-,N,,,,,,,,,,N,2,0,1,1,A,-,03,22350,,N,E,J,A,A,H,-,A,D,0,,,,,Y,,A,01,1,0,0,0,0,0,0,0,0,"- ","- ",38.054000854492188,-121.37899780273438,"SAN JOAQUIN",STOCKTON,-121.37908172607422,38.052486419677734
8842217,2019,2019-04-24,3905,2019-03-28,1644,3409,CIV,4,5,6,3905,0,0,0,,0,,"FREMONT ST","STOCKTON ST",0.00,,Y,A,-,N,,,,,,,,,,Y,2,0,2,2,A,-,09,21802,A,N,D,C,A,A,H,-,A,A,0,,,,,Y,,A,01,1,1,0,0,0,0,0,0,0,"- ","- ",37.955631256103516,-121.30413055419922,"SAN JOAQUIN",STOCKTON,-121.30417633056641,37.955528259277344
8843993,2019,2019-04-18,3905,2019-02-07,0843,2626,PAR,4,5,6,3905,0,0,0,,0,,"ARCH RD","FITE CT",0.00,,Y,B,-,N,,,,,,,,,,N,2,0,2,3,A,-,12,21453,A,N,D,C,A,B,H,-,A,A,0,,,,,Y,,A,01,1,0,1,0,0,0,0,0,0,"- ","- ",37.904998779296875,-121.20800018310547,"SAN JOAQUIN",STOCKTON,-121.20832061767578,37.905281066894531
8844103,2019,2019-04-18,3905,2019-03-09,1844,2463,CIV,6,5,6,3905,0,0,0,,0,,"EL DORADO ST","NOBLE ST",0.00,,Y,B,-,N,,,,,,,,,,Y,2,0,2,2,A,-,09,21801,A,N,D,C,A,B,H,-,C,D,0,,,,,Y,,A,01,1,1,0,0,0,0,0,0,0,"- ","- ",37.976119995117188,-121.29743194580078,"SAN JOAQUIN",STOCKTON,-121.29769897460938,37.976070404052734
8844150,2019,2019-04-18,3905,2019-03-04,0418,2963,PAR,1,5,6,3905,0,0,0,,0,,"AIRPORT WY","WORTH ST",40.00,N,N,A,-,N,,,,,,,,,,Y,2,0,1,1,A,-,01,23152,A,N,E,I,A,A,H,-,D,D,0,,,,,Y,Y,A,01,1,0,0,0,0,0,0,0,0,"- ","- ",37.946319580078125,-121.27178192138672,"SAN JOAQUIN",STOCKTON,-121.27175903320312,37.946517944335938
8847689,2019,2019-04-22,3905,2019-03-19,1915,1412,BEA,2,5,6,3905,0,0,0,,0,,"MARINERS DR","HAMMER LN",460.00,N,N,A,-,N,,,,,,,,,,Y,2,0,1,1,A,-,03,22350,,N,E,I,A,A,H,-,C,D,0,,,Y,,Y,,C,02,1,0,0,0,0,0,0,0,1,"- ","- ",38.021278381347656,-121.36190795898438,"SAN JOAQUIN",STOCKTON,-121.36128234863281,38.022567749023438
8847693,2019,2019-04-22,3905,2019-03-19,2337,2988,PAR,2,5,6,3905,0,0,0,,0,,"AIRPORT WY","WASHINGTON ST",124.00,N,N,C,-,N,,,,,,,,,,N,2,0,1,2,A,-,11,21954,A,F,G,B,D,B,H,-,C,A,0,Y,,,,Y,,N,60,1,0,0,0,1,0,0,0,0,"- ","- ",37.953300476074219,-121.27359771728516,"SAN JOAQUIN",STOCKTON,-121.27374267578125,37.953742980957031
8854456,2019,2019-05-16,3902,2019-02-09,1501,DC61,,6,5,5,3902,0,0,0,,0,,"E ELM ST","NORTH MAIN ST",167.00,E,N,B,-,N,,,,,,,,,,N,2,0,1,2,A,-,09,21804,A,N,-,G,A,B,H,-,A,D,0,,Y,,,Y,,L,04,1,0,0,0,0,0,1,0,0,"- ","- ",,,"SAN JOAQUIN",LODI,-121.27008819580078,38.135257720947266
8858875,2019,2019-05-20,3903,2019-04-13,0509,4084,,6,5,4,3903,0,0,0,,0,,"WEST YOSEMITE AV","FISHBACK RD",392.00,E,N,A,-,N,,,,,,,,,,Y,2,0,2,2,A,-,01,23153,A,N,C,C,A,A,H,-,C,D,0,,,,,Y,Y,A,01,1,1,0,0,0,0,0,0,0,"- ","- ",,,"SAN JOAQUIN",MANTECA,-121.24676513671875,37.797325134277344
8859898,2019,2019-05-24,3905,2019-04-21,1802,2463,SEA,7,5,6,3905,0,0,0,,0,,"CAROLYN WESTON BL","E W S WOODS BL",0.00,,Y,A,-,N,,,,,,,,,,N,2,0,1,1,A,-,08,22107,,N,E,I,A,A,H,-,A,A,0,,,Y,,Y,,C,06,1,0,0,0,0,0,0,0,1,"- ","- ",37.911678314208984,-121.30449676513672,"SAN JOAQUIN",STOCKTON,-121.30452728271484,37.911468505859375
8862867,2019,2019-05-28,3905,2019-04-24,2100,2902,SEA,3,5,6,3905,0,0,0,,0,,"CALIFORNIA ST","ELLIS ST",0.00,,Y,A,-,N,,,,,,,,,,N,2,0,1,2,A,-,11,21956,,N,G,B,D,A,H,-,C,D,0,Y,,,,Y,,N,60,1,0,0,0,1,0,0,0,0,"- ","- ",37.976871490478516,-121.29132080078125,"SAN JOAQUIN",STOCKTON,-121.29161834716797,37.976879119873047
8864888,2019,2019-07-02,3905,2019-05-03,0819,2719,CIV,5,5,6,3905,0,0,0,,0,,"WEST LN","BOURBON ST",17.00,S,N,A,-,N,,,,,,,,,,N,1,1,0,2,A,-,10,21950,A,N,G,B,B,A,H,-,A,A,0,Y,,,Y,Y,,F,26,0,0,0,1,0,0,0,0,0,"- ","- ",37.987960815429688,-121.28489685058594,"SAN JOAQUIN",STOCKTON,-121.28535461425781,37.9879150390625
8866058,2019,2019-06-05,3906,2019-05-27,1217,1092,,1,5,5,3906,0,0,0,,0,003,"FABIAN RD","MONTGOMERY DR",210.00,E,N,A,-,N,,,,,,,,,,N,2,0,1,1,A,-,00,23103,,N,H,A,A,A,H,-,A,D,0,,,,,Y,,-,,1,0,0,0,0,0,0,0,0,"- ","- ",,,"SAN JOAQUIN",TRACY,-121.46975708007812,37.739559173583984
8866496,2019,2019-05-28,3905,2019-04-18,1012,3034,LAK,4,5,6,3905,0,0,0,,0,,"MARCH LN","PRECISSI LN",12.00,E,N,A,-,N,,,,,,,,,,Y,2,0,1,2,A,-,10,21950,A,N,G,B,B,A,H,-,A,A,0,Y,,,,Y,,A,01,1,0,0,0,1,0,0,0,0,"- ","- ",37.990718841552734,-121.31529998779297,"SAN JOAQUIN",STOCKTON,-121.31571197509766,37.990638732910156
8866504,2019,2019-05-28,3905,2019-04-12,0823,1487,VAL,5,5,6,3905,0,0,0,,0,,"MORADA A LN","GLACIER POINT DR",0.00,,Y,A,-,N,,,,,,,,,,N,2,0,1,2,A,-,05,21650,1,N,H,G,A,A,H,-,A,A,0,,Y,,,Y,,L,04,1,0,0,0,0,0,1,0,0,"- ","- ",38.036861419677734,-121.27234649658203,"SAN JOAQUIN",STOCKTON,-121.27223968505859,38.037029266357422
8866589,2019,2019-06-19,3905,2019-04-07,1845,2947,BEA,7,5,6,3905,0,0,0,,0,,"HAMMER LN","ETNA ST",0.00,,Y,A,-,N,,,,,,,,,,Y,2,0,2,3,A,-,01,23152,A,N,D,C,A,A,H,-,B,A,0,,,,,Y,,A,01,1,0,1,0,0,0,0,0,0,"- ","- ",38.021209716796875,-121.31973266601562,"SAN JOAQUIN",STOCKTON,-121.31941986083984,38.021030426025391
8870025,2019,2019-06-10,3905,2019-05-09,0515,2956,CIV,4,5,6,3905,0,0,0,,0,,"PACIFIC AV","ALPINE AV",375.00,S,N,A,-,N,,,,,,,,,,N,2,0,1,2,A,-,11,21954,A,N,G,B,D,A,H,-,C,D,0,Y,,,,Y,,N,60,1,0,0,0,1,0,0,0,0,"- ","- ",37.978561401367188,-121.30525970458984,"SAN JOAQUIN",STOCKTON,-121.30487823486328,37.977565765380859
8871259,2019,2019-06-14,3902,2019-04-14,0938,EU68,,7,5,5,3902,0,0,0,,0,,"TURNER RD","PLEASANT AV",0.00,,Y,A,-,N,,,,,,,,,,N,2,0,2,2,A,-,09,21801,A,N,D,C,A,A,H,-,A,A,0,,,Y,,Y,,A,01,1,0,1,0,0,0,0,0,1,"- ","- ",,,"SAN JOAQUIN",LODI,-121.27638244628906,38.14569091796875
8881049,2019,2019-06-21,3900,2019-06-02,1555,7688,LATHR,7,5,2,3920,0,0,0,,0,,"LATHROP RD","5TH ST",225.00,W,N,A,-,N,,,,,,,,,,Y,2,0,1,2,A,-,08,22107,,N,B,C,A,A,H,-,A,D,0,,,Y,,Y,,C,02,1,0,0,0,0,0,0,0,1,"- ","- ",,,"SAN JOAQUIN",LATHROP,-121.27901458740234,37.826389312744141
8885511,2019,2019-07-09,3905,2019-05-15,2057,19-20171,VAL,3,5,6,3905,0,0,0,,0,,"HAMMER LN","MARANATHA DR",0.00,,Y,C,-,N,,,,,,,,,,Y,2,0,5,2,A,-,01,23152,A,N,D,C,A,B,H,-,C,A,0,,,,,Y,Y,A,01,2,3,0,0,0,0,0,0,0,"- ","- ",38.020980834960938,-121.26444244384766,"SAN JOAQUIN",STOCKTON,-121.26412200927734,38.021251678466797
8890343,2019,2019-10-29,3905,2019-06-04,1216,2529,CIV,2,5,6,3905,0,0,0,,0,0CS,"EL DORADO ST","RT 4",0.00,,Y,A,-,Y,SJ,10,4,-,R,16.798,R,4,E,Y,2,0,2,2,A,-,12,21453,A,N,D,C,A,A,H,-,A,A,0,,,,,Y,,A,07,1,1,0,0,0,0,0,0,0,"- ",EO,37.949798583984375,-121.28900909423828,"SAN JOAQUIN",STOCKTON,-121.28740692138672,37.950477600097656
8891013,2019,2019-07-17,3905,2019-06-10,1840,2837,PAR,1,5,6,3905,0,0,0,,0,,"B ST","ZEPHYR ST",700.00,S,N,A,-,N,,,,,,,,,,N,2,0,1,2,A,-,03,22350,,F,G,B,F,A,H,-,A,D,0,Y,,,,Y,,A,01,1,0,0,0,1,0,0,0,0,"- ","- ",37.9168701171875,-121.24848937988281,"SAN JOAQUIN",STOCKTON,-121.24810791015625,37.915153503417969
8891016,2019,2019-07-17,3905,2019-06-14,1635,3410,SEA,5,5,6,3905,0,0,0,,0,,"STANISLAUS ST","MARTIN LUTHER KING BL",79.00,N,N,A,-,N,,,,,,,,,,N,2,0,1,2,A,-,05,21650,1,N,D,G,A,A,H,-,A,D,0,,Y,,,Y,,L,04,1,0,0,0,0,0,1,0,0,"- ","- ",37.940200805664062,-121.27835083007812,"SAN JOAQUIN",STOCKTON,-121.27830505371094,37.94049072265625
8891190,2019,2019-07-19,3905,2019-06-22,1341,2466,CIV,6,5,6,3905,0,0,0,,0,,"LARRY HELLER DR","PERSHING AV",255.00,E,N,A,-,N,,,,,,,,,,Y,2,0,1,1,A,-,03,22350,,N,E,I,A,A,H,-,A,D,0,,,Y,,Y,,C,02,1,0,0,0,0,0,0,0,1,"- ","- ",37.975608825683594,-121.31723785400391,"SAN JOAQUIN",STOCKTON,-121.31671142578125,37.975696563720703
8892321,2019,2019-07-11,3905,2019-04-22,0336,2850,SEA,1,5,6,3905,0,0,0,,0,,"MARTIN LUTHER KING BL","CENTER ST",0.00,,Y,A,-,N,,,,,,,,,,Y,2,0,3,3,A,-,12,21453,A,N,D,C,A,A,H,-,C,A,0,,,,,Y,,A,01,1,0,2,0,0,0,0,0,0,"- ","- ",37.938701629638672,-121.28752899169922,"SAN JOAQUIN",STOCKTON,-121.28739166259766,37.93878173828125
8892337,2019,2019-07-11,3905,2019-04-06,2326,1412,BEA,6,5,6,3905,0,0,0,,0,,"ANGEL DR","TREETOP DR",194.00,E,N,A,-,N,,,,,,,,,,N,2,0,2,1,A,-,03,22350,,N,E,I,A,A,H,-,C,D,0,,,Y,,Y,,C,02,1,1,0,0,0,0,0,0,2,"- ","- ",38.038711547851562,-121.35214996337891,"SAN JOAQUIN",STOCKTON,-121.35135650634766,38.038688659667969
8910808,2020,2022-06-18,3905,2020-01-02,0452,2718,SEA,4,5,6,3905,0,0,0,,0,,"CHARTER WY","ARMY CT",1267.00,W,N,A,-,Y,SJ,10,4,-,-,14.210,H,-,W,Y,1,1,0,4,A,-,06,21760,C,F,H,G,A,A,H,-,C,D,0,,Y,,,Y,Y,A,01,0,0,0,0,0,1,0,0,0,"- ","- ",,,"SAN JOAQUIN",STOCKTON,-121.32737731933594,37.928821563720703
8910813,2020,2022-06-18,3903,2020-01-05,2314,3540,,7,5,4,3903,0,0,0,,0,,"MAIN ST","MISSION RIDGE DR",0.00,,Y,A,-,N,,,,,,,,,,Y,1,1,0,2,A,-,01,23153,B,F,G,G,A,A,H,-,C,A,0,,Y,,,Y,Y,A,01,0,0,0,0,0,1,0,0,0,"- ","- ",37.787639617919922,-121.21587371826172,"SAN JOAQUIN",MANTECA,-121.21608734130859,37.787590026855469
8910936,2020,2022-06-18,3906,2020-02-09,1803,1280,,7,5,5,3906,0,0,0,,0,002,"S TRACY BL","LINNE RD",146.00,N,N,A,-,N,,,,,,,,,,Y,1,1,0,1,A,-,03,22350,,N,E,I,A,A,H,-,B,A,0,,,,,Y,Y,A,01,0,0,0,0,0,0,0,0,0,"- ","- ",,,"SAN JOAQUIN",TRACY,-121.43461608886719,37.696422576904297
8910994,2019,2021-05-24,3905,2019-08-20,1233,,,2,5,6,3905,0,0,0,,0,,"E HAMMER LN","MARANATHA DR",0.00,,Y,A,-,N,,,,,,,,,,Y,1,1,2,3,A,-,12,21453,A,N,D,C,A,A,H,-,A,A,0,,,,,Y,,A,01,2,0,0,0,0,0,0,0,0,"- ","- ",38.021251678466797,-121.26418304443359,"SAN JOAQUIN",STOCKTON,-121.26412200927734,38.021251678466797
8911023,2020,2020-05-08,3905,2020-01-26,0247,7053,LAK,7,5,6,3905,0,0,0,,0,,"HAMMER LN","ALEXANDRIA PL",227.00,E,N,C,-,N,,,,,,,,,,Y,1,1,0,1,A,-,01,23152,G,N,E,I,A,B,H,-,C,A,0,,,,,Y,Y,A,01,0,0,0,0,0,0,0,0,0,"- ","- ",38.021518707275391,-121.33641815185547,"SAN JOAQUIN",STOCKTON,-121.33611297607422,38.020999908447266
8911362,2020,2020-11-03,3905,2020-03-12,1819,7034,PAR,4,5,6,3905,0,0,0,,0,,"MARIPOSA RD","RT 99",26.00,W,N,A,-,Y,SJ,10,99,-,-,16.341,R,4,N,Y,1,1,0,2,A,-,05,21460,A,N,D,C,A,A,H,-,B,A,0,,,,Y,Y,,A,01,0,0,0,0,0,0,0,0,0,"- ",NF,37.935150146484375,-121.23769378662109,"SAN JOAQUIN",STOCKTON,-121.23250579833984,37.92901611328125
8911703,2020,2020-10-26,3902,2020-08-04,1356,58,,2,5,5,3902,0,0,0,,0,,RT_12,"S LOWER SACRAMENTO RD",426.00,E,N,A,-,Y,SJ,10,12,-,-,15.240,H,-,E,N,1,1,0,2,A,-,03,22350,,N,H,G,A,A,H,-,A,D,0,,Y,,,Y,,L,04,0,0,0,0,0,1,0,0,0,"- ","- ",,,"SAN JOAQUIN",LODI,-121.30496215820312,38.115505218505859
8911704,2020,2022-06-18,3902,2020-08-24,1023,CD93,,1,5,5,3902,0,0,0,,0,,"W LODI AV","CHARLESTON WY",28.00,E,N,F,-,N,,,,,,,,,,Y,1,1,0,1,A,-,08,22107,,N,E,I,A,A,H,-,A,D,0,,,,,Y,,D,22,0,0,0,0,0,0,0,0,0,"- ","- ",,,"SAN JOAQUIN",LODI,-121.29658508300781,38.130069732666016
8911729,2020,2020-10-22,3905,2020-06-08,2355,1641,BEA,1,5,6,3905,0,0,0,,0,,"EIGHT MILE RD","LODUCA LN",0.00,,Y,A,-,N,,,,,,,,,,Y,1,1,1,1,A,-,07,21658,A,N,E,I,A,A,H,-,D,D,0,,,,,Y,,A,01,1,0,0,0,0,0,0,0,0,"- ","- ",,,"SAN JOAQUIN",STOCKTON,,
8911731,2020,2020-10-22,3905,2020-06-22,0113,2718,SEA,1,5,6,3905,0,0,0,,0,,"MARTIN LUTHER KING BL","HARRISON ST",115.00,E,N,A,-,N,,,,,,,,,,N,1,1,0,2,A,-,11,21955,,F,G,B,D,A,H,-,C,A,0,Y,,,,Y,Y,N,60,0,0,0,1,0,0,0,0,0,"- ","- ",37.937389373779297,-121.29489135742188,"SAN JOAQUIN",STOCKTON,-121.29476165771484,37.937416076660156
8911770,2020,2022-06-18,3905,2020-08-06,0935,1422,PAR,4,5,6,3905,0,0,0,,0,,"B ST","RALPH AV",0.00,,Y,A,-,N,,,,,,,,,,Y,1,1,0,2,A,-,12,22450,,N,D,C,A,A,H,-,A,A,0,,,Y,,Y,,C,02,0,0,0,0,0,0,0,1,0,"- ","- ",37.922710418701172,-121.25079345703125,"SAN JOAQUIN",STOCKTON,-121.25096130371094,37.922901153564453
8911791,2020,2022-06-11,3906,2020-06-26,0010,1052,192,5,5,5,3906,0,0,0,,0,003,"11TH ST","CROSSROADS DR",0.00,,Y,A,-,N,,,,,,,,,,Y,1,1,4,2,A,-,12,21453,A,N,D,C,A,A,H,-,C,A,0,,,,,Y,,A,01,0,4,0,0,0,0,0,0,0,"- ","- ",,,"SAN JOAQUIN",TRACY,-121.46427154541016,37.739208221435547
8911933,2019,2020-12-29,3903,2019-06-09,2237,3540,,7,5,4,3903,0,0,0,,0,,"WOODWARD AV","BUENA VISTA DR",0.00,,Y,A,-,N,,,,,,,,,,Y,1,1,0,2,A,-,12,22450,A,F,D,C,A,A,H,-,C,A,0,,,,,Y,,A,01,0,0,0,0,0,0,0,0,0,"- ","- ",37.775688171386719,-121.20973968505859,"SAN JOAQUIN",MANTECA,-121.20974731445312,37.775711059570312
8912000,2020,2022-06-18,3903,2020-07-01,0043,2393,,3,5,4,3903,0,0,0,,0,,"AIRPORT WY","LOUIE AV",0.00,,Y,A,-,N,,,,,,,,,,Y,1,1,0,3,A,-,01,23152,G,N,D,D,A,A,H,-,C,A,0,,,,Y,Y,Y,A,01,0,0,0,0,0,0,0,0,0,"- ","- ",37.811840057373047,-121.25318145751953,"SAN JOAQUIN",MANTECA,-121.25302886962891,37.811759948730469
8916799,2019,2019-08-19,3903,2019-06-22,2133,3540,,6,5,4,3903,0,0,0,,0,,"YOSEMITE AV","FREMONT ST",150.00,W,N,A,-,N,,,,,,,,,,Y,2,0,1,2,A,-,00,21954,,N,G,B,D,A,H,-,C,D,0,Y,,,,Y,Y,N,60,1,0,0,0,1,0,0,0,0,"- ","- ",37.797439575195312,-121.20973205566406,"SAN JOAQUIN",MANTECA,-121.21012115478516,37.797428131103516
8918757,2019,2019-08-26,3902,2019-06-17,0625,JA35,,1,5,5,3902,0,0,0,,0,,"CENTRAL AV","MISSION ST",0.00,,Y,A,-,N,,,,,,,,,,N,2,0,1,2,A,-,05,21202,A,N,H,G,A,A,H,-,A,A,0,,Y,,,Y,,L,04,1,0,0,0,0,0,1,0,0,"- ","- ",,,"SAN JOAQUIN",LODI,-121.26503753662109,38.121349334716797
8923267,2019,2019-08-23,3905,2019-07-08,2257,2234,BEA,1,5,6,3905,0,0,0,,0,,"EL DORADO ST","GLENCANNON ST",0.00,,Y,A,-,N,,,,,,,,,,N,2,0,1,2,A,-,12,22450,A,N,H,G,A,A,H,-,C,D,0,,Y,,,Y,,L,04,1,0,0,0,0,0,1,0,0,"- ","- ",38.026481628417969,-121.31649780273438,"SAN JOAQUIN",STOCKTON,-121.31626892089844,38.026309967041016
8924949,2019,2019-08-27,3905,2019-08-11,0445,2772,,7,5,6,3905,0,0,0,,0,,"HAMMER LN","HOLMAN RD",187.00,W,N,A,-,N,,,,,,,,,,N,2,0,1,2,A,-,10,21950,A,N,G,B,D,A,H,-,C,A,0,Y,,,,Y,,N,60,1,0,0,0,1,0,0,0,0,"- ","- ",38.020980834960938,-121.27191162109375,"SAN JOAQUIN",STOCKTON,-121.27239227294922,38.021263122558594
8932193,2019,2019-09-17,3902,2019-08-19,0653,EU68,,1,5,5,3902,0,0,0,,0,,"COVENTRY WY","ALMOND DR",0.00,,Y,A,-,N,,,,,,,,,,Y,2,0,1,2,A,-,09,21802,A,N,D,C,A,A,H,-,A,A,0,,,Y,,Y,,A,01,1,0,0,0,0,0,0,0,1,"- ","- ",,,"SAN JOAQUIN",LODI,-121.26509094238281,38.111251831054688
8932611,2019,2019-09-16,3902,2019-07-06,2126,KV86,,6,5,5,3902,0,0,0,,0,,"E LOCKEFORD ST","BECKMAN RD",92.00,W,N,A,-,N,,,,,,,,,,N,2,0,1,2,C,-,18,,,N,G,B,D,A,H,-,C,D,0,Y,,,,Y,,-,"- ",1,0,0,0,1,0,0,0,0,"- ","- ",,,"SAN JOAQUIN",LODI,-121.25740814208984,38.138259887695312
8935819,2019,2019-09-19,3903,2019-08-11,2359,3930,,7,5,4,3903,0,0,0,,0,,"PARK AV","LUPTON ST",60.00,S,N,A,-,N,,,,,,,,,,N,2,0,1,2,A,-,01,21200,5,N,E,G,A,A,H,-,C,D,0,,Y,,,Y,Y,L,04,1,0,0,0,0,0,1,0,0,"- ","- ",37.79241943359375,-121.21984100341797,"SAN JOAQUIN",MANTECA,-121.21970367431641,37.792194366455078
8939184,2019,2019-11-22,3905,2019-02-08,0305,,,5,5,6,3905,0,0,0,,0,,"MARCH LN","QUAIL LAKES DR",0.00,,Y,A,-,N,,,,,,,,,,Y,1,1,3,4,A,-,12,21453,A,N,D,C,A,A,H,-,C,A,0,,,,,Y,,D,22,2,0,1,0,0,0,0,0,0,"- ","- ",37.984710693359375,-121.33991241455078,"SAN JOAQUIN",STOCKTON,-121.33998870849609,37.984889984130859
8939299,2019,2019-09-27,3905,2019-05-09,2229,2413,VAL,4,5,6,3905,0,0,0,,0,,"WEST LN","ACCESS ST",719.00,S,N,A,-,N,,,,,,,,,,Y,1,1,1,1,A,-,01,23152,G,N,E,I,A,A,H,-,C,D,0,,,,,Y,Y,A,01,0,0,1,0,0,0,0,0,0,"- ","- ",38.006008148193359,-121.29277038574219,"SAN JOAQUIN",STOCKTON,-121.2916259765625,38.004096984863281
8939300,2019,2019-09-30,3905,2019-06-03,2203,2598,BEA,1,5,6,3905,0,0,0,,0,,"HAMMER LN","ETNA ST",279.00,W,N,A,-,N,,,,,,,,,,N,1,1,0,2,A,-,11,21954,A,N,G,B,D,A,H,-,C,D,0,Y,,,,Y,,N,60,0,0,0,1,0,0,0,0,0,"- ","- ",38.021209716796875,-121.31973266601562,"SAN JOAQUIN",STOCKTON,-121.32038879394531,38.021038055419922
8939481,2019,2021-05-24,3906,2019-07-07,1845,1473,,7,5,5,3906,0,0,0,,0,003,"MARIE ANGELA",VENETO,18.00,S,N,A,-,N,,,,,,,,,,Y,1,1,0,2,A,-,08,22107,,N,E,I,A,A,H,-,B,D,0,,,Y,,Y,Y,C,02,0,0,0,0,0,0,0,1,0,"- ","- ",,,"SAN JOAQUIN",TRACY,-121.46001434326172,37.724479675292969
8939483,2019,2021-05-28,3902,2019-06-22,2112,MG84,,6,5,5,3902,0,0,0,,0,,"LOWER SACRAMENTO RD","VINE ST",490.00,N,N,A,-,N,,,,,,,,,,Y,1,1,0,2,A,-,03,22350,,N,B,C,A,A,H,-,C,D,0,,,Y,,Y,Y,C,02,0,0,0,0,0,0,0,1,0,"- ","- ",,,"SAN JOAQUIN",LODI,-121.30670928955078,38.124176025390625
8939484,2019,2021-05-28,3903,2019-07-12,1538,3540,,5,5,4,3903,0,0,0,,0,,"SPRECKELS AV","DUPONT CT",0.00,,Y,A,-,N,,,,,,,,,,Y,1,1,1,2,A,-,09,21802,A,N,D,C,A,A,H,-,A,A,0,,,,,Y,,A,01,0,1,0,0,0,0,0,0,0,"- ","- ",37.789459228515625,-121.19734954833984,"SAN JOAQUIN",MANTECA,-121.19728088378906,37.789329528808594
8939565,2019,2020-01-31,3905,2019-09-10,1159,2291,CIV,2,5,6,3905,0,0,0,,0,,"MADISON ST","FLORA ST",0.00,,Y,A,-,N,,,,,,,,,,Y,1,1,0,2,A,-,09,21801,A,N,D,C,A,A,H,-,A,A,0,,,Y,,Y,Y,A,07,0,0,0,0,0,0,0,1,0,"- ","- ",37.960041046142578,-121.29576110839844,"SAN JOAQUIN",STOCKTON,-121.29586029052734,37.959991455078125
8939566,2019,2020-01-31,3905,2019-11-07,2046,2718,LAK,4,5,6,3905,0,0,0,,0,,"PACIFIC AV","BROOKSIDE RD",0.00,,Y,A,-,N,,,,,,,,,,Y,1,1,1,2,A,-,01,23152,F,N,D,C,A,A,H,-,C,A,0,,,Y,,Y,,C,02,0,1,0,0,0,0,0,1,0,"- ","- ",37.985389709472656,-121.3099365234375,"SAN JOAQUIN",STOCKTON,-121.31082916259766,37.985088348388672
8939599,2019,2021-06-02,3905,2019-11-03,0155,3039,PAR,7,5,6,3905,0,0,0,,0,,"MINER AV","D ST",721.00,W,N,A,-,N,,,,,,,,,,N,1,1,0,2,A,-,06,21760,C,F,C,G,A,A,H,-,C,D,0,,Y,,,Y,,A,01,0,0,0,0,0,1,0,0,0,"- ","- ",37.960941314697266,-121.26143646240234,"SAN JOAQUIN",STOCKTON,-121.26392364501953,37.960563659667969
8939605,2019,2020-02-13,3903,2019-08-30,0601,3540,,5,5,4,3903,0,0,0,,0,,"AIRPORT WY","LOVELACE RD",2486.00,S,N,A,-,N,,,,,,,,,,Y,1,1,0,2,A,-,11,21954,A,N,G,B,D,A,H,-,D,D,0,Y,,,,Y,,N,60,0,0,0,1,0,0,0,0,0,"- ","- ",,,"SAN JOAQUIN",MANTECA,-121.25466918945312,37.841529846191406