CASE_ID,ACCIDENT_YEAR,PROC_DATE,JURIS,COLLISION_DATE,COLLISION_TIME,OFFICER_ID,REPORTING_DISTRICT,DAY_OF_WEEK,CHP_SHIFT,POPULATION,CNTY_CITY_LOC,SPECIAL_COND,BEAT_TYPE,CHP_BEAT_TYPE,CITY_DIVISION_LAPD,CHP_BEAT_CLASS,BEAT_NUMBER,PRIMARY_RD,SECONDARY_RD,DISTANCE,DIRECTION,INTERSECTION,WEATHER_1,WEATHER_2,STATE_HWY_IND,CALTRANS_COUNTY,CALTRANS_DISTRICT,STATE_ROUTE,ROUTE_SUFFIX,POSTMILE_PREFIX,POSTMILE,LOCATION_TYPE,RAMP_INTERSECTION,SIDE_OF_HWY,TOW_AWAY,COLLISION_SEVERITY,NUMBER_KILLED,NUMBER_INJURED,PARTY_COUNT,PRIMARY_COLL_FACTOR,PCF_CODE_OF_VIOL,PCF_VIOL_CATEGORY,PCF_VIOLATION,PCF_VIOL_SUBSECTION,HIT_AND_RUN,TYPE_OF_COLLISION,MVIW,PED_ACTION,ROAD_SURFACE,ROAD_COND_1,ROAD_COND_2,LIGHTING,CONTROL_DEVICE,CHP_ROAD_TYPE,PEDESTRIAN_ACCIDENT,BICYCLE_ACCIDENT,MOTORCYCLE_ACCIDENT,TRUCK_ACCIDENT,NOT_PRIVATE_PROPERTY,ALCOHOL_INVOLVED,STWD_VEHTYPE_AT_FAULT,CHP_VEHTYPE_AT_FAULT,COUNT_SEVERE_INJ,COUNT_VISIBLE_INJ,COUNT_COMPLAINT_PAIN,COUNT_PED_KILLED,COUNT_PED_INJURED,COUNT_BICYCLIST_KILLED,COUNT_BICYCLIST_INJURED,COUNT_MC_KILLED,COUNT_MC_INJURED,PRIMARY_RAMP,SECONDARY_RAMP,LATITUDE,LONGITUDE,COUNTY,CITY,POINT_X,POINT_Y
8939607,2019,2020-02-13,3903,2019-05-14,2303,3879,MANTE,2,5,4,3903,0,0,0,,0,003,"MAIN ST","JOSEPH RD",353.00,N,N,A,-,N,,,,,,,,,,N,1,1,0,2,A,-,11,21954,A,N,G,B,D,A,H,-,C,D,0,Y,,,,Y,,N,60,0,0,0,1,0,0,0,0,0,"- ","- ",37.816238403320312,-121.21713256835938,"SAN JOAQUIN",MANTECA,-121.21723175048828,37.817100524902344
8946820,2019,2019-10-02,3905,2019-08-28,1850,2855,SEA,3,5,6,3905,0,0,0,,0,,"CAROLYN WESTON BL","GASWELL LN",30.00,W,N,A,-,N,,,,,,,,,,N,2,0,1,2,A,-,11,21950,B,N,G,B,D,A,H,-,B,D,0,Y,,,,Y,,N,60,1,0,0,0,1,0,0,0,0,"- ","- ",37.913608551025391,-121.31239318847656,"SAN JOAQUIN",STOCKTON,-121.31257629394531,37.913364410400391
8946851,2019,2019-10-03,3905,2019-08-09,2330,3040,PAR,5,5,6,3905,0,0,0,,0,,"WATERLOO RD","D ST",132.00,W,N,A,-,N,,,,,,,,,,N,2,0,1,2,A,-,11,21954,A,F,G,B,D,A,H,-,C,A,0,Y,,,,Y,,N,60,1,0,0,0,1,0,0,0,0,"- ","- ",37.973060607910156,-121.26759338378906,"SAN JOAQUIN",STOCKTON,-121.26799774169922,37.972900390625
8950618,2019,2019-10-15,3904,2019-08-18,0846,P048,3,7,5,3,3904,0,0,0,,0,00B,"WEST MAIN ST","ROBERT AV",0.00,,Y,A,-,N,,,,,,,,,,N,2,0,1,2,A,-,12,21453,A,N,H,G,A,A,H,-,A,A,0,,Y,,,Y,,L,04,1,0,0,0,0,0,1,0,0,"- ","- ",37.739479064941406,-121.13770294189453,"SAN JOAQUIN",RIPON,-121.13765716552734,37.739498138427734
8958292,2019,2019-10-18,3902,2019-08-14,1543,21,,3,5,5,3902,0,0,0,,0,,"FLORA ST","STOCKTON ST",334.00,E,N,A,-,N,,,,,,,,,,N,2,0,1,2,A,-,09,21804,A,N,H,G,A,A,H,-,A,D,0,,Y,,,Y,,L,04,1,0,0,0,0,0,1,0,0,"- ","- ",,,"SAN JOAQUIN",LODI,-121.26859283447266,38.128585815429688
8958679,2019,2019-11-04,3906,2019-09-19,1600,10118,,4,5,5,3906,0,0,0,,0,007,"INTERNATIONAL PKWY","SCHULTE RD",0.00,,Y,A,-,N,,,,,,,,,,Y,2,0,2,2,A,-,01,23152,A,N,D,C,A,A,H,-,A,A,0,,,,Y,Y,Y,A,01,1,0,1,0,0,0,0,0,0,"- ","- ",,,"SAN JOAQUIN",TRACY,-121.531655,37.722216000000003
8964542,2019,2020-01-13,3902,2019-07-31,1922,JT43,,3,5,5,3902,0,0,0,,0,,"RT 12","LAKESHORE DR",0.00,,Y,A,-,Y,SJ,10,12,-,-,15.864,I,5,W,N,2,0,1,2,A,-,05,21650,1,N,H,G,A,A,H,-,A,D,0,,Y,,,Y,,L,04,1,0,0,0,0,0,1,0,0,"- ","- ",,,"SAN JOAQUIN",LODI,-121.29343414306641,38.115547180175781
8978852,2019,2019-12-03,3905,2019-10-03,2127,2675,VAL,4,5,6,3905,0,0,0,,0,,"WEST LN","HAMMER LN",480.00,N,N,A,-,N,,,,,,,,,,N,2,0,1,2,A,-,11,21955,,F,G,B,D,A,H,-,C,D,0,Y,,,,Y,,N,60,1,0,0,0,1,0,0,0,0,"- ","- ",38.020931243896484,-121.29518127441406,"SAN JOAQUIN",STOCKTON,-121.29502868652344,38.022369384765625
8986375,2019,2019-12-03,3905,2019-10-10,0636,2994,SEA,4,5,6,3905,0,0,0,,0,,"MCDOUGALD BL","FRENCH CAMP RD",0.00,,Y,A,-,N,,,,,,,,,,Y,2,0,2,2,A,-,03,22350,,N,D,C,A,A,H,-,B,D,0,,,,,Y,,A,01,1,1,0,0,0,0,0,0,0,"- ","- ",37.897258758544922,-121.29490661621094,"SAN JOAQUIN",STOCKTON,-121.29480743408203,37.897171020507812
8986391,2019,2019-12-03,3905,2019-10-28,1851,3018,CIV,1,5,6,3905,0,0,0,,0,,"EL DORADO ST","BLAIN AV",0.00,,Y,A,-,N,,,,,,,,,,Y,2,0,2,2,A,-,01,23152,A,N,D,C,A,A,H,-,C,D,0,,,,,Y,Y,A,01,1,0,1,0,0,0,0,0,0,"- ","- ",37.974929809570312,-121.29692840576172,"SAN JOAQUIN",STOCKTON,-121.29721832275391,37.974960327148438
8989852,2019,2020-02-18,3905,2019-11-24,2028,99999,,7,5,6,3905,0,0,0,,0,,"FRONTAGE RD","CHRISTIAN LIFE WY",98.00,S,N,A,-,N,,,,,,,,,,Y,2,0,1,1,A,-,01,23152,A,N,E,I,A,A,H,-,D,D,0,,,,,Y,Y,A,01,1,0,0,0,0,0,0,0,0,"- ","- ",38.023941040039062,-121.25881195068359,"SAN JOAQUIN",STOCKTON,-121.25880432128906,38.024028778076172
8996112,2019,2020-01-08,3901,2019-10-25,2259,L31,,5,5,2,3901,0,0,0,,0,,"1ST ST","MAIN ST",0.00,,Y,A,-,N,,,,,,,,,,N,2,0,1,2,A,-,09,21802,A,N,H,G,A,A,H,-,C,A,0,,Y,,,Y,,L,04,1,0,0,0,0,0,1,0,0,"- ","- ",37.795269012451172,-120.99413299560547,"SAN JOAQUIN",ESCALON,-120.99372863769531,37.795211791992188
90006367,2015,2015-10-19,9266,2015-07-16,1730,017920,,4,2,9,3900,0,2,4,,2,013,"GRANT LINE ROAD","CENTRAL PARKWAY",0.00,,Y,A,-,N,,,,,,,,,,N,1,1,0,2,A,-,12,22450,A,N,D,G,A,A,H,-,A,A,0,,Y,,,Y,,L,04,0,0,0,0,0,1,0,0,0,"- ","- ",37.756830000000001,-121.54724,"SAN JOAQUIN",UNINCORPORATED,-121.54724997,37.756829930000002
90006513,2015,2015-10-19,9265,2015-07-14,1720,019387,,2,2,9,3900,0,1,3,,2,006,"SR-99 NORTHBOUND","VICTOR ROAD",1056.00,N,N,A,-,Y,,,,,,,,,,Y,2,0,1,2,A,-,03,22350,,N,C,C,A,A,H,-,A,D,0,,,Y,,Y,,C,02,1,0,0,0,0,0,0,0,1,"- ","- ",38.1402,-121.259,"SAN JOAQUIN",UNINCORPORATED,,
90006515,2015,2015-10-19,9265,2015-07-15,0725,015490,,3,1,9,3900,0,1,3,,1,062,"WATERLOO RD. (SR-88)","PICCOLI RD",15.00,E,N,A,-,Y,,,88,,,,,,,N,2,0,1,2,A,-,10,21950,,N,G,B,B,A,H,-,A,D,0,Y,,,,Y,,D,22,1,0,0,0,1,0,0,0,0,"- ","- ",37.986800000000002,-121.24681,"SAN JOAQUIN",UNINCORPORATED,-121.24681476000001,37.986806690000002
90007356,2015,2015-10-19,9266,2015-07-02,0652,018888,,4,1,9,3900,0,1,3,,1,026,"STATE ROUTE 132","KOSTER ROAD",1765.00,E,N,A,-,Y,,,132,,,,,,,Y,1,1,2,4,A,-,08,22107,,N,B,C,A,A,H,-,B,D,0,,,,Y,Y,,A,01,1,1,0,0,0,0,0,0,0,"- ","- ",37.638069999999999,-121.31805,"SAN JOAQUIN",UNINCORPORATED,-121.31805016,37.63805344
90009250,2015,2015-10-19,9265,2015-07-26,0250,018850,,7,3,9,3900,0,1,3,,2,004,"SR-99 N/B","HAMMER LN",4065.00,S,N,A,-,Y,,,,,,,,,,Y,2,0,1,1,A,-,01,23152,A,N,E,I,A,A,H,-,D,D,0,,,,,Y,Y,A,01,1,0,0,0,0,0,0,0,0,"- ","- ",38.035429999999998,-121.15286999999999,"SAN JOAQUIN",UNINCORPORATED,-121.25803999999999,38.021099999999997
90009357,2015,2015-10-19,9265,2015-07-19,1512,018661,,7,2,9,3900,0,1,3,,2,003,"SR-99 N/B","GOLDEN GATE AVE",100.00,S,N,A,-,Y,,,99,,,,,,N,Y,2,0,1,1,A,-,08,22107,,N,E,I,A,A,D,-,A,D,0,,,,,Y,,A,01,1,0,0,0,0,0,0,0,0,"- ","- ",37.943040000000003,-121.23554,"SAN JOAQUIN",UNINCORPORATED,-121.23505215,37.943110660000002
90009951,2015,2015-10-19,9265,2015-08-02,0815,018488,,7,1,9,3900,0,3,5,,2,060,"LIBERTY RD","DUSTIN RD",2112.00,E,N,A,-,N,,,,,,,,,,Y,2,0,1,1,A,-,01,23152,A,N,E,I,A,A,H,-,A,D,0,,,,,Y,,A,01,1,0,0,0,0,0,0,0,0,"- ","- ",38.234099999999998,-121.2186,"SAN JOAQUIN",UNINCORPORATED,-121.21938842,38.234163819999999
90009973,2015,2015-10-29,9265,2015-08-02,1635,019387,,7,2,6,3905,0,1,3,,1,042,"SR-4 WESTBOUND TO I-5 NORTHBOUND",SR-4,528.00,N,N,A,-,Y,,,4,,,,R,,W,Y,2,0,1,1,A,-,01,23152,A,N,F,A,A,A,H,-,A,D,0,,,,,Y,Y,A,01,1,0,0,0,0,0,0,0,0,"- ","- ",37.950000000000003,-121.30070000000001,"SAN JOAQUIN",STOCKTON,-121.30070000000001,37.950000000000003
90010275,2015,2015-10-19,9265,2015-08-04,0030,015756,,2,3,5,3902,0,1,3,,2,006,"SR-99 S/B","LOCKEFORD ST",50.00,N,N,A,-,Y,,,99,,,,,,S,Y,2,0,1,2,A,-,08,22107,,N,E,I,A,A,D,-,C,D,0,,,,,Y,,A,01,1,0,0,0,0,0,0,0,0,"- ","- ",38.138599999999997,-121.25827,"SAN JOAQUIN",LODI,-121.25821541000001,38.138623430000003
90010714,2015,2015-10-19,9265,2015-08-03,2315,018511,,1,3,9,3900,0,1,3,,2,004,"SR-99 N/B","KETTLEMAN LN",90.00,S,N,A,-,Y,,,99,,,,,,N,Y,2,0,1,1,A,-,08,22107,,N,E,I,A,A,H,-,C,D,0,,,,,Y,,A,01,1,0,0,0,0,0,0,0,0,"- ","- ",38.115670000000001,-121.25803999999999,"SAN JOAQUIN",UNINCORPORATED,-121.25793301,38.115645460000003
90013081,2015,2015-10-19,9265,2015-08-13,1910,019336,,4,2,9,3900,0,1,1,,2,502,"I-5 N/B","ROTH RD",917.00,S,N,A,-,Y,,,5,,,,,,N,Y,2,0,1,3,A,-,03,22350,,N,B,C,A,A,H,-,A,D,0,,,,Y,Y,,G,26,1,0,0,0,0,0,0,0,0,"- ","- ",37.853529999999999,-121.28254,"SAN JOAQUIN",UNINCORPORATED,-121.28241577,37.853498739999999
90013517,2015,2015-10-19,9265,2015-08-31,1912,017286,,1,2,9,3900,0,3,5,,2,010,"HORNER AVE","WALKER LN",0.00,,Y,A,-,N,,,,,,,,,,Y,2,0,3,2,A,-,01,23152,A,N,D,C,A,A,H,-,A,A,0,,,,,Y,Y,A,01,1,2,0,0,0,0,0,0,0,"- ","- ",37.960239999999999,-121.22412,"SAN JOAQUIN",UNINCORPORATED,-121.22432990999999,37.960659960000001
90018651,2015,2015-10-19,9265,2015-09-02,0235,017286,,3,3,9,3900,0,3,5,,2,020,"MANTECA RD","BRADY RD",200.00,N,N,A,-,N,,,,,,,,,,Y,2,0,1,1,A,-,01,23152,A,N,E,I,A,A,H,-,D,D,0,,,,,Y,Y,A,01,1,0,0,0,0,0,0,0,0,"- ","- ",37.729019999999998,-121.21534,"SAN JOAQUIN",UNINCORPORATED,-121.21530504,37.729049269999997
90018914,2015,2015-10-19,9265,2015-08-06,1320,015756,,4,1,9,3900,0,2,4,,1,015,"ESCALON BELLOTA RD","EDWARDS AVE",5.00,N,N,A,-,N,,,,,,,,,,Y,2,0,5,2,A,-,03,22350,,N,C,C,A,A,H,-,A,D,0,,,,,Y,,A,01,1,1,3,0,0,0,0,0,0,"- ","- ",37.842239999999997,-120.99803,"SAN JOAQUIN",UNINCORPORATED,-120.99810048000001,37.84224373
90020400,2015,2015-10-19,9265,2015-08-28,0626,016639,,5,1,9,3900,0,3,5,,2,020,"HARLAN RD","EQUIPMENT COURT",0.00,,Y,A,-,N,,,,,,,,,,Y,2,0,2,2,A,-,09,21801,A,N,D,C,A,A,H,-,B,D,0,,,,,Y,,A,07,1,1,0,0,0,0,0,0,0,"- ","- ",37.521099999999997,-121.16419999999999,"SAN JOAQUIN",UNINCORPORATED,-121.27832995999999,37.867009950000003
90020439,2015,2015-10-19,9265,2015-09-07,1452,018289,,1,2,9,3900,0,2,4,,1,091,"WEST LANE SOUTHBOUND","HAM LANE",2380.00,N,N,A,-,N,,,,,,,,,,N,2,0,1,1,C,-,18,,,N,H,A,A,A,H,-,A,D,0,,,Y,,Y,,-,"- ",1,0,0,0,0,0,0,0,1,"- ","- ",38.079430000000002,-121.28122999999999,"SAN JOAQUIN",UNINCORPORATED,-121.28117439,38.079520119999998
90022538,2015,2015-10-19,9265,2015-08-26,0855,17405,,3,1,9,3900,0,1,3,,2,001,"SR-99 N/B","AUSTIN RD.",2386.00,S,N,A,-,Y,,,99,,,,,,N,Y,2,0,1,2,A,-,03,22350,,N,C,C,A,A,H,-,A,D,0,,,Y,,Y,,C,02,1,0,0,0,0,0,0,0,1,"- ","- ",37.770180000000003,-121.17326,"SAN JOAQUIN",UNINCORPORATED,-121.17322669000001,37.770236580000002
90023266,2015,2015-10-19,9265,2015-08-09,1418,018661,,7,2,6,3905,0,1,1,,2,504,"I-5 S/B TO HAMMER LANE","HAMMER LN",659.00,N,N,A,-,Y,,,,,,,,,,Y,2,0,1,1,A,-,08,22107,,N,F,A,A,A,H,-,A,D,0,,,,,Y,,A,01,1,0,0,0,0,0,0,0,0,"- ","- ",37.937199999999997,-121.0382,"SAN JOAQUIN",STOCKTON,-121.35989709,38.02311418
90025260,2015,2015-10-19,9266,2015-09-18,0300,019717,,5,3,5,3906,0,1,1,,2,014,"I-205 E/B","MOUNTAIN HOUSE PKWY",300.00,W,N,A,-,Y,,,205,,,,,,E,Y,2,0,1,1,A,-,01,23152,A,N,E,I,A,A,H,-,C,D,0,,,Y,,Y,Y,C,02,1,0,0,0,0,0,0,0,1,"- ","- ",37.741799999999998,-121.53307,"SAN JOAQUIN",TRACY,-121.53302610999999,37.742493639999999
90025416,2015,2015-10-19,9265,2015-09-13,1100,019387,,7,1,6,3905,0,1,1,,2,504,"INTERSTATE 5 NORTHBOUND","HAMMER LANE",1584.00,N,N,A,-,Y,,,5,,,,,,N,Y,2,0,1,1,A,-,08,22107,,N,E,I,A,A,H,-,A,D,0,,,,,Y,,D,22,1,0,0,0,0,0,0,0,0,"- ","- ",38.0261,-121.3609,"SAN JOAQUIN",STOCKTON,-121.36095339000001,38.026073949999997
90027278,2015,2015-10-19,9265,2015-09-16,0245,019991,,3,3,9,3900,0,1,3,,1,067,"SR-12 W/B","CLEMENTS RD",60.00,E,N,B,-,Y,,,,,,,,,,Y,2,0,1,2,A,-,01,23152,A,N,A,C,A,A,H,-,C,A,0,,,,,Y,Y,A,01,1,0,0,0,0,0,0,0,0,"- ","- ",38.113700000000001,-121.4415,"SAN JOAQUIN",UNINCORPORATED,-121.07824806000001,38.193714810000003
90027400,2015,2015-10-19,9265,2015-09-23,0805,015756,,3,1,9,3900,0,1,3,,1,013,SR-4,"KAISER RD",2112.00,W,N,A,-,Y,,,4,,,,,,,Y,2,0,1,2,A,-,03,22350,,N,C,C,A,A,H,-,A,D,0,,,Y,Y,Y,,C,02,1,0,0,0,0,0,0,0,1,"- ","- ",37.949069999999999,-121.17559,"SAN JOAQUIN",UNINCORPORATED,-121.17559048,37.94912317
90029616,2015,2015-10-19,9265,2015-10-08,0903,016639,,4,1,2,3920,0,1,1,,2,502,"I-5 N/B","LATHROP RD",0.00,,N,A,-,N,,,5,,,,,,N,Y,2,0,2,3,A,-,08,22107,,N,B,C,A,A,H,-,A,A,0,,,,,Y,,A,01,1,0,1,0,0,0,0,0,0,"- ","- ",37.826320000000003,-121.29031999999999,"SAN JOAQUIN",LATHROP,-121.28997911,37.826188969999997
90030459,2015,2015-10-19,9265,2015-10-03,2310,018850,,6,3,9,3900,0,1,3,,1,066,SR-26,"SHELLY RD",4224.00,W,N,B,-,Y,,,26,,,,,,,Y,2,0,1,1,A,-,01,23152,A,N,F,A,A,A,H,-,D,D,0,,,Y,,Y,Y,C,02,1,0,0,0,0,0,0,0,1,"- ","- ",38.078339999999997,-120.9765,"SAN JOAQUIN",UNINCORPORATED,-120.97656447,38.078440020000002
90032929,2015,2015-10-19,9266,2015-10-02,1603,018330,,5,2,9,3900,0,1,3,,1,011,SR-4,"OLD RIVER BRIDGE",5808.00,E,N,A,-,Y,,,4,,,,,,,Y,1,1,0,1,A,-,08,22107,,N,F,A,A,A,G,-,A,D,0,,,,,Y,,A,01,0,0,0,0,0,0,0,0,0,"- ","- ",37.88993,-121.55003000000001,"SAN JOAQUIN",UNINCORPORATED,-121.55003019,37.890057069999997
90035237,2015,2015-10-21,9265,2015-08-12,1540,018784,,3,2,9,3900,0,1,1,,2,503,"I-5 N/B","FRENCH CAMP RD",500.00,N,N,A,-,Y,,,,,,,,,,N,2,0,1,2,A,-,07,21658,A,N,B,C,A,A,H,-,A,D,0,,,Y,,Y,,-,"- ",1,0,0,0,0,0,0,0,1,"- ","- ",37.901589999999999,-121.28527,"SAN JOAQUIN",UNINCORPORATED,-121.28411511,37.898460569999997
90036897,2015,2015-10-23,9265,2015-10-09,0426,019073,,5,3,9,3900,0,1,3,,2,003,"SR-99 N/B","FRENCH CAMP RD",1320.00,N,N,A,-,Y,,,99,,,,,,N,Y,2,0,2,2,A,-,01,23152,E,F,C,C,A,A,H,-,C,D,0,,,,,Y,,A,01,1,0,1,0,0,0,0,0,0,"- ","- ",37.869669999999999,-121.21905,"SAN JOAQUIN",UNINCORPORATED,-121.21911763,37.869665169999998
90040254,2015,2015-10-29,9265,2015-09-25,1835,019136,,5,2,9,3900,0,3,5,,2,090,"ACAMPO RD","DES MOINES DR",0.00,,Y,A,-,N,,,,,,,,,,Y,2,0,3,2,A,-,05,21752,D,N,B,C,A,A,H,-,A,D,0,,,,,Y,,A,07,2,1,0,0,0,0,0,0,0,"- ","- ",38.102899999999998,-121.16162,"SAN JOAQUIN",UNINCORPORATED,-121.27114993000001,38.174719969999998
90042433,2015,2015-11-02,9265,2015-10-05,2200,019996,,1,3,9,3900,0,1,3,,1,061,SR-26,"ALPINE ROAD",732.00,W,N,A,-,Y,,,26,,,,,,,Y,2,0,1,1,A,-,01,23152,A,N,E,I,A,A,H,-,D,D,0,,,,,Y,Y,A,01,1,0,0,0,0,0,0,0,0,"- ","- ",37.986640000000001,-121.19634000000001,"SAN JOAQUIN",UNINCORPORATED,-121.1963406,37.986640680000001
90043418,2015,2015-11-03,9265,2015-09-12,0147,019489,,6,3,9,3900,0,1,3,,1,063,"SR-12 (VICTOR RD)",SR-88,750.00,W,N,A,-,N,,,12,,,,,,,Y,2,0,1,1,A,-,01,23152,A,N,E,I,A,A,H,-,D,D,0,,,,,Y,Y,D,22,1,0,0,0,0,0,0,0,0,"- ","- ",38.138150000000003,-121.1648,"SAN JOAQUIN",UNINCORPORATED,-121.16482799000001,38.138272899999997
90043845,2015,2015-11-03,9265,2015-07-29,0020,017021,,3,3,9,3900,0,1,3,,1,041,SR-4,"JOHN TURK RD",170.00,E,N,A,-,Y,,,4,,,,,,,Y,1,1,1,2,A,-,01,23152,A,N,A,C,A,A,H,-,C,D,0,,,,Y,Y,Y,D,22,0,1,0,0,0,0,0,0,0,"- ","- ",37.926969999999997,-121.34107,"SAN JOAQUIN",UNINCORPORATED,-121.34107013000001,37.926976889999999
90047046,2015,2015-11-09,9265,2015-10-19,1900,019996,,1,2,9,3900,0,2,4,,1,014,"JACK TONE ROAD","FRENCH CAMP ROAD",1954.00,N,N,A,-,N,,,,,,,,,,Y,2,0,3,2,A,-,03,22350,,N,C,C,A,A,H,-,D,D,0,,,,,Y,,D,22,1,0,2,0,0,0,0,0,0,"- ","- ",37.4955,-121.084,"SAN JOAQUIN",UNINCORPORATED,-121.14454703,37.832152370000003
90047206,2015,2015-11-09,9265,2015-10-31,2141,018850,,6,2,9,3900,0,2,4,,1,064,"GRASSLAND RD","JACK TONE RD",0.00,,Y,A,-,N,,,,,,,,,,Y,2,0,3,2,A,-,01,23152,A,F,D,C,A,A,H,-,D,D,0,,,,,Y,Y,A,01,1,0,2,0,0,0,0,0,0,"- ","- ",38.088030000000003,-121.15073,"SAN JOAQUIN",UNINCORPORATED,-121.1508499,38.087829939999999
90048178,2015,2015-11-10,9265,2015-10-21,1445,015490,,3,2,9,3900,0,1,3,,2,004,"SR-99 N/B","CHEROKEE RD",528.00,N,N,A,-,Y,,,99,,,,,,N,Y,2,0,3,2,A,-,01,23152,E,F,D,C,A,A,H,-,A,D,0,,,,,Y,,A,08,1,1,1,0,0,0,0,0,0,"- ","- ",37.994720000000001,-121.25367,"SAN JOAQUIN",UNINCORPORATED,-121.25366843,37.994720450000003
90048347,2015,2015-11-10,9265,2015-10-11,1400,019387,,7,2,9,3900,0,1,1,,2,502,"INTERSTATE 5 NORTHBOUND","HOSPITAL ROAD",155.00,S,N,A,-,Y,,,5,,,,,,N,Y,2,0,1,2,A,-,03,22350,,N,G,B,D,A,H,-,A,D,0,Y,,,,Y,Y,A,01,1,0,0,0,1,0,0,0,0,"- ","- ",37.885199999999998,-121.2794,"SAN JOAQUIN",UNINCORPORATED,-121.27934189,37.885218969999997
90052208,2015,2015-12-02,9265,2015-11-01,2347,019307,,7,3,9,3900,0,1,3,,1,041,"STATE ROUTE 4","MAYBECK RD",1400.00,W,N,C,-,N,,,,,,,,,,Y,2,0,1,2,A,-,01,23152,A,N,B,C,A,B,H,-,D,D,0,,,Y,,Y,Y,A,01,1,0,0,0,0,0,0,0,1,"- ","- ",37.553600000000003,-121.2247,"SAN JOAQUIN",UNINCORPORATED,-121.38017425,37.926898110000003
90053717,2015,2015-11-18,9265,2015-10-31,1615,019182,,6,2,9,3900,0,3,5,,2,080,"DELAWARE AVE","ALPINE AVE",15.00,S,N,A,-,N,,,,,,,,,,N,2,0,1,1,A,-,03,22350,,N,F,A,A,A,H,-,A,A,0,,,Y,,Y,,C,02,1,0,0,0,0,0,0,0,1,"- ","- ",37.971510000000002,-121.33289000000001,"SAN JOAQUIN",UNINCORPORATED,-121.33289657,37.971570200000002
90056404,2015,2015-11-20,9265,2015-09-11,1925,018850,,5,2,9,3900,0,3,5,,2,010,"COTTAGE AVE","LATHROP RD",0.00,,Y,A,-,N,,,,,,,,,,Y,1,1,2,2,A,-,09,21802,A,N,D,C,A,A,H,-,B,A,0,,,,,Y,,A,07,1,0,1,0,0,0,0,0,0,"- ","- ",37.826509999999999,-121.19935,"SAN JOAQUIN",UNINCORPORATED,-121.19934992,37.82653998
90057745,2015,2015-11-23,9265,2015-11-03,1545,018047,,2,2,9,3900,0,3,5,,2,030,"MATHEWS RD","HARLAN RD",0.00,,Y,A,-,N,,,,,,,,,,N,2,0,1,2,A,-,09,21801,A,N,D,G,A,A,H,-,A,A,0,,Y,,,Y,,I,11,1,0,0,0,0,0,1,0,0,"- ","- ",37.529000000000003,-121.16494,"SAN JOAQUIN",UNINCORPORATED,-121.27481988,37.881749890000002
90057861,2015,2015-11-23,9265,2015-11-12,1647,019888,,4,2,4,3903,0,1,3,,2,025,"SR-120 E/B","AIRPORT WAY",150.00,W,N,A,-,Y,,,,,,,,,,Y,2,0,1,2,A,-,01,23152,A,N,B,C,A,A,H,-,A,D,0,,,Y,,Y,Y,C,02,1,0,0,0,0,0,0,0,1,"- ","- ",37.470619999999997,-121.15115,"SAN JOAQUIN",MANTECA,-121.25267900999999,37.783043589999998
90067654,2015,2016-03-03,9265,2015-11-14,1945,019073,,6,2,9,3900,0,1,3,,2,003,"SR-99 S/B","ARCH RD",1056.00,S,N,A,-,Y,,,99,,,,,,S,Y,2,0,2,2,A,-,03,22350,,F,C,C,A,A,H,-,C,D,0,,,,,Y,,A,01,1,0,1,0,0,0,0,0,0,"- ","- ",37.900849999999998,-121.22163,"SAN JOAQUIN",UNINCORPORATED,-121.22145659,37.900922119999997
90076213,2015,2015-12-17,9265,2015-10-05,2130,019906,,1,2,9,3900,0,3,5,,2,010,"LONE TREE ROAD","ESCALON BELLOTA ROAD",2242.00,E,N,A,-,N,,,,,,,,,,Y,1,1,0,1,A,-,08,22107,,N,E,I,A,A,H,-,D,D,0,,,,,Y,,D,22,0,0,0,0,0,0,0,0,0,"- ","- ",37.797310000000003,-120.98974,"SAN JOAQUIN",UNINCORPORATED,-120.98984784,37.827670019999999
90083842,2015,2016-08-10,9266,2015-12-20,0525,014808,,7,3,9,3900,0,2,4,,2,028,"W. SCHULTE RD.","14950 W. SCHULTE RD. (QUALITY RD.)",0.00,,Y,A,-,N,,,,,,,,,,Y,1,1,0,2,A,-,09,21801,A,N,B,C,A,A,H,-,D,D,0,,,Y,,Y,,A,01,0,0,0,0,0,0,0,1,0,"- ","- ",37.721510000000002,-121.48766999999999,"SAN JOAQUIN",UNINCORPORATED,-121.48766935,37.721535179999997
90084997,2015,2015-12-30,9265,2015-08-10,1900,019307,,1,2,9,3900,0,1,1,,2,505,"INTERSTATE 5 NORTHBOUND","WOODBRIDGE ROAD",1060.00,S,N,A,-,Y,,,,,,,,,,Y,1,1,4,2,A,-,01,23152,E,N,D,C,A,A,H,-,A,D,0,,,,,Y,,A,01,0,3,1,0,0,0,0,0,0,"- ","- ",38.927100000000003,-121.23569999999999,"SAN JOAQUIN",UNINCORPORATED,-121.39930586,38.157739630000002
90089516,2015,2016-01-06,9265,2015-09-14,0225,016661,,1,3,9,3900,0,1,3,,1,062,SR-88,"DISCH RD",3168.00,W,N,A,-,Y,,,88,,,,,,,N,2,0,1,2,C,-,18,,,F,G,B,E,A,H,-,D,D,0,Y,,,,Y,Y,-,"- ",1,0,0,0,1,0,0,0,0,"- ","- ",38.174909999999997,-121.12354000000001,"SAN JOAQUIN",UNINCORPORATED,-121.12354266,38.174916240000002