CASE_ID,ACCIDENT_YEAR,PROC_DATE,JURIS,COLLISION_DATE,COLLISION_TIME,OFFICER_ID,REPORTING_DISTRICT,DAY_OF_WEEK,CHP_SHIFT,POPULATION,CNTY_CITY_LOC,SPECIAL_COND,BEAT_TYPE,CHP_BEAT_TYPE,CITY_DIVISION_LAPD,CHP_BEAT_CLASS,BEAT_NUMBER,PRIMARY_RD,SECONDARY_RD,DISTANCE,DIRECTION,INTERSECTION,WEATHER_1,WEATHER_2,STATE_HWY_IND,CALTRANS_COUNTY,CALTRANS_DISTRICT,STATE_ROUTE,ROUTE_SUFFIX,POSTMILE_PREFIX,POSTMILE,LOCATION_TYPE,RAMP_INTERSECTION,SIDE_OF_HWY,TOW_AWAY,COLLISION_SEVERITY,NUMBER_KILLED,NUMBER_INJURED,PARTY_COUNT,PRIMARY_COLL_FACTOR,PCF_CODE_OF_VIOL,PCF_VIOL_CATEGORY,PCF_VIOLATION,PCF_VIOL_SUBSECTION,HIT_AND_RUN,TYPE_OF_COLLISION,MVIW,PED_ACTION,ROAD_SURFACE,ROAD_COND_1,ROAD_COND_2,LIGHTING,CONTROL_DEVICE,CHP_ROAD_TYPE,PEDESTRIAN_ACCIDENT,BICYCLE_ACCIDENT,MOTORCYCLE_ACCIDENT,TRUCK_ACCIDENT,NOT_PRIVATE_PROPERTY,ALCOHOL_INVOLVED,STWD_VEHTYPE_AT_FAULT,CHP_VEHTYPE_AT_FAULT,COUNT_SEVERE_INJ,COUNT_VISIBLE_INJ,COUNT_COMPLAINT_PAIN,COUNT_PED_KILLED,COUNT_PED_INJURED,COUNT_BICYCLIST_KILLED,COUNT_BICYCLIST_INJURED,COUNT_MC_KILLED,COUNT_MC_INJURED,PRIMARY_RAMP,SECONDARY_RAMP,LATITUDE,LONGITUDE,COUNTY,CITY,POINT_X,POINT_Y
90089950,2015,2016-01-07,9265,2015-10-08,0100,013193,,4,3,9,3900,0,3,5,,2,090,"THORNTON RD","PELTIER RD",1584.00,S,N,A,-,N,,,,,,,,,,Y,1,1,0,1,A,-,01,23152,A,N,E,I,A,A,H,-,D,D,0,,,,,Y,Y,A,07,0,0,0,0,0,0,0,0,0,"- ","- ",38.183109999999999,-121.39242,"SAN JOAQUIN",UNINCORPORATED,-121.40130703,38.185328200000001
90091083,2015,2016-01-08,9265,2015-11-05,1110,018590,,4,1,9,3900,0,1,3,,1,092,SR-12,"GUARD RD",1056.00,E,N,B,-,Y,,,12,,,,,,,Y,1,1,0,1,A,-,01,23152,E,N,F,A,A,A,H,-,A,D,0,,,,,Y,,A,01,0,0,0,0,0,0,0,0,0,"- ","- ",38.116070000000001,-121.41607,"SAN JOAQUIN",UNINCORPORATED,-121.41607018000001,38.116107110000002
90093086,2015,2016-01-12,9265,2015-11-10,1448,018047,,2,2,2,3920,0,1,1,,2,502,"INTERSTATE 5 SOUTHBOUND","ROTH RD",1550.00,S,N,A,-,Y,,,5,,,,,,S,Y,1,1,2,1,A,-,08,22107,,N,E,I,A,A,H,-,A,D,0,,,,,Y,,A,08,1,1,0,0,0,0,0,0,0,"- ","- ",37.851399999999998,-121.28331,"SAN JOAQUIN",LATHROP,-121.28326047,37.851387879999997
90101322,2016,2016-01-25,9265,2016-01-09,0137,019752,,6,3,6,3905,0,2,4,,1,053,"WILSON WAY","ALPINE ROAD",1954.00,N,N,B,-,N,,,,,,,,,,Y,2,0,2,1,A,-,01,23152,A,N,E,I,A,B,H,-,D,D,0,,,,,Y,Y,A,07,1,1,0,0,0,0,0,0,0,"- ","- ",37.992789999999999,-121.26581,"SAN JOAQUIN",STOCKTON,-121.26602635,37.992717050000003
90102683,2016,2016-03-07,9265,2016-01-24,2140,017021,,7,2,9,3900,0,3,5,,2,050,"GERTRUDE AVE","HORNER AVE",529.00,N,N,B,-,N,,,,,,,,,,N,1,1,0,2,A,-,01,23152,A,F,G,B,E,A,H,-,C,D,0,Y,,,,Y,Y,D,22,0,0,0,1,0,0,0,0,0,"- ","- ",37.959690000000002,-121.23439999999999,"SAN JOAQUIN",UNINCORPORATED,-121.23442407,37.959652460000001
90102923,2016,2016-01-26,9266,2016-01-17,1140,012723,,7,1,9,3900,0,1,1,,2,024,"I-5 N/B",SR-132,1056.00,S,N,B,-,Y,,,,,,,,,,Y,2,0,2,1,A,-,08,22107,,N,F,I,A,B,H,-,A,D,0,,,,,Y,,A,07,1,1,0,0,0,0,0,0,0,"- ","- ",37.457520000000002,-121.45851,"SAN JOAQUIN",UNINCORPORATED,-121.3429,37.637680000000003
90104353,2015,2016-01-28,9265,2015-11-20,0620,015756,,5,1,9,3900,0,3,5,,2,060,"BAKER ROAD","BEECHER ROAD",1155.00,E,N,A,-,N,,,,,,,,,,Y,1,1,0,1,A,-,08,22107,,N,E,I,A,A,H,-,B,D,0,,,,,Y,,D,22,0,0,0,0,0,0,0,0,0,"- ","- ",38.029179999999997,-121.16313,"SAN JOAQUIN",UNINCORPORATED,-121.16444063,38.029138019999998
90110068,2015,2016-02-05,9265,2015-11-18,1940,019336,,3,2,9,3900,0,3,5,,2,010,"RIVER ROAD","MCHENRY AVE",1119.00,W,N,A,-,N,,,,,,,,,,Y,1,1,0,2,A,-,11,21956,,N,G,B,E,A,H,-,D,D,0,Y,,,,Y,Y,N,60,0,0,0,1,0,0,0,0,0,"- ","- ",37.759459999999997,-120.94924,"SAN JOAQUIN",UNINCORPORATED,-120.99920594,37.759497940000003
90111931,2016,2016-02-09,9265,2016-01-18,1900,016661,,1,2,9,3900,0,3,5,,2,080,"BRISTOL AVE","MISSION RD",0.00,,Y,A,-,N,,,,,,,,,,N,2,0,1,2,A,-,09,21802,,N,H,G,A,A,H,-,C,A,0,,Y,,,Y,,A,01,1,0,0,0,0,0,1,0,0,"- ","- ",37.969630000000002,-121.32425000000001,"SAN JOAQUIN",UNINCORPORATED,-121.32415992999999,37.969569909999997
90112854,2016,2016-02-10,9265,2016-01-22,2200,019073,,5,3,9,3900,0,2,4,,1,053,"WATERLOO RD","MYRAN AVE",12.00,W,N,B,-,N,,,,,,,,,,N,2,0,1,2,A,-,10,21950,A,N,G,B,B,B,H,-,C,A,0,Y,,,,Y,,A,01,1,0,0,0,1,0,0,0,0,"- ","- ",37.979900000000001,-121.25738,"SAN JOAQUIN",UNINCORPORATED,-121.25739195,37.97989887
90125462,2016,2016-02-29,9266,2016-02-18,0640,014717,,4,1,9,3900,0,1,1,,1,015,"I-205 W/B","CANAL BLVD",1319.00,E,N,B,C,Y,,,205,,,,,,W,Y,2,0,1,2,A,-,03,22350,,N,C,C,A,B,H,-,B,D,0,,,Y,Y,Y,,C,02,1,0,0,0,0,0,0,0,1,"- ","- ",37.766489999999997,-121.34074,"SAN JOAQUIN",UNINCORPORATED,-121.34073708,37.766459640000001
90127597,2016,2016-03-02,9265,2016-02-13,1135,019193,,6,1,9,3900,0,1,3,,2,006,"SR-99 N/B","PELTIER RD",528.00,N,N,A,-,Y,,,99,,,,,,N,Y,2,0,1,1,A,-,03,22350,,N,F,A,A,A,H,-,A,D,0,,,Y,,Y,,C,02,1,0,0,0,0,0,0,0,1,"- ","- ",38.190809999999999,-121.26261,"SAN JOAQUIN",UNINCORPORATED,-121.26261701,38.190809790000003
90129337,2016,2016-03-04,9265,2016-02-26,0313,018784,,5,3,6,3905,0,1,1,,2,503,"I-5 S/B","MONTE DIABLO AVE",570.00,N,N,A,-,Y,,,5,,,,,,S,Y,2,0,1,1,A,-,01,23152,A,N,E,I,A,A,D,-,D,D,0,,,,,Y,Y,A,01,1,0,0,0,0,0,0,0,0,"- ","- ",37.957999999999998,-121.33146000000001,"SAN JOAQUIN",STOCKTON,-121.33140769000001,37.958074580000002
90129662,2016,2016-03-04,9265,2016-02-18,1600,015756,,4,2,9,3900,0,3,5,,2,050,"WILSON WAY","SANGUINETTI LN",279.00,S,N,A,-,N,,,,,,,,,,N,2,0,1,2,A,-,21,22106,,F,G,B,E,A,H,-,A,A,0,Y,,,,Y,,-,99,1,0,0,0,1,0,0,0,0,"- ","- ",37.982680000000002,-121.2717,"SAN JOAQUIN",UNINCORPORATED,-121.27166319,37.982649819999999
90132736,2015,2016-03-09,9265,2015-12-27,1715,019387,,7,2,9,3900,0,3,5,,2,030,"BRIGHT ROAD","MATHEWS ROAD",700.00,S,N,B,-,N,,,,,,,,,,N,1,1,0,2,A,-,11,21956,,F,G,B,E,A,H,-,D,D,0,Y,,,,Y,,N,60,0,0,0,1,0,0,0,0,0,"- ","- ",37.880400000000002,-121.29219999999999,"SAN JOAQUIN",UNINCORPORATED,-121.29225492,37.880548150000003
90133370,2016,2016-03-10,9266,2016-02-29,0007,018217,,1,3,9,3900,0,1,1,,2,021,"I-580 E/B","TRACY BLVD",3168.00,E,N,A,-,Y,,,580,,,,,,E,Y,1,1,1,1,A,-,08,22107,,N,F,A,A,A,H,-,D,D,0,,,,,Y,,A,01,0,1,0,0,0,0,0,0,0,"- ","- ",37.652430000000003,-121.42471,"SAN JOAQUIN",UNINCORPORATED,-121.42474936000001,37.652364749999997
90134631,2016,2016-03-11,9265,2016-01-16,0125,019136,,6,3,9,3900,0,2,4,,1,065,"ASHLEY LANE","ALHAMBRA AVE",186.00,E,N,B,C,N,,,,,,,,,,Y,1,2,2,1,A,-,01,23152,A,N,E,I,A,B,H,-,D,D,0,,,,,Y,Y,A,01,1,1,0,0,0,0,0,0,0,"- ","- ",38.040730000000003,-121.23884,"SAN JOAQUIN",UNINCORPORATED,-121.24181363,38.042727470000003
90135542,2016,2016-03-14,9265,2016-03-06,0247,#13193,,7,3,9,3900,0,1,1,,2,504,"I-5 S/B TO MARCH LANE","MARCH LN",1584.00,N,N,C,-,Y,,,,,,,,,,Y,2,0,1,1,A,-,01,23152,A,N,E,I,A,B,D,-,D,D,0,,,,,Y,Y,A,01,1,0,0,0,0,0,0,0,0,"- ","- ",37.989350000000002,-121.34551999999999,"SAN JOAQUIN",UNINCORPORATED,,
90139488,2016,2016-03-18,9265,2016-02-21,2130,016661,,7,2,9,3900,0,1,3,,2,006,"SR-99 N/B","ACAMPO RD",528.00,N,N,A,-,Y,,,99,,,,,,N,Y,2,0,1,3,A,-,03,22350,,N,C,C,A,A,H,-,D,D,0,,,,,Y,,A,01,1,0,0,0,0,0,0,0,0,"- ","- ",38.178379999999997,-121.26224999999999,"SAN JOAQUIN",UNINCORPORATED,-121.26228752999999,38.178378549999998
90140093,2016,2016-03-21,9265,2016-02-28,0050,019178,,7,3,9,3900,0,3,5,,2,030,"ROBERTS ROAD","MULLER ROAD",393.00,S,N,A,-,N,,,,,,,,,,Y,1,1,1,1,A,-,01,23152,A,N,E,I,A,A,H,-,D,A,0,,,,,Y,Y,A,01,1,0,0,0,0,0,0,0,0,"- ","- ",37.90408,-121.3417,"SAN JOAQUIN",UNINCORPORATED,-121.34165686999999,37.903210659999999
90140976,2015,2016-03-22,9265,2015-08-08,0446,019666,,6,3,9,3900,0,3,5,,2,030,"WASHINGTON ST","DEL NORTE ST",88.00,W,N,A,-,N,,,,,,,,,,N,1,1,0,2,A,-,11,21954,A,F,G,B,E,A,H,-,D,D,0,Y,,,,Y,,N,60,0,0,0,1,0,0,0,0,0,"- ","- ",37.94603,-121.31723,"SAN JOAQUIN",UNINCORPORATED,-121.31718913,37.94601205
9014499,2019,2020-01-10,3903,2019-10-18,0945,3540,,5,5,4,3903,0,0,0,,0,,"AIRPORT WY","ROTH RD",390.00,S,N,A,-,N,,,,,,,,,,Y,2,0,1,3,A,-,03,22350,,N,C,E,A,A,H,-,A,A,0,,,,,Y,Y,A,08,1,0,0,0,0,0,0,0,0,"- ","- ",,,"SAN JOAQUIN",MANTECA,-121.25540161132812,37.854518890380859
9014534,2019,2020-01-13,3903,2019-11-13,0934,1751,,3,5,4,3903,0,0,0,,0,,"UNION RD","NORTHGATE DR",0.00,,Y,A,-,N,,,,,,,,,,N,2,0,2,2,A,-,01,23153,F,N,D,D,A,A,H,-,A,D,0,,,,,Y,,D,22,1,0,1,0,0,0,0,0,0,"- ","- ",37.819831848144531,-121.23592376708984,"SAN JOAQUIN",MANTECA,-121.23565673828125,37.819900512695312
90146857,2016,2016-03-29,9265,2016-03-10,1950,018850,,4,2,6,3905,0,1,3,,1,042,"SR-4 E/B","FILBERT ST",1320.00,E,N,B,-,Y,,,4,,,,,,E,Y,2,0,1,1,A,-,08,22107,,N,F,A,A,A,H,-,C,D,0,,,,,Y,Y,A,07,1,0,0,0,0,0,0,0,0,"- ","- ",37.960760000000001,-121.24909,"SAN JOAQUIN",STOCKTON,-121.249082,37.960706870000003
9014701,2019,2020-01-06,3903,2019-10-23,0255,2419,,3,5,4,3903,0,0,0,,0,,"AIRPORT WY","DAISYWOOD DR",600.00,N,N,A,-,N,,,,,,,,,,Y,2,0,1,1,A,-,03,22350,,N,E,I,A,A,H,-,C,D,0,,,,,Y,,A,01,1,0,0,0,0,0,0,0,0,"- ","- ",37.832099914550781,-121.25428009033203,"SAN JOAQUIN",MANTECA,-121.25426483154297,37.833686828613281
90149952,2016,2016-04-04,9265,2016-03-20,0159,017021,,7,3,9,3900,0,1,3,,2,001,"SR-99 S/B","FRENCH CAMP RD",4752.00,S,N,A,-,Y,,,99,,,,,,S,Y,2,0,1,2,A,-,03,22350,,N,C,C,A,A,H,-,D,D,0,,,,,Y,,A,01,1,0,0,0,0,0,0,0,0,"- ","- ",37.84684,-121.2183,"SAN JOAQUIN",UNINCORPORATED,-121.21832722000001,37.8468388
90151648,2016,2016-04-06,9265,2016-03-15,0645,019657,,2,1,9,3900,0,2,4,,1,014,"MARIPOSA RD","SOLA RD",20.00,W,N,A,-,N,,,,,,,,,,Y,2,0,1,3,A,-,03,22350,,N,C,C,A,A,H,-,A,D,0,,,,Y,Y,,F,26,1,0,0,0,0,0,0,0,0,"- ","- ",37.896590000000003,-121.12121,"SAN JOAQUIN",UNINCORPORATED,-121.12123257,37.89666364
90151712,2016,2016-04-06,9265,2016-03-26,2215,019307,,6,3,9,3900,0,1,1,,2,505,"I-5 N/B","EIGHT MILE RD",4013.00,N,N,A,-,Y,,,5,,,,,,N,N,2,0,1,1,A,-,08,22107,,N,E,A,A,A,H,-,D,D,0,,,Y,,Y,,C,02,1,0,0,0,0,0,0,0,1,"- ","- ",38.068420000000003,-121.37598,"SAN JOAQUIN",UNINCORPORATED,-121.37579954,38.068476699999998
90152327,2016,2016-04-06,9265,2016-03-27,1855,016661,,7,2,9,3900,0,1,3,,1,042,"SR-120 W/B","YOSEMITE AVE",5280.00,E,N,A,-,Y,,,120,,,,,,W,Y,2,0,2,1,A,-,08,22107,,N,F,A,A,A,H,-,A,D,0,,,,,Y,,A,01,1,0,1,0,0,0,0,0,0,"- ","- ",37.784700000000001,-121.26859,"SAN JOAQUIN",UNINCORPORATED,-121.26861747,37.784592969999999
90152841,2016,2016-04-07,9265,2016-03-17,1810,019752,,4,2,6,3905,0,1,1,,2,504,"I-5 S/B","MARCH LANE",408.00,N,N,A,-,Y,,,5,,,,,,S,Y,2,0,1,1,A,-,08,22107,,N,E,I,A,A,D,-,A,D,0,,,,,Y,,D,22,1,0,0,0,0,0,0,0,0,"- ","- ",37.986190000000001,-121.34408999999999,"SAN JOAQUIN",STOCKTON,-121.34423871,37.986131569999998
90154367,2016,2016-04-11,9265,2016-02-07,0307,013193,,7,3,6,3905,0,1,1,,2,503,"I-5 N/B FROM DR. MLK JR. BLVD","DR. MARTIN LUTHER KING JR. BOULEVARD",614.00,N,N,A,-,Y,,,5,,,,R,,N,Y,1,1,0,1,A,-,01,23152,A,N,E,I,A,A,H,-,D,D,0,,,,,Y,Y,A,07,0,0,0,0,0,0,0,0,0,"- ","- ",37.93824,-121.29743000000001,"SAN JOAQUIN",STOCKTON,-121.29743000000001,37.93824
90154462,2016,2016-04-11,9265,2016-02-10,0357,019307,,3,3,9,3900,0,1,3,,2,003,"STATE ROUTE 99 NORTHBOUND","MARIPOSA ROAD",1449.00,N,N,A,-,Y,,,99,,,,,,N,N,1,1,0,2,A,-,11,21954,A,N,G,B,E,A,D,-,D,D,0,Y,,,Y,Y,,N,60,0,0,0,1,0,0,0,0,0,"- ","- ",37.936439999999997,-121.23429,"SAN JOAQUIN",UNINCORPORATED,-121.23423877,37.936446189999998
90157506,2016,2016-04-14,9265,2016-02-13,2500,019341,,6,4,9,3900,0,2,4,,1,091,"WEST LN","HAM LN",1631.00,S,N,E,-,N,,,,,,,,,,Y,1,1,0,1,A,-,01,23152,A,N,E,I,A,A,H,-,D,D,0,,,,,Y,Y,A,01,0,0,0,0,0,0,0,0,0,"- ","- ",38.071429999999999,-121.29299,"SAN JOAQUIN",UNINCORPORATED,-121.29188567,38.07252484
90158486,2016,2016-04-15,9265,2016-04-02,1250,018452,,6,1,9,3900,0,1,3,,2,001,"SR-99 N/B","LATHROP RD",350.00,S,N,A,-,Y,,,99,,,,,,N,Y,2,0,6,2,A,-,08,22107,,N,D,C,A,A,H,-,A,A,0,,,,,Y,,A,01,1,1,4,0,0,0,0,0,0,"- ","- ",37.825600000000001,-121.21639999999999,"SAN JOAQUIN",UNINCORPORATED,-121.21701714,37.82547151
90158719,2016,2016-04-15,9266,2016-04-03,1210,015969,,7,1,9,3900,0,2,4,,2,013,"BYRON ROAD","GRANT LINE ROAD",0.00,,Y,A,-,N,,,,,,,,,,Y,2,0,1,2,A,-,06,21755,,N,D,C,A,A,H,-,A,A,0,,,Y,,Y,,C,02,1,0,0,0,0,0,0,0,1,"- ","- ",37.758040000000001,-121.49312999999999,"SAN JOAQUIN",UNINCORPORATED,-121.48485992000001,37.753959989999998
90158740,2016,2016-04-15,9266,2016-04-07,0845,015432,,4,1,9,3900,0,1,1,,1,015,"I-205 W/B","EL RANCHO RD.",457.00,E,N,A,-,Y,,,205,,,,,,W,Y,2,0,2,3,A,-,03,22350,,N,C,C,A,A,H,-,A,D,0,,,Y,,Y,,C,02,1,0,1,0,0,0,0,0,1,"- ","- ",37.765000000000001,-121.36912,"SAN JOAQUIN",UNINCORPORATED,-121.36912005000001,37.765071919999997
90162658,2016,2016-04-21,9265,2016-04-09,0206,019073,,6,3,9,3900,0,1,3,,2,004,"SR-99 S/B","WILSON WAY",280.00,S,N,C,-,Y,,,99,,,,,,S,Y,2,0,1,1,A,-,01,23152,A,N,E,I,A,B,H,-,C,A,0,,,,,Y,Y,A,01,1,0,0,0,0,0,0,0,0,"- ","- ",38.002870000000001,-121.25736999999999,"SAN JOAQUIN",UNINCORPORATED,-121.25738870000001,38.002857800000001
90170715,2016,2016-05-02,9265,2016-04-23,1635,019906,,6,2,4,3903,0,1,3,,2,025,"SR-120 E/B","MAIN STREET",2150.00,E,N,A,-,Y,,,120,,,,,,E,Y,2,0,1,7,A,-,03,22350,,F,C,C,A,A,H,-,A,D,0,,,,Y,Y,,G,25,1,0,0,0,0,0,0,0,0,"- ","- ",37.78331,-121.20838000000001,"SAN JOAQUIN",MANTECA,-121.20837931,37.783203120000003
90170782,2016,2016-05-02,9265,2016-04-21,1645,019073,,4,2,9,3900,0,3,5,,2,090,"COLLIER RD","LOWER SACRAMENTO RD",801.00,W,N,A,-,N,,,,,,,,,,N,2,0,1,2,A,-,09,21804,A,F,D,G,A,A,H,-,A,D,0,,Y,,,Y,,L,04,1,0,0,0,0,0,1,0,0,"- ","- ",38.135730000000002,-121.17166,"SAN JOAQUIN",UNINCORPORATED,-121.29076999999999,38.218240000000002
90170910,2016,2016-05-02,9265,2016-04-26,1710,016661,,2,2,9,3900,0,1,1,,2,502,"I-5 N/B","MATHEWS RD",1056.00,S,N,A,-,Y,,,5,,,,,,N,Y,2,0,2,2,A,-,03,22350,,N,C,C,A,A,H,-,A,D,0,,,,,Y,,A,01,2,0,0,0,0,0,0,0,0,"- ","- ",37.876919999999998,-121.27833,"SAN JOAQUIN",UNINCORPORATED,-121.27796533999999,37.876969809999999
90171592,2016,2016-05-03,9265,2016-04-19,2157,019307,,2,2,9,3900,0,1,3,,2,003,"SR-99 S/B","MARIPOSA ROAD",4752.00,S,N,A,-,Y,,,99,,,,,,S,Y,2,0,1,2,A,-,01,23152,A,N,C,C,A,A,D,-,D,D,0,,,,,Y,Y,A,01,1,0,0,0,0,0,0,0,0,"- ","- ",37.929409999999997,-121.23294,"SAN JOAQUIN",UNINCORPORATED,-121.23293386,37.92941253
90172232,2016,2016-05-04,9265,2016-04-13,0303,018511,,3,3,9,3900,0,2,4,,1,091,"LOWER SACRAMENTO RD","WOODSON RD",4224.00,S,N,A,-,N,,,,,,,,,,Y,2,0,1,1,A,-,08,22107,,F,E,I,A,A,H,-,D,D,0,,,,,Y,,A,07,1,0,0,0,0,0,0,0,0,"- ","- ",38.207439999999998,-121.29464,"SAN JOAQUIN",UNINCORPORATED,-121.29467914,38.207166899999997
90174312,2016,2016-05-06,9265,2016-04-29,1600,018590,,5,2,9,3900,0,1,3,,1,041,SR-4,"WILHOIT RD",2112.00,E,N,A,-,Y,,,4,,,,,,,Y,2,0,2,2,A,-,03,22350,,N,C,C,A,A,H,-,A,D,0,,,,,Y,,A,01,1,1,0,0,0,0,0,0,0,"- ","- ",37.926949999999998,-121.34524,"SAN JOAQUIN",UNINCORPORATED,-121.34523972,37.926993279999998
90175736,2016,2016-05-10,9265,2016-01-26,1145,019558,,2,1,9,3900,0,1,1,,2,505,"INTERSTATE 5 SOUTHBOUND","WALNUT GROVE RD",3986.00,N,N,A,-,Y,,,5,,,,,,S,Y,1,1,1,2,A,-,07,21658,A,N,B,C,A,A,H,-,A,D,0,,,,Y,Y,,G,27,0,1,0,0,0,0,0,0,0,"- ","- ",38.241199999999999,-121.44193,"SAN JOAQUIN",UNINCORPORATED,-121.44181609,38.241284049999997
90179508,2016,2016-05-16,9265,2016-04-09,2010,018511,,6,2,9,3900,0,3,5,,2,060,"ALPINE ROAD","COPPEROPOLIS RD",0.00,,Y,C,-,N,,,,,,,,,,Y,1,1,0,1,A,-,03,22350,,N,E,I,A,B,H,-,D,A,0,,,,,Y,,A,08,0,0,0,0,0,0,0,0,0,"- ","- ",37.965679999999999,-121.18892,"SAN JOAQUIN",UNINCORPORATED,-121.18878995999999,37.965709949999997
90180425,2016,2016-05-16,9265,2016-05-07,1022,019906,,6,1,9,3900,0,1,3,,1,061,SR-26,"BALDWIN LN",2270.00,E,N,C,-,Y,,,26,,,,,,,Y,2,0,1,1,A,-,08,22107,,N,E,I,A,B,H,-,A,D,0,,,,,Y,,A,01,1,0,0,0,0,0,0,0,0,"- ","- ",37.981299999999997,-121.20377000000001,"SAN JOAQUIN",UNINCORPORATED,-121.20383280999999,37.981536609999999
90183606,2016,2016-05-20,9266,2016-04-13,2025,018888,,3,2,9,3900,0,1,1,,2,024,"INTERSTATE 5 SOUTHBOUND","KASSON ROAD",6336.00,S,N,A,-,Y,,,5,,,,,,S,Y,1,1,1,2,A,-,01,23152,A,N,A,C,A,A,H,-,D,D,0,,,,Y,Y,Y,G,27,0,0,1,0,0,0,0,0,0,"- ","- ",37.73198,-121.34378,"SAN JOAQUIN",UNINCORPORATED,-121.34380324999999,37.731979850000002
90184984,2016,2016-05-23,9266,2016-05-15,2015,019532,,7,2,9,3900,0,2,4,,1,016,"11TH ST E/B","LOVELY RD.",148.00,E,N,A,-,N,,,,,,,,,,Y,2,0,2,1,A,-,01,23152,A,N,E,I,A,A,H,-,A,D,0,,,Y,,Y,Y,C,02,2,0,0,0,0,0,0,0,2,"- ","- ",37.74062,-121.3689,"SAN JOAQUIN",UNINCORPORATED,-121.37066231,37.739799699999999
9018504,2019,2020-02-12,3905,2019-12-05,1651,2529,PAR,4,5,6,3905,0,0,0,,0,,"AIRPORT WY","SONORA ST",130.00,N,N,A,-,N,,,,,,,,,,N,2,0,1,2,A,-,11,21955,,F,G,B,D,A,H,-,A,D,0,Y,,,,Y,Y,N,60,1,0,0,0,1,0,0,0,0,"- ","- ",37.950778961181641,-121.27429962158203,"SAN JOAQUIN",STOCKTON,-121.273193359375,37.951797485351562
90185247,2016,2016-05-23,9265,2016-05-12,1055,016639,,4,1,9,3900,0,3,5,,2,020,"PRIEST RD","AMY CT",216.00,N,N,A,-,N,,,,,,,,,,Y,2,0,1,1,A,-,08,22107,,N,E,I,A,A,H,-,A,D,0,,,,,Y,,A,08,1,0,0,0,0,0,0,0,0,"- ","- ",37.869500000000002,-121.26860000000001,"SAN JOAQUIN",UNINCORPORATED,-121.26856372,37.869002620000003
9018558,2019,2020-01-22,3905,2019-11-17,1630,2905,CIV,7,5,6,3905,0,0,0,,0,,"PERSHING AV","TUXEDO AV",0.00,,Y,A,-,N,,,,,,,,,,N,2,0,1,2,A,-,12,22450,A,N,H,G,A,A,H,-,A,A,0,,Y,,,Y,,L,04,1,0,0,0,0,0,1,0,0,"- ","- ",37.966999053955078,-121.31391143798828,"SAN JOAQUIN",STOCKTON,-121.31413269042969,37.966861724853516
90186067,2016,2016-05-24,9265,2016-03-15,0625,019193,,2,1,9,3900,0,3,5,,2,060,"ACAMPO ROAD","TRETHEWAY ROAD",0.00,,Y,A,-,N,,,,,,,,,,Y,1,1,0,1,A,-,01,23152,F,N,E,I,A,A,H,-,D,D,0,,,,,Y,Y,A,01,0,0,0,0,0,0,0,0,0,"- ","- ",38.177520000000001,-121.17922,"SAN JOAQUIN",UNINCORPORATED,-121.17918991000001,38.177519910000001
90190084,2016,2016-05-31,9266,2016-05-21,1455,015969,,6,2,9,3900,0,1,3,,1,026,SR-132,SR-33,939.00,E,N,B,C,Y,,,132,,,,,,,Y,2,0,3,2,A,-,03,22350,,N,D,C,A,B,H,-,A,D,0,,,,,Y,,D,22,1,1,1,0,0,0,0,0,0,"- ","- ",37.637920000000001,-121.29137,"SAN JOAQUIN",UNINCORPORATED,-121.29137143,37.63799908
90193215,2016,2016-06-02,9265,2016-05-02,1827,018511,,1,2,9,3900,0,3,5,,2,060,"ALPINE ROAD","SR-88 (WATERLOO ROAD)",266.00,N,N,A,-,N,,,,,,,,,,Y,1,1,1,2,A,-,01,23152,F,N,A,C,A,A,H,-,A,A,0,,,,,Y,Y,A,01,0,1,0,0,0,0,0,0,0,"- ","- ",38.017130000000002,-121.20766999999999,"SAN JOAQUIN",UNINCORPORATED,-121.20766999999999,38.017130000000002
90195412,2016,2016-06-06,9265,2016-05-15,1730,019489,,7,2,9,3900,0,2,4,,1,093,"TURNER RD",I-5,1177.00,E,N,A,-,N,,,,,,,,,,Y,2,0,1,1,A,-,08,22107,,N,E,I,A,A,H,-,A,D,0,,,,,Y,Y,D,23,1,0,0,0,0,0,0,0,0,"- ","- ",38.14602,-121.39713999999999,"SAN JOAQUIN",UNINCORPORATED,-121.39906000000001,38.146000000000001
90196701,2016,2016-12-27,9266,2016-05-24,0710,013650,,2,1,9,3900,0,1,1,,2,021,"I-580 W/B","TRACY BLVD",4752.00,E,N,A,-,Y,,,580,,,,,,W,Y,2,0,4,4,A,-,03,22350,,N,C,C,A,A,H,-,A,D,0,,,,Y,Y,,I,11,1,0,3,0,0,0,0,0,0,"- ","- ",37.649459999999998,-121.41927,"SAN JOAQUIN",UNINCORPORATED,-121.41929379,37.64942155
90197234,2016,2016-06-08,9266,2016-06-01,1605,013866,,3,2,9,3900,0,2,4,,2,013,"BYRON RD.","VON SOSTEN RD.",0.00,,Y,A,-,N,,,,,,,,,,N,2,0,1,2,A,-,09,21801,A,N,D,G,A,A,H,-,A,D,0,,Y,,,Y,,D,22,1,0,0,0,0,0,1,0,0,"- ","- ",37.750700000000002,-121.48018999999999,"SAN JOAQUIN",UNINCORPORATED,-121.47941994,37.750619989999997