CASE_ID,ACCIDENT_YEAR,PROC_DATE,JURIS,COLLISION_DATE,COLLISION_TIME,OFFICER_ID,REPORTING_DISTRICT,DAY_OF_WEEK,CHP_SHIFT,POPULATION,CNTY_CITY_LOC,SPECIAL_COND,BEAT_TYPE,CHP_BEAT_TYPE,CITY_DIVISION_LAPD,CHP_BEAT_CLASS,BEAT_NUMBER,PRIMARY_RD,SECONDARY_RD,DISTANCE,DIRECTION,INTERSECTION,WEATHER_1,WEATHER_2,STATE_HWY_IND,CALTRANS_COUNTY,CALTRANS_DISTRICT,STATE_ROUTE,ROUTE_SUFFIX,POSTMILE_PREFIX,POSTMILE,LOCATION_TYPE,RAMP_INTERSECTION,SIDE_OF_HWY,TOW_AWAY,COLLISION_SEVERITY,NUMBER_KILLED,NUMBER_INJURED,PARTY_COUNT,PRIMARY_COLL_FACTOR,PCF_CODE_OF_VIOL,PCF_VIOL_CATEGORY,PCF_VIOLATION,PCF_VIOL_SUBSECTION,HIT_AND_RUN,TYPE_OF_COLLISION,MVIW,PED_ACTION,ROAD_SURFACE,ROAD_COND_1,ROAD_COND_2,LIGHTING,CONTROL_DEVICE,CHP_ROAD_TYPE,PEDESTRIAN_ACCIDENT,BICYCLE_ACCIDENT,MOTORCYCLE_ACCIDENT,TRUCK_ACCIDENT,NOT_PRIVATE_PROPERTY,ALCOHOL_INVOLVED,STWD_VEHTYPE_AT_FAULT,CHP_VEHTYPE_AT_FAULT,COUNT_SEVERE_INJ,COUNT_VISIBLE_INJ,COUNT_COMPLAINT_PAIN,COUNT_PED_KILLED,COUNT_PED_INJURED,COUNT_BICYCLIST_KILLED,COUNT_BICYCLIST_INJURED,COUNT_MC_KILLED,COUNT_MC_INJURED,PRIMARY_RAMP,SECONDARY_RAMP,LATITUDE,LONGITUDE,COUNTY,CITY,POINT_X,POINT_Y
90199532,2016,2016-06-13,9266,2016-06-03,1910,019532,,5,2,9,3900,0,1,1,,1,015,"I-205 W/B TRANSITION FROM I-5 S/B","MANCUSO RD.",528.00,W,N,A,-,Y,,,205,,,,R,,W,Y,2,0,1,2,A,-,07,21658,A,N,B,C,A,A,H,-,A,D,0,,,Y,,Y,,D,22,1,0,0,0,0,0,0,0,1,"- ","- ",37.768909999999998,-121.32993,"SAN JOAQUIN",UNINCORPORATED,-121.32993,37.768909999999998
90200259,2016,2016-06-13,9266,2016-06-05,0110,018751,9266,7,3,9,3900,0,3,5,,2,001,"NAGLEE ROAD","BETHANY ROAD",298.00,S,N,A,-,N,,,,,,,,,,Y,2,0,1,1,A,-,01,23152,A,N,E,I,A,A,H,-,D,D,0,,,,,Y,Y,A,08,1,0,0,0,0,0,0,0,0,"- ","- ",37.780270000000002,-121.46315,"SAN JOAQUIN",UNINCORPORATED,-121.46359101,37.782363429999997
90203631,2016,2016-06-17,9265,2016-06-04,1030,019657,,6,1,6,3905,0,1,3,,2,003,"SR-99 S/B","ARCH RD",230.00,N,N,A,-,Y,,,99,,,,,,S,Y,2,0,1,1,A,-,08,22107,,N,E,I,A,A,H,-,A,D,0,,,,,Y,,A,01,1,0,0,0,0,0,0,0,0,"- ","- ",37.905479999999997,-121.22336,"SAN JOAQUIN",STOCKTON,-121.22330286,37.905503340000003
90203647,2016,2016-06-17,9265,2016-06-03,2122,019073,,5,2,9,3900,0,3,5,,2,050,"WASHINGTON ST","ADRIENNE AVE",58.00,E,N,A,-,N,,,,,,,,,,Y,2,0,4,3,A,-,01,23152,A,F,A,C,A,A,H,-,D,A,0,,,,,Y,Y,A,01,1,1,2,0,0,0,0,0,0,"- ","- ",37.964709999999997,-121.22929999999999,"SAN JOAQUIN",UNINCORPORATED,-121.22916884999999,37.964749699999999
90208250,2016,2016-06-23,9265,2016-05-28,1115,015604,,6,1,9,3900,0,1,3,,2,003,"SR-99 S/B","SR-4 E/B",0.00,,N,A,-,Y,,,99,,,,,,S,Y,2,0,2,3,A,-,03,22350,,N,C,C,A,A,H,-,A,D,0,,,Y,,Y,,C,02,1,1,0,0,0,0,0,0,2,"- ","- ",37.953499999999998,-121.23863,"SAN JOAQUIN",UNINCORPORATED,-121.23892569,37.953378579999999
90211489,2016,2016-06-28,9265,2016-05-13,1415,013465,,5,2,6,3905,0,1,3,,1,042,"SR-4 E/B","FILBERT ST",42.00,E,N,A,-,Y,,,,,,,,,,Y,2,0,2,5,A,-,03,22350,,N,C,C,A,A,H,-,A,D,0,,,,Y,Y,,G,25,1,0,1,0,0,0,0,0,0,"- ","- ",37.573419999999999,-121.15130000000001,"SAN JOAQUIN",STOCKTON,-121.25350062,37.959603559999998
90212109,2016,2016-06-29,9265,2016-06-19,1354,018289,,7,1,9,3900,0,2,4,,1,052,"MCALLEN ROAD","WILSON WAY",50.00,N,N,A,-,N,,,,,,,,,,Y,2,0,1,1,A,-,01,23152,A,N,E,I,A,A,H,-,A,D,0,,,,,Y,Y,A,01,1,0,0,0,0,0,0,0,0,"- ","- ",38.000500000000002,-121.2607,"SAN JOAQUIN",UNINCORPORATED,-121.26041542,38.000404629999998
90217032,2016,2016-07-06,9265,2016-06-20,0050,019774,,1,3,3,3904,0,3,5,,2,010,"SPRING CREEK DR","PEBBLE BEACH LN",500.00,W,N,A,-,N,,,,,,,,,,Y,2,0,1,2,A,-,01,23152,A,N,D,E,A,A,H,-,C,D,0,,,,,Y,Y,A,01,1,0,0,0,0,0,0,0,0,"- ","- ",37.746229999999997,-121.10669,"SAN JOAQUIN",RIPON,-121.10792068000001,37.746039660000001
90217684,2016,2016-07-07,9266,2016-07-04,0455,019717,,1,3,5,3906,0,1,1,,2,014,"I-205 E/B FROM 11TH STREET","LAMMERS ROAD",6389.00,W,N,A,-,Y,,,205,,,,R,,E,Y,2,0,1,1,A,-,01,23152,A,N,F,A,A,A,H,-,B,D,0,,,,,Y,Y,A,01,1,0,0,0,0,0,0,0,0,"- ","- ",37.74165,-121.49724999999999,"SAN JOAQUIN",TRACY,-121.49724999999999,37.74165
90218096,2016,2016-07-07,9265,2016-06-27,1200,019387,,1,1,9,3900,0,1,3,,1,041,"STATE ROUTE 4","TRACY BOULEVARD",410.00,E,N,A,-,Y,,,4,,,,,,,Y,2,0,1,2,A,-,08,22107,,N,A,C,A,A,H,-,A,D,0,,,,Y,Y,,A,07,1,0,0,0,0,0,0,0,0,"- ","- ",37.9024,-121.4657,"SAN JOAQUIN",UNINCORPORATED,-121.46588446,37.902710390000003
90220629,2016,2016-07-12,9266,2016-07-03,0245,019312,,7,3,5,3906,0,3,5,,2,002,"BIRD ROAD","26522 BIRD ROAD",95.00,N,N,A,-,N,,,,,,,,,,Y,2,0,2,2,A,-,05,21650,,N,A,C,A,A,H,-,D,D,0,,,Y,,Y,,C,02,2,0,0,0,0,0,0,0,2,"- ","- ",37.716119999999997,-121.36168000000001,"SAN JOAQUIN",TRACY,-121.36166453,37.71536528
90221592,2016,2016-07-13,9265,2016-06-19,1635,019996,,7,2,9,3900,0,3,5,,2,060,"WOODBRIDGE ROAD","CRUMP ROAD",1380.00,W,N,A,-,N,,,,,,,,,,Y,2,0,1,1,A,-,08,22107,,N,E,I,A,A,H,-,A,D,0,,,,,Y,,A,01,1,0,0,0,0,0,0,0,0,"- ","- ",38.09366,-121.13585999999999,"SAN JOAQUIN",UNINCORPORATED,-121.23415976,38.16016346
90222089,2016,2016-07-13,9265,2016-07-02,0431,019991,,6,3,9,3900,0,1,1,,2,503,"I-5 S/B","WEBER AVE",2.00,S,N,A,-,Y,,,,,,,,,,Y,2,0,1,2,A,-,03,22350,,N,D,C,A,A,H,-,C,D,0,,,Y,,Y,,C,02,1,0,0,0,0,0,0,0,1,"- ","- ",37.951430000000002,-121.30592,"SAN JOAQUIN",UNINCORPORATED,,
90222929,2016,2016-07-14,9265,2016-06-16,1433,17405,,4,2,9,3900,0,1,1,,2,502,"I-5 S/B",SR-120,148.00,N,N,A,-,Y,,,,,,,,,,Y,2,0,1,1,A,-,08,22107,,N,E,I,A,A,H,-,A,D,0,,,,Y,Y,,F,27,1,0,0,0,0,0,0,0,0,"- ","- ",37.888800000000003,-121.30222000000001,"SAN JOAQUIN",UNINCORPORATED,,
90224430,2016,2016-07-18,9265,2016-07-10,2155,019246,,7,2,9,3900,0,2,4,,1,022,"UNION RD","SHADY PINES RD",371.00,N,N,A,-,N,,,,,,,,,,Y,2,0,2,1,A,-,01,23152,A,N,E,I,A,A,H,-,D,D,0,,,,,Y,Y,A,01,2,0,0,0,0,0,0,0,0,"- ","- ",37.501930000000002,-121.14109999999999,"SAN JOAQUIN",UNINCORPORATED,-121.23642005000001,37.838668400000003
9022505,2019,2020-01-28,3905,2019-09-07,1801,1412,BEA,6,5,6,3905,0,0,0,,0,,"EIGHT MILE RD","MOKELUMNE CIR",0.00,,Y,A,-,N,,,,,,,,,,Y,2,0,1,2,A,-,09,21801,A,N,D,C,A,A,H,-,A,D,0,,,,Y,Y,,A,01,1,0,0,0,0,0,0,0,0,"- ","- ",38.057910919189453,-121.3839111328125,"SAN JOAQUIN",STOCKTON,-121.38407135009766,38.057731628417969
90225163,2016,2016-07-19,9265,2016-07-06,0223,015174,,3,3,9,3900,0,3,5,,2,060,"E.99 FRONTAGE RD","HAMMER LN",528.00,S,N,A,-,N,,,,,,,,,,Y,2,0,1,1,A,-,08,22107,,N,E,I,A,A,H,-,D,A,0,,,,,Y,,A,01,1,0,0,0,0,0,0,0,0,"- ","- ",38.159999999999997,-121.1528,"SAN JOAQUIN",UNINCORPORATED,-121.25978000000001,38.021279999999997
9022666,2019,2020-02-11,3905,2019-11-14,1639,2529,SEA,4,5,6,3905,0,0,0,,0,,"CAROLYN WESTON BL","MANTHEY RD",0.00,,Y,A,-,N,,,,,,,,,,Y,2,0,1,2,A,-,09,21801,A,N,D,C,A,A,H,-,A,D,0,,,Y,,Y,,A,01,1,0,0,0,0,0,0,0,1,"- ","- ",37.913028717041016,-121.29080200195312,"SAN JOAQUIN",STOCKTON,-121.29463958740234,37.912258148193359
90226947,2016,2016-07-20,9265,2016-06-20,1946,015174,,1,2,9,3900,0,1,3,,1,062,"SR-88 (WATERLOO ROAD)","WILMARTH RD",313.00,W,N,A,-,Y,,,,,,,,,,N,1,1,0,2,C,-,18,,,N,G,B,E,A,H,-,A,D,0,Y,,,Y,Y,,-,"- ",0,0,0,1,0,0,0,0,0,"- ","- ",37.595399999999998,-121.1343,"SAN JOAQUIN",UNINCORPORATED,,
90227216,2016,2016-07-21,9265,2016-05-23,0715,019906,,1,1,9,3900,0,2,4,,1,015,"COPPEROPOLIS RD","BULLPINE RD",53.00,E,N,A,-,N,,,,,,,,,,Y,1,1,1,2,A,-,05,21460,A,N,B,C,A,A,H,-,A,D,0,,,,,Y,,A,01,1,0,0,0,0,0,0,0,0,"- ","- ",37.575389999999999,-121.10553,"SAN JOAQUIN",UNINCORPORATED,-121.18202922,37.964983490000002
90230620,2016,2016-07-26,9265,2016-07-09,1355,015604,,6,1,9,3900,0,3,5,,2,010,"RIVER RD.","BRENNAN RD.",1735.00,W,N,A,-,Y,,,,,,,,,,Y,2,0,1,1,A,-,01,23152,A,N,E,J,A,A,H,-,A,D,0,,,,,Y,Y,A,01,1,0,0,0,0,0,0,0,0,"- ","- ",37.755330000000001,-121.01991,"SAN JOAQUIN",UNINCORPORATED,-121.01963259999999,37.755385830000002
90236771,2016,2016-08-03,9265,2016-06-22,0602,018836,,3,1,9,3900,0,1,3,,1,066,SR-26,"WIMER RD",1056.00,W,N,A,-,Y,,,26,,,,,,,Y,1,1,1,4,A,-,05,21460,A,N,A,C,A,A,H,-,A,A,0,,,,,Y,,D,22,1,0,0,0,0,0,0,0,0,"- ","- ",38.091349999999998,-120.94806,"SAN JOAQUIN",UNINCORPORATED,-120.94802983,38.091315729999998
90238042,2016,2016-08-04,9265,2016-07-17,2324,015174,,7,3,9,3900,0,1,3,,2,004,"SR-99 S/B","MORADA LN",300.00,S,N,A,-,Y,,,,,,,,,,Y,2,0,1,2,A,-,01,23152,A,N,C,C,A,A,H,-,C,D,0,,,,Y,Y,Y,A,01,1,0,0,0,0,0,0,0,0,"- ","- ",38.213999999999999,-121.15300000000001,"SAN JOAQUIN",UNINCORPORATED,,
90242334,2016,2016-08-10,9265,2016-07-22,0735,015604,,5,1,9,3900,0,1,3,,1,011,SR-120,"CARROLTON RD.",1700.00,W,N,A,-,Y,,,120,,,,,,,Y,2,0,1,2,A,-,03,22350,,N,C,C,A,A,H,-,A,D,0,,,Y,,Y,,C,02,1,0,0,0,0,0,0,0,1,"- ","- ",37.798079999999999,-121.07818,"SAN JOAQUIN",UNINCORPORATED,-121.07818063000001,37.79816186
90244437,2016,2016-08-19,9265,2016-07-26,1740,019996,,2,2,2,3901,0,1,S,,2,901,SR-120,"IRWIN AVENUE",1300.00,E,N,A,-,Y,,,,,,,,,,Y,2,0,2,2,A,-,09,21804,A,N,D,C,A,A,H,-,A,D,0,,,,,Y,,A,01,1,1,0,0,0,0,0,0,0,"- ","- ",37.475499999999997,-120.59584,"SAN JOAQUIN",ESCALON,,
90246839,2016,2016-08-17,9266,2016-08-02,0935,014807,,2,1,9,3900,0,2,4,,1,012,"TRACY BLVD","THE MIDDLE RIVER",177.00,N,N,A,-,N,,,,,,,,,,Y,1,1,0,1,A,-,08,22107,,N,E,I,A,A,H,-,A,D,0,,,,,Y,,A,01,0,0,0,0,0,0,0,0,0,"- ","- ",37.882809999999999,-121.45625,"SAN JOAQUIN",UNINCORPORATED,-121.456343,37.882779999999997
90251233,2016,2016-08-24,9265,2016-08-10,0805,015756,,3,1,9,3900,0,1,3,,2,003,"SR-99 N/B","MARIPOSA RD",5280.00,S,N,A,-,Y,,,99,,,,,,N,N,2,0,1,3,A,-,03,22350,,N,C,C,A,A,H,-,A,D,0,,,,,Y,,A,01,1,0,0,0,0,0,0,0,0,"- ","- ",37.925550000000001,-121.23098,"SAN JOAQUIN",UNINCORPORATED,-121.23109314,37.925504400000001
90253131,2016,2016-08-25,9265,2016-07-28,1940,019136,,4,2,9,3900,0,3,5,,2,010,"RIVER ROAD","BRENNAN RD",880.00,E,N,A,-,N,,,,,,,,,,Y,2,0,1,1,A,-,08,22107,,N,E,I,A,A,H,-,A,D,0,,,,,Y,,A,01,1,0,0,0,0,0,0,0,0,"- ","- ",37.758070000000004,-121.00962,"SAN JOAQUIN",UNINCORPORATED,-121.01108592999999,37.757591750000003
90258336,2016,2016-08-31,9265,2016-04-25,1045,019387,,1,1,6,3905,0,1,3,,1,042,"INTERSTATE 5 S/B TO E/B STATE ROUTE 4","LINCOLN STREET",1110.00,W,N,A,-,Y,,,5,,,,R,,S,Y,1,1,0,1,A,-,01,23152,F,N,E,I,A,A,H,-,A,D,0,,,Y,,Y,Y,C,02,0,0,0,0,0,0,0,1,0,"- ","- ",37.9482,-121.3005,"SAN JOAQUIN",STOCKTON,-121.3005,37.9482
90259431,2016,2016-09-01,9265,2016-08-20,2335,019341,,6,3,9,3900,0,1,3,,1,062,SR-88,"SR-12 (VICTOR RD)",3115.00,W,N,A,-,Y,,,88,,,,,,,Y,2,0,5,1,A,-,01,23152,A,N,E,I,A,A,H,-,D,D,0,,,,,Y,Y,A,07,2,2,1,0,0,0,0,0,0,"- ","- ",38.130110000000002,-121.16661999999999,"SAN JOAQUIN",UNINCORPORATED,-121.16667289999999,38.130145450000001
90259441,2016,2016-09-02,9265,2016-08-20,2154,019073,,6,2,9,3900,0,1,3,,2,004,"SR-99 N/B","CHEROKEE RD",960.00,N,N,A,-,Y,,,99,,,,,,N,Y,2,0,1,4,A,-,07,21658,A,F,B,C,A,A,H,-,C,A,0,,,Y,,Y,,C,02,1,0,0,0,0,0,0,0,1,"- ","- ",37.994689999999999,-121.25364999999999,"SAN JOAQUIN",UNINCORPORATED,-121.25365892000001,37.994687429999999
90259954,2016,2016-09-07,9265,2016-05-29,0852,019906,,7,1,6,3905,0,1,1,,2,504,"I-5 N/B","EIGHT MILE RD",307.00,S,N,A,-,Y,,,5,,,,,,N,Y,1,1,1,3,A,-,08,22107,,N,E,I,A,A,H,-,A,A,0,,,,,Y,,A,01,0,0,1,0,0,0,0,0,0,"- ","- ",38.055860000000003,-121.37178,"SAN JOAQUIN",STOCKTON,-121.3718458,38.055838809999997
90261025,2016,2016-09-05,9265,2016-06-30,2114,013193,,4,2,9,3900,0,1,3,,1,092,SR-12,"POTATO SLOUGH",5280.00,W,N,A,-,Y,,,12,,,,,,,Y,1,1,1,2,A,-,05,21460,A,N,A,C,A,A,D,-,D,D,0,,,,,Y,,A,07,1,0,0,0,0,0,0,0,0,"- ","- ",38.113599999999998,-121.52337,"SAN JOAQUIN",UNINCORPORATED,-121.52337009999999,38.113606330000003
90262560,2016,2016-09-07,9266,2016-08-31,2105,018711,,3,2,9,3900,0,2,4,,1,016,"11TH STREET","I-5 S/B",0.00,,N,A,-,Y,,,,,,,,,,Y,2,0,1,1,A,-,08,22107,,N,F,J,A,A,H,-,D,A,0,,,,,Y,,D,22,1,0,0,0,0,0,0,0,0,"- ","- ",37.758130000000001,-121.34338,"SAN JOAQUIN",UNINCORPORATED,,
90264200,2016,2016-09-08,9265,2016-06-25,2129,019341,,6,2,9,3900,0,1,3,,1,062,SR-88,"MACKVILLE RD",45.00,W,N,A,-,Y,,,88,,,,,,,N,1,1,0,3,A,-,11,21954,A,N,G,B,D,A,H,-,C,D,0,Y,,,,Y,Y,N,60,0,0,0,1,0,0,0,0,0,"- ","- ",38.191000000000003,-121.08431,"SAN JOAQUIN",UNINCORPORATED,-121.08455437000001,38.191800960000002
90264366,2016,2016-09-08,9265,2016-08-25,0540,017286,,4,3,9,3900,0,3,5,,2,060,"LIBERTY RD","JACK TONE RD",0.00,,Y,A,-,N,,,,,,,,,,Y,2,0,5,2,A,-,09,21801,A,N,D,C,A,A,H,-,D,D,0,,,,,Y,,A,08,2,0,3,0,0,0,0,0,0,"- ","- ",38.234690000000001,-121.15304,"SAN JOAQUIN",UNINCORPORATED,-121.15303993000001,38.234699970000001
90264432,2016,2016-09-08,9265,2016-08-25,1040,017286,,4,1,9,3900,0,2,4,,1,064,"SR-99 E FRONTAGE RD.","EIGHT MILE RD",792.00,N,N,A,-,N,,,,,,,,,,Y,2,0,1,1,A,-,08,22107,,N,E,I,A,A,H,-,A,D,0,,,,,Y,,D,22,1,0,0,0,0,0,0,0,0,"- ","- ",38.058120000000002,-121.25812000000001,"SAN JOAQUIN",UNINCORPORATED,-121.25816,38.058093999999997
90267803,2016,2016-11-30,9265,2016-05-10,0620,019558,,2,1,9,3900,0,1,3,,1,062,SR-88,"DISCH RD",2120.00,E,N,A,-,Y,,,88,,,,,,,Y,1,1,0,2,A,-,05,21650,,N,A,C,A,A,H,-,B,D,0,,,,Y,Y,,A,01,0,0,0,0,0,0,0,0,0,"- ","- ",38.181220000000003,-121.10861,"SAN JOAQUIN",UNINCORPORATED,-121.10860053,38.181197930000003
90269797,2016,2016-09-19,9265,2016-08-24,2000,019795,,3,2,6,3905,0,1,3,,1,042,"SR-4 W/B TO I-5 N/B","FREMONT STREET",3696.00,E,N,A,-,Y,,,,,,,,,,Y,2,0,1,1,A,-,08,22107,,N,E,I,A,A,H,-,C,D,0,,,Y,,Y,,C,02,1,0,0,0,0,0,0,0,1,"- ","- ",37.962719999999997,-121.23569000000001,"SAN JOAQUIN",STOCKTON,,
90271046,2016,2016-09-20,9266,2016-09-12,0955,012723,,1,1,9,3900,0,1,1,,2,024,"I-5 S/B","DUELL RR O/C",50.00,N,N,A,-,Y,,,5,,,,,,S,Y,2,0,2,2,A,-,08,22107,,N,B,C,A,A,H,-,A,D,0,,,,Y,Y,,G,25,1,1,0,0,0,0,0,0,0,"- ","- ",37.744500000000002,-121.343,"SAN JOAQUIN",UNINCORPORATED,-121.34388962,37.744495020000002
90272159,2016,2016-09-21,9265,2016-08-09,1819,018511,,2,2,9,3900,0,1,3,,1,061,"SR-26 E/B","GOGNA RD",2112.00,E,N,A,-,Y,,,26,,,,,,E,Y,1,1,3,2,A,-,01,23152,E,N,A,C,A,A,H,-,A,D,0,,,,,Y,,A,01,1,2,0,0,0,0,0,0,0,"- ","- ",38.005240000000001,-121.13352999999999,"SAN JOAQUIN",UNINCORPORATED,-121.13354209000001,38.005278369999999
90272296,2016,2016-09-21,9265,2016-08-27,2119,018511,,6,2,9,3900,0,1,3,,2,006,"SR-99 S/B","JAHANT RD",275.00,N,N,A,-,Y,,,,,,,,,,Y,2,0,1,1,A,-,08,22107,,N,E,I,A,A,H,-,C,D,0,,,Y,,Y,Y,C,02,1,0,0,0,0,0,0,0,1,"- ","- ",38.340229999999998,-121.18255000000001,"SAN JOAQUIN",UNINCORPORATED,,
90274683,2016,2016-09-23,9265,2016-09-10,1109,019657,,6,1,6,3905,0,1,3,,2,003,"SR-99 S/B","ARCH RD",600.00,N,N,A,-,Y,,,99,,,,,,S,Y,2,0,1,2,A,-,03,22350,,N,F,A,A,A,H,-,A,D,0,,,Y,Y,Y,,C,02,1,0,0,0,0,0,0,0,1,"- ","- ",37.906410000000001,-121.22372,"SAN JOAQUIN",STOCKTON,-121.22367986,37.90642639
90275514,2016,2016-09-26,9265,2016-09-11,2025,017021,,7,2,9,3900,0,3,5,,2,070,"THORNTON RD","ENCINO AVE",175.00,N,N,A,-,N,,,,,,,,,,N,2,0,1,2,A,-,11,21954,A,N,G,B,D,A,H,-,D,D,0,Y,,,,Y,Y,N,60,1,0,0,0,1,0,0,0,0,"- ","- ",38.025599999999997,-121.32946,"SAN JOAQUIN",UNINCORPORATED,-121.32944637,38.025709259999999
90275640,2016,2016-09-26,9265,2016-08-28,0848,019657,,7,1,9,3900,0,3,5,,2,060,"HARNEY LN","HIBBARD RD",500.00,W,N,A,-,N,,,,,,,,,,Y,2,0,2,2,A,-,01,23152,F,N,C,C,A,A,H,-,A,D,0,,,,,Y,Y,A,01,1,1,0,0,0,0,0,0,0,"- ","- ",38.101750000000003,-121.16918,"SAN JOAQUIN",UNINCORPORATED,-121.16847764000001,38.101762520000001
90276147,2016,2016-09-26,9266,2016-08-26,2250,019312,,5,3,5,3906,0,1,1,,1,015,"I-205 W/B","HOLLY DRIVE O/C",340.00,E,N,A,-,Y,,,205,,,,,,W,Y,1,1,0,1,A,-,08,22107,,N,E,I,A,A,H,-,D,D,0,,,,,Y,Y,A,01,0,0,0,0,0,0,0,0,0,"- ","- ",37.763150000000003,-121.42487,"SAN JOAQUIN",TRACY,-121.42486958000001,37.763107230000003
90284656,2016,2016-10-05,9265,2016-09-17,2156,018850,,6,2,9,3900,0,1,3,,2,001,"SR-99 S/B","AUSTIN RD",2798.00,N,N,A,-,Y,,,99,,,,,,S,Y,2,0,2,2,A,-,08,22107,,N,A,D,A,A,H,-,C,D,0,,,,,Y,,A,01,2,0,0,0,0,0,0,0,0,"- ","- ",37.780200000000001,-121.18608999999999,"SAN JOAQUIN",UNINCORPORATED,-121.18662234999999,37.779865290000004
90285948,2016,2016-10-06,9265,2016-09-23,1839,019341,,5,2,9,3900,0,2,4,,1,015,"ESCALON BELLOTA RD.","DODDS RD.",0.00,,Y,A,-,N,,,,,,,,,,Y,2,0,3,2,A,-,12,22450,A,N,D,C,A,A,H,-,A,A,0,,,,,Y,,E,22,1,1,1,0,0,0,0,0,0,"- ","- ",37.856670000000001,-120.99871,"SAN JOAQUIN",UNINCORPORATED,-120.99864995,37.856699949999999
90289554,2016,2016-10-12,9266,2016-10-05,1355,013652,,3,1,9,3900,0,1,1,,2,021,"I-580 E/B","W. VALPICO RD. U/C",2640.00,E,N,A,-,Y,,,,,,,,,,Y,2,0,4,1,A,-,08,22107,,N,F,A,A,A,H,-,A,D,0,,,,,Y,,A,07,1,3,0,0,0,0,0,0,0,"- ","- ",37.695270000000001,-121.48563,"SAN JOAQUIN",UNINCORPORATED,,
90291966,2016,2016-10-14,9265,2016-08-20,0840,018836,,6,1,9,3900,0,1,3,,1,041,SR-4,"BACON ISLAND RD",2798.00,W,N,A,-,Y,,,4,,,,,,,Y,1,1,1,3,A,-,05,21460,A,N,A,C,A,A,H,-,A,D,0,,,,Y,Y,,A,01,1,0,0,0,0,0,0,0,0,"- ","- ",37.917020000000001,-121.44311999999999,"SAN JOAQUIN",UNINCORPORATED,-121.44311404,37.917010169999998
90292299,2016,2016-10-14,9265,2016-10-08,1140,016479,,6,1,9,3900,0,2,4,,1,091,"LOWER SACRAMENTO RD","MOKELUMNE ST",310.00,N,N,A,-,N,,,,,,,,,,Y,2,0,3,1,C,-,18,,,N,E,I,A,A,H,-,A,D,0,,,,,Y,,-,"- ",1,1,1,0,0,0,0,0,0,"- ","- ",38.156260000000003,-121.15625,"SAN JOAQUIN",UNINCORPORATED,-121.30009527,38.155758339999998
90292494,2016,2016-10-14,9266,2016-10-02,1700,017920,,7,2,9,3900,0,3,5,,2,002,"TRACY BLVD","POWER POLE #110526648",188.00,N,N,A,-,N,,,,,,,,,,Y,2,0,1,1,A,-,08,22107,,N,E,I,A,A,H,-,A,D,0,,,,,Y,,A,07,1,0,0,0,0,0,0,0,0,"- ","- ",37.672690000000003,-121.43447,"SAN JOAQUIN",UNINCORPORATED,,
9029627,2019,2020-02-12,3905,2019-12-13,1030,2529,CIV,5,5,6,3905,0,0,0,,0,,"HARDING WY","COMMERCE ST",41.00,E,N,A,-,N,,,,,,,,,,,2,0,1,2,A,-,03,22350,,F,B,C,A,A,H,-,A,D,0,,,Y,,Y,,-,99,1,0,0,0,0,0,0,0,1,"- ","- ",37.966571807861328,-121.29743957519531,"SAN JOAQUIN",STOCKTON,-121.29628753662109,37.967113494873047
90296477,2016,2016-10-20,9265,2016-09-30,0036,019666,,5,3,4,3903,0,1,3,,2,025,"SR-120 W/B","AIRPORT WAY",3280.00,W,N,A,-,Y,,,,,,,,,,Y,2,0,1,1,A,-,01,23152,A,N,E,I,A,A,H,-,D,D,0,,,,,Y,Y,D,22,1,0,0,0,0,0,0,0,0,"- ","- ",37.470129999999997,-121.15853,"SAN JOAQUIN",MANTECA,-121.26352215999999,37.783455770000003
9029667,2020,2020-03-10,3905,2020-01-01,0416,2972,SEA,3,5,6,3905,0,0,0,,0,,"CAROLYN WESTON BL","MCDOUGALD BL",89.00,E,N,A,-,N,,,,,,,,,,N,2,0,1,1,A,-,03,22350,,N,E,I,A,A,H,-,C,A,0,,,,,Y,,A,01,1,0,0,0,0,0,0,0,0,"- ","- ",37.911430358886719,-121.29744720458984,"SAN JOAQUIN",STOCKTON,-121.29720306396484,37.911300659179688
90299562,2016,2016-10-24,9265,2016-10-13,1410,018590,,4,2,9,3900,0,3,5,,2,030,"MCKINLEY AVE","INDUSTRIAL AVE",0.00,,Y,B,-,N,,,,,,,,,,Y,2,0,2,2,A,-,09,21801,A,N,A,C,A,A,H,-,A,D,0,,,,,Y,,A,01,1,0,1,0,0,0,0,0,0,"- ","- ",37.906680000000001,-121.27379000000001,"SAN JOAQUIN",UNINCORPORATED,-121.27378992,37.906669960000002
90300159,2016,2016-10-25,9265,2016-07-25,0445,019246,,1,3,9,3900,0,2,4,,1,014,"MARIPOSA RD","MUNFORD AVE",0.00,,Y,A,-,N,,,,,,,,,,Y,1,1,1,2,A,-,09,21801,A,N,D,C,A,A,D,-,C,A,0,,,Y,,Y,,A,07,0,1,0,0,0,0,0,1,0,"- ","- ",37.555030000000002,-121.1328,"SAN JOAQUIN",UNINCORPORATED,-121.22434997000001,37.930609949999997
90300922,2016,2016-10-25,9265,2016-10-11,1952,019246,,2,2,6,3905,0,1,1,,2,503,"I-5 N/B","COUNTRY CLUB BLVD",500.00,S,N,A,-,Y,,,5,,,,,,N,Y,2,0,1,1,A,-,01,23152,A,N,E,I,A,A,D,-,D,D,0,,,,,Y,Y,A,01,1,0,0,0,0,0,0,0,0,"- ","- ",37.963030000000003,-121.33462,"SAN JOAQUIN",STOCKTON,-121.33475104999999,37.962976410000003