CASE_ID,ACCIDENT_YEAR,PROC_DATE,JURIS,COLLISION_DATE,COLLISION_TIME,OFFICER_ID,REPORTING_DISTRICT,DAY_OF_WEEK,CHP_SHIFT,POPULATION,CNTY_CITY_LOC,SPECIAL_COND,BEAT_TYPE,CHP_BEAT_TYPE,CITY_DIVISION_LAPD,CHP_BEAT_CLASS,BEAT_NUMBER,PRIMARY_RD,SECONDARY_RD,DISTANCE,DIRECTION,INTERSECTION,WEATHER_1,WEATHER_2,STATE_HWY_IND,CALTRANS_COUNTY,CALTRANS_DISTRICT,STATE_ROUTE,ROUTE_SUFFIX,POSTMILE_PREFIX,POSTMILE,LOCATION_TYPE,RAMP_INTERSECTION,SIDE_OF_HWY,TOW_AWAY,COLLISION_SEVERITY,NUMBER_KILLED,NUMBER_INJURED,PARTY_COUNT,PRIMARY_COLL_FACTOR,PCF_CODE_OF_VIOL,PCF_VIOL_CATEGORY,PCF_VIOLATION,PCF_VIOL_SUBSECTION,HIT_AND_RUN,TYPE_OF_COLLISION,MVIW,PED_ACTION,ROAD_SURFACE,ROAD_COND_1,ROAD_COND_2,LIGHTING,CONTROL_DEVICE,CHP_ROAD_TYPE,PEDESTRIAN_ACCIDENT,BICYCLE_ACCIDENT,MOTORCYCLE_ACCIDENT,TRUCK_ACCIDENT,NOT_PRIVATE_PROPERTY,ALCOHOL_INVOLVED,STWD_VEHTYPE_AT_FAULT,CHP_VEHTYPE_AT_FAULT,COUNT_SEVERE_INJ,COUNT_VISIBLE_INJ,COUNT_COMPLAINT_PAIN,COUNT_PED_KILLED,COUNT_PED_INJURED,COUNT_BICYCLIST_KILLED,COUNT_BICYCLIST_INJURED,COUNT_MC_KILLED,COUNT_MC_INJURED,PRIMARY_RAMP,SECONDARY_RAMP,LATITUDE,LONGITUDE,COUNTY,CITY,POINT_X,POINT_Y
90306717,2016,2016-10-31,9265,2016-10-18,1219,017286,,2,1,9,3900,0,3,5,,2,090,"PELTIER RD","SR-99 WEST FRONTAGE RD.",0.00,,Y,A,-,Y,,,,,,,,,,Y,2,0,2,2,A,-,09,21801,A,N,D,C,A,A,H,-,A,D,0,,,,Y,Y,,D,22,1,0,1,0,0,0,0,0,0,"- ","- ",38.189239999999998,-121.26430000000001,"SAN JOAQUIN",UNINCORPORATED,-121.26281993000001,38.189219970000003
90306799,2016,2016-10-31,9265,2016-08-02,1934,015174,,2,2,9,3900,0,3,5,,2,090,"SR-99 W FRONTAGE ROAD","WINERY RD",423.00,S,N,A,-,N,,,,,,,,,,N,1,1,0,2,A,-,03,22350,,F,G,B,E,A,H,-,A,D,0,Y,,,,Y,,-,99,0,0,0,1,0,0,0,0,0,"- ","- ",38.912999999999997,-121.1542,"SAN JOAQUIN",UNINCORPORATED,-121.26187,38.15387939
90306825,2016,2016-10-31,9265,2016-10-19,1635,015490,,3,2,9,3900,0,1,3,,2,004,"SR-99 S/B","WATERLOO RD",528.00,N,N,A,-,Y,,,99,,,,,,S,Y,2,0,1,1,A,-,08,22107,,N,E,I,A,A,H,-,A,D,0,,,,,Y,,A,01,1,0,0,0,0,0,0,0,0,"- ","- ",37.986330000000002,-121.25067,"SAN JOAQUIN",UNINCORPORATED,-121.25054724,37.98637557
90313874,2016,2016-11-08,9265,2016-08-27,2000,019307,,6,2,9,3900,0,2,4,,1,014,"MARIPOSA ROAD","MURPHY ROAD",3500.00,E,N,A,-,N,,,,,,,,,,Y,1,1,4,1,A,-,01,23152,A,N,E,I,A,A,H,-,D,D,0,,,,,Y,Y,A,01,1,2,1,0,0,0,0,0,0,"- ","- ",37.085799999999999,-121.10035999999999,"SAN JOAQUIN",UNINCORPORATED,-121.10045764,37.88526882
90314179,2016,2016-11-08,9265,2016-10-26,1400,013515,,3,2,9,3900,0,1,3,,1,061,"STATE ROUTE 26","IONE STREET",0.00,,Y,A,-,Y,,,26,,,,,,,Y,2,0,2,2,A,-,09,21802,A,N,D,C,A,A,H,-,A,A,0,,,,,Y,Y,A,01,1,0,1,0,0,0,0,0,0,"- ","- ",38.020269999999996,-121.08665000000001,"SAN JOAQUIN",UNINCORPORATED,-121.08663801,38.020232710000002
90314287,2016,2016-11-08,9265,2016-10-26,2105,019073,,3,2,9,3900,0,1,3,,2,004,"SR-99 S/B","BEAR CREEK RD",93.00,S,N,A,-,Y,,,99,,,,,,S,Y,2,0,1,1,A,-,01,23152,A,N,E,I,A,A,H,-,C,A,0,,,,,Y,Y,A,01,1,0,0,0,0,0,0,0,0,"- ","- ",38.084130000000002,-121.26018000000001,"SAN JOAQUIN",UNINCORPORATED,-121.26008406,38.084131370000001
90316073,2016,2016-11-10,9265,2016-07-03,0925,019657,,7,1,9,3900,0,1,3,,2,004,"SR-99 S/B","FREMONT ST",1423.00,N,N,A,-,Y,,,99,,,,,,S,Y,1,1,1,1,A,-,01,23152,E,N,E,I,A,A,H,-,A,D,0,,,,Y,Y,,F,26,0,1,0,0,0,0,0,0,0,"- ","- ",37.973669999999998,-121.24756000000001,"SAN JOAQUIN",UNINCORPORATED,-121.24749274,37.973698069999998
90316546,2016,2016-11-10,9265,2016-11-05,2150,019336,,6,2,9,3900,0,3,5,,2,010,"RIVER RD","HENRY RD",0.00,,Y,A,-,N,,,,,,,,,,Y,2,0,1,1,A,-,01,23152,A,N,F,A,A,A,H,-,D,A,0,,,Y,,Y,Y,C,02,1,0,0,0,0,0,0,0,1,"- ","- ",37.769100000000002,-120.94161,"SAN JOAQUIN",UNINCORPORATED,-120.9410299,37.769189939999997
90319163,2016,2016-12-06,9266,2016-10-06,0905,018888,,4,1,9,3900,0,2,4,,2,020,"KASSON ROAD","LINNE ROAD",0.00,,Y,A,-,N,,,,,,,,,,Y,1,2,0,2,A,-,09,21802,A,N,D,C,A,A,H,-,A,A,0,,,,Y,Y,,A,01,0,0,0,0,0,0,0,0,0,"- ","- ",37.696460000000002,-121.29798,"SAN JOAQUIN",UNINCORPORATED,-121.29806995,37.696509919999997
90319958,2016,2016-11-15,9265,2016-09-14,2500,019336,,3,4,9,3900,0,3,5,,2,060,"TULLY RD","KETTLEMAN LN",975.00,S,N,A,-,N,,,,,,,,,,N,1,1,0,2,D,-,00,,,F,G,B,E,A,H,-,D,D,0,Y,,,,Y,,-,"- ",0,0,0,1,0,0,0,0,0,"- ","- ",38.652099999999997,-121.7591,"SAN JOAQUIN",UNINCORPORATED,-121.13329199,38.114532539999999
90322346,2016,2016-11-17,9265,2016-10-21,1720,015756,,5,2,9,3900,0,3,5,,2,060,"PEARL AVE","JAHANT RD",0.00,,Y,A,-,N,,,,,,,,,,Y,1,1,2,2,A,-,12,22450,A,N,D,C,A,A,H,-,A,A,0,,,,,Y,,A,01,0,1,1,0,0,0,0,0,0,"- ","- ",38.205069999999999,-121.16167,"SAN JOAQUIN",UNINCORPORATED,-121.16164997,38.205069940000001
90330896,2016,2016-11-28,9265,2016-11-12,1135,015604,,6,1,9,3900,0,3,5,,2,010,"RIVER RD.","MCHENRY AVE.",2371.00,W,N,A,-,N,,,,,,,,,,N,2,0,1,2,A,-,08,22107,,N,B,G,A,A,H,-,A,D,0,,Y,,,Y,,L,04,1,0,0,0,0,0,1,0,0,"- ","- ",37.758839999999999,-121.00416,"SAN JOAQUIN",UNINCORPORATED,-121.00348538999999,37.758970720000001
90331517,2016,2016-11-29,9265,2016-11-16,2005,019888,,3,2,9,3900,0,1,3,,1,092,SR-12,"DAVIS RD",3018.00,E,N,A,-,Y,,,12,,,,,,,Y,2,0,2,1,A,-,08,22107,,N,E,I,A,A,H,-,D,D,0,,,,,Y,,A,01,1,0,1,0,0,0,0,0,0,"- ","- ",38.11551,-121.32356,"SAN JOAQUIN",UNINCORPORATED,-121.32356,38.11550913
90331889,2016,2016-11-29,9265,2016-11-06,0125,019246,,7,3,2,3920,0,1,S,,2,901,"LOUISE AVE","WARFIELD RD",0.00,,Y,A,-,Y,,,,,,,,,,N,2,0,1,2,A,-,11,21950,B,N,G,B,D,A,H,-,C,D,0,Y,,,,Y,Y,N,60,1,0,0,0,1,0,0,0,0,"- ","- ",37.811810000000001,-121.28684,"SAN JOAQUIN",LATHROP,-121.28683989,37.81179994
90333262,2016,2016-11-30,9265,2016-11-27,2120,019996,,7,2,9,3900,0,3,5,,2,020,"UNDINE ROAD","ROBERTS ROAD",5280.00,E,N,C,-,N,,,,,,,,,,Y,2,0,1,1,A,-,03,22350,,N,E,I,A,B,H,-,D,D,0,,,,,Y,,A,01,1,0,0,0,0,0,0,0,0,"- ","- ",37.832880000000003,-121.32404,"SAN JOAQUIN",UNINCORPORATED,-121.33789,37.834440000000001
90347652,2016,2016-12-19,9265,2016-12-06,0740,019387,,2,1,6,3905,0,1,1,,2,503,"EIGHTH ST TO I-5 S/B","EIGHTH STREET",9.00,S,N,A,-,Y,,,,,,,,,,N,2,0,1,2,A,-,10,21950,A,N,G,B,B,A,H,-,A,A,0,Y,,,,Y,,N,60,1,0,0,0,1,0,0,0,0,"- ","- ",37.926299999999998,-121.29510000000001,"SAN JOAQUIN",STOCKTON,-121.32093,37.926639999999999
90347892,2016,2016-12-19,9265,2016-12-10,1900,019795,,6,2,4,3903,0,1,3,,2,025,"SR-120 E/B",SR-99,2640.00,W,N,A,-,Y,,,120,,,,,,E,Y,2,0,1,2,A,-,03,22350,,N,C,C,A,A,H,-,C,D,0,,,,Y,Y,,A,01,1,0,0,0,0,0,0,0,0,"- ","- ",37.78313,-121.20968999999999,"SAN JOAQUIN",MANTECA,-121.20968944000001,37.783197739999999
9034981,2020,2020-09-25,3906,2020-01-25,2324,1606,,6,5,5,3906,0,0,0,,0,004,NAGLEE,"RT 205",0.00,,Y,C,-,Y,SJ,10,205,-,R,5.568,R,4,W,Y,2,0,1,2,A,-,01,23152,,N,D,C,A,B,H,-,C,A,0,,,,,Y,Y,A,01,1,0,0,0,0,0,0,0,0,"- ",WF,37.452201843261719,-121.27480316162109,"SAN JOAQUIN",TRACY,-121.45964050292969,37.755733489990234
90350252,2016,2016-12-21,9265,2016-12-19,1509,017286,,1,2,9,3900,0,2,4,,1,053,"WILSON WAY","BELVEDERE AVE",78.00,N,N,A,-,N,,,,,,,,,,Y,2,0,2,2,A,-,03,22350,,F,C,C,A,A,H,-,A,D,0,,,,Y,Y,,A,01,2,0,0,0,0,0,0,0,0,"- ","- ",37.987119999999997,-121.2693,"SAN JOAQUIN",UNINCORPORATED,-121.26925847,37.986955180000002
90353031,2016,2017-04-26,9265,2016-11-20,1640,019657,,7,2,4,3903,0,1,3,,2,025,"SR-120 E/B","UNION RD",1500.00,E,N,A,-,Y,,,120,,,,,,E,Y,2,0,4,4,A,-,03,22350,,N,C,C,A,B,H,-,D,D,0,,,,,Y,,A,01,1,1,2,0,0,0,0,0,0,"- ","- ",37.783149999999999,-121.22983000000001,"SAN JOAQUIN",MANTECA,-121.22983000000001,37.783150689999999
90357334,2016,2016-12-29,9265,2016-12-18,1312,018289,,7,1,9,3900,0,2,4,,1,053,"WILSON WAY","SANGUINETTI LANE",0.00,,Y,A,-,N,,,,,,,,,,Y,2,0,1,2,A,-,12,21453,A,N,D,C,A,A,H,-,A,A,0,,,,,Y,,A,01,1,0,0,0,0,0,0,0,0,"- ","- ",37.983280000000001,-121.27127,"SAN JOAQUIN",UNINCORPORATED,-121.27126991,37.983349879999999
90361004,2016,2017-01-04,9265,2016-12-26,1448,017286,,1,2,5,3902,0,1,3,,2,006,"SR-99 N/B","LOCKEFORD ST",292.00,N,N,A,-,Y,,,99,,,,,,N,Y,2,0,1,2,A,-,03,22350,,N,C,C,A,A,H,-,A,D,0,,,Y,,Y,,C,02,1,0,0,0,0,0,0,0,1,"- ","- ",38.13899,-121.25842,"SAN JOAQUIN",LODI,-121.25817223,38.139112679999997
90362074,2016,2017-01-05,9265,2016-11-24,0818,015604,,4,1,4,3903,0,1,3,,2,025,"STATE ROUTE 120 (EASTBOUND)","MAIN ST.",1637.00,W,N,E,-,Y,,,120,,,,,,,Y,1,1,0,2,A,-,07,21658,A,F,F,A,A,A,H,-,A,D,0,,,,,Y,,A,01,0,0,0,0,0,0,0,0,0,"- ","- ",37.783189999999998,-121.22162,"SAN JOAQUIN",MANTECA,-121.22161991999999,37.783176040000001
90364361,2016,2017-01-09,9265,2016-12-31,0712,019657,,6,1,6,3905,0,1,1,,2,503,"I-5 N/B",SR-4,560.00,S,N,C,-,Y,,,5,,,,,,N,Y,2,0,1,1,A,-,08,22107,,N,E,I,A,B,H,-,A,D,0,,,,,Y,,A,01,1,0,0,0,0,0,0,0,0,"- ","- ",37.946420000000003,-121.29944,"SAN JOAQUIN",STOCKTON,-121.29930236,37.946485160000002
90365220,2016,2017-02-01,9265,2016-10-17,0638,019193,,1,1,9,3900,0,1,3,,1,062,"SR-88 (WATERLOO ROAD)","WILCOX RD",505.00,W,N,A,-,Y,,,88,,,,,,,N,1,1,0,3,A,-,11,21954,A,F,G,B,D,A,H,-,E,D,0,Y,,,,Y,,N,60,0,0,0,1,0,0,0,0,0,"- ","- ",37.987209999999997,-121.24612,"SAN JOAQUIN",UNINCORPORATED,-121.24609031999999,37.987164659999998
90370107,2017,2017-01-17,9265,2017-01-04,1120,019128,,3,1,9,3900,0,1,3,,1,042,"SR-4 E/B TO SR-99 N/B","FILBERT ST",3432.00,E,N,B,C,Y,,,4,,,,R,,E,Y,2,0,1,1,A,-,08,22107,,N,E,I,A,B,H,-,A,D,0,,,,Y,Y,,G,27,1,0,0,0,0,0,0,0,0,"- ","- ",37.962409999999998,-121.24151000000001,"SAN JOAQUIN",UNINCORPORATED,-121.24151000000001,37.962409999999998
90376553,2016,2017-01-25,9265,2016-10-03,1705,018694,,1,2,4,3903,0,1,3,,2,025,"SR-120 E/B","MAIN STREET O/C EAST EDGE",10.00,W,N,B,-,Y,,,120,,,,,,E,Y,1,1,5,6,A,-,03,22350,,N,C,C,A,A,H,-,A,D,0,,,,Y,Y,,G,25,1,0,4,0,0,0,0,0,0,"- ","- ",37.783200000000001,-121.2158,"SAN JOAQUIN",MANTECA,-121.2158,37.783210009999998
90381109,2017,2017-01-30,9265,2017-01-09,1540,019182,,1,2,9,3900,0,1,3,,1,013,"SR-4 E/B","GILLIS RD",5016.00,E,N,A,-,Y,,,4,,,,,,E,Y,2,0,2,1,A,-,03,22350,,N,F,A,A,A,H,-,A,D,0,,,,,Y,,A,07,2,0,0,0,0,0,0,0,0,"- ","- ",37.950400000000002,-121.1842,"SAN JOAQUIN",UNINCORPORATED,-121.18436481000001,37.950112670000003
90381707,2017,2017-01-30,9266,2017-01-15,2330,018711,,7,3,9,3900,0,1,1,,2,014,"I-205 E/B","MOUNTAIN HOUSE PKWY",5280.00,W,N,A,-,Y,,,205,,,,,,E,Y,2,0,6,2,A,-,08,22107,,N,C,E,A,A,H,-,D,D,0,,,,,Y,,A,01,2,1,3,0,0,0,0,0,0,"- ","- ",37.743130000000001,-121.54252,"SAN JOAQUIN",UNINCORPORATED,-121.54252200000001,37.743099780000001
90381747,2016,2017-01-30,9265,2016-12-05,0625,019558,,1,1,9,3900,0,3,5,,2,090,"WALNUT GROVE RD.",I-5,1801.00,W,N,E,-,N,,,,,,,,,,Y,2,0,1,2,A,-,03,22350,,N,D,C,A,A,H,-,B,D,0,,,,Y,Y,,A,08,1,0,0,0,0,0,0,0,0,"- ","- ",38.226190000000003,-121.4376,"SAN JOAQUIN",UNINCORPORATED,-121.437603,38.226154000000001
90384307,2017,2017-02-02,9265,2017-01-19,1810,019336,,4,2,9,3900,0,3,5,,2,090,"WALNUT GROVE RD","LAMB RD",2378.00,W,N,B,-,N,,,,,,,,,,Y,2,0,3,1,A,-,01,23152,E,N,E,I,A,B,H,-,D,D,0,,,,,Y,,D,22,3,0,0,0,0,0,0,0,0,"- ","- ",38.225540000000002,-121.48329,"SAN JOAQUIN",UNINCORPORATED,-121.48324660999999,38.225469449999999
9038592,2020,2020-03-03,3905,2020-01-28,0824,2649,LAK,2,5,6,3905,0,0,0,,0,,"EL DORADO ST FR W RD","EDAN AV",176.00,S,N,A,-,N,,,,,,,,,,Y,2,0,2,2,A,-,05,21651,B,N,A,C,A,A,H,-,A,D,0,,,,,Y,,A,07,1,0,1,0,0,0,0,0,0,"- ","- ",,,"SAN JOAQUIN",STOCKTON,-121.31441497802734,38.017345428466797
90388363,2016,2017-02-08,9265,2016-12-13,2210,015174,,2,3,9,3900,0,2,4,,1,091,"WEST LN","MORADA LANE",3168.00,N,N,B,-,N,,,,,,,,,,Y,1,1,0,1,A,-,01,23152,A,N,E,I,A,B,H,-,D,D,0,,,,,Y,Y,A,01,0,0,0,0,0,0,0,0,0,"- ","- ",38.247,-121.1743,"SAN JOAQUIN",UNINCORPORATED,-121.29547410000001,38.045563700000002
90394586,2016,2017-02-16,9265,2016-12-08,1935,019073,,4,2,9,3900,0,3,5,,2,050,"SR-99 WEST FRONTAGE ROAD","MARANATHA DR",738.00,S,N,B,-,N,,,99,,,,,,,Y,1,3,1,2,A,-,01,23152,E,F,A,G,A,B,H,-,D,D,0,,Y,,,Y,,A,01,0,1,0,0,0,2,0,0,0,"- ","- ",38.016060000000003,-121.25848999999999,"SAN JOAQUIN",UNINCORPORATED,-121.25824719000001,38.016061280000002
90403420,2016,2017-03-01,9265,2016-11-19,1704,019657,,6,2,9,3900,0,1,3,,1,066,SR-26,"ESCALON BELLOTA RD",4050.00,E,N,C,-,Y,,,26,,,,,,,Y,1,2,0,1,A,-,01,23152,E,N,E,I,A,B,H,-,B,D,0,,,,,Y,,D,22,0,0,0,0,0,0,0,0,0,"- ","- ",38.059950000000001,-121.00837,"SAN JOAQUIN",UNINCORPORATED,-121.0083652,38.059946400000001
90403511,2017,2017-03-01,9265,2017-02-02,1205,013444,,4,1,5,3902,0,1,3,,2,006,"SR-99 N/B","EAST LOCKEFORD STREET",528.00,N,N,A,-,Y,,,99,,,,,,N,Y,1,1,1,2,A,-,07,21658,A,N,C,C,A,A,H,-,A,D,0,,,,,Y,,D,22,0,0,1,0,0,0,0,0,0,"- ","- ",38.140500000000003,-121.25891,"SAN JOAQUIN",LODI,-121.25894206,38.140481870000002
90404259,2017,2017-03-02,9265,2017-02-04,2344,018784,,6,3,9,3900,0,3,5,,2,090,"PELTIER RD","RAY RD",4224.00,W,N,A,-,N,,,,,,,,,,Y,1,1,0,1,A,-,08,22107,,N,E,I,A,A,H,-,D,D,0,,,,,Y,,A,01,0,0,0,0,0,0,0,0,0,"- ","- ",38.189360000000001,-121.38803,"SAN JOAQUIN",UNINCORPORATED,-121.38803,38.189360000000001
90406083,2017,2017-03-06,9265,2017-02-24,1643,019795,,5,2,4,3903,0,1,3,,2,001,"SR-99 S/B","SR-120 W/B",2810.00,S,N,A,-,Y,,,99,,,,,,S,Y,2,0,2,1,A,-,03,22350,,N,F,A,A,A,H,-,C,D,0,,,Y,,Y,,C,02,1,0,1,0,0,0,0,0,2,"- ","- ",37.778309999999998,-121.18429999999999,"SAN JOAQUIN",MANTECA,-121.18441113,37.778081200000003
90409360,2017,2017-03-09,9265,2017-03-04,0233,019795,,6,3,2,3920,0,1,1,,2,502,"I-5 N/B","LOUISE AVE",260.00,N,N,A,-,Y,,,5,,,,,,N,N,2,0,1,2,A,-,11,21954,A,N,G,B,E,A,H,-,C,D,0,Y,,,,Y,,N,60,1,0,0,0,1,0,0,0,0,"- ","- ",37.812170000000002,-121.29537999999999,"SAN JOAQUIN",LATHROP,-121.29533745000001,37.81215503
90410130,2017,2017-03-10,9265,2017-03-08,1718,015490,,3,2,9,3900,0,2,4,,1,064,"EIGHT MILE RD","CHANTEL LN",528.00,E,N,A,-,N,,,,,,,,,,Y,2,0,1,2,A,-,01,23152,A,N,C,G,A,A,H,-,A,D,0,,Y,,,Y,Y,A,01,1,0,0,0,0,0,1,0,0,"- ","- ",38.057589999999998,-121.24167,"SAN JOAQUIN",UNINCORPORATED,-121.24185616,38.057553050000003
90410906,2017,2017-03-13,9265,2017-03-04,0232,019885,,6,3,2,3920,0,1,1,,2,502,"I-5 N/B","LOUISE AVE.",850.00,N,N,A,-,Y,,,5,,,,,,N,Y,2,0,1,2,A,-,11,21954,A,N,G,B,E,A,H,-,D,D,0,Y,,,,Y,,N,60,1,0,0,0,1,0,0,0,0,"- ","- ",37.811869999999999,-121.29552,"SAN JOAQUIN",LATHROP,-121.29544866000001,37.81184399
90411133,2017,2017-03-13,9265,2017-02-07,1440,019387,,2,2,9,3900,0,1,3,,1,041,"STATE ROUTE 4","WHISKEY SLOUGH RD",528.00,W,N,B,-,Y,,,4,,,,,,,Y,1,2,1,2,A,-,05,21460,A,N,A,C,A,A,H,-,A,D,0,,,,,Y,,A,01,0,1,0,0,0,0,0,0,0,"- ","- ",37.925400000000003,-121.4312,"SAN JOAQUIN",UNINCORPORATED,-121.43125983,37.925487150000002
90413411,2017,2017-03-16,9265,2017-02-12,2500,016661,,7,4,9,3900,0,1,1,,2,502,"I-5 N/B","EL DORADO ST",1400.00,S,N,A,-,Y,,,5,,,,,,N,Y,1,1,0,1,A,-,08,22107,,N,E,I,A,A,H,-,D,D,0,,,,,Y,Y,A,01,0,0,0,0,0,0,0,0,0,"- ","- ",37.872070000000001,-121.27737,"SAN JOAQUIN",UNINCORPORATED,-121.27752024,37.872078389999999
90415202,2017,2017-03-20,9265,2017-03-07,0034,019996,,2,3,2,3920,0,1,1,,2,502,"I-5 N/B TO LATHROP RD.","LATHROP ROAD",200.00,S,N,A,-,Y,,,5,,,,R,,N,Y,2,0,1,2,A,-,01,23152,A,N,C,C,A,A,H,-,D,D,0,,,,Y,Y,Y,A,01,1,0,0,0,0,0,0,0,0,"- ","- ",37.82555,-121.28955000000001,"SAN JOAQUIN",LATHROP,-121.28955000000001,37.82555
90416095,2017,2017-03-21,9266,2017-03-04,1750,017920,,6,2,9,3900,0,1,3,,1,026,SR-132,"KOSTER RD.",4080.00,E,N,A,-,Y,,,132,,,,,,,Y,2,0,3,1,A,-,08,22107,,N,F,A,A,A,H,-,A,D,0,,,,,Y,,A,07,3,0,0,0,0,0,0,0,0,"- ","- ",37.638069999999999,-121.31019000000001,"SAN JOAQUIN",UNINCORPORATED,-121.31019001999999,37.638092499999999
90418490,2017,2017-03-23,9266,2017-03-05,1840,019532,,7,2,9,3900,0,2,4,,1,016,"11TH STREET","BIRD ROAD",0.00,,Y,B,-,N,,,,,,,,,,Y,2,0,1,2,A,-,12,21453,A,N,D,C,A,B,H,-,D,A,0,,,,,Y,,D,22,1,0,0,0,0,0,0,0,0,"- ","- ",37.74541,-121.36166,"SAN JOAQUIN",UNINCORPORATED,-121.36178990000001,37.74593995
90421125,2017,2017-03-27,9265,2017-03-16,1858,018850,,4,2,9,3900,0,1,3,,1,013,"SR-4 (GOLDEN GATE AVENUE)","FARMINGTON ROAD",22.00,W,N,A,-,Y,,,4,,,,,,,N,2,0,1,2,A,-,07,21658,A,N,D,G,A,A,H,-,A,D,0,,Y,,,Y,,L,04,1,0,0,0,0,0,1,0,0,"- ","- ",37.941960000000002,-121.23116,"SAN JOAQUIN",UNINCORPORATED,-121.23100261,37.941369209999998
90422303,2016,2017-04-06,9265,2016-12-31,2031,019991,,6,2,6,3905,0,1,1,,2,503,"I-5 S/B","COUNTRY CLUB BLVD",146.00,N,N,A,-,Y,,,5,,,,,,S,Y,1,1,0,2,A,-,08,22107,,N,C,E,A,A,H,-,D,D,0,,,,Y,Y,,G,25,0,0,0,0,0,0,0,0,0,"- ","- ",37.964359999999999,-121.33564,"SAN JOAQUIN",STOCKTON,-121.33563189,37.964363230000004
90423948,2017,2017-03-30,9265,2017-03-24,2145,018850,,5,2,9,3900,0,2,4,,1,024,"AIRPORT WAY","ROTH RD",10.00,S,N,B,C,N,,,,,,,,,,Y,2,0,3,2,A,-,01,23152,A,N,C,C,A,B,H,-,C,D,0,,,,,Y,Y,A,01,1,1,1,0,0,0,0,0,0,"- ","- ",37.855550000000001,-121.25543,"SAN JOAQUIN",UNINCORPORATED,-121.25546812,37.855562579999997
90427215,2017,2017-04-04,9265,2017-03-30,1834,019073,,4,2,9,3900,0,3,5,,2,030,"B ST","5TH ST",44.00,S,N,A,-,N,,,,,,,,,,Y,2,0,1,2,A,-,01,23152,A,N,C,C,A,A,H,-,A,A,0,,,Y,,Y,Y,C,02,1,0,0,0,0,0,0,0,1,"- ","- ",37.937829999999998,-121.25706,"SAN JOAQUIN",UNINCORPORATED,-121.25701674,37.937924119999998
90430909,2017,2017-04-10,9265,2017-02-05,0035,019136,,7,3,6,3905,0,1,1,,2,503,"I-5 N/B","CHARTER WAY",184.00,S,N,A,-,Y,,,,,,,,,,Y,1,1,1,2,A,-,01,23152,A,N,E,I,A,A,H,-,C,D,0,,,,,Y,Y,A,07,0,1,0,0,0,0,0,0,0,"- ","- ",37.561050000000002,-121.17498999999999,"SAN JOAQUIN",STOCKTON,-121.29727597,37.936360180000001
90431516,2016,2017-04-11,9265,2016-12-31,0223,019888,,6,3,6,3905,0,1,3,,1,042,"SR-4 W/B TO I-5 S/B","CHURCH ST",125.00,N,N,A,-,Y,,,4,,,,R,,W,Y,1,1,2,1,A,-,01,23152,F,F,E,I,A,A,H,-,C,A,0,,,,,Y,Y,A,01,1,1,0,0,0,0,0,0,0,"- ","- ",37.946300000000001,-121.30011,"SAN JOAQUIN",STOCKTON,-121.30011,37.946300000000001
90432896,2017,2017-04-12,9265,2017-04-05,0145,019307,,3,3,9,3900,0,1,1,,2,503,"I-5 S/B","SHIMIZU DR",500.00,S,N,A,-,Y,,,,,,,,,,Y,2,0,1,2,A,-,01,23152,A,N,B,C,A,A,H,-,D,D,0,,,,,Y,Y,A,01,1,0,0,0,0,0,0,0,0,"- ","- ",37.959310000000002,-121.33283,"SAN JOAQUIN",UNINCORPORATED,,
90433349,2017,2017-04-13,9265,2017-04-01,0150,019885,,6,3,9,3900,0,3,5,,2,010,"RIVER RD (18200 BLOCK)","WAGNER AVE",339.00,E,N,A,-,N,,,,,,,,,,Y,2,0,4,1,A,-,08,22107,,N,E,I,A,A,H,-,D,D,0,,,,,Y,,A,01,4,0,0,0,0,0,0,0,0,"- ","- ",37.761240000000001,-121.13123,"SAN JOAQUIN",UNINCORPORATED,-121.086478,37.761107590000002
90433981,2017,2017-04-13,9265,2017-03-11,0245,019136,,6,3,6,3905,0,1,1,,2,504,"I-5 S/B","HAMMER LN",4820.00,N,N,A,-,Y,,,5,,,,,,S,Y,1,1,1,1,A,-,08,22107,,N,E,I,A,A,H,-,D,D,0,,,,,Y,,A,07,1,0,0,0,0,0,0,0,0,"- ","- ",38.03322,-121.36509,"SAN JOAQUIN",STOCKTON,-121.36489984000001,38.033312590000001
90434147,2017,2017-04-13,9265,2017-02-02,1903,013193,,4,2,9,3900,0,1,1,,2,505,"I-5 N/B",SR-12,1003.00,S,N,A,-,Y,,,5,,,,,,N,N,1,1,0,5,A,-,11,21954,A,N,G,B,E,A,H,-,C,D,0,Y,,,,Y,Y,N,60,0,0,0,1,0,0,0,0,0,"- ","- ",38.113259999999997,-121.39646999999999,"SAN JOAQUIN",UNINCORPORATED,-121.39640331,38.113304079999999
90434499,2017,2017-04-14,9265,2017-04-01,1500,015756,,6,2,9,3900,0,1,3,,2,003,"SR-99 S/B","MAIN ST",1373.00,N,N,A,-,Y,,,99,,,,,,S,Y,2,0,1,2,A,-,07,21658,A,N,B,C,A,A,H,-,A,D,0,,,Y,,Y,,A,01,1,0,0,0,0,0,0,0,1,"- ","- ",37.957569999999997,-121.24097,"SAN JOAQUIN",UNINCORPORATED,-121.24063673000001,37.957667899999997