CASE_ID,ACCIDENT_YEAR,PROC_DATE,JURIS,COLLISION_DATE,COLLISION_TIME,OFFICER_ID,REPORTING_DISTRICT,DAY_OF_WEEK,CHP_SHIFT,POPULATION,CNTY_CITY_LOC,SPECIAL_COND,BEAT_TYPE,CHP_BEAT_TYPE,CITY_DIVISION_LAPD,CHP_BEAT_CLASS,BEAT_NUMBER,PRIMARY_RD,SECONDARY_RD,DISTANCE,DIRECTION,INTERSECTION,WEATHER_1,WEATHER_2,STATE_HWY_IND,CALTRANS_COUNTY,CALTRANS_DISTRICT,STATE_ROUTE,ROUTE_SUFFIX,POSTMILE_PREFIX,POSTMILE,LOCATION_TYPE,RAMP_INTERSECTION,SIDE_OF_HWY,TOW_AWAY,COLLISION_SEVERITY,NUMBER_KILLED,NUMBER_INJURED,PARTY_COUNT,PRIMARY_COLL_FACTOR,PCF_CODE_OF_VIOL,PCF_VIOL_CATEGORY,PCF_VIOLATION,PCF_VIOL_SUBSECTION,HIT_AND_RUN,TYPE_OF_COLLISION,MVIW,PED_ACTION,ROAD_SURFACE,ROAD_COND_1,ROAD_COND_2,LIGHTING,CONTROL_DEVICE,CHP_ROAD_TYPE,PEDESTRIAN_ACCIDENT,BICYCLE_ACCIDENT,MOTORCYCLE_ACCIDENT,TRUCK_ACCIDENT,NOT_PRIVATE_PROPERTY,ALCOHOL_INVOLVED,STWD_VEHTYPE_AT_FAULT,CHP_VEHTYPE_AT_FAULT,COUNT_SEVERE_INJ,COUNT_VISIBLE_INJ,COUNT_COMPLAINT_PAIN,COUNT_PED_KILLED,COUNT_PED_INJURED,COUNT_BICYCLIST_KILLED,COUNT_BICYCLIST_INJURED,COUNT_MC_KILLED,COUNT_MC_INJURED,PRIMARY_RAMP,SECONDARY_RAMP,LATITUDE,LONGITUDE,COUNTY,CITY,POINT_X,POINT_Y
90435468,2017,2017-04-17,9265,2017-04-03,1015,018047,,1,1,9,3900,0,2,4,,1,091,"LOWER SACRAMENTO RD","MARLETTE RD",647.00,S,N,A,-,N,,,,,,,,,,Y,2,0,1,1,A,-,08,22107,,N,E,I,A,A,H,-,A,A,0,,,,,Y,,A,07,1,0,0,0,0,0,0,0,0,"- ","- ",38.05415,-121.31573,"SAN JOAQUIN",UNINCORPORATED,-121.31671348,38.048522460000001
90446005,2017,2017-05-11,9265,2017-04-21,2245,020261,,5,3,9,3900,0,2,4,,1,093,"LOWER SACRAMENTO RD","MARLETTE RD",0.00,,N,A,-,N,,,,,,,,,,Y,1,1,0,1,A,-,05,21460,A,N,E,I,A,A,H,-,D,D,0,,,Y,,Y,,C,02,0,0,0,0,0,0,0,1,0,"- ","- ",38.049329999999998,-121.31578,"SAN JOAQUIN",UNINCORPORATED,-121.31521994000001,38.049849979999998
90446389,2017,2017-05-01,9265,2017-04-23,1815,019246,,7,2,4,3903,0,1,3,,2,025,"SR-120 W/B","AIRPORT WAY",2429.00,W,N,A,-,Y,,,120,,,,,,W,Y,2,0,2,3,A,-,03,22350,,N,C,C,A,A,H,-,A,D,0,,,,,Y,,D,22,1,0,1,0,0,0,0,0,0,"- ","- ",37.78331,-121.26067999999999,"SAN JOAQUIN",MANTECA,-121.26068094999999,37.78334117
90446540,2017,2017-05-01,9265,2017-04-04,0738,016661,,2,1,2,3920,0,1,3,,2,025,"SR-120 W/B","GUTHMILLER RD",1056.00,W,N,A,-,Y,,,120,,,,,,W,Y,2,0,1,2,A,-,03,22350,,N,B,C,A,A,H,-,A,D,0,,,,,Y,,E,22,1,0,0,0,0,0,0,0,0,"- ","- ",37.790239999999997,-121.29277999999999,"SAN JOAQUIN",LATHROP,-121.29277746,37.79041556
90447030,2017,2017-05-02,9265,2017-04-25,2135,019246,,2,2,2,3920,0,1,1,,2,502,"I-5 S/B",SR-120,1954.00,N,N,A,-,Y,,,5,,,,,,S,Y,2,0,1,1,A,-,08,22107,,N,F,I,A,A,H,-,D,D,0,,,,,Y,,A,07,1,0,0,0,0,0,0,0,0,"- ","- ",37.794409999999999,-121.30106000000001,"SAN JOAQUIN",LATHROP,-121.30094541,37.794410079999999
90447251,2017,2017-05-02,9265,2017-02-03,2036,013193,,5,2,9,3900,0,3,5,,2,090,"PELTIER RD","DEVRIES RD",3168.00,W,N,C,-,N,,,,,,,,,,Y,1,1,1,2,A,-,01,23152,F,N,A,C,A,B,H,-,D,D,0,,,,Y,Y,,A,01,0,0,1,0,0,0,0,0,0,"- ","- ",38.18929,-121.36527,"SAN JOAQUIN",UNINCORPORATED,-121.36527,38.18929
90449164,2017,2017-05-04,9265,2017-04-29,1324,015490,,6,1,9,3900,0,3,5,,2,060,"HARNEY LN.","TULLY RD",2640.00,E,N,A,-,N,,,,,,,,,,Y,2,0,2,2,A,-,08,22107,,N,D,C,A,A,H,-,A,D,0,,,,Y,Y,,A,01,2,0,0,0,0,0,0,0,0,"- ","- ",38.103140000000003,-121.11519,"SAN JOAQUIN",UNINCORPORATED,-121.12415068,38.102920769999997
90452707,2017,2017-05-10,9265,2017-05-07,0500,019246,,7,3,2,3920,0,1,1,,2,502,"I-5 S/B",SR-120,373.00,N,N,B,-,Y,,,5,,,,,,S,Y,2,0,2,1,A,-,08,22107,,N,F,I,A,A,H,-,D,D,0,,,,,Y,,A,01,1,0,1,0,0,0,0,0,0,"- ","- ",37.789740000000002,-121.30209000000001,"SAN JOAQUIN",LATHROP,-121.3017622,37.789572479999997
90454478,2017,2017-05-12,9265,2017-05-05,0920,019128,,5,1,9,3900,0,1,3,,2,001,"SR-99 N/B","FRENCH CAMP ROAD",3696.00,S,N,A,-,Y,,,,,,,,,,Y,2,0,1,2,A,-,08,22107,,N,B,C,A,A,H,-,A,D,0,,,Y,,Y,,C,02,1,0,0,0,0,0,0,0,1,"- ","- ",37.505420000000001,-121.13607,"SAN JOAQUIN",UNINCORPORATED,-121.21820868,37.849733999999998
90456392,2017,2017-05-16,9265,2017-04-29,0740,019128,,6,1,9,3900,0,1,3,,1,011,"SR-120 W/B","FRENCH CAMP ROAD",0.00,,Y,A,-,Y,,,,,,,,,,Y,2,0,4,2,A,-,09,21802,A,N,D,C,A,A,H,-,A,D,0,,,,,Y,,A,01,1,1,2,0,0,0,0,0,0,"- ","- ",37.47531,-121.53344,"SAN JOAQUIN",UNINCORPORATED,-121.09249991999999,37.798079960000003
90457768,2017,2017-05-17,9265,2017-05-10,0340,020513,,3,3,9,3900,0,1,3,,2,004,"SR-99 S/B","MORADA LANE",955.00,N,N,A,-,Y,,,,,,,,,,N,2,0,1,2,A,-,03,22350,,F,G,B,E,A,H,-,D,D,0,Y,,,,Y,,-,99,1,0,0,0,1,0,0,0,0,"- ","- ",38.227589999999999,-121.15309999999999,"SAN JOAQUIN",UNINCORPORATED,,
90459741,2017,2017-05-19,9266,2017-05-12,2315,019532,,5,3,5,3906,0,1,1,,2,014,"I-205 E/B","GRANT LINE ROAD",2112.00,W,N,A,-,Y,,,205,,,,,,E,Y,2,0,2,1,A,-,01,23152,A,N,E,I,A,A,H,-,D,D,0,,,,,Y,Y,A,01,1,1,0,0,0,0,0,0,0,"- ","- ",37.750880000000002,-121.47082,"SAN JOAQUIN",TRACY,-121.47079291999999,37.750813309999998
90463661,2017,2017-05-25,9265,2017-05-20,1425,018289,,6,2,9,3900,0,1,3,,2,004,"STATE ROUTE 99 SOUTHBOUND","WATERLOO ROAD",10.00,N,N,A,-,Y,,,99,,,,,,S,Y,2,0,1,3,A,-,08,22107,,N,D,C,A,A,H,-,A,D,0,,,Y,,Y,,C,02,1,0,0,0,0,0,0,0,1,"- ","- ",37.980699999999999,-121.2492,"SAN JOAQUIN",UNINCORPORATED,-121.25003006,37.980648049999999
90467715,2017,2017-05-31,9265,2017-05-11,2050,019666,,4,2,9,3900,0,1,3,,1,092,SR-12,"MOORE RD",238.00,E,N,A,-,N,,,12,,,,,,,Y,2,0,2,1,A,-,01,23152,A,N,E,I,A,A,H,-,D,D,0,,,,,Y,Y,A,01,1,0,1,0,0,0,0,0,0,"- ","- ",38.115740000000002,-121.32632,"SAN JOAQUIN",UNINCORPORATED,-121.32631821,38.115505429999999
90470071,2017,2017-06-02,9265,2017-05-16,2245,019991,,2,3,9,3900,0,1,3,,1,041,SR-4,"BACON ISLAND ROAD",1584.00,W,N,A,-,Y,,,4,,,,,,,Y,2,0,2,2,A,-,08,22107,,N,A,A,A,A,H,-,D,D,0,,,,,Y,,A,01,2,0,0,0,0,0,0,0,0,"- ","- ",37.909170000000003,-121.45459,"SAN JOAQUIN",UNINCORPORATED,-121.45457808,37.9091454
90470626,2017,2017-06-05,9265,2017-05-14,1430,018047,,7,2,6,3905,0,1,1,,2,504,"I-5 N/B TO HAMMER LN","HAMMER LN E/B",20.00,S,N,A,-,Y,,,5,,,,R,,N,Y,2,0,3,2,A,-,03,22350,,N,E,I,A,A,H,-,A,D,0,,,,,Y,,D,22,1,0,2,0,0,0,0,0,0,"- ","- ",38.021140000000003,-121.3579,"SAN JOAQUIN",STOCKTON,-121.3579,38.021140000000003
90471652,2017,2017-06-06,9265,2017-05-12,1243,020550,,5,1,6,3905,0,1,3,,1,042,"SR-4 E/B","MAIN ST",87.00,E,N,A,-,Y,,,4,,,,,,E,Y,2,0,2,2,A,-,07,21658,A,F,E,I,A,A,H,-,A,D,0,,,,,Y,,-,99,1,1,0,0,0,0,0,0,0,"- ","- ",37.955799999999996,-121.26493000000001,"SAN JOAQUIN",STOCKTON,-121.26488349,37.955732210000001
90473622,2017,2017-06-08,9265,2017-05-23,0820,019558,,2,1,6,3905,0,1,1,,2,504,"I-5 S/B","HAMMER LANE",507.00,S,N,A,-,Y,,,5,,,,,,S,Y,2,0,1,1,A,-,08,22107,,N,E,I,A,A,H,-,A,D,0,,,,Y,Y,,G,25,1,0,0,0,0,0,0,0,0,"- ","- ",38.011220000000002,-121.35399,"SAN JOAQUIN",STOCKTON,-121.35411931,38.011165149999997
90477174,2017,2017-06-13,9266,2017-03-12,2302,020083,,7,3,9,3900,0,1,1,,2,024,"I-5 N/B",SR-132,2263.00,N,N,A,-,Y,,,5,,,,,,N,Y,1,1,1,3,A,-,03,22350,,N,C,C,A,A,H,-,D,D,0,,,,,Y,,A,01,0,1,0,0,0,0,0,0,0,"- ","- ",37.650530000000003,-121.34301000000001,"SAN JOAQUIN",UNINCORPORATED,-121.34298724999999,37.650530140000001
90490079,2017,2017-06-28,9265,2017-06-18,0105,017021,,7,3,9,3900,0,1,1,,2,505,"I-5 S/B FROM SR-12 E/B",SR-12,900.00,S,N,A,-,Y,,,,,,,,,,Y,2,0,1,1,A,-,01,23152,A,N,F,A,A,A,H,-,C,D,0,,,Y,,Y,Y,C,02,1,0,0,0,0,0,0,0,1,"- ","- ",38.237699999999997,-121.34520000000001,"SAN JOAQUIN",UNINCORPORATED,,
90493121,2017,2017-07-03,9266,2017-06-28,1745,015805,,3,2,9,3900,0,1,3,,1,026,SR-132,"KOSTER RD.",1200.00,E,N,A,-,Y,,,132,,,,,,,Y,2,0,1,2,A,-,05,21650,,N,D,C,A,A,H,-,A,D,0,,,Y,,Y,,C,02,1,0,0,0,0,0,0,0,1,"- ","- ",37.638039999999997,-121.31841,"SAN JOAQUIN",UNINCORPORATED,-121.31840984,37.638056919999997
90495001,2016,2017-07-06,9265,2016-08-31,0815,018955,,3,1,9,3900,0,2,4,,1,072,"PERSHING AVE","RIVARA RD",0.00,,Y,A,-,N,,,,,,,,,,Y,1,1,2,2,B,-,22,,,N,D,C,A,A,H,-,A,A,0,,,,,Y,,-,98,0,2,0,0,0,0,0,0,0,"- ","- ",38.018540000000002,-121.32996,"SAN JOAQUIN",UNINCORPORATED,-121.32994988,38.01854994
9049501,2020,2020-03-04,3903,2020-01-11,1027,5169,,6,5,4,3903,0,0,0,,0,,"YOSEMITE AV","WATSON AV",18.00,E,N,A,-,N,,,,,,,,,,Y,2,0,1,2,A,-,03,22350,,N,D,C,A,A,H,-,A,D,0,,,Y,,Y,,C,02,1,0,0,0,0,0,0,0,1,"- ","- ",37.797210693359375,-121.23953247070312,"SAN JOAQUIN",MANTECA,-121.23934936523438,37.797370910644531
90500047,2017,2017-07-13,9265,2017-05-13,2311,019795,,6,3,9,3900,0,1,3,,1,062,"STATE ROUTE 88","SIXTH STREET",195.00,W,N,A,-,Y,,,88,,,,,,,Y,1,1,1,3,A,-,01,23152,A,N,A,C,A,A,H,-,C,D,0,,,,,Y,Y,D,22,0,1,0,0,0,0,0,0,0,"- ","- ",38.191800000000001,-121.08471,"SAN JOAQUIN",UNINCORPORATED,-121.08469701,38.191757440000003
90502567,2017,2017-07-18,9265,2017-06-17,1350,019387,,6,1,9,3900,0,3,5,,2,040,"MCDONALD ROAD","DAVINI ROAD",2112.00,W,N,A,-,N,,,,,,,,,,Y,2,0,1,1,A,-,08,22107,,N,F,A,A,A,H,-,A,D,0,,,,,Y,,A,01,1,0,0,0,0,0,0,0,0,"- ","- ",37.962200000000003,-121.4444,"SAN JOAQUIN",UNINCORPORATED,-121.44136575,37.961204960000003
90502601,2017,2017-07-18,9265,2017-07-03,2310,019307,,1,3,9,3900,0,1,1,,2,502,"I-5 N/B TO MATHEWS ROAD","MATHEWS RD",520.00,S,N,A,-,Y,,,5,,,,R,,N,Y,2,0,1,1,A,-,01,23152,A,N,E,I,A,A,H,-,C,D,0,,,,,Y,Y,A,07,1,0,0,0,0,0,0,0,0,"- ","- ",37.880519999999997,-121.27817,"SAN JOAQUIN",UNINCORPORATED,-121.27817,37.880519999999997
90505038,2017,2017-07-20,9265,2017-06-24,1450,019128,,6,2,9,3900,0,2,4,,1,012,"JACK TONE ROAD","LEROY AVE",1954.00,S,N,A,-,N,,,,,,,,,,Y,2,0,1,1,A,-,08,22107,,N,E,I,A,A,H,-,A,D,0,,,,,Y,,A,01,1,0,0,0,0,0,0,0,0,"- ","- ",37.785870000000003,-121.14304,"SAN JOAQUIN",UNINCORPORATED,-121.14298162999999,37.78503414
90505528,2017,2017-07-21,9265,2017-07-11,1035,020261,,2,1,9,3900,0,3,5,,2,010,"COTTAGE AVE","E. LATHROP RD",35.00,S,N,A,-,N,,,,,,,,,,Y,2,0,1,3,A,-,01,23152,G,N,C,C,A,A,H,-,A,A,0,,,,,Y,Y,A,01,1,0,0,0,0,0,0,0,0,"- ","- ",37.8264,-121.19929999999999,"SAN JOAQUIN",UNINCORPORATED,-121.19934542999999,37.826443949999998
90507317,2017,2017-07-25,9265,2017-07-12,0002,019991,,3,3,9,3900,0,1,3,,2,001,"SR-99 N/B","AUSTIN ROAD",4000.00,S,N,A,-,Y,,,99,,,,,,N,Y,2,0,1,2,A,-,01,23152,F,N,C,C,A,A,H,-,D,D,0,,,,Y,Y,,A,01,1,0,0,0,0,0,0,0,0,"- ","- ",37.767290000000003,-121.16864,"SAN JOAQUIN",UNINCORPORATED,-121.16853247,37.767472609999999
90511542,2017,2017-07-28,9265,2017-04-22,0432,019073,,6,3,3,3904,0,1,3,,2,001,"SR-99 S/B","MAIN ST",1637.00,S,N,A,-,Y,,,99,,,,,,S,Y,2,0,2,2,A,-,03,22350,,N,D,C,A,A,C,-,D,D,0,,,,,Y,,A,01,2,0,0,0,0,0,0,0,0,"- ","- ",37.736400000000003,-121.11734,"SAN JOAQUIN",RIPON,-121.11735089,37.736387010000001
90514836,2017,2017-08-02,9265,2017-07-06,1545,015756,,4,2,9,3900,0,1,3,,1,062,"SR-88 (WATERLOO ROAD)","PICCOLI RD",152.00,W,N,A,-,Y,,,88,,,,,,,Y,2,0,1,2,A,-,08,22107,,N,D,C,A,A,H,-,A,D,0,,,Y,,Y,,A,01,1,0,0,0,0,0,0,0,1,"- ","- ",37.986359999999998,-121.24726,"SAN JOAQUIN",UNINCORPORATED,-121.24728123,37.986394070000003
90515495,2017,2017-08-03,9265,2017-06-26,1245,016661,,1,1,9,3900,0,1,1,,2,502,"I-5 S/B","ROTH RD",1584.00,N,N,A,-,Y,,,5,,,,,,S,Y,2,0,7,4,A,-,03,22350,,N,C,C,A,A,H,-,A,D,0,,,,,Y,,A,07,2,2,3,0,0,0,0,0,0,"- ","- ",37.859430000000003,-121.2811,"SAN JOAQUIN",UNINCORPORATED,-121.2811955,37.859456459999997
90515617,2017,2017-08-03,9265,2017-07-09,2310,019246,,7,3,2,3920,0,1,1,,2,502,"I-5 N/B","SAN JOAQUIN RIVER",545.00,N,N,A,-,Y,,,5,,,,,,N,Y,2,0,2,1,A,-,08,22107,,N,E,I,A,A,H,-,C,D,0,,,,,Y,,A,01,1,0,1,0,0,0,0,0,0,"- ","- ",37.786490000000001,-121.30394,"SAN JOAQUIN",LATHROP,-121.30400095,37.786573400000002
90519614,2017,2017-08-09,9265,2017-01-03,2312,019996,,2,3,9,3900,0,1,3,,1,041,SR-4,"PORT OF STOCKTON EXPY",858.00,W,N,C,-,Y,,,4,,,,,,,Y,1,1,0,2,A,-,03,22350,,N,C,C,A,B,H,-,D,D,0,,,Y,,Y,,A,07,0,0,0,0,0,0,0,1,0,"- ","- ",37.926850000000002,-121.36055,"SAN JOAQUIN",UNINCORPORATED,-121.36055057999999,37.926938849999999
90521738,2017,2017-08-11,9265,2017-07-12,1250,015490,,3,1,9,3900,0,1,3,,1,061,"SR-26 W/B TO SR-99 N/B",SR-26,48.00,N,N,A,-,Y,,,26,,,,R,,W,Y,2,0,1,1,A,-,03,22350,,N,F,A,A,A,H,-,A,A,0,,,,Y,Y,,G,25,1,0,0,0,0,0,0,0,0,"- ","- ",37.970979999999997,-121.2449,"SAN JOAQUIN",UNINCORPORATED,-121.2449,37.970979999999997
90522488,2017,2017-08-14,9265,2017-07-29,2224,020071,,6,3,9,3900,0,1,1,,2,504,"I-5 S/B","BENJAMIN HOLT DR",450.00,S,N,A,-,Y,,,,,,,,,,Y,2,0,2,1,A,-,01,23152,A,N,E,I,A,A,H,-,D,D,0,,,,,Y,Y,A,01,1,0,1,0,0,0,0,0,0,"- ","- ",37.995350000000002,-121.34795,"SAN JOAQUIN",UNINCORPORATED,,
90525688,2017,2017-09-13,9265,2017-06-10,0225,019341,,6,3,9,3900,0,2,4,,1,012,"LEROY AVE","JACK TONE RD",0.00,,Y,A,-,N,,,,,,,,,,Y,1,1,1,2,A,-,01,23152,A,N,D,C,A,A,H,-,D,A,0,,,,,Y,Y,D,22,0,1,0,0,0,0,0,0,0,"- ","- ",37.790419999999997,-121.14309,"SAN JOAQUIN",UNINCORPORATED,-121.14306999,37.790399890000003
90527415,2017,2017-08-21,9265,2017-07-15,0927,019657,,6,1,9,3900,0,1,3,,1,016,SR-120,"VICTORY RD",434.00,W,N,A,-,Y,,,120,,,,,,,Y,2,0,1,2,A,-,03,22350,,N,F,A,A,A,H,-,A,D,0,,,Y,,Y,,C,02,1,0,0,0,0,0,0,0,1,"- ","- ",37.793550000000003,-120.92446,"SAN JOAQUIN",UNINCORPORATED,-120.92445942000001,37.793592490000002
90527924,2017,2017-08-22,9265,2017-08-12,1759,019307,,6,2,6,3905,0,1,1,,2,503,"I-5 N/B","CHURCH STREET",150.00,N,N,A,-,Y,,,5,,,,,,N,Y,2,0,2,2,A,-,01,23152,A,N,B,C,A,A,H,-,A,D,0,,,,,Y,Y,A,01,1,1,0,0,0,0,0,0,0,"- ","- ",37.946860000000001,-121.29949999999999,"SAN JOAQUIN",STOCKTON,-121.29949402,37.946863209999997
90534966,2017,2017-08-28,9265,2017-08-08,0048,019991,,2,3,6,3905,0,1,3,,1,042,"SR-4 E/B","FILBERT STREET",200.00,W,N,A,-,Y,,,4,,,,,,E,Y,2,0,2,2,A,-,03,22350,,N,C,C,A,A,H,-,D,D,0,,,,,Y,,A,01,1,1,0,0,0,0,0,0,0,"- ","- ",37.959789999999998,-121.25269,"SAN JOAQUIN",STOCKTON,-121.25270672000001,37.959858410000002
90536128,2017,2017-08-29,9265,2017-08-08,1805,020071,,2,2,9,3900,0,3,5,,2,040,"SOUTH INLAND DR","NORTH INLAND DR",50.00,E,N,A,-,N,,,,,,,,,,N,2,0,1,1,A,-,01,23152,A,N,E,I,A,A,H,-,A,D,0,,,Y,,Y,Y,C,02,1,0,0,0,0,0,0,0,1,"- ","- ",37.955770000000001,-121.40575,"SAN JOAQUIN",UNINCORPORATED,-121.40598656,37.955730000000003
90537541,2017,2017-08-30,9265,2017-06-15,1256,016639,,4,1,9,3900,0,2,4,,1,093,"LOWER SACRAMENTO RD","WOODBRIDGE RD",1584.00,N,N,A,-,N,,,,,,,,,,Y,2,0,3,4,A,-,03,22350,,N,B,C,A,A,H,-,A,D,0,,,,,Y,,A,01,2,0,1,0,0,0,0,0,0,"- ","- ",38.160159999999998,-121.29531,"SAN JOAQUIN",UNINCORPORATED,-121.29490593,38.164477589999997
90538346,2017,2017-08-31,9265,2017-06-20,0143,019991,,2,3,9,3900,0,2,4,,1,014,"JACK TONE ROAD","E WHITE HOUSE ROAD",2479.00,S,N,A,-,N,,,,,,,,,,Y,1,3,0,1,A,-,01,23152,A,N,E,I,A,A,H,-,D,D,0,,,,,Y,Y,A,01,0,0,0,0,0,0,0,0,0,"- ","- ",37.988,-121.14903,"SAN JOAQUIN",UNINCORPORATED,-121.14902798999999,37.98254361
90538961,2017,2017-09-01,9266,2017-08-18,1025,014717,,5,1,9,3900,0,2,4,,1,016,"11TH STREET","I-5 S/B",191.00,W,N,A,-,N,,,,,,,,,,Y,1,1,0,1,A,-,08,22107,,N,F,A,A,A,H,-,A,D,0,,,,,Y,,A,01,0,0,0,0,0,0,0,0,0,"- ","- ",37.758339999999997,-121.34387,"SAN JOAQUIN",UNINCORPORATED,-121.34143125,37.760544000000003
90541581,2017,2017-09-06,9265,2017-08-24,0930,013444,,4,1,9,3900,0,3,5,,2,060,"COLLIER ROAD","DUSTIN RD",2640.00,W,N,A,-,N,,,,,,,,,,Y,2,0,1,1,A,-,08,22107,,N,E,I,A,A,H,-,A,D,0,,,,,Y,,A,01,1,0,0,0,0,0,0,0,0,"- ","- ",38.218260000000001,-121.23493000000001,"SAN JOAQUIN",UNINCORPORATED,-121.23572599000001,38.218214680000003
90542790,2017,2017-09-07,9266,2017-09-01,0100,014808,,5,3,9,3900,0,1,1,,2,024,"I-5 S/B","SR-33 U/C",436.00,N,N,A,-,Y,,,,,,,,,,Y,2,0,1,1,A,-,08,22107,,N,E,I,A,A,H,-,D,D,0,,,,,Y,,A,01,1,0,0,0,0,0,0,0,0,"- ","- ",37.682870000000001,-121.34447,"SAN JOAQUIN",UNINCORPORATED,,
90543896,2017,2017-09-08,9266,2017-08-19,0545,019532,,6,3,9,3900,0,2,4,,1,012,SR-4,"MIDDLE RIVER BRIDGE",2640.00,E,N,A,-,Y,,,,,,,,,,Y,2,0,2,3,A,-,01,23153,A,N,A,C,A,A,H,-,B,D,0,,,,,Y,Y,A,01,1,1,0,0,0,0,0,0,0,"- ","- ",37.896439999999998,-122.48183,"SAN JOAQUIN",UNINCORPORATED,,
90545442,2017,2017-09-12,9265,2017-08-30,1040,015490,,3,1,9,3900,0,1,3,,1,062,"SR-88 E/B","OVERHISER RD",0.00,,Y,A,-,Y,,,88,,,,,,E,Y,2,0,2,2,A,-,09,21802,A,N,D,C,A,A,D,-,A,A,0,,,,,Y,,A,01,1,0,1,0,0,0,0,0,0,"- ","- ",37.995959999999997,-121.23238000000001,"SAN JOAQUIN",UNINCORPORATED,-121.23243374,37.996042610000003
90550706,2017,2017-09-26,9265,2017-06-29,0425,019336,,4,3,9,3900,0,2,4,,1,031,"FRENCH CAMP ROAD","LODUCA DR",856.00,E,N,A,-,N,,,,,,,,,,N,1,1,0,4,A,-,08,22107,,F,D,G,A,A,H,-,D,D,0,,Y,,,Y,,L,04,0,0,0,0,0,1,0,0,0,"- ","- ",37.864910000000002,-121.23593,"SAN JOAQUIN",UNINCORPORATED,-121.22707222,37.862497789999999
90551561,2017,2018-05-09,9266,2017-08-08,0453,017340,,2,3,9,3900,0,1,1,,2,021,"I-580 E/B","CORRAL HOLLOW ROAD",6178.00,W,N,A,-,Y,,,,,,,,,,Y,1,1,1,1,A,-,08,22107,,N,E,I,A,A,H,-,D,D,0,,,,,Y,,A,01,1,0,0,0,0,0,0,0,0,"- ","- ",37.68168,-121.47324999999999,"SAN JOAQUIN",UNINCORPORATED,-121.47437306,37.682423739999997
90553973,2017,2017-09-22,9265,2017-09-17,0534,018047,,7,3,6,3905,0,1,1,,2,503,"I-5 S/B","8TH ST",800.00,N,N,A,-,Y,,,5,,,,,,S,Y,2,0,3,2,A,-,03,22350,,N,C,C,A,A,H,-,D,A,0,,,,,Y,,A,01,1,0,2,0,0,0,0,0,0,"- ","- ",37.927900000000001,-121.2955,"SAN JOAQUIN",STOCKTON,-121.29513007,37.928032729999998
90555174,2017,2017-09-25,9265,2017-04-08,2030,020071,,6,2,4,3903,0,1,3,,2,025,"SR-120 E/B","MAIN ST",508.00,W,N,A,-,Y,,,120,,,,,,E,Y,1,2,1,1,A,-,01,23152,A,N,E,I,A,A,H,-,D,D,0,,,,,Y,Y,A,01,0,1,0,0,0,0,0,0,0,"- ","- ",37.78313,-121.21766,"SAN JOAQUIN",MANTECA,-121.21766040999999,37.78319939
90555365,2017,2017-09-25,9265,2017-06-18,1010,019387,,7,1,6,3905,0,1,1,,2,503,"INTERSTATE 5 NORTHBOUND","COUNTRY CLUB BLVD",1660.00,S,N,A,-,Y,,,5,,,,,,N,Y,1,2,1,2,A,-,01,23152,A,F,C,C,A,A,H,-,A,D,0,,,,,Y,Y,A,07,0,1,0,0,0,0,0,0,0,"- ","- ",37.960299999999997,-121.3334,"SAN JOAQUIN",STOCKTON,-121.333394,37.960304690000001
90557272,2017,2017-11-07,9265,2017-09-02,1400,018452,,6,2,9,3900,0,2,4,,1,093,"THORNTON RD","PELTIER RD",1100.00,S,N,A,-,N,,,,,,,,,,Y,2,0,1,1,A,-,08,22107,,N,E,I,A,A,H,-,A,D,0,,,,,Y,,D,22,1,0,0,0,0,0,0,0,0,"- ","- ",38.186610000000002,-121.40206000000001,"SAN JOAQUIN",UNINCORPORATED,-121.40205621,38.186518649999996
90558197,2017,2017-09-28,9265,2017-08-24,1425,17405,,4,2,9,3900,0,2,4,,1,015,"ESCALON BELLOTA RD.","LONE TREE RD.",0.00,,Y,A,-,N,,,,,,,,,,Y,2,0,2,2,A,-,12,21453,A,N,D,C,A,A,H,-,A,A,0,,,,,Y,,-,"- ",1,0,1,0,0,0,0,0,0,"- ","- ",37.827629999999999,-120.99757,"SAN JOAQUIN",UNINCORPORATED,-120.9976099,37.8276799
90561786,2017,2017-10-05,9266,2017-09-24,1835,018711,,7,2,9,3900,0,2,4,,2,020,"KASSON ROAD","W. LORENZEN RD.",2640.00,W,N,A,-,N,,,,,,,,,,Y,1,1,0,1,A,-,08,22107,,N,F,A,A,A,H,-,A,D,0,,,,,Y,Y,A,01,0,0,0,0,0,0,0,0,0,"- ","- ",37.731389999999998,-121.3317,"SAN JOAQUIN",UNINCORPORATED,-121.33107099,37.730729879999998
90562087,2017,2017-10-03,9265,2017-09-17,1932,020550,,7,2,4,3903,0,3,5,,2,010,"LATHROP RD","PUEBLO DR",390.00,E,N,A,-,N,,,,,,,,,,Y,2,0,1,2,A,-,08,22107,,N,B,C,A,A,H,-,B,D,0,,,Y,,Y,,D,22,1,0,0,0,0,0,0,0,1,"- ","- ",37.82647,-121.20895,"SAN JOAQUIN",MANTECA,-121.20899996999999,37.826500009999997
90562179,2017,2017-10-03,9265,2017-09-17,2246,020071,,7,3,9,3900,0,3,5,,2,060,"BEYER LN","HARDING WAY",1584.00,N,N,A,-,N,,,,,,,,,,Y,2,0,1,1,A,-,01,23152,A,N,E,I,A,A,H,-,D,D,0,,,,,Y,Y,D,22,1,0,0,0,0,0,0,0,0,"- ","- ",37.985979999999998,-121.23018999999999,"SAN JOAQUIN",UNINCORPORATED,-121.23001859,37.985916840000002