CASE_ID,ACCIDENT_YEAR,PROC_DATE,JURIS,COLLISION_DATE,COLLISION_TIME,OFFICER_ID,REPORTING_DISTRICT,DAY_OF_WEEK,CHP_SHIFT,POPULATION,CNTY_CITY_LOC,SPECIAL_COND,BEAT_TYPE,CHP_BEAT_TYPE,CITY_DIVISION_LAPD,CHP_BEAT_CLASS,BEAT_NUMBER,PRIMARY_RD,SECONDARY_RD,DISTANCE,DIRECTION,INTERSECTION,WEATHER_1,WEATHER_2,STATE_HWY_IND,CALTRANS_COUNTY,CALTRANS_DISTRICT,STATE_ROUTE,ROUTE_SUFFIX,POSTMILE_PREFIX,POSTMILE,LOCATION_TYPE,RAMP_INTERSECTION,SIDE_OF_HWY,TOW_AWAY,COLLISION_SEVERITY,NUMBER_KILLED,NUMBER_INJURED,PARTY_COUNT,PRIMARY_COLL_FACTOR,PCF_CODE_OF_VIOL,PCF_VIOL_CATEGORY,PCF_VIOLATION,PCF_VIOL_SUBSECTION,HIT_AND_RUN,TYPE_OF_COLLISION,MVIW,PED_ACTION,ROAD_SURFACE,ROAD_COND_1,ROAD_COND_2,LIGHTING,CONTROL_DEVICE,CHP_ROAD_TYPE,PEDESTRIAN_ACCIDENT,BICYCLE_ACCIDENT,MOTORCYCLE_ACCIDENT,TRUCK_ACCIDENT,NOT_PRIVATE_PROPERTY,ALCOHOL_INVOLVED,STWD_VEHTYPE_AT_FAULT,CHP_VEHTYPE_AT_FAULT,COUNT_SEVERE_INJ,COUNT_VISIBLE_INJ,COUNT_COMPLAINT_PAIN,COUNT_PED_KILLED,COUNT_PED_INJURED,COUNT_BICYCLIST_KILLED,COUNT_BICYCLIST_INJURED,COUNT_MC_KILLED,COUNT_MC_INJURED,PRIMARY_RAMP,SECONDARY_RAMP,LATITUDE,LONGITUDE,COUNTY,CITY,POINT_X,POINT_Y
90565224,2017,2017-10-09,9266,2017-09-30,1956,020083,,6,2,9,3900,0,1,1,,2,024,"I-5 S/B","I-205 E/B",2112.00,N,N,A,-,Y,,,5,,,,,,S,Y,2,0,1,1,A,-,01,23152,G,N,E,I,A,A,H,-,D,D,0,,,,,Y,Y,A,01,1,0,0,0,0,0,0,0,0,"- ","- ",37.771259999999998,-121.32669,"SAN JOAQUIN",UNINCORPORATED,-121.32660977,37.771151000000003
90567721,2017,2017-10-11,9265,2017-08-18,2152,019888,,5,2,9,3900,0,1,3,,1,041,"SR-4 W/B","WILHOIT RD",764.00,E,N,A,-,Y,,,4,,,,,,W,Y,1,1,0,2,A,-,03,22350,,N,C,C,A,A,H,-,D,D,0,,,Y,Y,Y,Y,C,02,0,0,0,0,0,0,0,1,0,"- ","- ",37.926929999999999,-121.35065,"SAN JOAQUIN",UNINCORPORATED,-121.35065121,37.927010410000001
90570040,2017,2017-11-20,9266,2017-09-12,1705,017340,,2,2,9,3900,0,2,4,,2,010,"HOWARD ROAD","UNDINE ROAD",236.00,E,N,A,-,N,,,,,,,,,,Y,1,1,1,2,A,-,08,22107,,N,A,C,A,A,H,-,A,D,0,,,,Y,Y,,A,01,0,1,0,0,0,0,0,0,0,"- ","- ",37.852209999999999,-121.40843,"SAN JOAQUIN",UNINCORPORATED,-121.40803492000001,37.852561799999997
90571739,2017,2017-10-18,9265,2017-05-28,1717,019657,,7,2,9,3900,0,3,5,,2,060,"MACKVILLE RD","MEHRTEN RD",44.00,S,N,A,-,N,,,,,,,,,,Y,1,1,0,2,A,-,05,21460,A,N,B,C,A,A,H,-,A,D,0,,,Y,,Y,Y,C,02,0,0,0,0,0,0,0,1,0,"- ","- ",38.198860000000003,-121.08581,"SAN JOAQUIN",UNINCORPORATED,-121.08571827,38.198763749999998
90576253,2017,2017-10-23,9265,2017-08-31,1102,018590,,4,1,9,3900,0,1,1,,2,505,"I-5 N/B","EIGHT MILE RD",11088.00,N,N,A,-,Y,,,5,,,,,,N,Y,1,1,0,2,A,-,01,23152,A,N,C,C,A,A,H,-,A,D,0,,,Y,Y,Y,Y,C,02,0,0,0,0,0,0,0,1,0,"- ","- ",38.088340000000002,-121.38239,"SAN JOAQUIN",UNINCORPORATED,-121.38231956,38.088375579999997
9057684,2020,2020-07-28,3905,2020-04-05,0115,3946,VAL,7,5,6,3905,0,0,0,,0,,"SWAIN RD","WEST LN",0.00,,Y,C,-,N,,,,,,,,,,Y,2,0,1,2,A,-,12,21453,A,N,D,C,A,B,H,-,C,A,0,,,,,Y,,D,22,1,0,0,0,0,0,0,0,0,"- ","- ",38.010341644287109,-121.29467010498047,"SAN JOAQUIN",STOCKTON,-121.29428100585938,38.010879516601562
90577942,2017,2017-10-25,9265,2017-10-12,0630,013444,,4,1,9,3900,0,3,5,,2,060,"BRUELLA RD","COLLIER RD",0.00,,Y,A,-,N,,,,,,,,,,Y,2,0,3,2,A,-,09,21802,A,N,D,C,A,A,H,-,B,A,0,,,,,Y,,D,22,1,2,0,0,0,0,0,0,0,"- ","- ",38.218640000000001,-121.20827,"SAN JOAQUIN",UNINCORPORATED,-121.20824995,38.218639889999999
90579104,2017,2017-10-26,9265,2017-10-16,1335,019885,,1,1,9,3900,0,3,5,,2,020,"AIRPORT WAY","PERRIN RD",840.00,S,N,A,-,N,,,,,,,,,,Y,2,0,1,2,A,-,05,21650,,N,A,C,A,A,H,-,A,D,0,,,,,Y,,A,01,1,0,0,0,0,0,0,0,0,"- ","- ",37.721150000000002,-121.23227,"SAN JOAQUIN",UNINCORPORATED,-121.25219369,37.722593000000003
90581073,2017,2017-10-27,9265,2017-10-19,0045,018850,,4,3,9,3900,0,1,3,,1,062,SR-88,"CHERRY ST",54.00,E,N,A,-,Y,,,88,,,,,,,Y,2,0,1,1,A,-,01,23152,A,N,E,I,A,A,H,-,C,D,0,,,,,Y,Y,A,07,1,0,0,0,0,0,0,0,0,"- ","- ",38.167070000000002,-121.14506,"SAN JOAQUIN",UNINCORPORATED,-121.14500255,38.16698435
90582696,2017,2017-12-05,9265,2017-10-03,0425,020539,,2,3,9,3900,0,2,4,,1,014,"MARIPOSA ROAD (15000 BLOCK)","SOLA RD",440.00,E,N,A,-,N,,,,,,,,,,Y,2,0,1,2,A,-,04,21703,,N,C,C,A,A,H,-,D,D,0,,,,,Y,,D,22,1,0,0,0,0,0,0,0,0,"- ","- ",37.896120000000003,-121.11933000000001,"SAN JOAQUIN",UNINCORPORATED,-121.11984801,37.896039000000002
90583748,2017,2017-10-31,9265,2017-10-21,0835,016479,,6,1,9,3900,0,2,4,,1,091,"LOWER SACRAMENTO RD","EIGHT MILE RD",935.00,N,N,A,-,N,,,,,,,,,,Y,2,0,2,3,A,-,09,21804,A,N,A,C,A,A,H,-,A,D,0,,,,,Y,,D,22,1,1,0,0,0,0,0,0,0,"- ","- ",38.060290000000002,-121.31043,"SAN JOAQUIN",UNINCORPORATED,-121.31058,38.057609999999997
90585459,2017,2017-11-06,9265,2017-10-15,0235,019136,,7,3,9,3900,0,1,3,,2,004,"SR-99 S/B","HAMMER LN",1000.00,S,N,A,-,Y,,,99,,,,,,S,Y,2,0,1,2,A,-,01,23152,A,F,C,C,A,A,H,-,C,D,0,,,Y,,Y,Y,A,01,1,0,0,0,0,0,0,0,1,"- ","- ",38.015450000000001,-121.25832,"SAN JOAQUIN",UNINCORPORATED,-121.25823957999999,38.015451290000001
90586011,2017,2017-11-02,9265,2017-08-11,2040,019341,,5,2,9,3900,0,3,5,,2,060,"CLEMENTS RD","BRANDT RD",3062.00,N,N,A,-,N,,,,,,,,,,Y,1,1,4,1,C,-,18,,,N,H,H,A,A,H,-,D,D,0,,,,,Y,,-,"- ",1,2,1,0,0,0,0,0,0,"- ","- ",38.156390000000002,-121.07792999999999,"SAN JOAQUIN",UNINCORPORATED,-121.07791389,38.156428069999997
90586143,2017,2017-11-02,9265,2017-09-15,1255,015756,,5,1,9,3900,0,3,5,,2,030,"SR-99 W FRONTAGE ROAD","MUNFORD AVE",380.00,S,N,A,-,N,,,99,,,,,,,Y,1,1,0,2,A,-,08,22107,,N,C,E,A,A,H,-,A,D,0,,,,Y,Y,,A,01,0,0,0,0,0,0,0,0,0,"- ","- ",37.927250000000001,-121.23235,"SAN JOAQUIN",UNINCORPORATED,-121.23209344999999,37.927353400000001
90587053,2017,2017-11-03,9265,2017-10-28,2215,020651,,6,3,9,3900,0,3,5,,2,060,"BAKER RD","STATE ROUTE 88",242.00,E,N,A,-,N,,,,,,,,,,Y,2,0,2,1,A,-,01,23152,A,N,E,I,A,A,H,-,D,D,0,,,,,Y,Y,A,01,2,0,0,0,0,0,0,0,0,"- ","- ",38.028790000000001,-121.19322,"SAN JOAQUIN",UNINCORPORATED,-121.19256197999999,38.028803930000002
90588000,2017,2017-11-06,9266,2017-10-27,1520,014807,,5,2,9,3900,0,2,4,,2,029,"VALPICO ROAD","LAMMERS ROAD",2500.00,E,N,A,-,Y,,,,,,,,,,Y,2,0,2,2,A,-,08,22107,,N,E,I,A,A,H,-,A,D,0,,,,,Y,,A,07,1,0,1,0,0,0,0,0,0,"- ","- ",37.710590000000003,-121.46773,"SAN JOAQUIN",UNINCORPORATED,-121.46789681,37.710549579999999
90592684,2017,2017-11-13,9266,2017-11-03,0440,019717,,5,3,9,3900,0,1,3,,1,011,SR-4,"TRACY BLVD",3696.00,W,N,B,-,Y,,,4,,,,,,,Y,2,0,2,3,A,-,05,21460,A,N,A,C,A,A,H,-,D,D,0,,,,,Y,,A,01,1,0,1,0,0,0,0,0,0,"- ","- ",37.897210000000001,-121.47863,"SAN JOAQUIN",UNINCORPORATED,-121.47862768,37.897174630000002
90593886,2017,2018-04-06,9265,2017-10-10,0115,017021,,2,3,6,3905,0,1,1,,2,504,"I-5 N/B","BENJAMIN HOLT DR",1825.00,N,N,A,-,Y,,,5,,,,,,N,Y,1,1,2,2,A,-,03,22350,,N,C,C,A,A,H,-,D,D,0,,,,Y,Y,,G,25,1,1,0,0,0,0,0,0,0,"- ","- ",38.010710000000003,-121.3537,"SAN JOAQUIN",STOCKTON,-121.35358436,38.010756059999999
90596456,2017,2018-10-05,9265,2017-10-04,2109,019341,,3,2,9,3900,0,1,3,,1,061,SR-26,"IONE ST",197.00,E,N,A,-,Y,,,,,,,,,,Y,1,2,2,2,A,-,09,21801,A,N,D,C,A,A,H,-,D,D,0,,,,,Y,Y,A,01,1,0,1,0,0,0,0,0,0,"- ","- ",38.011299999999999,-121.0509,"SAN JOAQUIN",UNINCORPORATED,-121.08602539,38.020441580000004
90599184,2017,2017-11-21,9265,2017-10-18,2300,020785,,3,3,2,3920,0,1,1,,2,502,"I-5 S/B","LOUISE AVE",2397.00,S,N,A,-,Y,,,5,,,,,,S,Y,1,1,0,2,A,-,01,23152,G,N,C,C,A,A,H,-,D,D,0,,,,,Y,Y,D,22,0,0,0,0,0,0,0,0,0,"- ","- ",37.804569999999998,-121.29834,"SAN JOAQUIN",LATHROP,-121.29834978,37.804573439999999
90600246,2017,2017-11-22,9265,2017-11-13,0235,019307,,1,3,6,3905,0,1,1,,2,504,"I-5 N/B","MARCH LN",2112.00,N,N,A,-,Y,,,5,,,,,,N,Y,2,0,1,2,A,-,03,22350,,N,C,C,A,A,H,-,D,D,0,,,,Y,Y,,A,01,1,0,0,0,0,0,0,0,0,"- ","- ",37.990209999999998,-121.34547999999999,"SAN JOAQUIN",STOCKTON,-121.34549232000001,37.990205150000001
90600739,2017,2017-11-22,9265,2017-09-20,0850,015490,,3,1,9,3900,0,1,3,,2,004,"STATE ROUTE 99 NORTHBOUND","CALIFORNIA TRACTION RAILROAD O/C",1003.00,N,N,A,-,Y,,,99,,,,,,N,Y,1,1,0,1,A,-,01,23152,G,N,E,I,A,A,H,-,A,D,0,,,,,Y,Y,A,07,0,0,0,0,0,0,0,0,0,"- ","- ",38.004330000000003,-121.25718999999999,"SAN JOAQUIN",UNINCORPORATED,-121.25740475000001,38.00427577
90604206,2017,2017-11-28,9266,2017-11-27,1810,015805,,1,2,9,3900,0,3,5,,2,002,"LINNE ROAD","CHRISMAN ROAD",1500.00,E,N,A,-,N,,,,,,,,,,N,2,0,1,2,A,-,05,21202,A,N,C,G,A,A,H,-,D,D,0,,Y,,,Y,,L,04,1,0,0,0,0,0,1,0,0,"- ","- ",37.696150000000003,-121.39239000000001,"SAN JOAQUIN",UNINCORPORATED,-121.39291519,37.696173510000001
90605164,2017,2017-11-29,9265,2017-11-23,1615,015490,,4,2,9,3900,0,1,3,,1,062,SR-88,"BRUMBY RD",528.00,W,N,B,-,Y,,,88,,,,,,,Y,2,0,1,1,A,-,08,22107,,N,F,A,A,A,H,-,A,D,0,,,,,Y,,A,01,1,0,0,0,0,0,0,0,0,"- ","- ",38.052529999999997,-121.18832999999999,"SAN JOAQUIN",UNINCORPORATED,-121.1882574,38.052556299999999
9060763,2020,2020-03-10,3905,2020-01-25,2059,2982,CIV,6,5,6,3905,0,0,0,,0,,"HARDING WY","EL DORADO ST",74.00,W,N,A,-,N,,,,,,,,,,Y,2,0,1,2,A,-,11,21955,,N,G,B,D,A,H,-,C,A,0,Y,,,,Y,,N,60,1,0,0,0,1,0,0,0,0,"- ","- ",37.967559814453125,-121.29364013671875,"SAN JOAQUIN",STOCKTON,-121.29408264160156,37.967487335205078
90608386,2017,2017-12-01,9265,2017-09-30,0730,017989,,6,1,9,3900,0,3,5,,2,090,"ARMSTRONG RD","LOWER SACRAMENTO RD",2112.00,W,N,A,F,N,,,,,,,,,,N,2,0,3,4,A,-,03,22350,,F,C,G,A,A,H,-,A,D,0,,Y,,,Y,,A,07,3,0,0,0,0,0,3,0,0,"- ","- ",38.086500000000001,-121.31780999999999,"SAN JOAQUIN",UNINCORPORATED,-121.31545,38.086539999999999
90608909,2017,2017-12-04,9265,2017-11-27,1935,019774,,1,2,9,3900,0,1,3,,1,013,SR-4,"ESCALON BELLOTA RD",0.00,,Y,A,-,Y,,,4,,,,,,,Y,2,0,1,2,A,-,12,22450,A,N,A,C,A,A,H,-,C,A,0,,,,,Y,,A,07,1,0,0,0,0,0,0,0,0,"- ","- ",37.930039999999998,-121.00022,"SAN JOAQUIN",UNINCORPORATED,-121.00022001000001,37.930040439999999
90610613,2017,2017-12-05,9265,2017-09-20,1340,013539,,3,1,4,3903,0,1,3,,2,025,"SR-120 E/B","MAIN STREET",2482.00,E,N,B,-,Y,,,120,,,,,,E,Y,1,1,3,3,A,-,03,22350,,N,C,C,A,A,H,-,A,D,0,,,,,Y,,A,01,0,1,2,0,0,0,0,0,0,"- ","- ",37.783149999999999,-121.20716,"SAN JOAQUIN",MANTECA,-121.20715989999999,37.783209790000001
90611103,2017,2017-12-06,9265,2017-11-10,1400,018452,,5,2,9,3900,0,1,3,,1,062,SR-88,"KETTLEMAN LN",370.00,W,N,C,-,Y,,,88,,,,,,,Y,2,0,2,2,A,-,05,21460,A,N,B,C,A,B,H,-,A,A,0,,,,,Y,,A,01,1,0,1,0,0,0,0,0,0,"- ","- ",38.115349999999999,-121.17384,"SAN JOAQUIN",UNINCORPORATED,-121.17387282999999,38.115363000000002
90612363,2017,2017-12-07,9266,2017-10-29,1620,014807,,7,2,9,3900,0,1,3,,1,026,"SR-132 E/B","I-580 E/B",1055.00,E,N,A,-,Y,,,132,,,,,,E,Y,1,1,0,1,A,-,01,23152,A,N,F,A,A,A,H,-,A,D,0,,,,,Y,Y,A,08,0,0,0,0,0,0,0,0,0,"- ","- ",37.643439999999998,-121.41061999999999,"SAN JOAQUIN",UNINCORPORATED,-121.41063683,37.643420710000001
9061352,2020,2020-06-04,3906,2020-02-22,1335,1094,,6,5,5,3906,0,0,0,,0,003,"CORRAL HOLLOW RD","KROHN RD",200.00,S,N,A,-,N,,,,,,,,,,Y,2,0,1,2,A,-,09,21801,A,N,D,C,A,A,H,-,A,A,0,,,Y,,Y,,A,01,1,0,0,0,0,0,0,0,1,"- ","- ",,,"SAN JOAQUIN",TRACY,-121.45303344726562,37.73712158203125
90616117,2017,2018-03-19,9265,2017-12-02,2000,020160,,6,2,9,3900,0,3,5,,2,090,"ACAMPO RD","TRETHEWAY RD",24.00,W,N,A,-,N,,,,,,,,,,Y,2,0,2,1,A,-,03,22350,,N,E,I,A,A,H,-,D,A,0,,,,,Y,Y,D,22,1,1,0,0,0,0,0,0,0,"- ","- ",38.177520000000001,-121.17932999999999,"SAN JOAQUIN",UNINCORPORATED,-121.17919000000001,38.177520000000001
90617221,2017,2017-12-14,9265,2017-11-30,1753,018784,,4,2,6,3905,0,1,1,,2,504,"I-5 S/B","BENJAMIN HOLT DR",1584.00,N,N,A,-,Y,,,5,,,,,,S,Y,2,0,2,4,A,-,03,22350,,N,C,C,A,A,H,-,C,D,0,,,,,Y,,A,01,1,1,0,0,0,0,0,0,0,"- ","- ",38.008409999999998,-121.35302,"SAN JOAQUIN",STOCKTON,-121.35301825000001,38.008410699999999
90620698,2017,2017-12-19,9265,2017-12-05,1250,019489,,2,1,9,3900,0,2,4,,1,014,"MARIPOSA RD","BRENNAN RD",1795.00,W,N,A,-,N,,,,,,,,,,Y,2,0,1,2,A,-,03,22350,,F,C,C,A,A,H,-,A,D,0,,,,,Y,,-,99,1,0,0,0,0,0,0,0,0,"- ","- ",37.846629999999998,-121.02213999999999,"SAN JOAQUIN",UNINCORPORATED,-121.0218232,37.846488489999999
90622316,2017,2017-12-21,9265,2017-11-19,1710,019657,,7,2,9,3900,0,3,5,,2,060,"CHEROKEE RD","LAGORIO RD",30.00,E,N,A,-,N,,,,,,,,,,N,2,0,1,2,A,-,08,22107,,N,C,G,A,A,H,-,B,D,0,,Y,,,Y,,A,01,1,0,0,0,0,0,1,0,0,"- ","- ",38.010890000000003,-121.22995,"SAN JOAQUIN",UNINCORPORATED,-121.23002,38.010770000000001
90622427,2017,2017-12-21,9265,2017-12-12,0535,018047,,2,3,5,3902,0,1,1,,2,505,"I-5 N/B","PELTIER RD",1000.00,S,N,A,-,Y,,,,,,,,,,Y,2,0,1,1,A,-,08,22107,,N,E,I,A,A,H,-,D,D,0,,,,,Y,,A,01,1,0,0,0,0,0,0,0,0,"- ","- ",38.186959999999999,-121.40277,"SAN JOAQUIN",LODI,-121.40285876999999,38.18706117
90628579,2017,2017-12-28,9265,2017-12-15,0101,020785,,5,3,9,3900,0,1,3,,2,003,"SR-99 N/B","ARCH RD.",70.00,S,N,A,-,Y,,,99,,,,,,N,Y,2,0,2,3,A,-,03,22350,,N,B,C,A,A,H,-,C,D,0,,,,,Y,Y,A,07,1,0,1,0,0,0,0,0,0,"- ","- ",37.9041,-121.22280000000001,"SAN JOAQUIN",UNINCORPORATED,-121.22255799,37.90419799
90630026,2017,2017-12-29,9265,2017-12-06,1445,017989,,3,2,9,3900,0,3,5,,2,090,"ATHERTON DR","EIGHT MILE ROAD",2640.00,S,N,A,-,N,,,,,,,,,,N,2,0,1,1,B,-,22,,,N,H,A,A,A,H,-,A,D,0,,,,Y,Y,,F,86,1,0,0,0,0,0,0,0,0,"- ","- ",38.055599999999998,-121.45819,"SAN JOAQUIN",UNINCORPORATED,-121.45629,38.054290000000002
90633086,2017,2018-01-04,9266,2017-12-23,0705,014808,,6,1,2,3920,0,1,1,,2,024,"I-5 N/B","SAN JOAQUIN RIVER",1680.00,S,N,B,-,Y,,,,,,,,,,Y,2,0,3,2,A,-,07,21658,A,N,B,C,A,A,H,-,A,D,0,,,,,Y,,-,"- ",1,0,2,0,0,0,0,0,0,"- ","- ",37.753149999999998,-121.3527,"SAN JOAQUIN",LATHROP,,
90633166,2017,2018-01-04,9265,2017-12-24,0100,020785,,7,3,9,3900,0,2,4,,1,064,"JACK TONE RD","VICTOR RD",1000.00,N,N,A,-,N,,,,,,,,,,Y,2,0,1,1,A,-,00,22017,,N,E,J,A,A,H,-,D,D,0,,,,,Y,Y,D,22,1,0,0,0,0,0,0,0,0,"- ","- ",38.140659999999997,-121.15058000000001,"SAN JOAQUIN",UNINCORPORATED,-121.15070471,38.142246100000001
90635087,2017,2018-01-08,9265,2017-12-30,0822,017286,,6,1,9,3900,0,3,5,,2,060,"SR-99 W FRONTAGE RD","SR-99 S/B TO JAHANT RD.",20.00,N,N,A,-,Y,,,,,,,,,,Y,2,0,1,1,A,-,08,22107,,N,E,I,A,A,H,-,A,D,0,,,,,Y,,A,01,1,0,0,0,0,0,0,0,0,"- ","- ",38.206069999999997,-121.265,"SAN JOAQUIN",UNINCORPORATED,,
90635498,2018,2018-01-08,9265,2018-01-03,2020,013193,,3,2,9,3900,0,3,5,,2,090,"WALNUT GROVE RD","LAMB RD",2640.00,W,N,E,-,N,,,,,,,,,,Y,2,0,1,1,A,-,08,22107,,N,E,I,A,A,H,-,D,D,0,,,,,Y,,A,01,1,0,0,0,0,0,0,0,0,"- ","- ",38.225448608398438,-121.48564147949219,"SAN JOAQUIN",UNINCORPORATED,-121.48416137695312,38.225479125976562
9063584,2020,2020-07-24,3905,2020-03-17,1454,1312,CIV,2,5,6,3905,0,0,0,,0,,"PERSHING AV","BRISTOL AV",10.00,S,N,B,-,N,,,,,,,,,,N,2,0,1,2,A,-,05,21650,1,N,H,G,A,B,H,-,A,D,0,,Y,,,Y,,L,04,1,0,0,0,0,0,1,0,0,"- ","- ",37.971771240234375,-121.31575012207031,"SAN JOAQUIN",STOCKTON,-121.31601715087891,37.971534729003906
90637136,2017,2018-01-10,9265,2017-11-15,1215,015490,,3,1,9,3900,0,1,3,,1,013,"STATE ROUTE 4","JACK TONE RD",3168.00,E,N,B,-,Y,,,4,,,,,,,Y,1,1,1,3,A,-,06,21751,,N,D,C,A,A,H,-,A,D,0,,,,,Y,,A,01,0,1,0,0,0,0,0,0,0,"- ","- ",37.942210000000003,-121.13867,"SAN JOAQUIN",UNINCORPORATED,-121.13866998,37.942207639999999
90638067,2017,2018-01-11,9265,2017-08-13,1425,018289,,7,2,9,3900,0,1,3,,1,062,"STATE ROUTE 88","WHITE LANE",828.00,E,N,A,-,Y,,,88,,,,,,,Y,1,1,4,3,A,-,05,21460,A,N,A,C,A,A,H,-,A,D,0,,,,,Y,,A,01,2,1,1,0,0,0,0,0,0,"- ","- ",38.002420000000001,-121.22266,"SAN JOAQUIN",UNINCORPORATED,-121.22264225000001,38.002392870000001
90638313,2017,2018-01-11,9265,2017-11-19,0224,017021,,7,3,9,3900,0,1,3,,2,004,"SR-99 S/B","WILSON WAY",215.00,S,N,A,-,Y,,,99,,,,,,S,Y,1,1,0,1,A,-,01,23152,A,N,F,A,A,A,H,-,C,A,0,,,Y,,Y,Y,C,02,0,0,0,0,0,0,0,1,0,"- ","- ",38.002560000000003,-121.25727999999999,"SAN JOAQUIN",UNINCORPORATED,-121.25722077,38.00259767
90644445,2018,2018-01-22,9265,2018-01-13,1911,019307,,6,2,9,3900,0,1,1,,2,502,"I-5 N/B","EL DORADO STREET",1190.00,S,N,A,-,Y,,,5,,,,,,N,Y,2,0,1,1,A,-,03,22350,,N,E,I,A,A,H,-,D,D,0,,,,,Y,,A,01,1,0,0,0,0,0,0,0,0,"- ","- ",37.871791839599609,-121.27745819091797,"SAN JOAQUIN",UNINCORPORATED,-121.27754211425781,37.871799468994141
90644537,2018,2018-01-22,9265,2018-01-02,1750,020539,,2,2,9,3900,0,2,4,,1,064,"EIGHT MILE RD","JACK TONE RD",0.00,,Y,A,-,N,,,,,,,,,,Y,2,0,16,2,A,-,12,22450,A,N,D,C,A,A,H,-,C,A,0,,,,,Y,,I,11,1,6,9,0,0,0,0,0,0,"- ","- ",38.058429718017578,-121.15094757080078,"SAN JOAQUIN",UNINCORPORATED,-121.15094757080078,38.058460235595703
90644910,2017,2018-02-09,9265,2017-09-25,2050,019246,,1,2,9,3900,0,2,4,,1,053,"WILSON WAY","STOCKTON DIVERTING CANAL",2285.00,N,N,A,-,N,,,,,,,,,,N,1,1,0,6,A,-,11,21954,A,N,G,B,D,A,H,-,D,D,0,Y,,,,Y,Y,N,60,0,0,0,1,0,0,0,0,0,"- ","- ",37.995890000000003,-121.26389,"SAN JOAQUIN",UNINCORPORATED,-121.26397799999999,37.995919999999998
90645411,2018,2018-01-23,9265,2018-01-02,1952,019246,,2,2,9,3900,0,3,5,,2,050,"LEWIS ST","GOLDEN GATE AVE",0.00,,Y,B,-,N,,,,,,,,,,Y,2,0,3,2,A,-,01,23152,F,N,D,C,A,A,H,-,C,A,0,,,,,Y,,A,07,1,1,1,0,0,0,0,0,0,"- ","- ",37.584209442138672,-121.152099609375,"SAN JOAQUIN",UNINCORPORATED,-121.25583648681641,37.978340148925781
90649282,2018,2018-01-26,9265,2018-01-19,1420,015490,,5,2,9,3900,0,2,4,,1,091,"EIGHT MILE RD","LOWER SACRAMENTO RD",1056.00,E,N,A,-,N,,,,,,,,,,Y,2,0,3,3,A,-,05,21650,,N,A,C,A,A,H,-,A,D,0,,,,,Y,,A,01,1,2,0,0,0,0,0,0,0,"- ","- ",38.057529449462891,-121.30673217773438,"SAN JOAQUIN",UNINCORPORATED,-121.31057739257812,38.057609558105469
90651434,2017,2018-01-30,9265,2017-09-10,1620,019657,,7,2,9,3900,0,1,3,,1,013,SR-4,"DRAIS RD",178.00,W,N,A,-,Y,,,4,,,,,,,Y,1,3,0,2,A,-,01,23152,A,N,A,C,A,A,H,-,A,D,0,,,,,Y,Y,D,22,0,0,0,0,0,0,0,0,0,"- ","- ",37.93047,-121.03895,"SAN JOAQUIN",UNINCORPORATED,-121.03893565,37.930495229999998
90652115,2017,2018-01-31,9265,2017-12-06,1255,17405,,3,1,9,3900,0,3,5,,2,010,"HENRY RD.",SR-120,3854.00,N,N,A,-,N,,,,,,,,,,N,2,0,1,2,A,-,11,21954,A,N,G,B,E,A,H,-,A,D,0,Y,,,,Y,,N,60,1,0,0,0,1,0,0,0,0,"- ","- ",37.804510000000001,-120.94193,"SAN JOAQUIN",UNINCORPORATED,-120.9418738,37.804391899999999
90653301,2018,2018-02-01,9266,2018-01-22,1450,020083,,1,2,9,3900,0,1,3,,1,011,"TRACY BLVD","GRIMES ROAD",1056.00,N,N,B,-,N,,,,,,,,,,Y,2,0,1,2,A,-,09,21804,A,N,A,C,A,A,H,-,A,D,0,,,,,Y,,A,01,1,0,0,0,0,0,0,0,0,"- ","- ",37.821418762207031,-121.44985961914062,"SAN JOAQUIN",UNINCORPORATED,-121.44969940185547,37.820590972900391
90654893,2018,2018-02-20,9266,2018-01-11,0150,014808,,4,3,9,3900,0,1,1,,2,024,"I-5 N/B","CALIFORNIA AQUEDUCT",1195.00,S,N,A,-,Y,,,5,,,,,,N,Y,1,1,0,1,A,-,08,22107,,N,F,A,A,A,H,-,D,D,0,,,,,Y,,A,01,0,0,0,0,0,0,0,0,0,"- ","- ",37.615409851074219,-121.34268951416016,"SAN JOAQUIN",UNINCORPORATED,-121.34275817871094,37.615409851074219
90656084,2018,2018-02-06,9266,2018-01-02,2320,018330,,2,3,9,3900,0,1,1,,1,015,"I-205 E/B","PARADISE ROAD",8.00,E,N,B,-,Y,,,205,,,,,,E,Y,1,1,0,1,A,-,08,22107,,N,E,I,A,A,H,-,D,D,0,,,,,Y,,A,01,0,0,0,0,0,0,0,0,0,"- ","- ",37.764801025390625,-121.38791656494141,"SAN JOAQUIN",UNINCORPORATED,-121.38791656494141,37.764751434326172
90656899,2018,2018-02-07,9265,2018-01-26,0630,013444,,5,1,9,3900,0,1,3,,1,061,SR-26,"BALDWIN LN",2640.00,E,N,A,-,Y,,,26,,,,,,,Y,2,0,2,2,A,-,05,21460,A,N,A,C,A,A,H,-,D,D,0,,,,,Y,,D,22,1,1,0,0,0,0,0,0,0,"- ","- ",37.981819152832031,-121.20294189453125,"SAN JOAQUIN",UNINCORPORATED,-121.20293426513672,37.9818115234375