CASE_ID,ACCIDENT_YEAR,PROC_DATE,JURIS,COLLISION_DATE,COLLISION_TIME,OFFICER_ID,REPORTING_DISTRICT,DAY_OF_WEEK,CHP_SHIFT,POPULATION,CNTY_CITY_LOC,SPECIAL_COND,BEAT_TYPE,CHP_BEAT_TYPE,CITY_DIVISION_LAPD,CHP_BEAT_CLASS,BEAT_NUMBER,PRIMARY_RD,SECONDARY_RD,DISTANCE,DIRECTION,INTERSECTION,WEATHER_1,WEATHER_2,STATE_HWY_IND,CALTRANS_COUNTY,CALTRANS_DISTRICT,STATE_ROUTE,ROUTE_SUFFIX,POSTMILE_PREFIX,POSTMILE,LOCATION_TYPE,RAMP_INTERSECTION,SIDE_OF_HWY,TOW_AWAY,COLLISION_SEVERITY,NUMBER_KILLED,NUMBER_INJURED,PARTY_COUNT,PRIMARY_COLL_FACTOR,PCF_CODE_OF_VIOL,PCF_VIOL_CATEGORY,PCF_VIOLATION,PCF_VIOL_SUBSECTION,HIT_AND_RUN,TYPE_OF_COLLISION,MVIW,PED_ACTION,ROAD_SURFACE,ROAD_COND_1,ROAD_COND_2,LIGHTING,CONTROL_DEVICE,CHP_ROAD_TYPE,PEDESTRIAN_ACCIDENT,BICYCLE_ACCIDENT,MOTORCYCLE_ACCIDENT,TRUCK_ACCIDENT,NOT_PRIVATE_PROPERTY,ALCOHOL_INVOLVED,STWD_VEHTYPE_AT_FAULT,CHP_VEHTYPE_AT_FAULT,COUNT_SEVERE_INJ,COUNT_VISIBLE_INJ,COUNT_COMPLAINT_PAIN,COUNT_PED_KILLED,COUNT_PED_INJURED,COUNT_BICYCLIST_KILLED,COUNT_BICYCLIST_INJURED,COUNT_MC_KILLED,COUNT_MC_INJURED,PRIMARY_RAMP,SECONDARY_RAMP,LATITUDE,LONGITUDE,COUNTY,CITY,POINT_X,POINT_Y
90657546,2018,2018-02-08,9265,2018-02-02,2140,020651,,5,2,9,3900,0,1,1,,2,502,"I-5 S/B","MATHEWS RD",1058.00,S,N,A,-,Y,,,5,,,,,,S,Y,2,0,1,1,A,-,08,22107,,N,F,I,A,A,H,-,C,D,0,,,,,Y,,A,01,1,0,0,0,0,0,0,0,0,"- ","- ",37.878669738769531,-121.27877807617188,"SAN JOAQUIN",UNINCORPORATED,-121.27854156494141,37.878707885742188
90658204,2018,2018-02-09,9265,2018-01-05,0700,015756,,5,1,9,3900,0,2,4,,1,015,"COPPEROPOLIS RD","ESCALON BELOTA ROAD",0.00,,Y,A,-,N,,,,,,,,,,Y,2,0,3,2,A,-,12,22450,A,N,D,C,A,A,H,-,B,A,0,,,,,Y,,A,01,2,1,0,0,0,0,0,0,0,"- ","- ",37.973491668701172,-120.9996337890625,"SAN JOAQUIN",UNINCORPORATED,-120.99962615966797,37.973468780517578
9066264,2020,2020-07-14,3905,2020-03-13,2120,3005,LAK,5,5,6,3905,0,0,0,,0,,"SWAIN RD","KERMIT LN",93.00,W,N,A,-,N,,,,,,,,,,Y,2,0,1,1,A,-,01,23152,B,N,E,I,A,A,H,-,C,A,0,,,,,Y,Y,A,01,1,0,0,0,0,0,0,0,0,"- ","- ",38.008838653564453,-121.30300903320312,"SAN JOAQUIN",STOCKTON,-121.30287170410156,38.008712768554688
90664015,2018,2018-02-19,9265,2018-01-23,2330,019996,,2,3,2,3920,0,1,3,,2,025,"SR-120 E/B","GUTHMILLER ROAD",700.00,W,N,B,-,Y,,,120,,,,,,E,Y,2,0,3,1,A,-,08,22107,,N,F,A,A,A,H,-,C,D,0,,,,,Y,,A,01,1,2,0,0,0,0,0,0,0,"- ","- ",37.789119720458984,-121.28917694091797,"SAN JOAQUIN",LATHROP,-121.2890625,37.789623260498047
90664188,2018,2018-02-20,9266,2018-02-06,1840,015432,,2,2,9,3900,0,1,1,,1,015,"I-205 W/B","EL RANCHO RD.",186.00,E,N,A,-,Y,,,205,,,,,,W,Y,2,0,1,1,A,-,07,21658,A,N,F,A,A,A,H,-,D,D,0,,,,,Y,,A,01,1,0,0,0,0,0,0,0,0,"- ","- ",37.765121459960938,-121.37123870849609,"SAN JOAQUIN",UNINCORPORATED,-121.37123870849609,37.765071868896484
90664562,2017,2018-02-26,9265,2017-11-24,1255,015490,,5,1,9,3900,0,1,3,,2,004,"SR-99 N/B TO HAMMER LANE","HAMMER LN.",490.00,N,N,A,-,Y,,,99,,,,R,,N,Y,1,1,0,1,A,-,03,22350,,N,F,A,A,A,H,-,A,A,0,,,,,Y,,D,22,0,0,0,0,0,0,0,0,0,"- ","- ",38.022680000000001,-121.25714000000001,"SAN JOAQUIN",UNINCORPORATED,-121.25714000000001,38.022680000000001
90669619,2018,2018-02-26,9266,2018-02-21,0550,013608,,3,3,9,3900,0,2,4,,2,013,"BYRON RD","REEVE RD",0.00,,Y,A,-,N,,,,,,,,,,Y,2,0,1,2,A,-,09,21802,A,N,D,C,A,A,H,-,D,A,0,,,,,Y,,A,01,1,0,0,0,0,0,0,0,0,"- ","- ",37.763210296630859,-121.49977874755859,"SAN JOAQUIN",UNINCORPORATED,-121.499779,37.763210000000001
9067040,2020,2020-05-26,3905,2020-02-09,0347,3029,PAR,7,5,6,3905,0,0,0,,0,,"AIRPORT WY","ANDERSON ST",147.00,N,N,A,-,N,,,,,,,,,,N,2,0,1,2,A,-,03,22350,,F,C,G,A,A,H,-,C,D,0,,Y,,,Y,,A,01,1,0,0,0,0,0,1,0,0,"- ","- ",37.945339202880859,-121.27153015136719,"SAN JOAQUIN",STOCKTON,-121.27157592773438,37.945846557617188
9067075,2020,2020-09-25,3901,2020-02-21,1442,L5,,5,5,2,3901,0,0,0,,0,,"RT 120","WALNUT AV",0.00,,Y,A,-,Y,SJ,10,120,-,-,16.380,I,5,E,Y,2,0,2,2,A,-,06,21755,A,N,D,C,A,A,H,-,A,D,0,,,Y,,Y,,C,02,1,0,1,0,0,0,0,0,1,"- ","- ",,,"SAN JOAQUIN",ESCALON,-121.00548553466797,37.798534393310547
90671600,2018,2018-02-28,9265,2018-02-25,1555,018289,,7,2,9,3900,0,3,5,,2,050,"REDWOOD AVENUE","ALPINE AVENUE",260.00,S,N,A,-,N,,,,,,,,,,N,2,0,1,2,A,-,05,21460,A,F,G,B,E,A,H,-,A,D,0,Y,,,,Y,Y,-,99,1,0,0,0,1,0,0,0,0,"- ","- ",37.988178253173828,-121.26744842529297,"SAN JOAQUIN",UNINCORPORATED,-121.26682281494141,37.988044738769531
90673720,2018,2018-03-02,9265,2018-02-18,0445,019073,,7,3,9,3900,0,1,3,,1,062,"SR-88 W/B","PEZZI RD",560.00,E,N,A,-,Y,,,,,,,,,,Y,2,0,1,1,A,-,08,22107,,N,E,I,A,A,H,-,D,D,0,,,,,Y,,A,07,1,0,0,0,0,0,0,0,0,"- ","- ",38.030540466308594,-121.19809722900391,"SAN JOAQUIN",UNINCORPORATED,,
90679884,2018,2018-03-12,9266,2018-03-07,1540,021956,,3,2,9,3900,0,1,1,,2,014,"I-205 E/B","BYRON ROAD",2112.00,W,N,A,-,Y,,,205,,,,,,E,Y,2,0,1,3,A,-,07,21658,A,N,B,C,A,A,H,-,A,D,0,,,Y,Y,Y,,C,02,1,0,0,0,0,0,0,0,1,"- ","- ",37.746089935302734,-121.48268127441406,"SAN JOAQUIN",UNINCORPORATED,-121.48262786865234,37.745964050292969
90679949,2018,2018-03-12,9265,2018-02-25,1835,019307,,7,2,9,3900,0,1,3,,1,067,SR-88,"CLEMENTS ROAD",50.00,E,N,A,-,Y,,,88,,,,,,,Y,2,0,2,2,A,-,01,23152,A,N,D,C,A,A,H,-,D,D,0,,,,,Y,Y,D,22,1,0,1,0,0,0,0,0,0,"- ","- ",38.193759918212891,-121.0782470703125,"SAN JOAQUIN",UNINCORPORATED,-121.07823181152344,38.193714141845703
90680037,2018,2018-03-12,9265,2018-02-25,1348,019657,,7,1,9,3900,0,3,5,,2,010,"SANTA FE ROAD","RIVER ROAD",0.00,,Y,A,-,N,,,,,,,,,,N,2,0,1,2,A,-,09,21802,A,N,D,G,A,A,H,-,A,A,0,,Y,,,Y,,A,01,1,0,0,0,0,0,1,0,0,"- ","- ",37.762058258056641,-120.95039367675781,"SAN JOAQUIN",UNINCORPORATED,-120.95034790039062,37.762039184570312
90680539,2018,2018-03-13,9265,2018-03-10,1225,019387,,6,1,9,3900,0,2,4,,1,093,"HARNEY LANE","DAVIS ROAD",3511.00,E,N,B,-,N,,,,,,,,,,Y,2,0,1,1,A,-,01,23152,A,N,E,I,A,A,H,-,A,D,0,,,,,Y,Y,A,01,1,0,0,0,0,0,0,0,0,"- ","- ",38.101058959960938,-121.31730651855469,"SAN JOAQUIN",UNINCORPORATED,-121.32167053222656,38.101104736328125
90688024,2018,2018-03-22,9266,2018-03-16,0855,020083,,5,1,9,3900,0,2,4,,1,016,"11TH ST","CHRISMAN ROAD",350.00,E,N,B,C,N,,,,,,,,,,Y,2,0,1,2,A,-,03,22350,,N,C,C,A,B,H,-,A,D,0,,,Y,,Y,,C,02,1,0,0,0,0,0,0,0,1,"- ","- ",37.739688873291016,-121.39692687988281,"SAN JOAQUIN",UNINCORPORATED,-121.39710235595703,37.739795684814453
90688822,2018,2018-03-23,9266,2018-03-10,0330,020599,,6,3,9,3900,0,3,5,,2,001,"FINCK ROAD","TRACY BLVD",6336.00,W,N,A,-,N,,,,,,,,,,Y,2,0,2,1,A,-,01,23152,A,N,F,A,A,A,H,-,D,D,0,,,,,Y,Y,D,22,1,1,0,0,0,0,0,0,0,"- ","- ",37.797138214111328,-121.48748779296875,"SAN JOAQUIN",UNINCORPORATED,-121.4703369140625,37.802288055419922
90691418,2018,2018-03-28,9265,2018-03-01,1620,015490,,4,2,9,3900,0,1,3,,2,004,"SR-99 N/B","MORADA LN",399.00,N,N,B,-,Y,,,99,,,,,,N,Y,2,0,3,3,A,-,08,22107,,N,D,C,A,B,H,-,A,D,0,,,,,Y,,D,22,1,2,0,0,0,0,0,0,0,"- ","- ",38.038280487060547,-121.25832366943359,"SAN JOAQUIN",UNINCORPORATED,-121.25831604003906,38.038280487060547
90697013,2018,2018-04-02,9266,2018-03-25,0045,019717,,7,3,2,3920,0,1,1,,2,024,"I-5 N/B","STEWART ROAD",1709.00,S,N,B,-,Y,,,5,,,,,,N,Y,2,0,2,1,A,-,08,22107,,N,E,I,A,A,H,-,D,D,0,,,,,Y,,A,01,1,1,0,0,0,0,0,0,0,"- ","- ",37.775199890136719,-121.32057952880859,"SAN JOAQUIN",LATHROP,-121.32057952880859,37.775196075439453
90699453,2017,2018-04-05,9265,2017-12-09,1451,17405,,6,2,9,3900,0,3,5,,2,020,"UNION ROAD","SHADY PINES STREET",676.00,N,N,A,-,N,,,,,,,,,,Y,1,2,1,2,A,-,01,23152,A,N,D,C,A,A,H,-,A,D,0,,,,,Y,Y,A,01,1,0,0,0,0,0,0,0,0,"- ","- ",37.839509999999997,-121.23651,"SAN JOAQUIN",UNINCORPORATED,-121.23646114,37.839505410000001
90699883,2018,2018-04-05,9266,2018-03-24,0145,018324,,6,3,9,3900,0,1,1,,2,021,"I-580 E/B","CORRAL HOLLOW ROAD",11.00,E,N,A,-,Y,,,580,,,,,,E,N,2,0,1,1,A,-,01,23152,A,N,F,A,A,A,H,-,D,D,0,,,Y,,Y,Y,C,02,1,0,0,0,0,0,0,0,1,"- ","- ",37.671710968017578,-121.45767974853516,"SAN JOAQUIN",UNINCORPORATED,-121.45741271972656,37.672134399414062
90701704,2018,2018-04-09,9265,2018-01-07,1430,019413,,7,2,9,3900,0,1,3,,1,066,"SR-26 E/B","SHELLY RD",1214.00,E,N,B,-,Y,,,26,,,,,,E,Y,1,1,1,2,A,-,05,21460,C,N,A,C,A,A,H,-,A,D,0,,,Y,,Y,,C,02,1,0,0,0,0,0,0,1,0,"- ","- ",38.085048675537109,-120.95942687988281,"SAN JOAQUIN",UNINCORPORATED,-120.95941925048828,38.085029602050781
90703950,2018,2018-04-12,9265,2018-03-30,0705,014456,,5,1,9,3900,0,3,5,,2,090,"WOODBRIDGE RD","THORNTON RD",2640.00,E,N,A,-,N,,,,,,,,,,Y,2,0,1,2,A,-,03,22350,,N,C,C,A,A,H,-,A,D,0,,,,,Y,,A,01,1,0,0,0,0,0,0,0,0,"- ","- ",38.160499572753906,-121.38819885253906,"SAN JOAQUIN",UNINCORPORATED,-121.38986968994141,38.160511016845703
90705019,2018,2018-04-13,9265,2018-03-29,1715,015756,,4,2,9,3900,0,1,3,,1,061,SR-26,"ARCHER ROAD",163.00,W,N,A,-,Y,,,26,,,,,,,Y,2,0,1,1,A,-,08,22107,,N,E,I,A,A,H,-,A,D,0,,,,,Y,,A,08,1,0,0,0,0,0,0,0,0,"- ","- ",38.006599426269531,-121.12811279296875,"SAN JOAQUIN",UNINCORPORATED,-121.12813568115234,38.006694793701172
90709011,2018,2018-04-19,9265,2018-04-14,0145,018850,,6,3,9,3900,0,1,3,,1,013,SR-4,"VAN ALLEN RD",3178.00,W,N,A,-,Y,,,,,,,,,,Y,2,0,1,1,A,-,08,22107,,N,E,I,A,A,H,-,D,D,0,,,,,Y,,A,01,1,0,0,0,0,0,0,0,0,"- ","- ",37.560539245605469,-121.04054260253906,"SAN JOAQUIN",UNINCORPORATED,-121.06776428222656,37.934246063232422
90709140,2017,2018-04-19,9265,2017-12-16,2108,017021,,6,2,9,3900,0,1,3,,1,092,"SR-12 E/B","LITTLE POTATO SLOUGH",8342.00,W,N,A,-,Y,,,12,,,,,,E,Y,1,3,3,2,A,-,06,21755,,N,B,C,A,A,H,-,D,D,0,,,,,Y,,A,07,2,0,1,0,0,0,0,0,0,"- ","- ",38.113320000000002,-121.52916999999999,"SAN JOAQUIN",UNINCORPORATED,-121.52917312,38.11350083
90709504,2018,2018-04-20,9266,2018-04-16,2111,021956,,1,2,9,3900,0,2,4,,2,010,"HOWARD ROAD","WING LEVEE ROAD",2112.00,W,N,B,-,N,,,,,,,,,,Y,2,0,1,1,A,-,01,23152,A,N,E,I,A,A,H,-,D,D,0,,,,,Y,Y,A,01,1,0,0,0,0,0,0,0,0,"- ","- ",37.877120971679688,-121.39106750488281,"SAN JOAQUIN",UNINCORPORATED,-121.39131164550781,37.877090454101562
90709896,2018,2019-02-15,9265,2018-02-09,2348,020550,,5,3,9,3900,0,2,4,,1,091,"LOWER SACRAMENTO RD S/B","ARMSTRONG RD",1840.00,N,N,A,-,N,,,,,,,,,,Y,1,1,0,2,A,-,01,23152,F,N,B,I,A,A,H,-,D,D,0,,,,,Y,,D,22,0,0,0,0,0,0,0,0,0,"- ","- ",38.091400146484375,-121.31065368652344,"SAN JOAQUIN",UNINCORPORATED,-121.31047058105469,38.091583251953125
90710884,2018,2018-04-23,9266,2018-03-31,2300,021241,,6,3,5,3906,0,3,5,,2,001,"PARADISE ROAD","ARBOR AVE",2640.00,N,N,A,-,N,,,,,,,,,,Y,2,0,1,1,A,-,01,23152,A,N,E,I,A,A,H,-,D,D,0,,,,,Y,Y,E,22,1,0,0,0,0,0,0,0,0,"- ","- ",37.768909454345703,-121.38630676269531,"SAN JOAQUIN",TRACY,-121.38178253173828,37.774608612060547
90710910,2018,2018-04-23,9266,2018-03-12,0535,019532,,1,3,9,3900,0,3,5,,2,001,"LAMMERS ROAD","MIDDLE ROAD",0.00,,Y,A,-,N,,,,,,,,,,Y,1,2,1,2,A,-,12,22450,A,N,D,C,A,A,H,-,B,A,0,,,,,Y,,A,01,0,1,0,0,0,0,0,0,0,"- ","- ",37.767559051513672,-121.47695159912109,"SAN JOAQUIN",UNINCORPORATED,-121.47689819335938,37.767608642578125
90713900,2018,2018-04-26,9265,2018-04-22,0150,019246,,7,3,6,3905,0,1,1,,2,504,"I-5 S/B","MARCH LN",3960.00,N,N,A,-,Y,,,5,,,,,,S,Y,2,0,2,2,A,-,01,23152,A,N,C,C,A,A,H,-,D,D,0,,,,,Y,Y,A,01,2,0,0,0,0,0,0,0,0,"- ","- ",37.995010375976562,-121.34770202636719,"SAN JOAQUIN",STOCKTON,-121.34772491455078,37.994998931884766
90715390,2018,2018-04-27,9265,2018-04-23,0100,019774,,1,3,5,3902,0,1,3,,2,004,"SR-99 N/B","KETTLEMAN LN",1120.00,N,N,A,-,Y,,,99,,,,,,N,Y,2,0,1,2,A,-,01,23152,A,N,B,C,A,A,H,-,C,D,0,,,,,Y,Y,A,01,1,0,0,0,0,0,0,0,0,"- ","- ",38.121669769287109,-121.25711059570312,"SAN JOAQUIN",LODI,-121.25721740722656,38.121669769287109
90716995,2018,2018-05-01,9265,2018-04-15,2100,019774,,7,2,9,3900,0,3,5,,2,060,"LIBERTY RD","CHEROKEE LN",2308.00,E,N,B,-,N,,,,,,,,,,N,2,0,1,2,A,-,03,22350,,N,H,G,A,A,H,-,D,D,0,,Y,,,Y,,A,01,1,0,0,0,0,0,1,0,0,"- ","- ",38.233360290527344,-121.25541687011719,"SAN JOAQUIN",UNINCORPORATED,-121.25553131103516,38.233345031738281
90718038,2018,2018-05-02,9265,2018-04-23,0420,020156,,1,3,9,3900,0,3,5,,2,010,SR-4,"WAVERLY RD",1120.00,E,N,A,-,Y,,,4,,,,,,,Y,2,0,1,1,A,-,08,22107,,N,F,A,A,A,H,-,D,D,0,,,,,Y,,A,01,1,0,0,0,0,0,0,0,0,"- ","- ",37.944801330566406,-120.94085693359375,"SAN JOAQUIN",UNINCORPORATED,-120.94084930419922,37.944732666015625
90721737,2018,2018-05-08,9265,2018-04-28,1100,013444,,6,1,9,3900,0,3,5,,2,060,"COLLIER ROAD","MACKVILLE RD",2112.00,E,N,A,-,N,,,,,,,,,,N,2,0,1,1,A,-,03,22350,,N,F,A,A,A,H,-,A,A,0,,,Y,,Y,,C,02,1,0,0,0,0,0,0,0,1,"- ","- ",38.21295166015625,-121.08056640625,"SAN JOAQUIN",UNINCORPORATED,-121.08071899414062,38.212940216064453
90722635,2018,2018-05-09,9265,2018-04-17,1742,019996,,2,2,9,3900,0,3,5,,2,060,"CHEROKEE LANE","COLLIER ROAD",0.00,,Y,A,-,N,,,,,,,,,,Y,2,0,1,3,A,-,09,21802,A,N,D,C,A,A,H,-,A,A,0,,,,Y,Y,,F,55,1,0,0,0,0,0,0,0,0,"- ","- ",39.219329833984375,-121.26318359375,"SAN JOAQUIN",UNINCORPORATED,-121.26319122314453,38.218341827392578
90723726,2018,2018-05-10,9265,2018-04-30,1547,019413,,1,2,6,3905,0,1,3,,1,042,"SR-4 E/B","FILBERT ST",127.00,W,N,B,-,Y,,,4,,,,,,E,Y,2,0,2,5,A,-,03,22350,,N,C,C,A,A,H,-,A,D,0,,,,,Y,,D,22,1,0,1,0,0,0,0,0,0,"- ","- ",37.959400177001953,-121.25418853759766,"SAN JOAQUIN",STOCKTON,-121.25421142578125,37.959484100341797
90723744,2018,2018-06-22,9265,2018-04-17,0538,018047,,2,3,9,3900,0,2,4,,1,024,"AIRPORT WAY","DIVISION RD",3168.00,S,N,E,-,N,,,,,,,,,,Y,1,1,0,1,A,-,01,23152,F,N,E,I,A,A,H,-,D,D,0,,,,,Y,,A,01,0,0,0,0,0,0,0,0,0,"- ","- ",37.679950714111328,-121.25601196289062,"SAN JOAQUIN",UNINCORPORATED,-121.25474548339844,37.680744171142578
90725557,2018,2018-05-14,9265,2018-03-12,0925,020156,,1,1,6,3905,0,1,1,,2,503,"I-5 S/B","MONTE DIABLO AVE",370.00,S,N,A,-,Y,,,5,,,,,,S,N,1,1,0,2,A,-,11,21954,A,N,G,B,E,A,H,-,A,D,0,Y,,,,Y,,N,60,0,0,0,1,0,0,0,0,0,"- ","- ",37.956459045410156,-121.3280029296875,"SAN JOAQUIN",STOCKTON,-121.32797241210938,37.956550598144531
90725821,2018,2018-05-14,9266,2018-05-10,1755,018888,,4,2,9,3900,0,3,5,,2,001,"CORRAL HOLLOW ROAD","CLOVER RD",0.00,,Y,A,-,N,,,,,,,,,,Y,2,0,1,2,A,-,09,21801,A,N,D,C,A,A,H,-,A,D,0,,,Y,,Y,,A,01,1,0,0,0,0,0,0,0,1,"- ","- ",37.761379241943359,-121.45330810546875,"SAN JOAQUIN",UNINCORPORATED,-121.45333099365234,37.761379241943359
90726289,2018,2018-05-15,9265,2018-05-06,2050,019774,,7,2,9,3900,0,1,3,,2,003,"SR-99 E FRONTAGE RD","CARPENTER RD",820.00,N,N,A,-,Y,,,99,,,,,,,Y,2,0,2,2,A,-,01,23152,A,N,A,C,A,A,H,-,C,D,0,,,,,Y,Y,A,01,1,0,1,0,0,0,0,0,0,"- ","- ",37.926700592041016,-121.23140716552734,"SAN JOAQUIN",UNINCORPORATED,-121.23155212402344,37.926643371582031
90728994,2018,2018-05-18,9265,2018-05-03,1150,015490,,4,1,9,3900,0,3,5,,2,050,"BELVEDERE AVE","ALPINE AVE",0.00,,Y,A,-,N,,,,,,,,,,N,2,0,1,2,A,-,09,21802,A,N,D,C,A,A,H,-,A,A,0,,,Y,,Y,,A,01,1,0,0,0,0,0,0,0,1,"- ","- ",37.987739562988281,-121.26962280273438,"SAN JOAQUIN",UNINCORPORATED,-121.26963806152344,37.98760986328125
90730566,2018,2018-05-21,9266,2018-05-13,1445,021975,,7,2,9,3900,0,1,1,,1,015,"I-205 E/B","PARADISE ROAD",1100.00,E,N,A,-,Y,,,205,,,,,,E,Y,2,0,1,2,A,-,03,22350,,N,C,C,A,A,H,-,A,D,0,,,,,Y,,A,01,1,0,0,0,0,0,0,0,0,"- ","- ",37.764869689941406,-121.38249969482422,"SAN JOAQUIN",UNINCORPORATED,-121.38249969482422,37.764762878417969
90731711,2018,2019-11-12,9265,2018-05-08,1605,019489,,2,2,9,3900,0,3,5,,2,060,"KETTLEMAN LN","CURRY AVE",1000.00,W,N,A,-,N,,,,,,,,,,Y,1,1,0,3,A,-,03,22350,,N,C,C,A,A,H,-,A,D,0,,,,,Y,,D,22,0,0,0,0,0,0,0,0,0,"- ","- ",38.115688323974609,-121.24152374267578,"SAN JOAQUIN",UNINCORPORATED,-121.24180603027344,38.115814208984375
90736468,2018,2018-05-29,9265,2018-05-17,1038,015629,,4,1,6,3905,0,1,3,,1,042,"SR-4 E/B (CROSSTOWN FREEWAY)","MADISON ST",20.00,E,N,A,-,Y,,,,,,,,,,Y,2,0,1,2,A,-,07,21658,A,N,C,C,A,A,H,-,A,D,0,,,Y,,Y,,A,01,1,0,0,0,0,0,0,0,1,"- ","- ",37.564308166503906,-121.17549896240234,"SAN JOAQUIN",STOCKTON,-121.29292297363281,37.949481964111328
9073737,2020,2020-08-26,3905,2020-04-10,1607,2466,SEA,5,5,6,3905,0,0,0,,0,,"CENTER ST","LAFAYETTE ST",0.00,,Y,A,B,Y,SJ,10,4,-,R,16.514,R,4,E,,2,0,1,2,A,-,12,21453,A,N,D,G,A,A,H,-,A,A,0,,Y,,,Y,,L,04,1,0,0,0,0,0,1,0,0,"- ","- ",37.949058532714844,-121.29154205322266,"SAN JOAQUIN",STOCKTON,-121.290318,37.949539000000001
90738394,2018,2018-05-31,9265,2018-05-10,0323,#13193,,4,3,9,3900,0,2,4,,1,091,"LOWER SACRAMENTO RD","ALBERG RD.",51.00,E,N,A,-,N,,,,,,,,,,Y,2,0,1,1,A,-,01,23152,A,N,E,I,A,A,H,-,D,D,0,,,,,Y,Y,A,01,1,0,0,0,0,0,0,0,0,"- ","- ",38.555931091308594,-121.18245697021484,"SAN JOAQUIN",UNINCORPORATED,-121.30735778808594,38.098941802978516
90740051,2018,2018-06-04,9265,2018-05-19,0420,020785,,6,3,9,3900,0,2,4,,1,093,"DAVIS RD","EIGHT MILE RD",5072.00,N,N,A,-,N,,,,,,,,,,Y,2,0,4,2,A,-,01,23152,A,N,B,C,A,A,H,-,D,D,0,,,,,Y,Y,A,01,1,0,3,0,0,0,0,0,0,"- ","- ",38.084640502929688,-121.33396911621094,"SAN JOAQUIN",UNINCORPORATED,-121.33335113525391,38.057598114013672
90740152,2018,2018-06-04,9265,2018-05-19,2129,017286,,6,2,9,3900,0,2,4,,1,015,"ESCALON BELLOTA RD","FLOOD RD",0.00,,Y,A,-,N,,,,,,,,,,N,2,0,3,1,A,-,01,23152,A,F,E,I,A,A,H,-,D,D,0,,,,,Y,Y,A,01,1,2,0,0,0,0,0,0,0,"- ","- ",38.017230987548828,-121.00032806396484,"SAN JOAQUIN",UNINCORPORATED,-121.00034332275391,38.017120361328125
90741271,2018,2018-06-05,9265,2018-05-24,0920,015490,,4,1,9,3900,0,2,4,,1,091,"PALOMA AVE.","THORNTON RD",0.00,,Y,A,-,N,,,,,,,,,,N,2,0,1,2,A,-,09,21802,A,N,D,G,A,A,H,-,A,A,0,,Y,,,Y,,A,01,1,0,0,0,0,0,1,0,0,"- ","- ",38.024219512939453,-121.32826232910156,"SAN JOAQUIN",UNINCORPORATED,-121.32810974121094,38.024238586425781
90742305,2018,2018-06-06,9265,2018-05-27,0600,019795,,7,1,6,3905,0,1,3,,1,042,"SR-4 W/B TO NAVY DRIVE","NAVY DR",275.00,E,N,A,-,Y,,,,,,,,,,Y,2,0,1,1,A,-,01,23152,A,N,E,I,A,A,H,-,B,D,0,,,,,Y,Y,A,01,1,0,0,0,0,0,0,0,0,"- ","- ",37.938301086425781,-121.32270050048828,"SAN JOAQUIN",STOCKTON,-121.32254028320312,37.938194274902344
90743613,2018,2018-06-07,9265,2018-04-16,2500,019387,,1,4,9,3900,0,3,5,,2,090,"DAVIS ROAD","PELTIER ROAD",2650.00,N,N,B,-,N,,,,,,,,,,Y,1,1,0,1,A,-,01,23152,G,N,E,I,A,A,H,-,D,D,0,,,,,Y,Y,A,01,0,0,0,0,0,0,0,0,0,"- ","- ",38.196559906005859,-121.33577728271484,"SAN JOAQUIN",UNINCORPORATED,-121.335804,38.196559999999998
90747206,2018,2018-06-13,9265,2018-06-03,0150,020539,,7,3,2,3920,0,1,3,,2,025,"SR-120 W/B","GUTHMILLER RD",1730.00,W,N,A,-,Y,,,,,,,,,,Y,2,0,1,1,A,-,01,23152,A,N,F,I,A,A,H,-,D,D,0,,,,,Y,Y,A,01,1,0,0,0,0,0,0,0,0,"- ","- ",37.472408294677734,-121.17359161376953,"SAN JOAQUIN",LATHROP,-121.29291534423828,37.790428161621094
90748385,2018,2018-06-14,9265,2018-05-31,1310,013444,,4,1,9,3900,0,1,3,,1,062,SR-88,"ALPINE ROAD",1056.00,E,N,A,-,Y,,,88,,,,,,,Y,2,0,1,2,A,-,03,22350,,N,C,C,A,A,H,-,A,D,0,,,Y,,Y,,C,02,1,0,0,0,0,0,0,0,1,"- ","- ",38.020210266113281,-121.20298004150391,"SAN JOAQUIN",UNINCORPORATED,-121.20298767089844,38.020214080810547
90748566,2018,2018-06-14,9266,2018-06-07,0710,015969,,4,1,9,3900,0,2,4,,1,023,"CHRISMAN ROAD","DURHAM FERRY ROAD",0.00,,Y,A,-,N,,,,,,,,,,Y,2,0,1,2,A,-,09,21802,A,N,D,C,A,A,H,-,A,A,0,,,,Y,Y,,A,01,1,0,0,0,0,0,0,0,0,"- ","- ",37.667198181152344,-121.39788055419922,"SAN JOAQUIN",UNINCORPORATED,-121.3978271484375,37.667129516601562