CASE_ID,ACCIDENT_YEAR,PROC_DATE,JURIS,COLLISION_DATE,COLLISION_TIME,OFFICER_ID,REPORTING_DISTRICT,DAY_OF_WEEK,CHP_SHIFT,POPULATION,CNTY_CITY_LOC,SPECIAL_COND,BEAT_TYPE,CHP_BEAT_TYPE,CITY_DIVISION_LAPD,CHP_BEAT_CLASS,BEAT_NUMBER,PRIMARY_RD,SECONDARY_RD,DISTANCE,DIRECTION,INTERSECTION,WEATHER_1,WEATHER_2,STATE_HWY_IND,CALTRANS_COUNTY,CALTRANS_DISTRICT,STATE_ROUTE,ROUTE_SUFFIX,POSTMILE_PREFIX,POSTMILE,LOCATION_TYPE,RAMP_INTERSECTION,SIDE_OF_HWY,TOW_AWAY,COLLISION_SEVERITY,NUMBER_KILLED,NUMBER_INJURED,PARTY_COUNT,PRIMARY_COLL_FACTOR,PCF_CODE_OF_VIOL,PCF_VIOL_CATEGORY,PCF_VIOLATION,PCF_VIOL_SUBSECTION,HIT_AND_RUN,TYPE_OF_COLLISION,MVIW,PED_ACTION,ROAD_SURFACE,ROAD_COND_1,ROAD_COND_2,LIGHTING,CONTROL_DEVICE,CHP_ROAD_TYPE,PEDESTRIAN_ACCIDENT,BICYCLE_ACCIDENT,MOTORCYCLE_ACCIDENT,TRUCK_ACCIDENT,NOT_PRIVATE_PROPERTY,ALCOHOL_INVOLVED,STWD_VEHTYPE_AT_FAULT,CHP_VEHTYPE_AT_FAULT,COUNT_SEVERE_INJ,COUNT_VISIBLE_INJ,COUNT_COMPLAINT_PAIN,COUNT_PED_KILLED,COUNT_PED_INJURED,COUNT_BICYCLIST_KILLED,COUNT_BICYCLIST_INJURED,COUNT_MC_KILLED,COUNT_MC_INJURED,PRIMARY_RAMP,SECONDARY_RAMP,LATITUDE,LONGITUDE,COUNTY,CITY,POINT_X,POINT_Y
90749649,2018,2018-06-18,9265,2018-02-24,2315,019246,,6,3,6,3905,0,1,1,,2,503,"I-5 S/B","WEBER AVE",910.00,N,N,A,-,Y,,,5,,,,,,S,Y,1,2,1,5,A,-,03,22350,,N,D,C,E,A,H,-,C,D,0,Y,,,,Y,Y,A,01,0,0,1,2,0,0,0,0,0,"- ","- ",37.952869415283203,-121.30861663818359,"SAN JOAQUIN",STOCKTON,-121.30862426757812,37.952854156494141
90750050,2018,2018-06-18,9265,2018-02-24,2310,019246,,6,3,6,3905,0,1,1,,2,503,"I-5 S/B","WEBER AVE",935.00,N,N,A,-,Y,,,5,,,,,,S,Y,2,0,1,2,A,-,07,21658,A,F,E,I,A,A,H,-,C,D,0,,,,,Y,,-,99,1,0,0,0,0,0,0,0,0,"- ","- ",37.952960968017578,-121.30921173095703,"SAN JOAQUIN",STOCKTON,-121.30913543701172,37.953109741210938
90750349,2018,2018-06-18,9266,2018-06-09,1530,015969,,6,2,9,3900,0,1,1,,2,021,"I-580 E/B TRANSITION TO SR-132","CHRISMAN ROAD",1056.00,W,N,A,-,Y,,,580,,,,R,,E,Y,2,0,6,2,A,-,07,21658,A,N,B,C,A,A,H,-,A,D,0,,,,Y,Y,,F,26,2,0,4,0,0,0,0,0,0,"- ","- ",37.640800476074219,-121.40747833251953,"SAN JOAQUIN",UNINCORPORATED,-121.40747833251953,37.640800476074219
90750889,2018,2018-06-19,9265,2018-06-08,2250,018850,,5,3,6,3905,0,1,3,,1,042,"SR-4 W/B","B ST",30.00,E,N,A,-,Y,,,4,,,,,,W,Y,2,0,4,2,A,-,07,21658,A,N,B,C,A,A,H,-,C,D,0,,,,,Y,,A,01,1,0,3,0,0,0,0,0,0,"- ","- ",37.956211090087891,-121.26412963867188,"SAN JOAQUIN",STOCKTON,-121.26425933837891,37.956401824951172
90751384,2018,2018-06-19,9265,2018-06-05,0110,020071,,2,3,9,3900,0,3,5,,2,010,"LONE TREE ROAD","STEINEGUL RD",1218.00,W,N,A,-,N,,,,,,,,,,Y,2,0,1,1,A,-,08,22107,,N,F,A,A,A,H,-,D,D,0,,,,,Y,,D,22,1,0,0,0,0,0,0,0,0,"- ","- ",37.827598571777344,-120.96533203125,"SAN JOAQUIN",UNINCORPORATED,-120.96512603759766,37.827621459960938
90753565,2018,2018-06-22,9265,2018-06-08,0546,016639,,5,3,9,3900,0,2,4,,1,093,"WOODBRIDGE RD","THORNTON RD",0.00,,Y,A,-,N,,,,,,,,,,Y,2,0,2,2,A,-,09,21802,A,N,D,C,A,A,H,-,B,A,0,,,,,Y,,A,01,1,1,0,0,0,0,0,0,0,"- ","- ",38.160789489746094,-121.39901733398438,"SAN JOAQUIN",UNINCORPORATED,-121.3990478515625,38.160568237304688
90753747,2018,2018-06-22,9265,2018-04-05,2040,018784,,4,2,9,3900,0,3,5,,2,090,"EMPIRE TRACT RD","EIGHT MILE RD",2112.00,S,N,B,C,N,,,,,,,,,,Y,1,1,0,1,A,-,01,23152,A,N,E,I,A,B,H,-,D,D,0,,,,,Y,Y,A,08,0,0,0,0,0,0,0,0,0,"- ","- ",38.05364990234375,-121.49891662597656,"SAN JOAQUIN",UNINCORPORATED,-121.49945831298828,38.054702758789062
90753941,2018,2018-06-22,9265,2018-06-12,1545,018694,,2,2,9,3900,0,1,3,,1,011,SR-120,"JACK TONE ROAD",325.00,W,N,A,-,Y,,,120,,,,,,,Y,2,0,2,3,A,-,03,22350,,N,C,C,A,A,H,-,A,D,0,,,,,Y,,A,01,1,0,1,0,0,0,0,0,0,"- ","- ",37.797630310058594,-121.14456176757812,"SAN JOAQUIN",UNINCORPORATED,-121.14456176757812,37.797657012939453
90756705,2018,2018-06-27,9265,2018-06-17,1354,018047,,7,1,9,3900,0,2,4,,1,091,"LOWER SACRAMENTO RD","ARMSTRONG RD",1012.00,S,N,A,-,N,,,,,,,,,,Y,2,0,1,1,A,-,08,22107,,N,F,A,A,A,H,-,A,D,0,,,,,Y,,A,01,1,0,0,0,0,0,0,0,0,"- ","- ",38.084201812744141,-121.31056213378906,"SAN JOAQUIN",UNINCORPORATED,-121.31045532226562,38.083751678466797
90757827,2018,2018-06-28,9266,2018-06-25,2350,018365,,1,3,9,3900,0,1,1,,1,015,"I-205 E/B","I-5 N/B",1056.00,E,N,A,-,Y,,,205,,,,,,E,Y,2,0,3,2,A,-,01,23152,A,N,B,C,A,A,H,-,D,D,0,,,,,Y,Y,A,01,1,2,0,0,0,0,0,0,0,"- ","- ",37.772109985351562,-121.32396697998047,"SAN JOAQUIN",UNINCORPORATED,-121.32387542724609,37.772041320800781
90757882,2018,2018-06-28,9265,2018-06-13,1045,015756,,3,1,9,3900,0,1,3,,1,013,SR-4,"STANLEY RD",981.00,E,N,A,-,Y,,,4,,,,,,,Y,2,0,5,2,A,-,06,21751,,N,A,C,A,A,H,-,A,D,0,,,,,Y,,A,08,3,0,2,0,0,0,0,0,0,"- ","- ",37.929878234863281,-121.02472686767578,"SAN JOAQUIN",UNINCORPORATED,-121.02472686767578,37.929737091064453
90761868,2018,2018-07-03,9265,2018-06-23,0520,019888,,6,3,9,3900,0,3,5,,2,010,"DODDS RD","STEINEGUL RD",0.00,,Y,A,-,N,,,,,,,,,,Y,2,0,2,2,A,-,09,21802,A,N,D,C,A,A,H,-,A,A,0,,,,,Y,,A,01,1,0,1,0,0,0,0,0,0,"- ","- ",37.856651306152344,-121.96199798583984,"SAN JOAQUIN",UNINCORPORATED,-120.96195220947266,37.856689453125
90763973,2018,2018-07-06,9265,2018-06-26,2047,020313,,2,2,6,3905,0,3,5,,2,050,"MISTLETOE AVE","BELVEDERE AVE",0.00,,Y,A,-,N,,,,,,,,,,N,2,0,1,2,A,-,12,22450,A,N,D,D,A,A,H,-,C,D,0,,Y,,,Y,,L,04,1,0,0,0,0,0,1,0,0,"- ","- ",37.985851287841797,-121.26895141601562,"SAN JOAQUIN",STOCKTON,-121.26898193359375,37.985851287841797
90765899,2018,2018-07-10,9265,2018-06-09,0210,019136,,6,3,9,3900,0,1,1,,2,504,"I-5 N/B","BENJAMIN HOLT DR",731.00,S,N,A,-,Y,,,5,,,,,,N,Y,2,0,2,1,A,-,01,23152,G,N,E,I,A,A,H,-,C,D,0,,,,,Y,Y,A,07,2,0,0,0,0,0,0,0,0,"- ","- ",38.002609252929688,-121.35027313232422,"SAN JOAQUIN",UNINCORPORATED,-121.350341796875,38.002578735351562
90769080,2018,2018-07-16,9265,2018-07-02,0300,019666,,1,3,2,3920,0,1,3,,2,025,"SR-120 E/B","SAN JOAQUIN RIVER",3300.00,E,N,A,-,Y,,,120,,,,,,E,Y,2,0,1,1,A,-,08,22107,,N,F,A,A,A,H,-,D,D,0,,,,,Y,Y,A,01,1,0,0,0,0,0,0,0,0,"- ","- ",37.789768218994141,-121.294921875,"SAN JOAQUIN",LATHROP,-121.29493713378906,37.789936065673828
90772079,2018,2018-07-18,9265,2018-06-16,1335,019413,,6,1,6,3905,0,1,3,,1,042,"SR-4 E/B","E"" ST""",140.00,W,N,A,-,Y,,,4,,,,,,E,Y,2,0,1,3,A,-,08,22107,,M,B,C,A,A,H,-,A,D,0,,,,Y,Y,,A,01,1,0,0,0,0,0,0,0,0,"- ","- ",37.958309173583984,-121.25868988037109,"SAN JOAQUIN",STOCKTON,-121.25869750976562,37.958351135253906
90772153,2018,2018-07-18,9265,2018-06-19,2355,019246,,2,3,6,3905,0,1,1,,2,504,"I-5 N/B","BROOKSIDE RD",145.00,N,N,A,-,Y,,,5,,,,,,N,Y,2,0,1,2,A,-,03,22350,,N,D,C,A,A,H,-,D,D,0,,,,,Y,,A,07,1,0,0,0,0,0,0,0,0,"- ","- ",37.980148315429688,-121.34158325195312,"SAN JOAQUIN",STOCKTON,-121.34151458740234,37.980175018310547
90773000,2018,2018-07-19,9265,2018-06-16,1338,019413,,6,1,6,3905,0,1,3,,1,042,"SR-4 W/B","E ST",220.00,W,N,A,-,Y,,,4,,,,,,W,Y,2,0,3,4,A,-,05,21651,B,N,A,C,A,A,H,-,A,D,0,,,,Y,Y,,A,01,1,0,2,0,0,0,0,0,0,"- ","- ",37.958450317382812,-121.25901794433594,"SAN JOAQUIN",STOCKTON,-121.25901031494141,37.958396911621094
90773792,2018,2018-07-20,9265,2018-07-10,1816,018289,,2,2,9,3900,0,1,3,,2,004,"STATE ROUTE 99 SOUTHBOUND","HARNEY LANE",435.00,S,N,A,-,Y,,,99,,,,,,S,Y,2,0,1,2,A,-,01,23152,A,N,D,C,A,A,H,-,A,D,0,,,,,Y,Y,A,01,1,0,0,0,0,0,0,0,0,"- ","- ",38.095268249511719,-121.26022338867188,"SAN JOAQUIN",UNINCORPORATED,-121.26020812988281,38.095268249511719
90775602,2018,2018-07-24,9265,2018-07-19,1717,018289,,4,2,9,3900,0,1,3,,2,004,"STATE ROUTE 99 SOUTHBOUND","HAMMER LANE",3638.00,S,N,A,-,Y,,,99,,,,,,S,Y,2,0,2,1,A,-,01,23152,F,N,F,A,A,A,H,-,A,D,0,,,,,Y,,A,01,1,1,0,0,0,0,0,0,0,"- ","- ",38.010711669921875,-121.25839233398438,"SAN JOAQUIN",UNINCORPORATED,-121.25812530517578,38.010719299316406
90777091,2018,2018-07-26,9265,2018-07-06,1130,019128,,5,1,3,3904,0,1,3,,2,001,"SR-99 N/B","FULTON AVENUE",969.00,N,N,A,-,Y,,,,,,,,,,Y,2,0,1,2,A,-,03,22350,,N,C,C,A,A,H,-,A,D,0,,,Y,,Y,,C,02,1,0,0,0,0,0,0,0,1,"- ","- ",37.445629119873047,-121.81385803222656,"SAN JOAQUIN",RIPON,-121.13596343994141,37.748256683349609
90779917,2018,2018-07-30,9266,2018-07-15,0809,019532,,7,1,5,3906,0,1,1,,2,014,"I-205 E/B","TRACY BLVD",2048.00,W,N,A,-,Y,,,205,,,,,,E,Y,2,0,1,1,A,-,01,23152,A,N,E,I,A,A,H,-,A,D,0,,,,,Y,Y,A,08,1,0,0,0,0,0,0,0,0,"- ","- ",37.762290954589844,-121.44252014160156,"SAN JOAQUIN",TRACY,-121.44248962402344,37.762168884277344
90780766,2018,2018-07-31,9265,2018-07-26,0843,015490,,4,1,9,3900,0,1,3,,1,013,SR-4,"BUCKMAN RD.",528.00,E,N,A,-,Y,,,,,,,,,,Y,2,0,2,1,A,-,01,23152,A,N,F,A,A,A,H,-,A,D,0,,,,,Y,Y,A,07,2,0,0,0,0,0,0,0,0,"- ","- ",37.930271148681641,-121.97431182861328,"SAN JOAQUIN",UNINCORPORATED,-120.97542572021484,37.930240631103516
9078493,2020,2020-05-09,3902,2020-01-12,1720,62,,7,5,5,3902,0,0,0,,0,,"SOUTH CENTRAL AV","TOKAY ST",153.00,N,N,A,-,N,,,,,,,,,,N,2,0,1,3,A,-,03,22350,,N,G,B,E,A,H,-,C,D,0,Y,,,,Y,,A,01,1,0,0,0,1,0,0,0,0,"- ","- ",,,"SAN JOAQUIN",LODI,-121.26515197753906,38.127220153808594
90785976,2018,2018-08-07,9265,2018-03-20,2158,019774,,2,2,9,3900,0,3,5,,2,010,"CARROLTON RD","LONE TREE RD",0.00,,Y,C,G,N,,,,,,,,,,Y,1,1,3,2,A,-,12,22450,A,N,D,C,A,B,H,-,D,A,0,,,,,Y,,D,22,2,1,0,0,0,0,0,0,0,"- ","- ",37.827289581298828,-121.07135772705078,"SAN JOAQUIN",UNINCORPORATED,-121.07138824462891,37.827308654785156
90786115,2018,2018-08-07,9265,2018-07-29,0335,019246,,7,3,9,3900,0,1,1,,2,502,"I-5 N/B","I-5 S/B FROM EL DORADO ST O/C",1162.00,S,N,A,-,Y,,,,,,,,,,Y,2,0,1,1,A,-,01,23152,A,N,E,I,A,A,H,-,D,D,0,,,,,Y,Y,A,01,1,0,0,0,0,0,0,0,0,"- ","- ",38.871768951416016,-121.27744293212891,"SAN JOAQUIN",UNINCORPORATED,,
90786384,2018,2018-08-08,9265,2018-07-27,1621,019413,,5,2,4,3903,0,1,3,,2,025,"SR-120 E/B","MCKINLEY AVE",1267.00,E,N,B,-,Y,,,120,,,,,,E,Y,2,0,1,2,A,-,03,22350,,F,C,C,A,A,H,-,A,D,0,,,Y,,Y,,C,02,1,0,0,0,0,0,0,0,1,"- ","- ",37.783641815185547,-121.26638793945312,"SAN JOAQUIN",MANTECA,-121.26638793945312,37.783649444580078
90787115,2018,2018-08-08,9266,2018-06-14,2240,020083,,4,3,9,3900,0,1,1,,2,021,"I-580 E/B","CHRISMAN ROAD",5280.00,E,N,A,-,Y,,,580,,,,,,E,Y,1,1,0,1,A,-,01,23152,G,N,F,A,A,A,H,-,D,D,0,,,,,Y,Y,A,07,0,0,0,0,0,0,0,0,0,"- ","- ",37.626251220703125,-121.38095855712891,"SAN JOAQUIN",UNINCORPORATED,-121.38114166259766,37.625942230224609
90787891,2018,2018-08-09,9265,2018-04-22,0202,019307,,7,3,9,3900,0,1,1,,2,505,"I-5 N/B",SR-12,3870.00,S,N,A,-,Y,,,5,,,,,,N,Y,1,1,1,1,A,-,01,23152,G,N,E,I,A,A,H,-,D,D,0,,,,,Y,Y,D,22,1,0,0,0,0,0,0,0,0,"- ","- ",38.106578826904297,-121.39118194580078,"SAN JOAQUIN",UNINCORPORATED,-121.39130401611328,38.106517791748047
90790935,2018,2018-08-15,9266,2018-07-18,2300,020599,,3,3,9,3900,0,1,3,,1,011,"SR-4 W/B","MIDDLE RIVER BRIDGE",7392.00,W,N,A,-,Y,,,4,,,,,,W,Y,1,1,0,1,A,-,08,22107,,N,H,A,A,A,H,-,D,D,0,,,,,Y,,A,01,0,0,0,0,0,0,0,0,0,"- ","- ",37.890060424804688,-121.51650238037109,"SAN JOAQUIN",UNINCORPORATED,-121.51650238037109,37.89007568359375
90793855,2018,2018-08-20,9265,2018-07-30,1650,020539,,1,2,6,3905,0,1,3,,2,004,"SR-99 N/B","FREMONT ST",1576.00,N,N,A,-,Y,,,,,,,,,,Y,2,0,1,1,A,-,01,23152,A,N,E,I,A,A,H,-,A,D,0,,,Y,,Y,Y,C,02,1,0,0,0,0,0,0,0,1,"- ","- ",37.974159240722656,-121.24755096435547,"SAN JOAQUIN",STOCKTON,-121.24746704101562,37.974117279052734
90794604,2018,2018-08-21,9265,2018-08-09,2310,019336,,4,3,9,3900,0,1,3,,1,062,"COLLIER ROAD","MACKVILLE RD",2544.00,E,N,A,-,N,,,,,,,,,,Y,2,0,2,1,A,-,08,22107,,M,E,I,A,A,H,-,D,D,0,,,,,Y,Y,A,01,1,1,0,0,0,0,0,0,0,"- ","- ",38.124668121337891,-121.44965362548828,"SAN JOAQUIN",UNINCORPORATED,-121.07952880859375,38.213634490966797
90799750,2018,2018-08-28,9265,2018-08-09,1220,015756,,4,1,9,3900,0,3,5,,2,020,"FRENCH CAMP RD",SR-99,220.00,W,N,A,-,N,,,,,,,,,,Y,2,0,1,1,A,-,08,22107,,N,F,I,A,A,H,-,A,D,0,,,,,Y,,D,22,1,0,0,0,0,0,0,0,0,"- ","- ",37.860649108886719,-121.22087097167969,"SAN JOAQUIN",UNINCORPORATED,-121.22110748291016,37.860321044921875
90800990,2018,2018-08-29,9265,2018-08-17,1810,020785,,5,2,9,3900,0,3,5,,2,040,"SR-99 S/B","WILSON WAY",50.00,S,N,A,-,Y,,,99,,,,,,S,Y,2,0,1,1,A,-,08,22107,,N,F,J,A,A,H,-,A,D,0,,,,,Y,,A,01,1,0,0,0,0,0,0,0,0,"- ","- ",38.002418518066406,-121.25717163085938,"SAN JOAQUIN",UNINCORPORATED,-121.25712585449219,38.002449035644531
90801155,2018,2018-08-29,9265,2018-08-18,0545,019182,,6,3,6,3905,0,1,3,,2,003,"SR-99 S/B","ARCH RD",1584.00,S,N,A,-,Y,,,99,,,,,,S,Y,2,0,1,1,A,-,08,22107,,N,F,A,A,A,H,-,B,D,0,,,,Y,Y,,F,27,1,0,0,0,0,0,0,0,0,"- ","- ",37.900569915771484,-121.22126007080078,"SAN JOAQUIN",STOCKTON,-121.22130584716797,37.900550842285156
90801246,2018,2018-08-29,9265,2018-08-18,2143,020513,,6,2,9,3900,0,3,5,,2,060,"KETTLEMAN LN","JACK TONE RD",0.00,,Y,A,-,N,,,,,,,,,,Y,2,0,1,1,A,-,01,23152,A,N,E,I,A,A,H,-,D,A,0,,,,,Y,Y,A,01,1,0,0,0,0,0,0,0,0,"- ","- ",38.118370056152344,-121.15078735351562,"SAN JOAQUIN",UNINCORPORATED,-121.15090179443359,38.118099212646484
90803887,2018,2020-01-07,9265,2018-03-20,1255,020313,,2,1,9,3900,0,2,4,,1,093,"WOODBRIDGE RD","THORNTON RD",0.00,,Y,B,-,N,,,,,,,,,,Y,1,1,0,2,A,-,12,22450,A,F,E,I,A,B,H,-,A,A,0,,,,Y,Y,,G,25,0,0,0,0,0,0,0,0,0,"- ","- ",38.160449981689453,-121.39898681640625,"SAN JOAQUIN",UNINCORPORATED,-121.3990478515625,38.160568237304688
90804976,2018,2018-09-04,9265,2018-08-14,1800,020651,,2,2,9,3900,0,2,4,,1,053,"BROADWAY CT.","BROADWAY AVE",279.00,S,N,A,-,N,,,,,,,,,,N,2,0,1,1,A,-,01,23152,A,N,E,I,A,A,H,-,A,D,0,,,Y,,Y,Y,C,02,1,0,0,0,0,0,0,0,1,"- ","- ",37.969989776611328,-121.24777984619141,"SAN JOAQUIN",UNINCORPORATED,-121.24789428710938,37.969886779785156
90807273,2018,2018-09-06,9265,2018-08-26,1430,019387,,7,2,6,3905,0,1,1,,2,503,"INTERSTATE 5 NORTHBOUND","DOWNING AVENUE",1029.00,N,N,A,-,Y,,,5,,,,,,N,Y,2,0,3,1,A,-,08,22107,,N,E,I,A,A,H,-,A,D,0,,,,,Y,,A,07,1,1,1,0,0,0,0,0,0,"- ","- ",37.914058685302734,-121.28986358642578,"SAN JOAQUIN",STOCKTON,-121.28976440429688,37.914093017578125
90809192,2018,2018-09-10,9265,2018-04-22,0447,018511,,7,3,9,3900,0,1,3,,2,004,"SR-99 N/B","ARMSTRONG RD",2112.00,S,N,A,-,Y,,,99,,,,,,N,Y,1,1,0,1,A,-,01,23152,G,N,E,I,A,A,H,-,D,D,0,,,,,Y,Y,A,08,0,0,0,0,0,0,0,0,0,"- ","- ",38.081588745117188,-121.25971984863281,"SAN JOAQUIN",UNINCORPORATED,-121.25984954833984,38.081588745117188
90809634,2018,2018-09-11,9265,2018-09-08,2055,020513,,6,2,6,3905,0,1,1,,2,503,"I-5 N/B","PERSHING AVE",780.00,N,N,A,-,Y,,,5,,,,,,N,Y,2,0,2,1,A,-,01,23152,A,N,E,I,A,A,H,-,D,D,0,,,,,Y,Y,A,01,1,1,0,0,0,0,0,0,0,"- ","- ",37.955650329589844,-121.31493377685547,"SAN JOAQUIN",STOCKTON,-121.31490325927734,37.955764770507812
90809786,2018,2018-09-18,9265,2018-07-09,1114,017123,,1,1,5,3902,0,1,3,,2,006,"SR-99 S/B","TURNER RD",290.00,N,N,A,-,Y,,,99,,,,,,S,N,1,1,0,2,A,-,11,21954,A,N,G,B,D,A,H,-,A,D,0,Y,,,,Y,,N,60,0,0,0,1,0,0,0,0,0,"- ","- ",38.146541595458984,-121.26132202148438,"SAN JOAQUIN",LODI,-121.26142120361328,38.146533966064453
90810287,2018,2018-09-11,9265,2018-08-31,2315,019073,,5,3,9,3900,0,1,3,,2,006,"SR-99 N/B","KETTLEMAN LN",80.00,S,N,A,-,Y,,,99,,,,,,N,Y,2,0,2,2,A,-,08,22107,,N,E,I,A,A,H,-,D,A,0,,,,,Y,,D,22,1,1,0,0,0,0,0,0,0,"- ","- ",38.115859985351562,-121.25800323486328,"SAN JOAQUIN",UNINCORPORATED,-121.25788879394531,38.115833282470703
90811271,2018,2018-09-12,9265,2018-08-27,0950,013444,,1,1,9,3900,0,3,5,,2,060,"HARNEY LANE","BECKMAN RD",0.00,,Y,A,-,N,,,,,,,,,,Y,2,0,1,2,A,-,09,21801,A,N,A,C,A,A,H,-,A,D,0,,,,,Y,,A,01,1,0,0,0,0,0,0,0,0,"- ","- ",38.101558685302734,-121.25700378417969,"SAN JOAQUIN",UNINCORPORATED,-121.25699615478516,38.101551055908203
90815353,2018,2018-09-18,9265,2018-09-08,1110,017123,,6,1,9,3900,0,3,5,,2,090,"RAY RD","PELTIER RD",0.00,,Y,A,-,N,,,,,,,,,,Y,2,0,2,2,A,-,09,21802,A,N,D,C,A,A,H,-,A,A,0,,,,Y,Y,,A,01,1,0,1,0,0,0,0,0,0,"- ","- ",38.189289093017578,-121.37233734130859,"SAN JOAQUIN",UNINCORPORATED,-121.37224000000001,38.189349999999997
90817295,2018,2018-09-20,9265,2018-09-15,0210,019336,,6,3,9,3900,0,1,3,,2,003,"SR-99 N/B TO SR-26",SR-26,414.00,S,N,A,-,Y,,,99,,,,R,,N,Y,2,0,1,1,A,-,01,23152,A,N,E,I,A,A,H,-,D,A,0,,,,,Y,Y,A,01,1,0,0,0,0,0,0,0,0,"- ","- ",37.969001770019531,-121.24491119384766,"SAN JOAQUIN",UNINCORPORATED,-121.24491119384766,37.969001770019531
90819407,2018,2018-09-24,9265,2018-08-28,1659,17405,,2,2,9,3900,0,3,5,,2,020,"MANTECA RD.","MELTON RD.",90.00,S,N,A,-,N,,,,,,,,,,Y,2,0,1,2,A,-,09,21801,A,N,F,A,A,A,H,-,A,D,0,,,Y,,Y,,A,08,1,0,0,0,0,0,0,0,1,"- ","- ",37.720951080322266,-121.21518707275391,"SAN JOAQUIN",UNINCORPORATED,-121.21523284912109,37.720962524414062
90819470,2018,2018-09-24,9265,2018-09-08,1040,019128,,6,1,9,3900,0,1,3,,1,066,SR-26,"SHELLY ROAD",285.00,E,N,A,-,Y,,,26,,,,,,,N,2,0,1,1,A,-,08,22107,,N,F,A,A,A,C,-,A,D,0,,,Y,,Y,,C,02,1,0,0,0,0,0,0,0,1,"- ","- ",38.083919525146484,-120.96248626708984,"SAN JOAQUIN",UNINCORPORATED,-120.96245574951172,38.083824157714844
90821133,2018,2018-09-25,9266,2018-08-09,0828,020083,,4,1,9,3900,0,1,3,,1,011,"STATE ROUTE 4","VICTORIA ISLAND",1056.00,W,N,A,-,Y,,,4,,,,,,,Y,1,1,0,3,A,-,08,22107,,N,B,C,A,A,H,-,A,D,0,,,,,Y,,A,01,0,0,0,0,0,0,0,0,0,"- ","- ",37.890098571777344,-121.51840209960938,"SAN JOAQUIN",UNINCORPORATED,-121.51840209960938,37.890079498291016
90821463,2018,2018-09-26,9265,2018-09-14,0525,019136,,5,3,6,3905,0,1,3,,2,004,"SR-99 S/B","MORADA LN",140.00,S,N,B,-,Y,,,99,,,,,,S,Y,2,0,1,2,A,-,03,22350,,N,C,C,A,A,H,-,C,D,0,,,Y,,Y,,C,02,1,0,0,0,0,0,0,0,1,"- ","- ",38.032741546630859,-121.25861358642578,"SAN JOAQUIN",STOCKTON,-121.25845336914062,38.032741546630859
90821786,2018,2018-09-26,9266,2018-09-17,0352,021975,,1,3,9,3900,0,1,3,,1,011,SR-4,"VICTORIA ISLAND",650.00,W,N,A,-,Y,,,4,,,,,,,Y,2,0,1,2,A,-,01,23152,A,N,C,C,A,A,C,-,D,D,0,,,,,Y,Y,A,01,1,0,0,0,0,0,0,0,0,"- ","- ",37.890159606933594,-121.51577758789062,"SAN JOAQUIN",UNINCORPORATED,-121.51577758789062,37.890064239501953
90822286,2018,2018-09-27,9265,2018-07-28,2300,019774,,6,3,9,3900,0,3,5,,2,010,"COMETA ROAD","DODDS RD",125.00,S,N,A,-,N,,,,,,,,,,Y,2,0,3,1,A,-,08,22107,,F,E,I,A,A,H,-,D,A,0,,,,,Y,,A,01,2,1,0,0,0,0,0,0,0,"- ","- ",37.856700897216797,-120.94651031494141,"SAN JOAQUIN",UNINCORPORATED,-120.94636535644531,37.856426239013672
90822777,2018,2018-09-27,9265,2018-09-22,1105,019182,,6,1,4,3903,0,1,3,,2,001,"SR-99 N/B","JACK TONE RD",6864.00,N,N,A,-,Y,,,99,,,,,,N,Y,2,0,1,2,A,-,04,21703,,N,C,C,A,A,H,-,A,D,0,,,,,Y,,A,01,1,0,0,0,0,0,0,0,0,"- ","- ",37.763328552246094,-121.16152954101562,"SAN JOAQUIN",MANTECA,-121.16151428222656,37.763355255126953
90827968,2018,2018-10-03,9265,2018-09-21,1751,17405,,5,2,9,3900,0,3,5,,2,030,"HOWARD RD.","ROBERTS RD.",0.00,,Y,A,-,N,,,,,,,,,,Y,2,0,2,2,A,-,09,21801,A,N,A,C,A,A,H,-,A,D,0,,,,Y,Y,,G,25,1,1,0,0,0,0,0,0,0,"- ","- ",37.877418518066406,-121.34085845947266,"SAN JOAQUIN",UNINCORPORATED,-121.34239959716797,37.877399444580078
90828363,2018,2018-10-04,9265,2018-09-22,0200,018767,,6,3,9,3900,0,1,3,,1,041,SR-4,"TRACY BLVD",2640.00,E,N,A,-,Y,,,4,,,,,,,Y,2,0,1,1,A,-,08,22107,,N,F,A,A,A,H,-,D,D,0,,,,,Y,,A,07,1,0,0,0,0,0,0,0,0,"- ","- ",37.906238555908203,-121.45874786376953,"SAN JOAQUIN",UNINCORPORATED,-121.45894622802734,37.906497955322266
90833370,2018,2018-10-10,9265,2018-08-13,0812,013444,,1,1,9,3900,0,1,3,,1,062,SR-88,"KETTLEMAN LANE",3168.00,E,N,A,-,Y,,,88,,,,,,,Y,1,1,0,1,A,-,08,22107,,N,E,I,A,A,H,-,A,D,0,,,,,Y,,D,22,0,0,0,0,0,0,0,0,0,"- ","- ",38.124740600585938,-121.17003631591797,"SAN JOAQUIN",UNINCORPORATED,-121.16999816894531,38.124717712402344