CASE_ID,ACCIDENT_YEAR,PROC_DATE,JURIS,COLLISION_DATE,COLLISION_TIME,OFFICER_ID,REPORTING_DISTRICT,DAY_OF_WEEK,CHP_SHIFT,POPULATION,CNTY_CITY_LOC,SPECIAL_COND,BEAT_TYPE,CHP_BEAT_TYPE,CITY_DIVISION_LAPD,CHP_BEAT_CLASS,BEAT_NUMBER,PRIMARY_RD,SECONDARY_RD,DISTANCE,DIRECTION,INTERSECTION,WEATHER_1,WEATHER_2,STATE_HWY_IND,CALTRANS_COUNTY,CALTRANS_DISTRICT,STATE_ROUTE,ROUTE_SUFFIX,POSTMILE_PREFIX,POSTMILE,LOCATION_TYPE,RAMP_INTERSECTION,SIDE_OF_HWY,TOW_AWAY,COLLISION_SEVERITY,NUMBER_KILLED,NUMBER_INJURED,PARTY_COUNT,PRIMARY_COLL_FACTOR,PCF_CODE_OF_VIOL,PCF_VIOL_CATEGORY,PCF_VIOLATION,PCF_VIOL_SUBSECTION,HIT_AND_RUN,TYPE_OF_COLLISION,MVIW,PED_ACTION,ROAD_SURFACE,ROAD_COND_1,ROAD_COND_2,LIGHTING,CONTROL_DEVICE,CHP_ROAD_TYPE,PEDESTRIAN_ACCIDENT,BICYCLE_ACCIDENT,MOTORCYCLE_ACCIDENT,TRUCK_ACCIDENT,NOT_PRIVATE_PROPERTY,ALCOHOL_INVOLVED,STWD_VEHTYPE_AT_FAULT,CHP_VEHTYPE_AT_FAULT,COUNT_SEVERE_INJ,COUNT_VISIBLE_INJ,COUNT_COMPLAINT_PAIN,COUNT_PED_KILLED,COUNT_PED_INJURED,COUNT_BICYCLIST_KILLED,COUNT_BICYCLIST_INJURED,COUNT_MC_KILLED,COUNT_MC_INJURED,PRIMARY_RAMP,SECONDARY_RAMP,LATITUDE,LONGITUDE,COUNTY,CITY,POINT_X,POINT_Y
90834676,2018,2018-10-12,9265,2018-10-02,0815,015490,,2,1,9,3900,0,1,3,,1,066,SR-26,"SHELLY RD",3696.00,E,N,B,-,Y,,,,,,,,,,Y,2,0,1,1,A,-,08,22107,,N,F,A,A,A,H,-,A,D,0,,,,,Y,,A,08,1,0,0,0,0,0,0,0,0,"- ","- ",38.090278625488281,-121.95098114013672,"SAN JOAQUIN",UNINCORPORATED,-120.95279693603516,38.089202880859375
90837875,2018,2018-11-09,9265,2018-04-09,1633,019657,,1,2,9,3900,0,2,4,,1,091,"WEST LN","ARMSTRONG ROAD",2665.00,S,N,A,-,N,,,,,,,,,,N,1,1,0,2,A,-,17,21200,,N,H,G,A,A,H,-,A,D,0,,Y,,,Y,Y,L,04,0,0,0,0,0,1,0,0,0,"- ","- ",38.079391479492188,-121.28125762939453,"SAN JOAQUIN",UNINCORPORATED,-121.2811279296875,38.079566955566406
90839035,2018,2018-10-18,9266,2018-10-14,2110,012723,,7,2,9,3900,0,2,4,,1,016,"1TH ST","GRANT LINE RD",0.00,,Y,A,-,N,,,,,,,,,,Y,2,0,1,2,A,-,01,23152,A,N,E,I,A,A,H,-,D,D,0,,,Y,,Y,Y,C,02,1,0,0,0,0,0,0,0,1,"- ","- ",37.530799865722656,-121.35179901123047,"SAN JOAQUIN",UNINCORPORATED,,
90839061,2018,2018-10-18,9265,2018-09-29,2325,019657,,6,3,9,3900,0,2,4,,1,024,"AIRPORT WAY","FIG AVENUE",65.00,N,N,A,-,N,,,,,,,,,,Y,2,0,2,2,A,-,03,22350,,N,C,C,A,A,H,-,D,D,0,,,Y,,Y,,A,01,1,1,0,0,0,0,0,0,2,"- ","- ",37.762538909912109,-121.25212097167969,"SAN JOAQUIN",UNINCORPORATED,-121.25209808349609,37.762508392333984
90839883,2018,2018-10-19,9266,2018-09-04,2336,015805,,2,3,9,3900,0,1,3,,1,026,"SR-132 E/B","CHRISMAN ROAD",1255.00,E,N,A,-,Y,,,132,,,,,,E,Y,1,1,0,2,A,-,03,22350,,N,G,B,F,A,D,-,D,A,0,Y,,,,Y,,A,07,0,0,0,1,0,0,0,0,0,"- ","- ",37.638378143310547,-121.39322662353516,"SAN JOAQUIN",UNINCORPORATED,-121.39323425292969,37.638317108154297
90841488,2018,2018-10-22,9265,2018-09-23,1330,015756,,7,1,9,3900,0,3,5,,2,060,SR-88,"BOGGIANO RD",926.00,W,N,A,-,Y,,,88,,,,,,,Y,2,0,3,2,A,-,06,21750,A,N,A,C,A,A,H,-,A,D,0,,,,,Y,,A,01,1,0,2,0,0,0,0,0,0,"- ","- ",38.019889831542969,-121.20310974121094,"SAN JOAQUIN",UNINCORPORATED,-121.20321655273438,38.020008087158203
90842285,2018,2018-10-23,9265,2018-10-12,0816,019073,,5,1,9,3900,0,1,3,,2,003,"SR-99 N/B","ARCH RD",6494.00,S,N,A,-,Y,,,99,,,,,,N,Y,2,0,1,2,A,-,07,21658,A,N,B,C,A,A,H,-,A,D,0,,,,,Y,,A,01,1,0,0,0,0,0,0,0,0,"- ","- ",37.894161224365234,-121.22016906738281,"SAN JOAQUIN",UNINCORPORATED,-121.22025299072266,37.894161224365234
90842836,2018,2019-01-25,9266,2018-09-28,1515,019532,,5,2,9,3900,0,1,3,,1,011,"SR-4 E/B","CONTRA COSTA CO. LINE",1513.00,E,N,A,-,Y,,,4,,,,,,E,Y,1,1,2,2,A,-,03,22350,,N,A,C,A,A,H,-,A,D,0,,,,,Y,,D,22,2,0,0,0,0,0,0,0,0,"- ","- ",37.889991760253906,-121.56414794921875,"SAN JOAQUIN",UNINCORPORATED,-121.56414794921875,37.889995574951172
90843319,2018,2018-10-24,9265,2018-10-15,2158,018694,,1,2,9,3900,0,3,5,,2,010,"SR-99 E. FRONTAGE RD.","AUSTIN ROAD",3168.00,S,N,A,-,N,,,99,,,,,,,N,2,0,1,2,A,-,03,22350,,N,B,B,E,A,H,-,D,D,0,Y,,,,Y,,A,01,1,0,0,0,1,0,0,0,0,"- ","- ",37.770160675048828,-121.17273712158203,"SAN JOAQUIN",UNINCORPORATED,-121.17282867431641,37.770004272460938
90844384,2018,2018-10-25,9266,2018-10-17,1445,015432,,3,2,9,3900,0,2,4,,1,016,"11TH STREET E/B","BIRD ROAD",0.00,,Y,A,-,N,,,,,,,,,,Y,2,0,4,2,A,-,01,23152,A,N,D,C,A,A,H,-,A,A,0,,,,,Y,Y,A,07,1,1,2,0,0,0,0,0,0,"- ","- ",37.745681762695312,-121.36177062988281,"SAN JOAQUIN",UNINCORPORATED,-121.36179351806641,37.745941162109375
90846623,2018,2018-10-26,9265,2018-10-20,0113,018511,,6,3,9,3900,0,3,5,,2,060,"CHERRYLAND AVE","LEONARDINI RD",20.00,N,N,A,-,N,,,,,,,,,,Y,2,0,1,1,A,-,08,22107,,N,E,I,A,A,H,-,D,D,0,,,,,Y,,A,07,1,0,0,0,0,0,0,0,0,"- ","- ",38.004901885986328,-121.24851989746094,"SAN JOAQUIN",UNINCORPORATED,-121.24862670898438,38.005599975585938
90846683,2018,2018-10-26,9265,2018-09-14,0425,018850,,5,3,9,3900,0,3,5,,2,010,"MURPHY RD","FRENCH CAMP RD",0.00,,Y,A,-,N,,,,,,,,,,Y,1,1,0,2,A,-,09,21802,A,N,D,C,A,A,H,-,D,A,0,,,Y,,Y,,D,22,0,0,0,0,0,0,0,1,0,"- ","- ",37.805519104003906,-121.10719299316406,"SAN JOAQUIN",UNINCORPORATED,-121.10743713378906,37.805629730224609
90846771,2018,2018-10-26,9265,2018-10-16,1915,019139,,2,2,9,3900,0,1,3,,2,001,"VAN ALLEN RD","ALLEN RD",1905.00,N,N,A,-,N,,,,,,,,,,Y,2,0,2,3,A,-,03,22350,,N,C,C,A,A,H,-,D,D,0,,,,,Y,,A,01,1,0,1,0,0,0,0,0,0,"- ","- ",37.789260864257812,-121.05184936523438,"SAN JOAQUIN",UNINCORPORATED,-121.05185699462891,37.789089202880859
90850074,2018,2018-10-31,9266,2018-10-22,0755,019532,,1,1,9,3900,0,2,4,,2,030,"WEST HERITAGE DR.","CURIOSO ST.",40.00,E,N,A,-,N,,,,,,,,,,N,2,0,1,2,A,-,03,22350,,F,G,B,B,A,H,-,A,A,0,Y,,,,Y,,-,99,1,0,0,0,1,0,0,0,0,"- ","- ",37.771030426025391,-121.54769897460938,"SAN JOAQUIN",UNINCORPORATED,-121.547567,37.771051
90852057,2018,2018-11-02,9265,2018-10-20,1756,019413,,6,2,6,3905,0,1,3,,1,042,"SR-4 W/B","FILBERT ST",1584.00,E,N,A,-,Y,,,4,,,,,,W,Y,2,0,1,2,A,-,03,22350,,N,B,C,A,A,H,-,A,D,0,,,,,Y,,A,01,1,0,0,0,0,0,0,0,0,"- ","- ",37.961090087890625,-121.24822235107422,"SAN JOAQUIN",STOCKTON,-121.24822235107422,37.961097717285156
90853685,2018,2018-11-06,9266,2018-11-02,1420,018751,,5,2,9,3900,0,1,3,,1,025,"AHERN ROAD","LEHMAN RD.",2019.00,E,N,A,-,Y,,,,,,,,,,Y,2,0,1,1,A,-,01,23152,A,N,E,I,A,A,H,-,A,D,0,,,,,Y,Y,A,01,1,0,0,0,0,0,0,0,0,"- ","- ",37.686618804931641,-121.34858703613281,"SAN JOAQUIN",UNINCORPORATED,-121.34346008300781,37.681789398193359
90854148,2018,2018-11-06,9265,2018-10-24,1840,019387,,3,2,6,3905,0,3,5,,2,090,"WEST LANE FRONTAGE RD","STADIUM DRIVE",71.00,N,N,A,-,N,,,,,,,,,,N,2,0,1,2,A,-,11,21954,A,N,G,B,D,A,H,-,D,D,0,Y,,,,Y,,N,60,1,0,0,0,1,0,0,0,0,"- ","- ",37.985580444335938,-121.28426361083984,"SAN JOAQUIN",STOCKTON,-121.28450012207031,37.985736846923828
90854484,2018,2018-11-06,9265,2018-10-28,1115,018767,,7,1,9,3900,0,1,3,,1,011,"SR-99 N/B","AUSTIN RD",1000.00,N,N,A,-,Y,,,99,,,,,,N,Y,2,0,1,1,A,-,03,22350,,N,E,I,A,A,H,-,A,D,0,,,,,Y,,A,01,1,0,0,0,0,0,0,0,0,"- ","- ",37.777828216552734,-121.18321990966797,"SAN JOAQUIN",UNINCORPORATED,-121.18321990966797,37.777835845947266
90854579,2018,2018-11-06,9265,2018-10-25,1028,015756,,4,1,9,3900,0,1,3,,1,061,SR-26,"MURRAY RD",0.00,,Y,A,-,Y,,,26,,,,,,,Y,2,0,1,2,A,-,05,21752,D,N,B,C,A,A,H,-,A,D,0,,,Y,,Y,,C,02,1,0,0,0,0,0,0,0,1,"- ","- ",38.010990142822266,-121.11373138427734,"SAN JOAQUIN",UNINCORPORATED,-121.11373138427734,38.011001586914062
90854844,2018,2018-11-07,9265,2018-06-02,1257,019657,,6,1,9,3900,0,1,3,,2,006,"SR-99 N/B","PELTIER RD",2112.00,N,N,A,-,Y,,,99,,,,,,N,Y,1,1,0,1,A,-,08,22107,,N,F,A,A,A,H,-,A,D,0,,,,,Y,,D,22,0,0,0,0,0,0,0,0,0,"- ","- ",38.196308135986328,-121.26284027099609,"SAN JOAQUIN",UNINCORPORATED,-121.26274871826172,38.196311950683594
90855894,2018,2018-11-08,9266,2018-10-07,0545,020083,,7,3,9,3900,0,2,4,,1,016,"ELEVENTH STREET","SOUTH BIRD ROAD",0.00,,Y,A,-,N,,,,,,,,,,Y,2,0,2,2,A,-,01,23153,A,N,D,C,A,A,H,-,C,A,0,,,,,Y,Y,A,01,1,1,0,0,0,0,0,0,0,"- ","- ",37.745899200439453,-121.36209869384766,"SAN JOAQUIN",UNINCORPORATED,-121.36179351806641,37.745941162109375
90858254,2018,2018-11-12,9265,2018-11-05,0030,020651,,1,3,6,3905,0,1,1,,2,503,"N/B I-5","FRENCH CAMP RD",1718.00,N,N,A,-,Y,,,5,,,,,,,Y,2,0,1,1,C,-,18,,,N,E,I,A,A,H,-,A,D,0,,,,,Y,,-,"- ",1,0,0,0,0,0,0,0,0,"- ","- ",37.901660919189453,-121.28510284423828,"SAN JOAQUIN",STOCKTON,-121.28524780273438,37.901607513427734
90859504,2018,2018-11-14,9265,2018-10-31,0255,019489,,3,3,9,3900,0,1,1,,2,502,"I-5 S/B","ROTH RD",2144.00,N,N,A,-,Y,,,5,,,,,,S,Y,2,0,1,3,A,-,08,22107,,F,G,B,E,A,H,-,D,D,0,Y,,,,Y,,-,99,1,0,0,0,1,0,0,0,0,"- ","- ",37.861488342285156,-121.28073883056641,"SAN JOAQUIN",UNINCORPORATED,-121.28063201904297,37.861457824707031
90860365,2018,2018-11-15,9265,2018-11-03,2139,019996,,6,2,9,3900,0,1,3,,1,061,SR-26,"DARRIGO LN",460.00,E,N,A,-,Y,,,26,,,,,,,Y,2,0,2,1,A,-,01,23152,A,N,E,I,A,A,H,-,D,D,0,,,,,Y,Y,A,01,1,0,1,0,0,0,0,0,0,"- ","- ",37.974990844726562,-121.22885131835938,"SAN JOAQUIN",UNINCORPORATED,-121.22882080078125,37.974895477294922
90861843,2018,2018-11-16,9265,2018-11-06,0554,020313,,2,3,4,3903,0,1,3,,1,011,SR-120,"CALLA DR",2700.00,E,N,A,-,Y,,,,,,,,,,Y,2,0,2,2,A,-,03,22350,,N,D,C,A,A,H,-,D,D,0,,,,,Y,,D,22,1,0,1,0,0,0,0,0,0,"- ","- ",37.797538757324219,-121.15708160400391,"SAN JOAQUIN",MANTECA,-121.15667724609375,37.797576904296875
90862009,2018,2018-11-16,9265,2018-09-27,0200,019136,,4,3,9,3900,0,3,5,,2,060,"WOODBRIDGE RD","HILDEBRAND RD",759.00,W,N,A,-,N,,,,,,,,,,Y,1,1,0,1,A,-,01,23152,A,N,E,I,A,A,H,-,D,D,0,,,,,Y,Y,A,01,0,0,0,0,0,0,0,0,0,"- ","- ",38.160160064697266,-121.25312042236328,"SAN JOAQUIN",UNINCORPORATED,-121.2528076171875,38.160137176513672
90864921,2018,2018-11-21,9265,2018-11-17,0630,017198,,6,1,9,3900,0,2,4,,1,014,"VAN ALLEN RD","MARIPOSA RD",0.00,,Y,A,-,N,,,,,,,,,,Y,2,0,2,2,A,-,12,22450,A,N,D,C,A,A,H,-,B,A,0,,,,,Y,,A,01,1,0,1,0,0,0,0,0,0,"- ","- ",37.862468719482422,-121.05420684814453,"SAN JOAQUIN",UNINCORPORATED,-121.05419921875,37.862430572509766
90869116,2018,2018-11-28,9266,2018-11-18,1610,012723,,7,2,9,3900,0,1,3,,1,025,SR-33,SR-132,5280.00,N,N,A,-,Y,,,33,,,,,,,Y,2,0,1,1,A,-,08,22107,,N,F,A,A,A,H,-,B,D,0,,,,,Y,,A,07,1,0,0,0,0,0,0,0,0,"- ","- ",37.645198822021484,-121.30319976806641,"SAN JOAQUIN",UNINCORPORATED,-121.30320739746094,37.645191192626953
90870542,2018,2018-11-29,9265,2018-11-27,2254,020513,,2,3,3,3904,0,1,3,,2,001,"SR-99 N/B","JACK TONE RD",210.00,S,N,B,-,Y,,,99,,,,,,N,N,2,0,1,2,A,-,11,21954,A,N,G,B,D,A,H,-,D,D,0,Y,,,,Y,,N,60,1,0,0,0,1,0,0,0,0,"- ","- ",37.752498626708984,-121.1414794921875,"SAN JOAQUIN",RIPON,-121.14146423339844,37.752525329589844
9087455,2020,2020-07-06,3903,2020-03-12,0711,3768,,4,5,4,3903,0,0,0,,0,,"WOODWARD AV","ADORA DR",0.00,,Y,A,-,N,,,,,,,,,,N,2,0,2,1,A,-,03,22350,,N,E,J,A,A,H,-,A,D,0,,,,,Y,Y,A,07,1,0,1,0,0,0,0,0,0,"- ","- ",37.775638580322266,-121.19391632080078,"SAN JOAQUIN",MANTECA,-121.19390869140625,37.775760650634766
90876295,2018,2018-12-05,9266,2018-11-16,1840,015969,,5,2,9,3900,0,2,4,,2,020,"KASSON ROAD","DEODARA DRIVE",0.00,,Y,F,-,N,,,,,,,,,,Y,1,1,1,3,A,-,03,22350,,N,C,C,A,A,H,-,C,D,0,,,,,Y,,D,22,0,1,0,0,0,0,0,0,0,"- ","- ",37.676910400390625,-121.27802276611328,"SAN JOAQUIN",UNINCORPORATED,-121.27815246582031,37.677120208740234
90876341,2018,2018-12-05,9265,2018-11-23,2332,013193,,5,3,9,3900,0,1,3,,2,004,"SR-99 S/B","WILSON WAY",200.00,S,N,C,-,Y,,,99,,,,,,S,Y,2,0,1,1,A,-,01,23152,A,N,E,I,A,B,H,-,D,D,0,,,,,Y,Y,A,01,1,0,0,0,0,0,0,0,0,"- ","- ",38.003349304199219,-121.2578125,"SAN JOAQUIN",UNINCORPORATED,-121.25769805908203,38.003406524658203
90877365,2018,2018-12-06,9265,2018-07-06,0755,017989,,5,1,9,3900,0,1,3,,1,092,SR-12,"CORREIA RD",1584.00,E,N,B,-,Y,,,12,,,,,,,Y,1,1,0,2,A,-,03,22350,,N,C,C,A,A,H,-,A,D,0,,,,,Y,,A,07,0,0,0,0,0,0,0,0,0,"- ","- ",38.115310668945312,-121.46839904785156,"SAN JOAQUIN",UNINCORPORATED,-121.46839904785156,38.115390777587891
90878702,2018,2018-12-10,9265,2018-12-08,1740,020513,,6,2,9,3900,0,3,5,,2,090,"EIGHT MILE RD","WEST LN",235.00,E,N,E,-,N,,,,,,,,,,Y,2,0,3,4,A,-,01,23152,A,N,C,C,A,B,H,-,D,D,0,,,Y,,Y,Y,A,01,2,0,1,0,0,0,0,0,2,"- ","- ",38.057498931884766,-121.29524993896484,"SAN JOAQUIN",UNINCORPORATED,-121.29552459716797,38.057460784912109
90878929,2018,2018-12-10,9265,2018-11-18,0400,019489,,7,3,9,3900,0,2,4,,1,091,"LOWER SACRAMENTO RD","EIGHT MILE RD",1035.00,N,N,A,-,N,,,,,,,,,,Y,2,0,1,1,A,-,01,23152,F,N,E,I,A,A,H,-,D,D,0,,,,,Y,,D,22,1,0,0,0,0,0,0,0,0,"- ","- ",38.060501098632812,-121.31043243408203,"SAN JOAQUIN",UNINCORPORATED,-121.31057739257812,38.057609558105469
90878964,2018,2018-12-10,9265,2018-11-30,1810,020071,,5,2,9,3900,0,3,5,,2,010,"FRENCH CAMP RD","JACK TONE RD",2112.00,E,N,A,-,N,,,,,,,,,,Y,2,0,1,2,A,-,06,21751,,N,A,C,A,A,H,-,D,D,0,,,,,Y,,A,01,1,0,0,0,0,0,0,0,0,"- ","- ",37.822841644287109,-121.13848114013672,"SAN JOAQUIN",UNINCORPORATED,-121.13868713378906,37.823066711425781
90882395,2018,2018-12-13,9265,2018-09-20,1840,018289,,4,2,9,3900,0,1,3,,2,004,"STATE ROUTE 99 SOUTHBOUND","WILSON WAY",1478.00,S,N,A,-,Y,,,99,,,,,,S,Y,1,1,3,1,A,-,08,22107,,N,F,A,A,A,H,-,A,D,0,,,,,Y,,A,07,0,3,0,0,0,0,0,0,0,"- ","- ",37.999271392822266,-121.25565338134766,"SAN JOAQUIN",UNINCORPORATED,-121.25567626953125,37.999259948730469
90883019,2018,2018-12-14,9265,2018-12-06,0630,015490,,4,1,9,3900,0,1,3,,1,062,SR-88,"CHERRYLAND AVE",200.00,W,N,B,-,Y,,,88,,,,,,,N,2,0,1,2,A,-,11,21954,A,F,G,B,E,B,H,-,D,D,0,Y,,,,Y,,N,60,1,0,0,0,1,0,0,0,0,"- ","- ",37.989551544189453,-121.2425537109375,"SAN JOAQUIN",UNINCORPORATED,-121.24256896972656,37.989574432373047
90883175,2018,2018-12-14,9265,2018-12-06,1832,018511,,4,2,9,3900,0,2,4,,1,053,"WILSON WAY","E ST",20.00,N,N,A,-,N,,,,,,,,,,N,2,0,1,2,A,-,11,21954,A,N,G,B,E,A,H,-,E,D,0,Y,,,,Y,Y,N,60,1,0,0,0,1,0,0,0,0,"- ","- ",37.985050201416016,-121.2701416015625,"SAN JOAQUIN",UNINCORPORATED,-121.27024400000001,37.985179000000002
90887713,2018,2019-02-28,9265,2018-11-23,1540,015756,,5,2,9,3900,0,1,3,,1,013,SR-4,"DRAIS RD",50.00,W,N,B,C,Y,,,4,,,,,,,Y,2,0,5,2,A,-,08,22107,,N,A,C,A,B,H,-,A,D,0,,,,,Y,,A,08,1,3,1,0,0,0,0,0,0,"- ","- ",37.934669494628906,-121.08451080322266,"SAN JOAQUIN",UNINCORPORATED,-121.08450317382812,37.934722900390625
90888190,2018,2018-12-21,9266,2018-12-08,0722,019012,,6,1,9,3900,0,2,4,,1,016,"GRANT LINE ROAD","BANTA ROAD",27.00,W,N,E,-,N,,,,,,,,,,Y,2,0,1,2,A,-,03,22350,,N,B,C,A,A,H,-,A,D,0,,,Y,Y,Y,,C,02,1,0,0,0,0,0,0,0,1,"- ","- ",37.754638671875,-121.37979888916016,"SAN JOAQUIN",UNINCORPORATED,-121.38010406494141,37.754558563232422
90889494,2018,2018-12-24,9265,2018-12-11,0744,015629,,2,1,9,3900,0,3,5,,2,090,"PELTIER ROAD","DEVRIES ROAD",0.00,,Y,E,-,N,,,,,,,,,,Y,2,0,2,2,A,-,09,21801,A,N,A,C,A,B,H,-,A,A,0,,,,Y,Y,,F,26,1,1,0,0,0,0,0,0,0,"- ","- ",38.189338684082031,-121.35401153564453,"SAN JOAQUIN",UNINCORPORATED,-121.35397989000001,38.189270049999998
90894415,2018,2018-12-31,9265,2018-11-23,1335,019182,,5,1,6,3905,0,1,3,,1,042,"SR-4 E/B","MADISON ST",650.00,W,N,C,-,Y,,,4,,,,,,E,Y,1,1,0,2,A,-,03,22350,,N,C,C,A,B,H,-,A,D,0,,,,Y,Y,,D,22,0,0,0,0,0,0,0,0,0,"- ","- ",37.948711395263672,-121.29519653320312,"SAN JOAQUIN",STOCKTON,-121.29527282714844,37.949153900146484
90895489,2018,2019-01-02,9265,2018-12-19,1723,017537,,3,2,6,3905,0,1,1,,2,504,"I-5 N/B TO EIGHT MILE ROAD","EIGHT MILE RD",630.00,S,N,A,-,Y,,,5,,,,R,,N,Y,2,0,2,2,A,-,01,23152,A,N,C,C,A,A,H,-,D,D,0,,,,,Y,Y,A,01,1,0,1,0,0,0,0,0,0,"- ","- ",38.05609130859375,-121.37174987792969,"SAN JOAQUIN",STOCKTON,-121.37174987792969,38.05609130859375
90896093,2018,2019-04-26,9265,2018-11-30,1010,017286,,5,1,9,3900,0,3,5,,2,060,"LOCUST TREE RD","KETTLEMAN LN",0.00,,Y,A,-,N,,,,,,,,,,Y,1,1,1,4,A,-,12,22450,A,N,D,C,A,A,H,-,A,A,0,,,,Y,Y,,A,01,0,0,1,0,0,0,0,0,0,"- ","- ",38.116130828857422,-121.19651794433594,"SAN JOAQUIN",UNINCORPORATED,-121.196533203125,38.11614990234375
90896646,2018,2019-01-03,9265,2018-12-21,0810,016382,,5,1,9,3900,0,1,1,,2,502,"I-5 N/B","MATHEWS RD",123.00,N,N,B,-,Y,,,5,,,,,,N,Y,2,0,1,1,A,-,07,21658,A,N,F,A,A,B,H,-,A,D,0,,,,,Y,,A,01,1,0,0,0,0,0,0,0,0,"- ","- ",37.882930755615234,-121.27829742431641,"SAN JOAQUIN",UNINCORPORATED,-121.27879333496094,37.882869720458984
90897153,2018,2019-01-03,9265,2018-11-29,0540,019752,,4,3,9,3900,0,3,5,,2,010,"RIVER ROAD","SUTLIFF ROAD",210.00,E,N,B,-,N,,,,,,,,,,Y,1,1,0,1,A,-,03,22350,,N,E,I,A,B,F,-,D,D,0,,,,,Y,,A,01,0,0,0,0,0,0,0,0,0,"- ","- ",37.775600433349609,-120.93260192871094,"SAN JOAQUIN",UNINCORPORATED,-120.93589019775391,37.769195556640625
90901140,2018,2019-01-09,9265,2018-12-22,1608,019996,,6,2,9,3900,0,2,4,,1,014,"MARIPOSA ROAD","STAGECOACH ROAD",40.00,E,N,A,-,N,,,,,,,,,,Y,2,0,2,2,A,-,03,22350,,N,C,C,A,A,H,-,A,D,0,,,,,Y,,D,22,1,0,1,0,0,0,0,0,0,"- ","- ",37.931961059570312,-121.2281494140625,"SAN JOAQUIN",UNINCORPORATED,-121.22813415527344,37.931827545166016
90903669,2019,2019-01-14,9265,2019-01-05,1955,018836,,6,2,9,3900,0,3,5,,2,060,"ELLIOTT RD","LAIRD ST",2482.00,N,N,C,-,N,,,,,,,,,,Y,2,0,1,1,A,-,01,23152,A,N,E,I,A,B,H,-,D,D,0,,,,,Y,Y,D,22,1,0,0,0,0,0,0,0,0,"- ","- ",38.168830871582031,-121.15891265869141,"SAN JOAQUIN",UNINCORPORATED,-121.15876007080078,38.168655395507812
90905438,2018,2019-01-16,9265,2018-11-21,1814,020260,,3,2,9,3900,0,2,4,,1,082,"COUNTRY CLUB BLVD","CARLTON AVE",12.00,W,N,C,-,N,,,,,,,,,,Y,1,1,0,2,A,-,01,23152,A,F,G,B,B,B,H,-,C,D,0,Y,,,,Y,Y,A,01,0,0,0,1,0,0,0,0,0,"- ","- ",37.966140747070312,-121.32821655273438,"SAN JOAQUIN",UNINCORPORATED,-121.32817077636719,37.966190338134766
90905485,2018,2019-01-16,9265,2018-11-17,2017,019657,,6,2,9,3900,0,1,3,,1,092,SR-12,"GUARD RD",2230.00,W,N,A,-,Y,,,12,,,,,,,Y,2,0,2,2,A,-,05,21460,A,N,A,C,A,A,H,-,D,D,0,,,,,Y,,A,01,1,1,0,0,0,0,0,0,0,"- ","- ",38.115440368652344,-121.430419921875,"SAN JOAQUIN",UNINCORPORATED,-121.430419921875,38.115463256835938
90906918,2019,2019-01-17,9266,2019-01-06,1914,018888,,7,2,5,3906,0,1,1,,1,015,"I-205 W/B","MACARTHUR DRIVE",350.00,W,N,C,-,Y,,,205,,,,,,W,Y,2,0,2,2,A,-,07,21658,A,F,F,A,A,B,H,-,C,D,0,,,,,Y,,-,99,2,0,0,0,0,0,0,0,0,"- ","- ",37.764190673828125,-121.41702270507812,"SAN JOAQUIN",TRACY,-121.41699981689453,37.764064788818359
90907425,2018,2019-01-18,9265,2018-06-07,2335,019666,,4,3,9,3900,0,3,5,,2,090,"SR-99 W FRONTAGE RD","ACAMPO RD",47.00,N,N,A,-,N,,,99,,,,,,,Y,1,1,0,1,A,-,01,23152,F,N,F,A,A,A,H,-,D,D,0,,,Y,,Y,,C,02,0,0,0,0,0,0,0,1,0,"- ","- ",38.174911499023438,-121.26322174072266,"SAN JOAQUIN",UNINCORPORATED,-121.26244354248047,38.174930572509766
90908753,2019,2019-01-22,9265,2019-01-11,2145,019307,,5,2,9,3900,0,2,4,,1,031,"FRENCH CAMP ROAD","PONDEROSA STREET",310.00,E,N,A,-,N,,,,,,,,,,Y,2,0,1,1,A,-,01,23152,A,N,E,I,A,A,H,-,D,D,0,,,,,Y,Y,A,01,1,0,0,0,0,0,0,0,0,"- ","- ",37.882110595703125,-121.26833343505859,"SAN JOAQUIN",UNINCORPORATED,-121.26827239990234,37.882236480712891
90910854,2019,2019-01-24,9265,2019-01-16,2032,018047,,3,2,6,3905,0,1,1,,2,504,"I-5 N/B","HAMMER LN",1056.00,S,N,B,C,Y,,,5,,,,,,N,Y,2,0,5,2,A,-,03,22350,,N,D,C,A,B,H,-,C,D,0,,,,Y,Y,,A,07,2,1,2,0,0,0,0,0,0,"- ","- ",38.019340515136719,-121.35769653320312,"SAN JOAQUIN",STOCKTON,-121.35767364501953,38.019355773925781