CASE_ID,ACCIDENT_YEAR,PROC_DATE,JURIS,COLLISION_DATE,COLLISION_TIME,OFFICER_ID,REPORTING_DISTRICT,DAY_OF_WEEK,CHP_SHIFT,POPULATION,CNTY_CITY_LOC,SPECIAL_COND,BEAT_TYPE,CHP_BEAT_TYPE,CITY_DIVISION_LAPD,CHP_BEAT_CLASS,BEAT_NUMBER,PRIMARY_RD,SECONDARY_RD,DISTANCE,DIRECTION,INTERSECTION,WEATHER_1,WEATHER_2,STATE_HWY_IND,CALTRANS_COUNTY,CALTRANS_DISTRICT,STATE_ROUTE,ROUTE_SUFFIX,POSTMILE_PREFIX,POSTMILE,LOCATION_TYPE,RAMP_INTERSECTION,SIDE_OF_HWY,TOW_AWAY,COLLISION_SEVERITY,NUMBER_KILLED,NUMBER_INJURED,PARTY_COUNT,PRIMARY_COLL_FACTOR,PCF_CODE_OF_VIOL,PCF_VIOL_CATEGORY,PCF_VIOLATION,PCF_VIOL_SUBSECTION,HIT_AND_RUN,TYPE_OF_COLLISION,MVIW,PED_ACTION,ROAD_SURFACE,ROAD_COND_1,ROAD_COND_2,LIGHTING,CONTROL_DEVICE,CHP_ROAD_TYPE,PEDESTRIAN_ACCIDENT,BICYCLE_ACCIDENT,MOTORCYCLE_ACCIDENT,TRUCK_ACCIDENT,NOT_PRIVATE_PROPERTY,ALCOHOL_INVOLVED,STWD_VEHTYPE_AT_FAULT,CHP_VEHTYPE_AT_FAULT,COUNT_SEVERE_INJ,COUNT_VISIBLE_INJ,COUNT_COMPLAINT_PAIN,COUNT_PED_KILLED,COUNT_PED_INJURED,COUNT_BICYCLIST_KILLED,COUNT_BICYCLIST_INJURED,COUNT_MC_KILLED,COUNT_MC_INJURED,PRIMARY_RAMP,SECONDARY_RAMP,LATITUDE,LONGITUDE,COUNTY,CITY,POINT_X,POINT_Y
90913504,2019,2019-01-28,9265,2019-01-12,0230,017989,,6,3,9,3900,0,3,5,,2,090,"TURNER RD","JACOB BRACK RD",0.00,,Y,E,-,N,,,,,,,,,,Y,2,0,1,1,A,-,01,23152,A,N,E,I,A,B,H,-,D,A,0,,,,,Y,Y,A,01,1,0,0,0,0,0,0,0,0,"- ","- ",38.146030426025391,-121.40052795410156,"SAN JOAQUIN",UNINCORPORATED,-121.40013885498047,38.146030426025391
90915548,2019,2019-01-30,9265,2019-01-21,1522,018955,,1,2,4,3903,0,1,3,,2,025,"SR-120 E/B","MAIN ST",2218.00,W,N,A,-,Y,,,120,,,,,,E,Y,2,0,3,2,A,-,07,21658,A,N,C,C,A,A,H,-,A,D,0,,,,,Y,,A,01,1,1,1,0,0,0,0,0,0,"- ","- ",37.783241271972656,-121.22366333007812,"SAN JOAQUIN",MANTECA,-121.22365570068359,37.783180236816406
90915593,2019,2019-04-26,9265,2019-01-21,0751,018694,,1,1,9,3900,0,3,5,,2,010,SR-120,"MURPHY ROAD",0.00,,Y,A,-,Y,,,120,,,,,,,Y,2,0,1,2,A,-,09,21802,A,N,D,C,A,B,H,-,A,A,0,,,,Y,Y,,G,27,1,0,0,0,0,0,0,0,0,"- ","- ",37.797901153564453,-121.10701751708984,"SAN JOAQUIN",UNINCORPORATED,-121.10701751708984,37.79791259765625
90915776,2019,2019-01-30,9265,2019-01-23,1355,013539,,3,1,4,3903,0,1,3,,2,025,"SR-120 E/B","MAIN STREET",1500.00,E,N,A,-,Y,,,,,,,,,,Y,2,0,1,2,A,-,03,22350,,N,C,C,A,A,H,-,A,D,0,,,,,Y,,A,01,1,0,0,0,0,0,0,0,0,"- ","- ",37.465900421142578,-121.12180328369141,"SAN JOAQUIN",MANTECA,-121.21067047119141,37.783180236816406
90918724,2019,2019-02-04,9265,2019-01-14,1815,019387,,1,2,9,3900,0,3,5,,2,080,"MICHIGAN AVENUE","KIRK AVE",97.00,E,N,B,-,N,,,,,,,,,,N,2,0,1,4,C,-,18,,,N,G,B,E,A,H,-,C,D,0,Y,,,,Y,,-,"- ",1,0,0,0,1,0,0,0,0,"- ","- ",37.965858459472656,-121.34236907958984,"SAN JOAQUIN",UNINCORPORATED,-121.34223937988281,37.965911865234375
90920366,2019,2019-02-06,9266,2019-01-28,0515,013866,,1,3,9,3900,0,2,4,,1,016,"11TH ST. E/B","I-5 N/B",300.00,E,N,A,-,Y,,,,,,,,,,Y,2,0,1,1,A,-,08,22107,,N,F,A,A,A,H,-,D,D,0,,,,,Y,,A,01,1,0,0,0,0,0,0,0,0,"- ","- ",37.761089324951172,-121.33836364746094,"SAN JOAQUIN",UNINCORPORATED,,
90921015,2019,2019-03-06,9265,2019-01-29,0632,018511,,2,1,9,3900,0,3,5,,2,010,"BLACKMORE RD","VAN ALLEN RD",0.00,,Y,B,-,N,,,,,,,,,,Y,2,0,1,2,A,-,21,22106,,N,H,C,A,B,H,-,D,A,0,,,,Y,Y,,G,25,1,0,0,0,0,0,0,0,0,"- ","- ",37.814769744873047,-121.05255889892578,"SAN JOAQUIN",UNINCORPORATED,-121.05258178710938,37.814769744873047
90921458,2019,2019-02-07,9265,2019-02-01,0150,019341,,5,3,9,3900,0,1,3,,1,063,"BRUELLA RD","EMIL ST",73.00,S,N,A,-,Y,,,,,,,,,,Y,2,0,2,6,A,-,01,23152,A,N,G,E,A,A,H,-,D,D,0,,,,,Y,Y,D,22,2,0,0,0,0,0,0,0,0,"- ","- ",38.081100463867188,-121.12210083007812,"SAN JOAQUIN",UNINCORPORATED,-121.20601654052734,38.136848449707031
90921749,2018,2019-02-07,9265,2018-08-17,0105,019666,,5,3,6,3905,0,1,1,,2,503,"I-5 N/B TO EIGHTH STREET","EIGHTH STREET",805.00,S,N,A,-,Y,,,5,,,,R,,N,Y,1,1,0,3,A,-,08,22107,,F,G,B,E,A,H,-,D,D,0,Y,,,,Y,,D,22,0,0,0,1,0,0,0,0,0,"- ","- ",37.924560546875,-121.29332733154297,"SAN JOAQUIN",STOCKTON,-121.29332733154297,37.924560546875
90922630,2019,2019-02-11,9265,2019-01-30,1826,019996,,3,2,9,3900,0,2,4,,1,015,"ESCALON BELLOTA ROAD","DODDS ROAD",0.00,,Y,A,B,N,,,,,,,,,,Y,2,0,2,2,A,-,01,23152,A,N,D,C,A,A,H,-,D,A,0,,,,,Y,Y,A,01,1,0,1,0,0,0,0,0,0,"- ","- ",37.856681823730469,-120.99864959716797,"SAN JOAQUIN",UNINCORPORATED,-120.99864959716797,37.856700897216797
90928492,2019,2019-02-19,9265,2019-02-08,1930,020313,,5,2,9,3900,0,2,4,,1,082,"ALPINE AVE","FRANKLIN AVE",5.00,W,N,C,-,N,,,,,,,,,,N,2,0,1,2,A,-,10,21950,A,F,G,B,B,B,H,-,C,A,0,Y,,,,Y,,A,01,1,0,0,0,1,0,0,0,0,"- ","- ",37.971950531005859,-121.33152770996094,"SAN JOAQUIN",UNINCORPORATED,-121.33142852783203,37.971977233886719
90928570,2019,2019-02-19,9265,2019-02-07,1623,018850,,4,2,9,3900,0,1,3,,1,042,"SR-4 E/B TO SR-99 N/B","FILBERT ST",2640.00,E,N,A,-,Y,,,4,,,,R,,E,Y,2,0,2,1,A,-,08,22107,,N,F,A,A,A,H,-,A,D,0,,,,,Y,,D,22,1,1,0,0,0,0,0,0,0,"- ","- ",37.961719512939453,-121.24476623535156,"SAN JOAQUIN",UNINCORPORATED,-121.24476623535156,37.961719512939453
90928912,2019,2019-02-19,9265,2019-01-02,0140,020260,,3,3,5,3902,0,1,3,,2,006,"STATE ROUTE 99 N/B","CHEROKEE LN",627.00,N,N,A,-,Y,,,99,,,,,,N,Y,1,1,1,1,A,-,01,23152,G,N,E,I,A,A,H,-,D,D,0,,,,,Y,Y,A,01,0,1,0,0,0,0,0,0,0,"- ","- ",38.110939025878906,-121.25887298583984,"SAN JOAQUIN",LODI,-121.25896453857422,38.110958099365234
90931609,2019,2019-02-22,9265,2019-02-13,2015,018850,,3,2,9,3900,0,3,5,,2,050,"WASHINGTON ST","ANTHONY AVE",0.00,,Y,B,-,N,,,,,,,,,,N,2,0,1,2,A,-,10,21950,A,N,G,B,B,A,H,-,D,D,0,Y,,,,Y,,D,22,1,0,0,0,1,0,0,0,0,"- ","- ",37.965011596679688,-121.22837066650391,"SAN JOAQUIN",UNINCORPORATED,-121.22836303710938,37.964958190917969
90931923,2019,2019-02-22,9265,2019-02-10,0820,015408,,7,1,9,3900,0,1,1,,2,502,"I-5 S/B","MATHEWS RD",4224.00,S,N,B,-,Y,,,5,,,,,,S,Y,2,0,3,1,A,-,08,22107,,N,E,I,A,B,H,-,A,D,0,,,,,Y,,A,01,1,2,0,0,0,0,0,0,0,"- ","- ",37.869598388671875,-121.27822113037109,"SAN JOAQUIN",UNINCORPORATED,-121.27827453613281,37.869613647460938
90932651,2019,2019-02-25,9265,2019-02-14,2125,018850,,4,2,9,3900,0,2,4,,1,015,"ESCALON BELLOTA RD","COPPEROPOLIS RD",5280.00,S,N,B,C,N,,,,,,,,,,Y,2,0,1,1,A,-,01,23152,A,N,E,I,A,B,H,-,D,D,0,,,,,Y,Y,A,07,1,0,0,0,0,0,0,0,0,"- ","- ",37.958740234375,-120.99997711181641,"SAN JOAQUIN",UNINCORPORATED,-120.9996337890625,37.973468780517578
90942343,2019,2019-03-08,9266,2019-03-02,2128,020599,,6,2,9,3900,0,1,1,,2,024,"I-5 N/B","STEWART ROAD",812.00,S,N,A,-,Y,,,5,,,,,,N,Y,2,0,1,1,A,-,01,23152,A,N,E,I,A,B,H,-,D,D,0,,,,,Y,Y,A,01,1,0,0,0,0,0,0,0,0,"- ","- ",37.778129577636719,-121.31665802001953,"SAN JOAQUIN",UNINCORPORATED,-121.31658935546875,37.778034210205078
90943993,2019,2019-03-12,9265,2019-03-04,0855,015756,,1,1,9,3900,0,1,3,,2,003,"SR-99 N/B","FRENCH CAMP ROAD",6653.00,N,N,A,-,Y,,,99,,,,,,N,Y,2,0,1,1,A,-,08,22107,,N,E,I,A,A,H,-,A,D,0,,,,,Y,,A,01,1,0,0,0,0,0,0,0,0,"- ","- ",37.878700256347656,-121.21965026855469,"SAN JOAQUIN",UNINCORPORATED,-121.21977233886719,37.878692626953125
90944398,2019,2019-03-12,9265,2019-01-22,0855,018694,,2,1,9,3900,0,3,5,,2,010,"MELLO AVENUE","MURPHY ROAD",0.00,,Y,A,-,N,,,,,,,,,,Y,1,1,1,2,A,-,09,21802,A,N,D,C,A,A,H,-,A,A,0,,,,,Y,,A,01,0,0,1,0,0,0,0,0,0,"- ","- ",37.772228240966797,-121.1063232421875,"SAN JOAQUIN",UNINCORPORATED,-121.10636138916016,37.772220611572266
90945926,2018,2019-03-14,9265,2018-09-21,2103,020313,,5,2,9,3900,0,1,3,,1,013,"STATE ROUTE 4","DRAIS RD",5280.00,W,N,A,-,Y,,,4,,,,,,,Y,1,1,0,2,A,-,01,23152,F,N,D,C,A,A,H,-,D,D,0,,,,Y,Y,,A,01,0,0,0,0,0,0,0,0,0,"- ","- ",37.939620971679688,-121.10199737548828,"SAN JOAQUIN",UNINCORPORATED,-121.10198974609375,37.939666748046875
90946162,2019,2019-03-14,9265,2019-02-28,1746,019413,,4,2,9,3900,0,3,5,,2,090,"PELTIER RD","DES MOINES RD",2798.00,W,N,A,-,N,,,,,,,,,,Y,2,0,1,1,A,-,03,22350,,N,F,I,A,A,H,-,B,D,0,,,Y,,Y,,C,02,1,0,0,0,0,0,0,0,1,"- ","- ",38.189258575439453,-121.28138732910156,"SAN JOAQUIN",UNINCORPORATED,-121.28130340576172,38.18927001953125
90947864,2019,2019-03-19,9265,2019-03-07,0543,018784,,4,3,9,3900,0,1,1,,2,505,"I-5 S/B",SR-12,9504.00,S,N,A,-,Y,,,5,,,,,,S,Y,2,0,1,1,A,-,08,22107,,N,E,I,A,A,H,-,A,D,0,,,,,Y,,A,01,1,0,0,0,0,0,0,0,0,"- ","- ",38.0885009765625,-121.3826904296875,"SAN JOAQUIN",UNINCORPORATED,-121.38273620605469,38.088478088378906
90948194,2019,2019-03-18,9266,2019-02-11,0710,012723,,1,1,2,3920,0,1,1,,2,024,"I-5 SOUTHBOUND","STEWART RD U/C",110.00,S,N,A,-,Y,,,5,,,,,,S,Y,1,1,1,2,A,-,07,21658,A,N,B,C,A,A,H,-,A,D,0,,,,Y,Y,,D,22,0,1,0,0,0,0,0,0,0,"- ","- ",37.770801544189453,-121.32720184326172,"SAN JOAQUIN",LATHROP,-121.32716369628906,37.770744323730469
90948252,2019,2019-03-18,9266,2019-03-13,1540,020083,,3,2,9,3900,0,1,3,,1,025,SR-33,"I-5 N/B",1308.00,E,N,A,-,Y,,,33,,,,,,,Y,2,0,1,1,A,-,08,22107,,N,E,I,A,A,H,-,A,D,0,,,,,Y,,A,01,1,0,0,0,0,0,0,0,0,"- ","- ",37.678661346435547,-121.33975982666016,"SAN JOAQUIN",UNINCORPORATED,-121.33985137939453,37.678562164306641
90949450,2019,2019-03-20,9265,2019-03-13,0300,020513,,3,3,4,3903,0,1,3,,2,025,"SR-120 W/B FROM MAIN STREET","MAIN ST",650.00,W,N,A,-,Y,,,120,,,,R,,W,Y,2,0,1,2,A,-,03,22350,,F,C,C,A,A,H,-,D,D,0,,,,,Y,,A,01,1,0,0,0,0,0,0,0,0,"- ","- ",37.784450531005859,-121.21795654296875,"SAN JOAQUIN",MANTECA,-121.21795654296875,37.784450531005859
9095152,2020,2022-06-18,3905,2020-03-29,1654,7035,PAR,7,5,6,3905,0,0,0,,0,,"MARTIN LUTHER KING BL","B ST",0.00,,Y,A,-,N,,,,,,,,,,Y,1,1,1,2,A,-,01,23152,E,N,D,C,A,A,H,-,A,A,0,,,,,Y,Y,A,01,0,1,0,0,0,0,0,0,0,"- ","- ",37.943149566650391,-121.26074981689453,"SAN JOAQUIN",STOCKTON,-121.25955200195312,37.944019317626953
90951856,2018,2019-03-25,9265,2018-12-05,2208,018850,,3,3,9,3900,0,3,5,,2,060,"SR-99 E FRONTAGE RD","CLARKSDALE RD",653.00,N,N,B,C,Y,,,99,,,,,,,N,1,1,0,2,C,-,18,,,N,G,B,E,B,H,-,D,D,0,Y,,,Y,Y,Y,-,"- ",0,0,0,1,0,0,0,0,0,"- ","- ",38.154758453369141,-121.26125335693359,"SAN JOAQUIN",UNINCORPORATED,-121.26148986816406,38.154743194580078
90957711,2018,2019-04-08,9265,2018-12-13,1250,017989,,4,1,6,3905,0,1,3,,1,042,"I-5 S/B TO SR-4 E/B",SR-4,528.00,N,N,A,-,Y,,,5,,,,R,,S,Y,1,1,0,1,A,-,08,22107,,N,E,I,A,A,H,-,A,D,0,,,,,Y,,A,07,0,0,0,0,0,0,0,0,0,"- ","- ",37.948650360107422,-121.30166625976562,"SAN JOAQUIN",STOCKTON,-121.30166625976562,37.948650360107422
90961406,2019,2019-04-04,9265,2019-03-30,0600,020156,,6,1,9,3900,0,1,3,,1,062,SR-88,"LIBERTY RD",685.00,W,N,E,-,Y,,,88,,,,,,,Y,2,0,1,1,A,-,01,23152,A,N,E,I,A,B,H,-,D,D,0,,,,,Y,Y,A,01,1,0,0,0,0,0,0,0,0,"- ","- ",38.234901428222656,-121.05211639404297,"SAN JOAQUIN",UNINCORPORATED,-121.05204772949219,38.234836578369141
90961629,2019,2019-04-05,9265,2019-03-23,2012,020260,,6,2,9,3900,0,2,4,,1,053,"WILSON WAY","E ST",129.00,S,N,A,-,N,,,,,,,,,,N,2,0,1,2,A,-,11,21954,A,N,G,B,D,A,H,-,C,D,0,Y,,,,Y,Y,N,60,1,0,0,0,1,0,0,0,0,"- ","- ",37.984748840332031,-121.27037811279297,"SAN JOAQUIN",UNINCORPORATED,-121.27052307128906,37.984710693359375
90962167,2019,2019-04-05,9265,2019-03-29,1535,020260,,5,2,6,3905,0,1,1,,2,503,"I-5 S/B","CHARTER WAY",445.00,S,N,A,-,Y,,,5,,,,,,S,Y,2,0,2,3,A,-,03,22350,,N,C,C,A,A,H,-,A,D,0,,,,,Y,,D,22,1,0,1,0,0,0,0,0,0,"- ","- ",37.935398101806641,-121.29746246337891,"SAN JOAQUIN",STOCKTON,-121.29747009277344,37.935398101806641
9096344,2020,2020-06-19,3905,2020-02-13,1149,2928,LAK,4,5,6,3905,0,0,0,,0,,"PERSHING AV","BROOKSIDE RD",0.00,,Y,A,-,N,,,,,,,,,,N,2,0,1,2,A,-,08,22107,,F,H,G,A,A,H,-,A,A,0,,Y,,,Y,,A,07,1,0,0,0,0,0,1,0,0,"- ","- ",37.981620788574219,-121.31980133056641,"SAN JOAQUIN",STOCKTON,-121.31897735595703,37.981990814208984
90964503,2019,2019-04-10,9265,2019-03-30,1750,018955,,6,2,4,3903,0,1,3,,2,025,"SR-120 W/B","MAIN ST",1848.00,W,N,A,-,Y,,,120,,,,,,W,Y,2,0,1,1,A,-,03,22350,,N,F,A,A,A,H,-,A,D,0,,,Y,,Y,,C,02,1,0,0,0,0,0,0,0,1,"- ","- ",37.783489227294922,-121.22235107421875,"SAN JOAQUIN",MANTECA,-121.22235107421875,37.783546447753906
90966065,2019,2019-04-11,9265,2019-03-18,1445,019182,,1,2,9,3900,0,3,5,,2,010,"DODDS RD","MARIPOSA RD",288.00,W,N,A,-,N,,,,,,,,,,Y,1,1,0,1,A,-,01,23152,G,N,E,I,A,A,H,-,A,D,0,,,,,Y,Y,A,07,0,0,0,0,0,0,0,0,0,"- ","- ",37.856521606445312,-121.04400634765625,"SAN JOAQUIN",UNINCORPORATED,-121.04335784912109,37.856658935546875
90968360,2019,2019-04-16,9266,2019-03-24,0247,019012,,7,3,9,3900,0,3,5,,2,001,"CORRAL HOLLOW ROAD","BETHANY ROAD",260.00,N,N,A,-,N,,,,,,,,,,Y,2,0,2,1,A,-,01,23153,A,F,E,I,A,A,H,-,D,D,0,,,,,Y,Y,A,01,1,1,0,0,0,0,0,0,0,"- ","- ",37.784198760986328,-121.45420074462891,"SAN JOAQUIN",UNINCORPORATED,-121.45342254638672,37.783863067626953
9097057,2020,2020-06-19,3905,2020-02-28,0939,1315,VAL,5,5,6,3905,0,0,0,,0,,"JAMESTOWN ST","EL DORADO ST",25.00,,N,A,-,N,,,,,,,,,,N,2,0,1,2,A,-,05,21202,A,F,E,G,A,A,H,-,A,D,0,,Y,,,Y,,L,04,1,0,0,0,0,0,1,0,0,"- ","- ",37.993061065673828,-121.30545806884766,"SAN JOAQUIN",STOCKTON,-121.30494689941406,37.993911743164062
90972429,2019,2019-04-22,9265,2019-03-17,2232,018511,,7,3,9,3900,0,3,5,,2,060,"MACKVILLE RD","MEHRTEN RD",154.00,N,N,A,-,N,,,,,,,,,,Y,1,1,0,1,A,-,01,23152,A,N,F,A,A,A,H,-,D,D,0,,,Y,,Y,Y,C,02,0,0,0,0,0,0,0,1,0,"- ","- ",38.199211120605469,-121.08616638183594,"SAN JOAQUIN",UNINCORPORATED,-121.08616638183594,38.19915771484375
90973127,2019,2019-04-23,9266,2019-04-06,1825,020083,,6,2,9,3900,0,2,4,,1,016,"ELEVENTH STREET","KASSON ROAD",4.00,W,N,A,-,N,,,,,,,,,,Y,2,0,3,3,A,-,01,23152,A,M,B,C,A,A,H,-,A,A,0,,,,,Y,Y,A,01,1,0,2,0,0,0,0,0,0,"- ","- ",37.451038360595703,-121.21700286865234,"SAN JOAQUIN",UNINCORPORATED,-121.35169982910156,37.752887725830078
90973193,2019,2019-04-23,9266,2019-04-03,1555,019532,,3,2,9,3900,0,1,1,,2,024,"I-5 N/B","11TH STREET",2112.00,S,N,A,-,Y,,,5,,,,,,N,Y,2,0,1,1,A,-,08,22107,,N,F,A,A,A,H,-,A,D,0,,,,,Y,,D,22,1,0,0,0,0,0,0,0,0,"- ","- ",37.754081726074219,-121.34352111816406,"SAN JOAQUIN",UNINCORPORATED,-121.34358215332031,37.754077911376953
90973229,2019,2019-04-23,9266,2019-04-15,0757,018217,,1,1,9,3900,0,1,1,,2,021,"I-580 E/B","VALLEY VIEW U/C",2112.00,E,N,A,-,Y,,,580,,,,,,E,Y,2,0,1,1,A,-,08,22107,,N,F,A,A,A,H,-,A,D,0,,,,,Y,,A,08,1,0,0,0,0,0,0,0,0,"- ","- ",37.695308685302734,-121.49494171142578,"SAN JOAQUIN",UNINCORPORATED,-121.49512481689453,37.694999694824219
90975318,2019,2019-04-25,9266,2019-04-16,1545,019532,,2,2,2,3920,0,1,1,,2,024,"I-5 N/B","STEWART RD.",1300.00,N,N,A,-,Y,,,5,,,,,,N,Y,2,0,2,4,A,-,07,21658,A,N,C,C,A,A,H,-,A,D,0,,,,,Y,,A,01,1,1,0,0,0,0,0,0,0,"- ","- ",37.782630920410156,-121.31001281738281,"SAN JOAQUIN",LATHROP,-121.31008911132812,37.782756805419922
90976709,2018,2019-04-26,9265,2018-12-25,0155,020071,,2,3,9,3900,0,1,1,,2,502,"I-5 N/B","HOSPITAL RD",380.00,N,N,C,-,Y,,,5,,,,,,N,Y,1,1,5,5,A,-,01,23152,A,N,C,C,E,B,H,-,D,D,0,Y,,,Y,Y,Y,A,07,0,2,3,1,0,0,0,0,0,"- ","- ",37.886749267578125,-121.27986907958984,"SAN JOAQUIN",UNINCORPORATED,-121.27989196777344,37.886741638183594
90979855,2019,2019-05-01,9265,2019-04-16,0755,015756,,2,1,9,3900,0,3,5,,2,060,SR-26,"GRANADA DR",366.00,W,N,B,-,Y,,,26,,,,,,,Y,2,0,1,1,A,-,08,22107,,N,E,I,A,B,H,-,A,D,0,,,,,Y,,A,01,1,0,0,0,0,0,0,0,0,"- ","- ",38.016220092773438,-121.09940338134766,"SAN JOAQUIN",UNINCORPORATED,-121.09934997558594,38.016063690185547
90979869,2019,2019-05-01,9265,2019-02-06,0115,013193,,3,3,9,3900,0,2,4,,1,053,"WATERLOO RD","SUTRO AVE",62.00,W,N,A,-,N,,,,,,,,,,N,1,1,0,2,A,-,11,21954,A,N,G,B,D,A,H,-,C,A,0,Y,,,,Y,,N,60,0,0,0,1,0,0,0,0,0,"- ","- ",37.981060028076172,-121.25554656982422,"SAN JOAQUIN",UNINCORPORATED,-121.25563049316406,37.981040954589844
90979981,2019,2019-05-01,9265,2019-04-06,0138,018784,,6,3,9,3900,0,3,5,,2,090,"EMPIRE TRACT ROAD","EIGHT MILE ROAD",2640.00,S,N,A,-,N,,,,,,,,,,Y,1,1,0,2,A,-,01,23152,G,N,B,E,A,A,H,-,D,D,0,,,,,Y,Y,A,01,0,0,0,0,0,0,0,0,0,"- ","- ",38.053199768066406,-121.49796295166016,"SAN JOAQUIN",UNINCORPORATED,-121.49858856201172,38.053478240966797
90980499,2019,2019-07-02,9266,2019-04-18,1512,015029,,4,2,9,3900,0,1,1,,2,021,"I-580 E/B","CHRISMAN ROAD",2339.00,E,N,A,-,Y,,,580,,,,,,E,Y,2,0,3,1,C,-,18,,,N,F,A,A,A,H,-,A,D,0,,,,,Y,,-,"- ",1,1,1,0,0,0,0,0,0,"- ","- ",37.632198333740234,-121.39103698730469,"SAN JOAQUIN",UNINCORPORATED,-121.39115905761719,37.631999969482422
90981402,2019,2019-05-03,9266,2019-04-25,1505,018711,,4,2,9,3900,0,1,3,,1,025,SR-33,"VERNALIS ROAD",0.00,,Y,A,-,Y,,,33,,,,,,,Y,2,0,1,2,A,-,09,21801,A,N,A,A,A,A,H,-,A,A,0,,,,,Y,,A,01,1,0,0,0,0,0,0,0,0,"- ","- ",37.63848876953125,-121.29589080810547,"SAN JOAQUIN",UNINCORPORATED,-121.29590606689453,37.638473510742188
90981624,2019,2019-05-03,9265,2019-04-30,0600,017989,,2,1,9,3900,0,2,4,,1,051,"MAIN ST","WALKER LN",70.00,E,N,A,-,N,,,,,,,,,,Y,2,0,2,2,A,-,08,22107,,N,A,C,A,A,H,-,B,D,0,,,Y,,Y,,C,02,1,0,1,0,0,0,0,0,1,"- ","- ",37.957778930664062,-121.22244262695312,"SAN JOAQUIN",UNINCORPORATED,-121.22287750244141,37.9576416015625
90982921,2019,2019-05-06,9266,2019-04-06,0610,018365,,6,1,9,3900,0,1,1,,2,014,"I-205 E/B","HANSEN ROAD",1584.00,W,N,A,-,Y,,,205,,,,,,E,Y,1,1,3,5,A,-,05,21651,B,N,A,C,A,A,H,-,D,D,0,,,,,Y,,A,01,1,1,1,0,0,0,0,0,0,"- ","- ",37.741500854492188,-121.51908111572266,"SAN JOAQUIN",UNINCORPORATED,-121.51907348632812,37.741603851318359
90982956,2019,2019-05-06,9265,2019-04-25,1426,018850,,4,2,9,3900,0,2,4,,1,014,"MARIPOSA RD","MUNFORD AVE",1135.00,E,N,A,-,N,,,,,,,,,,Y,2,0,1,2,A,-,03,22350,,N,D,C,A,A,H,-,A,D,0,,,,,Y,,A,01,1,0,0,0,0,0,0,0,0,"- ","- ",37.929378509521484,-121.22058868408203,"SAN JOAQUIN",UNINCORPORATED,-121.220703125,37.929443359375
90983351,2019,2019-05-07,9266,2019-04-27,1900,019532,,6,2,9,3900,0,1,1,,1,015,"I-205 W/B","EL RANCHO",300.00,W,N,A,-,Y,,,205,,,,,,W,Y,2,0,2,1,A,-,01,23152,A,N,F,A,A,A,H,-,A,D,0,,,,,Y,Y,A,01,2,0,0,0,0,0,0,0,0,"- ","- ",37.765148162841797,-121.37306976318359,"SAN JOAQUIN",UNINCORPORATED,-121.37306976318359,37.765071868896484
90983868,2019,2019-05-07,9266,2019-04-19,1430,019532,,5,2,9,3900,0,1,1,,1,015,"I-205 E/B","PARADISE CUT",410.00,W,N,A,-,Y,,,205,,,,,,E,Y,2,0,3,7,A,-,08,22107,,N,B,C,A,A,H,-,A,D,0,,,,,Y,,A,07,2,0,1,0,0,0,0,0,0,"- ","- ",37.769920349121094,-121.32576751708984,"SAN JOAQUIN",UNINCORPORATED,-121.32570648193359,37.769844055175781
90984162,2019,2019-05-08,9265,2019-04-29,1635,019885,,1,2,6,3905,0,1,3,,1,042,"I-5 S/B TO E/B SR-4",SR-4,1200.00,N,N,A,-,Y,,,5,,,,R,,S,Y,2,0,2,1,A,-,08,22107,,N,E,I,A,A,H,-,A,D,0,,,,,Y,,A,07,1,1,0,0,0,0,0,0,0,"- ","- ",37.950229644775391,-121.30426788330078,"SAN JOAQUIN",STOCKTON,-121.30426788330078,37.950229644775391
90987058,2019,2019-05-13,9265,2019-05-06,1655,018289,,1,2,9,3900,0,1,3,,1,062,"STATE ROUTE 88","BRUMBY ROAD",255.00,W,N,A,-,Y,,,88,,,,,,,Y,2,0,2,1,A,-,08,22107,,N,E,I,A,A,H,-,A,D,0,,,,,Y,,A,01,1,0,1,0,0,0,0,0,0,"- ","- ",38.053848266601562,-121.18875885009766,"SAN JOAQUIN",UNINCORPORATED,-121.18860626220703,38.053867340087891
90987185,2019,2019-05-13,9265,2019-05-05,1320,015756,,7,1,9,3900,0,3,5,,2,050,"MAIN ST.","SINCLAIR AVE",127.00,W,N,A,-,N,,,,,,,,,,Y,2,0,1,2,A,-,09,21804,A,N,D,C,A,A,H,-,A,D,0,,,Y,,Y,,A,01,1,0,0,0,0,0,0,0,1,"- ","- ",37.954490661621094,-121.23204040527344,"SAN JOAQUIN",UNINCORPORATED,-121.23175048828125,37.954597473144531