CASE_ID,ACCIDENT_YEAR,PROC_DATE,JURIS,COLLISION_DATE,COLLISION_TIME,OFFICER_ID,REPORTING_DISTRICT,DAY_OF_WEEK,CHP_SHIFT,POPULATION,CNTY_CITY_LOC,SPECIAL_COND,BEAT_TYPE,CHP_BEAT_TYPE,CITY_DIVISION_LAPD,CHP_BEAT_CLASS,BEAT_NUMBER,PRIMARY_RD,SECONDARY_RD,DISTANCE,DIRECTION,INTERSECTION,WEATHER_1,WEATHER_2,STATE_HWY_IND,CALTRANS_COUNTY,CALTRANS_DISTRICT,STATE_ROUTE,ROUTE_SUFFIX,POSTMILE_PREFIX,POSTMILE,LOCATION_TYPE,RAMP_INTERSECTION,SIDE_OF_HWY,TOW_AWAY,COLLISION_SEVERITY,NUMBER_KILLED,NUMBER_INJURED,PARTY_COUNT,PRIMARY_COLL_FACTOR,PCF_CODE_OF_VIOL,PCF_VIOL_CATEGORY,PCF_VIOLATION,PCF_VIOL_SUBSECTION,HIT_AND_RUN,TYPE_OF_COLLISION,MVIW,PED_ACTION,ROAD_SURFACE,ROAD_COND_1,ROAD_COND_2,LIGHTING,CONTROL_DEVICE,CHP_ROAD_TYPE,PEDESTRIAN_ACCIDENT,BICYCLE_ACCIDENT,MOTORCYCLE_ACCIDENT,TRUCK_ACCIDENT,NOT_PRIVATE_PROPERTY,ALCOHOL_INVOLVED,STWD_VEHTYPE_AT_FAULT,CHP_VEHTYPE_AT_FAULT,COUNT_SEVERE_INJ,COUNT_VISIBLE_INJ,COUNT_COMPLAINT_PAIN,COUNT_PED_KILLED,COUNT_PED_INJURED,COUNT_BICYCLIST_KILLED,COUNT_BICYCLIST_INJURED,COUNT_MC_KILLED,COUNT_MC_INJURED,PRIMARY_RAMP,SECONDARY_RAMP,LATITUDE,LONGITUDE,COUNTY,CITY,POINT_X,POINT_Y
90991704,2019,2019-05-20,9265,2019-05-02,1600,018836,,4,2,9,3900,0,1,3,,2,006,"SR-99 S/B FROM PELTIER RD","SR-99 W FRONTAGE RD",6.00,E,N,A,-,Y,,,99,,,,R,,S,N,2,0,1,1,A,-,08,22107,,N,F,A,A,A,H,-,A,D,0,,,Y,,Y,,C,02,1,0,0,0,0,0,0,0,1,"- ","- ",38.187511444091797,-121.26384735107422,"SAN JOAQUIN",UNINCORPORATED,-121.26384735107422,38.187511444091797
90991743,2019,2019-05-20,9265,2019-02-02,0551,017405,,6,3,9,3900,0,2,4,,1,014,"EAST MARIPOSA ROAD","CARPENTER ROAD",1056.00,W,N,B,C,N,,,,,,,,,,Y,1,1,0,2,A,-,03,22350,,N,D,C,A,B,H,-,D,D,0,,,,Y,Y,,A,01,0,0,0,0,0,0,0,0,0,"- ","- ",37.929389953613281,-121.22061157226562,"SAN JOAQUIN",UNINCORPORATED,-121.22010040283203,37.929248809814453
90992353,2019,2019-05-20,9265,2019-05-08,1449,017537,,3,2,9,3900,0,2,4,,1,093,"THORNTON RD","PALOMA AVE",50.00,S,N,A,-,N,,,,,,,,,,Y,2,0,1,2,A,-,05,21460,,N,F,A,A,A,D,-,A,D,0,,,Y,,Y,,D,22,1,0,0,0,0,0,0,0,1,"- ","- ",38.024059295654297,-121.32803344726562,"SAN JOAQUIN",UNINCORPORATED,-121.32801055908203,38.024127960205078
90993069,2019,2019-05-21,9265,2019-05-12,0312,021401,,7,3,6,3905,0,1,3,,2,003,"SR-99 S/B","ARCH RD",3515.00,S,N,A,-,Y,,,,,,,,,,Y,2,0,1,1,A,-,01,23152,A,N,F,I,A,A,H,-,E,D,0,,,,,Y,Y,A,01,1,0,0,0,0,0,0,0,0,"- ","- ",37.896041870117188,-121.22058868408203,"SAN JOAQUIN",STOCKTON,-121.22049713134766,37.895431518554688
90998140,2019,2019-05-29,9265,2019-05-22,0430,021163,,3,3,6,3905,0,1,3,,1,042,"SR-4 E/B TO SR-99 N/B","MAIN ST",2740.00,N,N,C,-,Y,,,4,,,,R,,E,Y,2,0,1,1,A,-,03,22350,,F,E,I,A,B,H,-,D,A,0,,,,,Y,,A,01,1,0,0,0,0,0,0,0,0,"- ","- ",37.961471557617188,-121.24252319335938,"SAN JOAQUIN",STOCKTON,-121.24252319335938,37.961471557617188
91000802,2019,2019-05-31,9265,2019-03-31,1739,020260,,7,2,9,3900,0,2,4,,1,091,"WEST LANE N/B","HAM LANE",29.00,S,N,A,-,N,,,,,,,,,,Y,1,1,3,2,A,-,08,22107,,N,C,C,A,A,H,-,A,A,0,,,,,Y,,A,01,0,0,3,0,0,0,0,0,0,"- ","- ",38.075019836425781,-121.2877197265625,"SAN JOAQUIN",UNINCORPORATED,-121.28746795654297,38.075202941894531
91003876,2019,2019-06-05,9265,2019-05-27,0100,019136,,1,3,9,3900,0,3,5,,2,090,"SR-99 W. FRONTAGE RD","ARMSTRONG RD",244.00,S,N,B,-,Y,,,99,,,,,,,Y,2,0,1,1,A,-,01,23152,A,N,E,I,A,A,H,-,D,A,0,,,Y,,Y,Y,C,02,1,0,0,0,0,0,0,0,1,"- ","- ",38.086650848388672,-121.26042175292969,"SAN JOAQUIN",UNINCORPORATED,-121.26012420654297,38.086658477783203
91004516,2019,2019-06-06,9265,2019-05-28,2203,018511,,2,3,9,3900,0,3,5,,2,090,"ARMSTRONG RD","LOWER SACRAMENTO RD",1056.00,E,N,A,-,N,,,,,,,,,,Y,2,0,1,1,A,-,01,23152,A,N,E,I,A,A,H,-,D,D,0,,,,,Y,Y,A,01,1,0,0,0,0,0,0,0,0,"- ","- ",38.086509704589844,-121.30351257324219,"SAN JOAQUIN",UNINCORPORATED,-121.30677795410156,38.086521148681641
91010578,2019,2019-06-14,9265,2019-05-27,1403,017537,,1,2,9,3900,0,1,3,,1,092,SR-12,"FLAG CITY BLVD",1320.00,E,N,B,-,Y,,,12,,,,,,,Y,2,0,2,2,A,-,08,22107,,N,D,C,A,A,H,-,A,D,0,,,Y,,Y,,A,08,2,0,0,0,0,0,0,0,2,"- ","- ",38.116058349609375,-121.38139343261719,"SAN JOAQUIN",UNINCORPORATED,-121.38139343261719,38.116142272949219
9101113,2020,2020-11-05,3905,2020-05-07,0651,2952,PAR,4,5,6,3905,0,0,0,,0,,"ARCH RD","ARCH AIRPORT RD",0.00,,Y,A,-,N,,,,,,,,,,Y,2,0,1,4,A,-,12,21453,A,N,D,D,A,A,H,-,A,A,0,,,Y,Y,Y,,A,07,1,0,0,0,0,0,0,0,1,"- ","- ",37.904991149902344,-121.22274017333984,"SAN JOAQUIN",STOCKTON,-121.22502899169922,37.904338836669922
91012659,2019,2019-06-18,9265,2019-04-28,1240,015756,,7,1,9,3900,0,2,4,,1,014,"MARIPOSA RD","DODDS RD",0.00,,Y,A,-,N,,,,,,,,,,Y,1,1,2,2,A,-,09,21801,A,N,D,C,A,A,H,-,A,D,0,,,,,Y,,A,01,2,0,0,0,0,0,0,0,0,"- ","- ",37.856700897216797,-121.04231262207031,"SAN JOAQUIN",UNINCORPORATED,-121.0423583984375,37.856678009033203
91012707,2019,2019-06-18,9265,2019-05-02,1649,018850,,4,2,9,3900,0,3,5,,2,010,"STEINEGUL RD","EDWARDS AVE",415.00,N,N,A,-,N,,,,,,,,,,Y,1,1,0,1,A,-,08,22107,,N,F,A,A,A,H,-,A,D,0,,,,Y,Y,,F,26,0,0,0,0,0,0,0,0,0,"- ","- ",37.842720031738281,-121.14160919189453,"SAN JOAQUIN",UNINCORPORATED,-120.96143341064453,37.843280792236328
9101784,2020,2020-08-06,3903,2020-04-07,1629,1751,,2,5,4,3903,0,0,0,,0,,"LOUISE AV","UNION RD",0.00,,Y,A,-,N,,,,,,,,,,Y,2,0,2,3,D,-,00,,,N,D,D,A,A,H,-,A,A,0,,,,,Y,,-,"- ",1,0,1,0,0,0,0,0,0,"- ","- ",37.811798095703125,-121.23539733886719,"SAN JOAQUIN",MANTECA,-121.23526763916016,37.811988830566406
91021070,2019,2019-06-28,9265,2019-06-22,0725,019182,,6,1,9,3900,0,1,3,,1,063,SR-12,"KENNISON LN",5.00,E,N,A,-,N,,,12,,,,,,,Y,2,0,3,3,A,-,03,22350,,N,C,C,A,A,H,-,A,D,0,,,,,Y,,A,01,2,1,0,0,0,0,0,0,0,"- ","- ",38.137718200683594,-121.23879241943359,"SAN JOAQUIN",UNINCORPORATED,-121.23879241943359,38.137737274169922
91022103,2019,2019-07-25,9266,2019-06-19,0350,013650,,3,3,9,3900,0,1,3,,1,025,SR-33,"KOSTER ROAD",0.00,,Y,A,-,Y,,,33,,,,,,,Y,1,1,1,2,A,-,09,21802,A,N,D,C,A,A,H,-,D,A,0,,,,,Y,,A,01,1,0,0,0,0,0,0,0,0,"- ","- ",37.664730072021484,-121.32475280761719,"SAN JOAQUIN",UNINCORPORATED,-121.32469940185547,37.664783477783203
91022379,2019,2019-07-01,9266,2019-06-23,2145,021956,,7,2,9,3900,0,2,4,,1,016,"ELEVENTH STREET","BIRD ROAD",0.00,,Y,A,-,N,,,,,,,,,,Y,2,0,2,2,A,-,09,21453,C,N,D,C,A,A,H,-,C,A,0,,,,,Y,,A,01,1,0,1,0,0,0,0,0,0,"- ","- ",37.745220184326172,-121.36224365234375,"SAN JOAQUIN",UNINCORPORATED,-121.36179351806641,37.745941162109375
91027671,2019,2019-07-09,9265,2019-06-29,1210,020156,,6,1,4,3903,0,1,3,,2,025,"SR-120 E/B","MAIN ST",528.00,E,N,A,-,Y,,,120,,,,,,E,Y,2,0,9,8,A,-,03,22350,,N,C,C,A,A,H,-,A,D,0,,,,Y,Y,,G,25,1,2,6,0,0,0,0,0,0,"- ","- ",37.783279418945312,-121.20570373535156,"SAN JOAQUIN",MANTECA,-121.20570373535156,37.783206939697266
91029186,2019,2019-07-11,9265,2019-06-23,2205,019489,,7,3,9,3900,0,3,5,,2,020,"SR-99 W FRONTAGE RD","LATHROP RD",1650.00,N,N,A,-,N,,,99,,,,,,,Y,2,0,1,2,A,-,05,21460,A,N,B,C,A,A,H,-,D,D,0,,,Y,,Y,,C,02,1,0,0,0,0,0,0,0,1,"- ","- ",37.830318450927734,-121.21800994873047,"SAN JOAQUIN",UNINCORPORATED,-121.21758270263672,37.830337524414062
91030427,2019,2019-07-15,9265,2019-06-28,2105,017537,,5,2,6,3905,0,1,1,,2,503,"I-5 N/B","BUENA VISTA AVE",661.00,S,N,A,-,Y,,,5,,,,,,N,Y,2,0,2,2,A,-,08,22107,,N,E,I,A,A,H,-,C,D,0,,,,Y,Y,,A,01,1,0,1,0,0,0,0,0,0,"- ","- ",37.956180572509766,-121.31687927246094,"SAN JOAQUIN",STOCKTON,-121.31688690185547,37.956031799316406
91030440,2019,2019-07-15,9265,2019-07-14,0520,020651,,7,3,9,3900,0,1,1,,2,503,"I-5 S/B","DOWNING AVE",1042.00,N,N,A,-,Y,,,5,,,,,,S,Y,2,0,2,2,A,-,01,23152,A,N,C,C,A,A,H,-,A,D,0,,,,,Y,Y,A,01,1,0,1,0,0,0,0,0,0,"- ","- ",37.915901184082031,-121.29086303710938,"SAN JOAQUIN",UNINCORPORATED,-121.290771484375,37.915931701660156
91032189,2019,2019-07-17,9265,2019-07-07,0945,019073,,7,1,9,3900,0,1,3,,1,013,SR-4,"WAVERLY RD",475.00,W,N,A,-,Y,,,,,,,,,,Y,2,0,1,1,A,-,03,22350,,N,F,A,A,A,H,-,A,D,0,,,Y,,Y,,C,02,1,0,0,0,0,0,0,0,1,"- ","- ",37.555080413818359,-120.56501770019531,"SAN JOAQUIN",UNINCORPORATED,-120.94459533691406,37.941677093505859
91032343,2019,2019-08-28,9266,2019-06-01,1131,018217,,6,1,9,3900,0,3,5,,2,002,"LINNE ROAD","CHRISMAN ROAD",2059.00,E,N,A,-,N,,,,,,,,,,Y,2,0,1,2,A,-,08,22107,,F,B,C,A,A,H,-,A,D,0,,,Y,,Y,,D,22,1,0,0,0,0,0,0,0,1,"- ","- ",37.696128845214844,-121.39069366455078,"SAN JOAQUIN",UNINCORPORATED,-121.39098358154297,37.696178436279297
91033845,2019,2020-01-08,9265,2019-06-26,1749,019885,,3,2,9,3900,0,1,3,,1,061,SR-26,"BALDWIN LN",2388.00,E,N,A,-,Y,,,26,,,,,,,Y,2,0,2,2,A,-,03,22350,,N,A,C,A,A,H,-,A,D,0,,,,,Y,,A,01,1,1,0,0,0,0,0,0,0,"- ","- ",37.981758117675781,-121.20307159423828,"SAN JOAQUIN",UNINCORPORATED,-121.20307159423828,37.981773376464844
91037185,2019,2019-07-24,9266,2019-07-03,0001,018324,,3,3,9,3900,0,1,1,,2,024,"I-5 N/B","11TH ST",163.00,S,N,A,-,Y,,,5,,,,,,N,Y,1,1,0,1,A,-,08,22107,,N,E,I,A,A,H,-,D,D,0,,,,Y,Y,,G,25,0,0,0,0,0,0,0,0,0,"- ","- ",37.758560180664062,-121.34259796142578,"SAN JOAQUIN",UNINCORPORATED,-121.34246063232422,37.758468627929688
9103852,2020,2020-06-30,3905,2020-03-22,1753,2835,PAR,7,5,6,3905,0,0,0,,0,,"9TH ST","ANNE ST",276.00,W,N,A,-,N,,,,,,,,,,,2,0,1,2,A,-,11,21954,A,F,G,B,D,A,A,-,B,D,0,Y,,,,Y,,N,60,1,0,0,0,1,0,0,0,0,"- ","- ",37.930728912353516,-121.26352691650391,"SAN JOAQUIN",STOCKTON,-121.26300048828125,37.931251525878906
91040501,2019,2019-07-29,9265,2019-07-18,0730,013515,,4,1,9,3900,0,1,3,,1,062,"STATE ROUTE 88","E. JACK TONE ROAD",0.00,,N,A,-,Y,,,88,,,,,,,N,2,0,1,2,A,-,09,21804,A,N,H,G,A,A,H,-,A,D,0,,Y,,,Y,,D,22,1,0,0,0,0,0,1,0,0,"- ","- ",38.155361175537109,-121.15512847900391,"SAN JOAQUIN",UNINCORPORATED,-121.15517425537109,38.155380249023438
91044353,2019,2019-08-02,9265,2019-07-23,0838,018047,,2,1,3,3904,0,1,3,,2,001,"SR-99 N/B","MAIN ST",1042.00,N,N,A,-,Y,,,99,,,,,,N,Y,2,0,1,2,A,-,03,22350,,N,C,C,A,A,H,-,A,D,0,,,Y,,Y,,C,02,1,0,0,0,0,0,0,0,1,"- ","- ",37.741588592529297,-121.12438201904297,"SAN JOAQUIN",RIPON,-121.12438201904297,37.741584777832031
91046141,2019,2019-08-06,9265,2019-07-26,1145,019073,,5,1,9,3900,0,3,5,,2,060,"DUNCAN RD","COMSTOCK RD",0.00,,Y,A,-,N,,,,,,,,,,Y,2,0,1,2,A,-,09,21802,A,N,D,C,A,A,H,-,A,A,0,,,,,Y,,A,01,1,0,0,0,0,0,0,0,0,"- ","- ",38.044841766357422,-121.09610748291016,"SAN JOAQUIN",UNINCORPORATED,-121.09615325927734,38.044849395751953
91047822,2019,2019-08-08,9265,2019-07-29,0644,018047,,1,1,9,3900,0,2,4,,1,093,"THORNTON RD","BARBER RD",468.00,S,N,A,-,N,,,,,,,,,,Y,2,0,1,1,A,-,08,22107,,N,E,I,A,A,H,-,A,D,0,,,,,Y,,A,07,1,0,0,0,0,0,0,0,0,"- ","- ",38.245700836181641,-121.43049621582031,"SAN JOAQUIN",UNINCORPORATED,-121.43049621582031,38.245700836181641
91047962,2019,2019-08-08,9266,2019-07-28,1550,019532,,7,2,9,3900,0,3,5,,2,001,"PARADISE AVE.","ARBOR AVE",220.00,N,N,A,-,N,,,,,,,,,,N,2,0,1,1,A,-,01,23152,A,N,F,A,A,A,H,-,A,D,0,,,Y,,Y,Y,C,02,1,0,0,0,0,0,0,0,1,"- ","- ",37.769119262695312,-121.38626098632812,"SAN JOAQUIN",UNINCORPORATED,-121.38624572753906,37.769485473632812
91048911,2019,2019-08-15,9266,2019-07-27,1610,018888,,6,2,9,3900,0,1,1,,2,014,"I-205 W/B","HANSEN ROAD",2112.00,E,N,A,-,Y,,,205,,,,,,W,Y,2,0,1,3,A,-,03,22350,,N,C,C,A,A,H,-,A,D,0,,,Y,,Y,,C,02,1,0,0,0,0,0,0,0,1,"- ","- ",37.740951538085938,-121.50714874267578,"SAN JOAQUIN",UNINCORPORATED,-121.50714111328125,37.741058349609375
91050268,2019,2019-08-12,9265,2019-08-02,0539,020651,,5,3,6,3905,0,1,1,,2,503,"I-5 S/B","COUNTRY CLUB BLVD",970.00,S,N,A,-,Y,,,5,,,,,,S,Y,2,0,2,2,A,-,03,22350,,N,C,C,A,A,H,-,A,D,0,,,Y,,Y,,C,02,1,1,0,0,0,0,0,0,2,"- ","- ",37.96173095703125,-121.33464050292969,"SAN JOAQUIN",STOCKTON,-121.33457183837891,37.961761474609375
91050352,2019,2019-08-12,9265,2019-08-02,2338,018784,,5,3,9,3900,0,3,5,,2,090,"SARGENT RD","DAVIS RD",2112.00,E,N,A,-,N,,,,,,,,,,N,2,0,2,3,A,-,03,22350,,F,B,G,A,A,H,-,D,D,0,,Y,,,Y,,-,99,1,1,0,0,0,0,2,0,0,"- ","- ",38.130138397216797,-121.32768249511719,"SAN JOAQUIN",UNINCORPORATED,-121.32691955566406,38.130111694335938
91051020,2019,2019-10-10,9265,2019-06-11,1700,020156,,2,2,9,3900,0,1,3,,1,041,SR-4,"ROBERTS RD",0.00,,Y,A,-,Y,,,4,,,,,,,Y,1,1,0,2,A,-,06,21755,A,N,F,A,A,A,H,-,A,D,0,,,Y,Y,Y,,C,02,0,0,0,0,0,0,0,1,0,"- ","- ",37.927341461181641,-121.33225250244141,"SAN JOAQUIN",UNINCORPORATED,-121.33229827880859,37.927516937255859
9105341,2020,2020-10-31,3905,2020-05-13,1459,7035,CIV,3,5,6,3905,0,0,0,,0,,"STANISLAUS ST","WEBER AV",0.00,,Y,A,-,N,,,,,,,,,,Y,2,0,1,2,A,-,12,21453,A,N,D,C,A,A,H,-,A,A,0,,,,,Y,,B,01,1,0,0,0,0,0,0,0,0,"- ","- ",,,"SAN JOAQUIN",STOCKTON,-121.28224182128906,37.955070495605469
91056514,2019,2019-08-21,9265,2019-08-07,0550,015756,,3,3,9,3900,0,3,5,,2,030,"NEWCASTLE RD","ARCH RD",4224.00,S,N,A,-,N,,,,,,,,,,N,2,0,1,1,A,-,08,22107,,N,F,A,A,A,B,-,A,D,0,,,Y,,Y,,C,02,1,0,0,0,0,0,0,0,1,"- ","- ",37.898441314697266,-121.20208740234375,"SAN JOAQUIN",UNINCORPORATED,-121.20211029052734,37.893711090087891
91056651,2019,2019-10-01,9266,2019-07-23,2025,014717,,2,2,9,3900,0,1,3,,1,011,SR-4,"VICTORIA ISLAND FARMS",5491.00,W,N,A,-,Y,,,4,,,,,,,Y,1,1,2,2,A,-,01,23152,F,N,C,C,A,A,H,-,B,D,0,,,,,Y,,A,01,0,0,2,0,0,0,0,0,0,"- ","- ",37.890430450439453,-121.53170013427734,"SAN JOAQUIN",UNINCORPORATED,-121.53170013427734,37.890071868896484
91057471,2019,2019-08-22,9265,2019-08-09,2030,018850,,5,2,9,3900,0,1,3,,2,003,"SR-99 S/B","ARCH RD",8448.00,S,N,A,-,Y,,,99,,,,,,S,Y,2,0,1,2,A,-,01,23152,A,N,C,C,A,A,H,-,D,D,0,,,,Y,Y,Y,A,01,1,0,0,0,0,0,0,0,0,"- ","- ",37.881629943847656,-121.22022247314453,"SAN JOAQUIN",UNINCORPORATED,-121.22023010253906,37.881629943847656
91058360,2019,2019-09-17,9265,2019-08-18,2310,020513,,7,3,6,3905,0,1,1,,2,503,"I-5 N/B TO CHARTER WAY","CHARTER WAY",760.00,S,N,A,-,Y,,,5,,,,R,,N,Y,2,0,1,1,A,-,08,22107,,N,F,A,A,A,H,-,C,D,0,,,,,Y,,A,01,1,0,0,0,0,0,0,0,0,"- ","- ",37.934719085693359,-121.29673767089844,"SAN JOAQUIN",STOCKTON,-121.29673767089844,37.934719085693359
91059350,2019,2019-08-26,9266,2019-08-23,1710,018751,,5,2,9,3900,0,2,4,,2,020,"KASSON ROAD","LORENZEN ROAD",270.00,S,N,A,-,N,,,,,,,,,,Y,2,0,1,1,A,-,08,22107,,N,F,A,A,A,H,-,A,D,0,,,,,Y,,A,01,1,0,0,0,0,0,0,0,0,"- ","- ",37.724140167236328,-121.32496643066406,"SAN JOAQUIN",UNINCORPORATED,-121.32515716552734,37.724273681640625
91061553,2019,2019-08-28,9265,2019-08-20,1740,013539,,2,2,6,3905,0,1,3,,1,042,"SR-4 E/B","CENTER STREET",516.00,W,N,A,-,Y,,,4,,,,,,E,Y,2,0,3,1,A,-,08,22107,,N,E,J,A,A,H,-,A,D,0,,,,,Y,,A,08,1,2,0,0,0,0,0,0,0,"- ","- ",37.9493408203125,-121.29218292236328,"SAN JOAQUIN",STOCKTON,-121.292236328125,37.949665069580078
91065627,2019,2019-09-03,9266,2019-08-23,1825,013650,,5,2,9,3900,0,1,1,,1,015,"I-205 W/B","TOM PAINE SLOUGH",1584.00,W,N,A,-,Y,,,205,,,,,,W,N,2,0,2,2,A,-,08,22107,,N,B,C,A,A,H,-,A,D,0,,,Y,,Y,,C,02,1,1,0,0,0,0,0,0,2,"- ","- ",37.765171051025391,-121.35677337646484,"SAN JOAQUIN",UNINCORPORATED,-121.35677337646484,37.765106201171875
91066697,2019,2019-09-04,9265,2019-05-26,0400,013193,,7,3,9,3900,0,1,3,,1,092,SR-12,"MOKELUMNE RIVER",1031.00,E,N,C,-,Y,,,12,,,,,,,Y,1,1,2,1,A,-,01,23152,A,N,E,I,A,B,H,-,D,D,0,,,,,Y,Y,A,01,1,1,0,0,0,0,0,0,0,"- ","- ",38.123878479003906,-121.57540893554688,"SAN JOAQUIN",UNINCORPORATED,-121.57538604736328,38.123928070068359
91066753,2019,2019-09-04,9265,2019-08-23,0050,019666,,5,3,3,3904,0,1,3,,2,001,"SR-99 S/B","STANISLAUS RIVER BRIDGE",663.00,N,N,A,-,Y,,,99,,,,,,S,Y,2,0,3,2,A,-,01,23152,A,F,E,I,A,A,H,-,D,D,0,,,,,Y,Y,A,01,1,1,1,0,0,0,0,0,0,"- ","- ",37.731670379638672,-121.11167144775391,"SAN JOAQUIN",RIPON,-121.11168670654297,37.731651306152344
91067308,2019,2019-09-04,9265,2019-08-25,0205,018784,,7,3,9,3900,0,3,5,,2,090,"RAY RD","TREDWAY RD",17.00,S,N,A,-,N,,,,,,,,,,Y,2,0,1,1,A,-,01,23152,A,N,E,I,A,A,H,-,D,A,0,,,,,Y,Y,A,01,1,0,0,0,0,0,0,0,0,"- ","- ",38.097881317138672,-121.37049865722656,"SAN JOAQUIN",UNINCORPORATED,-121.37049102783203,38.097999572753906
91068249,2019,2019-09-05,9265,2019-08-04,1840,019139,,7,2,9,3900,0,2,4,,1,053,"ROBINDALE AVE","MYRAN AVE",0.00,,Y,A,-,N,,,,,,,,,,N,2,0,1,2,A,-,08,22107,,N,B,G,A,A,H,-,A,D,0,,Y,,,Y,,L,04,1,0,0,0,0,0,1,0,0,"- ","- ",37.98651123046875,-121.26161193847656,"SAN JOAQUIN",UNINCORPORATED,-121.26155853271484,37.985088348388672
91068582,2019,2019-09-05,9265,2019-08-15,1345,018836,,4,1,9,3900,0,1,3,,1,067,SR-88,"COLLIER RD",255.00,W,N,A,-,Y,,,88,,,,,,,Y,2,0,2,2,A,-,05,21460,C,N,A,C,A,A,H,-,A,D,0,,,,Y,Y,,G,25,1,0,1,0,0,0,0,0,0,"- ","- ",38.213031768798828,-121.068603515625,"SAN JOAQUIN",UNINCORPORATED,-121.06854248046875,38.213016510009766
91068621,2019,2019-09-05,9266,2019-09-02,2310,018324,,1,3,9,3900,0,3,5,,2,002,"BIRD ROAD","AHERN RD",85.00,W,N,A,-,N,,,,,,,,,,Y,2,0,1,1,A,-,08,22107,,N,E,I,A,A,H,-,D,D,0,,,Y,,Y,,C,02,1,0,0,0,0,0,0,0,1,"- ","- ",37.698280334472656,-121.36148071289062,"SAN JOAQUIN",UNINCORPORATED,-121.36142730712891,37.698261260986328
91068970,2019,2019-09-06,9265,2019-08-19,1215,015490,,1,1,5,3902,0,1,3,,2,006,"SR-99 N/B","LODI AVE.",468.00,S,N,A,-,Y,,,99,,,,,,N,Y,2,0,3,5,A,-,03,22350,,N,C,C,A,A,H,-,A,D,0,,,,Y,Y,,F,27,1,0,2,0,0,0,0,0,0,"- ","- ",38.129650115966797,-121.25734710693359,"SAN JOAQUIN",LODI,-121.25732421875,38.129650115966797
91069500,2019,2019-09-06,9265,2019-04-14,1340,019139,,7,1,9,3900,0,2,4,,1,064,"SR-99 E FRONTAGE RD","HOGAN LN",938.00,N,N,A,-,N,,,99,,,,,,,Y,1,1,4,2,A,-,08,22107,,N,A,C,A,A,H,-,A,D,0,,,,,Y,,A,01,2,2,0,0,0,0,0,0,0,"- ","- ",38.096851348876953,-121.25975799560547,"SAN JOAQUIN",UNINCORPORATED,-121.26003265380859,38.096847534179688
91070040,2019,2019-09-30,9265,2019-06-21,1110,018694,,5,1,9,3900,0,2,4,,1,031,"FRENCH CAMP ROAD",SR-99,1056.00,W,N,A,-,N,,,,,,,,,,Y,1,1,1,1,A,-,01,23152,F,N,E,I,A,A,G,-,A,D,0,,,Y,,Y,,C,02,1,0,0,0,0,0,0,1,1,"- ","- ",37.861141204833984,-121.22238922119141,"SAN JOAQUIN",UNINCORPORATED,-121.22380828857422,37.86114501953125
91070286,2019,2019-09-09,9266,2019-08-30,1620,021241,,5,2,9,3900,0,1,3,,1,026,SR-132,"WELTY RD.",10.00,W,N,A,-,Y,,,132,,,,,,,Y,2,0,1,2,A,-,06,21755,,N,C,C,A,A,H,-,A,A,0,,,Y,,Y,,C,02,1,0,0,0,0,0,0,0,1,"- ","- ",37.638221740722656,-121.28771209716797,"SAN JOAQUIN",UNINCORPORATED,-121.28771209716797,37.638256072998047
91072538,2019,2019-09-11,9265,2019-09-02,1404,021781,,1,2,9,3900,0,1,3,,1,013,SR-4,"SONORA ROAD",955.00,W,N,A,-,Y,,,4,,,,,,,Y,2,0,3,2,A,-,09,21801,A,N,D,C,A,A,H,-,A,D,0,,,,,Y,,A,07,1,2,0,0,0,0,0,0,0,"- ","- ",37.930118560791016,-120.98462677001953,"SAN JOAQUIN",UNINCORPORATED,-120.98462677001953,37.930164337158203
9107311,2020,2020-11-17,3905,2020-05-06,0110,3085,PAR,3,5,6,3905,0,0,0,,0,,"INDUSTRIAL DR","AIRPORT WY",753.00,E,N,A,-,N,,,,,,,,,,N,2,0,1,1,A,-,00,22235,,N,E,I,A,A,H,-,C,D,0,,,,,Y,,A,01,1,0,0,0,0,0,0,0,0,"- ","- ",37.910881042480469,-121.25843811035156,"SAN JOAQUIN",STOCKTON,-121.25604248046875,37.911521911621094
91075481,2019,2019-09-16,9266,2019-09-14,1515,018751,,6,2,9,3900,0,1,1,,2,014,"I-205 E/B","BYRON ROAD",2244.00,W,N,A,-,Y,,,,,,,,,,Y,2,0,1,2,A,-,03,22350,,N,C,C,A,A,H,-,A,D,0,,,Y,,Y,,C,02,1,0,0,0,0,0,0,0,1,"- ","- ",37.748279571533203,-121.48281097412109,"SAN JOAQUIN",UNINCORPORATED,-121.48258972167969,37.746002197265625