CASE_ID,ACCIDENT_YEAR,PROC_DATE,JURIS,COLLISION_DATE,COLLISION_TIME,OFFICER_ID,REPORTING_DISTRICT,DAY_OF_WEEK,CHP_SHIFT,POPULATION,CNTY_CITY_LOC,SPECIAL_COND,BEAT_TYPE,CHP_BEAT_TYPE,CITY_DIVISION_LAPD,CHP_BEAT_CLASS,BEAT_NUMBER,PRIMARY_RD,SECONDARY_RD,DISTANCE,DIRECTION,INTERSECTION,WEATHER_1,WEATHER_2,STATE_HWY_IND,CALTRANS_COUNTY,CALTRANS_DISTRICT,STATE_ROUTE,ROUTE_SUFFIX,POSTMILE_PREFIX,POSTMILE,LOCATION_TYPE,RAMP_INTERSECTION,SIDE_OF_HWY,TOW_AWAY,COLLISION_SEVERITY,NUMBER_KILLED,NUMBER_INJURED,PARTY_COUNT,PRIMARY_COLL_FACTOR,PCF_CODE_OF_VIOL,PCF_VIOL_CATEGORY,PCF_VIOLATION,PCF_VIOL_SUBSECTION,HIT_AND_RUN,TYPE_OF_COLLISION,MVIW,PED_ACTION,ROAD_SURFACE,ROAD_COND_1,ROAD_COND_2,LIGHTING,CONTROL_DEVICE,CHP_ROAD_TYPE,PEDESTRIAN_ACCIDENT,BICYCLE_ACCIDENT,MOTORCYCLE_ACCIDENT,TRUCK_ACCIDENT,NOT_PRIVATE_PROPERTY,ALCOHOL_INVOLVED,STWD_VEHTYPE_AT_FAULT,CHP_VEHTYPE_AT_FAULT,COUNT_SEVERE_INJ,COUNT_VISIBLE_INJ,COUNT_COMPLAINT_PAIN,COUNT_PED_KILLED,COUNT_PED_INJURED,COUNT_BICYCLIST_KILLED,COUNT_BICYCLIST_INJURED,COUNT_MC_KILLED,COUNT_MC_INJURED,PRIMARY_RAMP,SECONDARY_RAMP,LATITUDE,LONGITUDE,COUNTY,CITY,POINT_X,POINT_Y
91076752,2019,2019-09-17,9265,2019-06-27,1230,019073,,4,1,4,3903,0,1,3,,2,025,"SR-120 E/B","MAIN ST",52.00,E,N,A,-,Y,,,120,,,,,,E,Y,1,1,2,5,A,-,04,21703,,N,C,C,A,A,H,-,A,A,0,,,,Y,Y,,F,26,0,2,0,0,0,0,0,0,0,"- ","- ",37.783199310302734,-121.21572113037109,"SAN JOAQUIN",MANTECA,-121.21572113037109,37.783210754394531
91076995,2019,2019-09-18,9265,2019-08-23,1640,019657,,5,2,9,3900,0,2,4,,1,023,"MANTECA ROAD","W. RIPON ROAD",1200.00,N,N,A,-,N,,,,,,,,,,Y,2,0,1,1,A,-,08,22107,,N,E,I,A,A,H,-,A,A,0,,,,,Y,,D,22,1,0,0,0,0,0,0,0,0,"- ","- ",37.742698669433594,-121.21549224853516,"SAN JOAQUIN",UNINCORPORATED,-121.21543884277344,37.742706298828125
91077010,2019,2019-09-18,9265,2019-08-23,1905,019657,,5,2,9,3900,0,3,5,,2,010,"RIVER ROAD","VAN ALLEN ROAD",320.00,W,N,A,-,N,,,,,,,,,,N,2,0,1,2,A,-,11,21954,A,F,G,B,E,A,H,-,B,D,0,Y,,,,Y,,N,60,1,0,0,0,1,0,0,0,0,"- ","- ",37.75836181640625,-121.05223083496094,"SAN JOAQUIN",UNINCORPORATED,-121.05216217041016,37.758346557617188
91077053,2019,2019-09-18,9265,2019-09-08,1428,019657,,7,2,9,3900,0,3,5,,2,020,"PERRIN ROAD","AIRPORT WAY",2855.00,E,N,A,-,N,,,,,,,,,,Y,2,0,1,1,A,-,01,23152,A,N,E,I,A,A,H,-,A,D,0,,,,,Y,Y,D,22,1,0,0,0,0,0,0,0,0,"- ","- ",37.724880218505859,-121.24224090576172,"SAN JOAQUIN",UNINCORPORATED,-121.2423095703125,37.724891662597656
91077794,2019,2019-11-06,9265,2019-07-05,0615,019182,,5,1,9,3900,0,1,3,,1,062,SR-88,"LIVE OAK RD",0.00,,Y,A,-,Y,,,88,,,,,,,Y,1,1,1,2,A,-,12,22450,A,N,D,C,A,A,H,-,A,A,0,,,Y,,Y,,A,01,1,0,0,0,0,0,0,1,0,"- ","- ",38.079818725585938,-121.18491363525391,"SAN JOAQUIN",UNINCORPORATED,-121.18495178222656,38.079833984375
91078401,2019,2019-09-19,9265,2019-08-25,0900,015756,,7,1,9,3900,0,3,5,,2,090,"JOHNSON RD",SR-12,923.00,S,N,A,-,N,,,,,,,,,,Y,2,0,1,1,A,-,08,22107,,N,E,I,A,A,H,-,A,D,0,,,Y,,Y,,C,02,1,0,0,0,0,0,0,0,1,"- ","- ",38.199329376220703,-121.04618072509766,"SAN JOAQUIN",UNINCORPORATED,-121.04611968994141,38.198516845703125
91081924,2019,2019-09-24,9266,2019-08-21,1900,019532,,3,2,9,3900,0,2,4,,2,013,"GRANT LINE ROAD","GREAT VALLEY PARKWAY",0.00,,Y,A,-,N,,,,,,,,,,Y,1,1,1,2,A,-,12,22450,A,N,D,C,A,A,H,-,A,A,0,,,,,Y,Y,A,01,0,1,0,0,0,0,0,0,0,"- ","- ",37.756141662597656,-121.55706024169922,"SAN JOAQUIN",UNINCORPORATED,-121.557227,37.756067000000002
91081950,2019,2019-09-24,9265,2019-09-14,0425,019307,,6,3,9,3900,0,1,1,,2,502,"I-5 S/B","LOUISE AVE",3030.00,S,N,A,-,Y,,,,,,,,,,Y,2,0,2,1,A,-,01,23152,A,N,E,J,A,A,H,-,D,D,0,,,,,Y,Y,A,07,1,0,1,0,0,0,0,0,0,"- ","- ",37.803741455078125,-121.29881286621094,"SAN JOAQUIN",UNINCORPORATED,,
91082439,2019,2019-09-25,9265,2019-09-15,0445,021163,,7,3,9,3900,0,3,5,,2,020,"AIRPORT WAY","DIVISION RD",2000.00,N,N,A,-,N,,,,,,,,,,Y,2,0,1,1,A,-,08,22107,,N,E,I,A,A,H,-,E,D,0,,,,,Y,,A,01,1,0,0,0,0,0,0,0,0,"- ","- ",37.718009948730469,-121.29939270019531,"SAN JOAQUIN",UNINCORPORATED,-121.24507141113281,37.692165374755859
91082622,2019,2019-09-25,9265,2019-09-21,2340,019307,,6,3,9,3900,0,1,1,,2,502,"I-5 N/B","EL DORADO STREET",1802.00,S,N,A,-,Y,,,5,,,,,,N,Y,2,0,1,1,A,-,01,23152,A,N,E,I,A,A,H,-,D,D,0,,,,,Y,Y,A,01,1,0,0,0,0,0,0,0,0,"- ","- ",37.8697509765625,-121.27789306640625,"SAN JOAQUIN",UNINCORPORATED,-121.27791595458984,37.869758605957031
91083056,2019,2019-09-25,9265,2019-09-16,1018,017123,,1,1,6,3905,0,1,1,,2,503,"I-5 S/B FROM FREMONT ST","FREMONT ST",210.00,E,N,C,-,Y,,,5,,,,R,,S,Y,2,0,1,1,A,-,03,22350,,N,F,A,A,B,H,-,A,D,0,,,,,Y,,A,07,1,0,0,0,0,0,0,0,0,"- ","- ",37.955101013183594,-121.31482696533203,"SAN JOAQUIN",STOCKTON,-121.31482696533203,37.955101013183594
91083186,2019,2019-09-25,9265,2019-08-26,0655,015756,,1,1,9,3900,0,3,5,,2,030,"MUNFORD AVE","MARIPOSA ROAD",939.00,W,N,A,-,N,,,,,,,,,,Y,2,0,1,3,A,-,09,21801,A,N,D,C,A,A,H,-,A,D,0,,,,Y,Y,,G,25,1,0,0,0,0,0,0,0,0,"- ","- ",37.929618835449219,-121.22738647460938,"SAN JOAQUIN",UNINCORPORATED,-121.227294921875,37.92962646484375
91088214,2019,2019-10-01,9266,2019-09-21,0140,021956,,6,3,2,3920,1,1,1,,2,024,I-5,"SAN JOAQUIN RIVER BRIDGE",228.00,S,N,A,-,Y,,,5,,,,,,,Y,2,0,2,2,A,-,01,23152,A,N,B,E,A,A,H,-,D,D,0,,,,Y,Y,Y,G,25,1,1,0,0,0,0,0,0,0,"- ","- ",37.784271240234375,-121.30742645263672,"SAN JOAQUIN",LATHROP,-121.3074951171875,37.784370422363281
91088335,2019,2019-10-01,9266,2019-09-20,1725,018888,,5,2,9,3900,0,3,5,,2,001,"NAGLEE ROAD","BETHANY ROAD",525.00,S,N,A,-,N,,,,,,,,,,Y,2,0,2,1,A,-,03,22350,,N,E,I,A,A,H,-,A,D,0,,,,,Y,Y,A,01,1,0,1,0,0,0,0,0,0,"- ","- ",37.780399322509766,-121.46320343017578,"SAN JOAQUIN",UNINCORPORATED,-121.46356201171875,37.781742095947266
91093030,2019,2019-10-08,9266,2019-09-26,0810,014808,,4,1,9,3900,0,1,1,,2,021,"I-580 W/B","CORRAL HOLLOW RD.",750.00,W,N,A,-,Y,,,,,,,,,,Y,2,0,1,3,A,-,08,22107,,N,B,C,A,A,H,-,A,D,0,,,,Y,Y,,A,01,1,0,0,0,0,0,0,0,0,"- ","- ",37.673469543457031,-121.45939636230469,"SAN JOAQUIN",UNINCORPORATED,-121.45917510986328,37.673606872558594
91096924,2019,2019-10-14,9266,2019-10-05,0500,021975,,6,3,9,3900,0,2,4,,2,013,"BYRON ROAD","MOUNTAIN HOUSE PKWY",21.00,E,N,A,-,N,,,,,,,,,,Y,2,0,2,1,A,-,08,22107,,N,E,I,A,A,H,-,C,A,0,,,,,Y,,A,01,1,1,0,0,0,0,0,0,0,"- ","- ",37.782119750976562,-121.53031921386719,"SAN JOAQUIN",UNINCORPORATED,-121.53079986572266,37.782161712646484
91096974,2019,2019-10-14,9266,2019-09-25,1355,014717,,3,1,2,3920,0,1,1,,1,015,"I-205 E/B","PARADISE CUT",514.00,E,N,A,-,Y,,,205,,,,,,E,Y,1,1,0,2,A,-,03,22350,,N,F,A,A,A,H,-,A,D,0,,,Y,Y,Y,,C,02,0,0,0,0,0,0,0,1,0,"- ","- ",37.772411346435547,-121.32366943359375,"SAN JOAQUIN",LATHROP,-121.32362365722656,37.772373199462891
91097603,2019,2019-10-15,9265,2019-10-03,0410,021163,,4,3,9,3900,0,3,5,,2,010,"MURPHY RD","DODDS RD",50.00,N,N,A,-,N,,,,,,,,,,N,2,0,1,2,C,-,18,,,N,G,B,E,A,H,-,D,D,0,Y,,,,Y,,-,"- ",1,0,0,0,1,0,0,0,0,"- ","- ",37.856239318847656,-121.10883331298828,"SAN JOAQUIN",UNINCORPORATED,-121.10889434814453,37.856296539306641
91098866,2019,2019-10-16,9266,2019-10-09,0635,014717,,3,1,9,3900,0,2,4,,1,023,"CHRISMAN ROAD","SCHULTE ROAD",1875.00,S,N,A,-,N,,,,,,,,,,Y,2,0,1,2,A,-,09,21801,A,N,A,C,A,A,H,-,B,D,0,,,Y,,Y,,C,02,1,0,0,0,0,0,0,0,1,"- ","- ",37.720008850097656,-121.39813995361328,"SAN JOAQUIN",UNINCORPORATED,-121.39816284179688,37.720069885253906
91099529,2019,2019-12-05,9265,2019-10-05,0330,021401,,6,3,9,3900,0,3,5,,2,060,"N. ALPINE RD","FINKBOHNER RD",50.00,N,N,A,-,N,,,,,,,,,,Y,2,0,2,1,A,-,01,23152,A,M,E,I,A,A,H,-,D,D,0,,,,,Y,Y,A,07,1,1,0,0,0,0,0,0,0,"- ","- ",37.981529235839844,-121.193603515625,"SAN JOAQUIN",UNINCORPORATED,-121.19157409667969,37.981559753417969
91099566,2019,2019-10-17,9265,2019-10-07,0630,015490,,1,1,9,3900,0,1,3,,1,062,SR-88,"BAKER RD.",0.00,,Y,B,-,Y,,,88,,,,,,,Y,2,0,2,2,A,-,09,21802,A,N,D,C,A,A,H,-,B,A,0,,,,Y,Y,,G,25,1,0,1,0,0,0,0,0,0,"- ","- ",38.029228210449219,-121.19312286376953,"SAN JOAQUIN",UNINCORPORATED,-121.19313049316406,38.029243469238281
91099817,2019,2019-10-17,9265,2019-09-23,0838,015756,,1,1,9,3900,0,2,4,,1,014,"DODDS RD","MARIPOSA ROAD",0.00,,Y,A,-,N,,,,,,,,,,Y,2,0,3,2,A,-,09,21802,A,N,D,C,A,A,H,-,A,A,0,,,,,Y,,A,01,3,0,0,0,0,0,0,0,0,"- ","- ",37.856670379638672,-121.04239654541016,"SAN JOAQUIN",UNINCORPORATED,-121.0423583984375,37.856678009033203
91100375,2019,2019-10-18,9265,2019-10-10,1135,015490,,4,1,9,3900,0,1,3,,1,062,SR-88,"SR-12 (VICTOR RD.)",0.00,,Y,A,-,Y,,,88,,,,,,,Y,2,0,1,2,A,-,01,23152,F,N,D,C,A,A,H,-,A,A,0,,,,Y,Y,,D,22,1,0,0,0,0,0,0,0,0,"- ","- ",38.138698577880859,-121.16236114501953,"SAN JOAQUIN",UNINCORPORATED,-121.16234588623047,38.138702392578125
91102433,2019,2019-10-22,9265,2019-10-11,1752,018289,,5,2,9,3900,0,1,3,,2,003,"SR-99 N/B","SR-4 (CROSS TOWN)",254.00,S,N,A,-,Y,,,99,,,,,,N,Y,2,0,1,2,A,-,03,22350,,N,C,C,A,A,H,-,A,D,0,,,Y,,Y,,A,07,1,0,0,0,0,0,0,0,1,"- ","- ",37.961849212646484,-121.24189758300781,"SAN JOAQUIN",UNINCORPORATED,-121.24190521240234,37.961849212646484
9110285,2020,2020-09-02,3905,2020-06-20,0808,2015,PAR,6,5,6,3905,0,0,0,,0,,"AIRPORT WY","MARTIN LUTHER KING BL",0.00,,Y,A,-,N,,,,,,,,,,,2,0,1,2,A,-,00,21670,A,F,H,G,A,A,H,-,A,A,0,,Y,,,Y,,D,22,1,0,0,0,0,0,1,0,0,"- ","- ",37.941471099853516,-121.27059173583984,"SAN JOAQUIN",STOCKTON,-121.27057647705078,37.941558837890625
9110290,2020,2020-09-01,3905,2020-06-21,1129,2466,PAR,7,5,6,3905,0,0,0,,0,,"ARCH RD","FITE CT",0.00,,Y,A,-,N,,,,,,,,,,Y,2,0,1,2,A,-,12,21453,A,N,D,C,A,A,H,-,A,A,0,,,,,Y,,A,01,1,0,0,0,0,0,0,0,0,"- ","- ",37.905300140380859,-121.20828247070312,"SAN JOAQUIN",STOCKTON,-121.20832061767578,37.905281066894531
91111348,2019,2019-11-01,9265,2019-10-12,1050,018694,,6,1,9,3900,0,1,3,,2,001,"SR-99 N/B","AUSTIN ROAD",850.00,S,N,A,-,Y,,,99,,,,,,N,Y,2,0,1,2,A,-,03,22350,,N,C,C,A,A,H,-,A,D,0,,,Y,,Y,,C,02,1,0,0,0,0,0,0,0,1,"- ","- ",37.773151397705078,-121.17727661132812,"SAN JOAQUIN",UNINCORPORATED,-121.17724609375,37.773189544677734
91111374,2019,2019-11-01,9266,2019-10-25,0458,021241,,5,3,9,3900,0,1,3,,1,026,SR-132,"WELTY ROAD",0.00,,Y,A,-,Y,,,132,,,,,,,Y,2,0,2,3,A,-,09,21802,A,N,D,C,A,A,H,-,D,D,0,,,,Y,Y,,A,01,1,0,1,0,0,0,0,0,0,"- ","- ",37.638229370117188,-121.28762054443359,"SAN JOAQUIN",UNINCORPORATED,-121.28762054443359,37.638259887695312
91113001,2019,2019-11-04,9265,2019-09-06,2305,020651,,5,3,9,3900,0,1,3,,1,062,SR-88,"FAIRCHILD RD",0.00,,Y,A,-,Y,,,88,,,,,,,N,1,1,0,2,A,-,17,21200,,N,H,G,A,A,H,-,D,A,0,,Y,,,Y,,L,04,0,0,0,0,0,1,0,0,0,"- ","- ",38.005409240722656,-121.21936798095703,"SAN JOAQUIN",UNINCORPORATED,-121.21937561035156,38.005416870117188
91114646,2019,2019-11-06,9265,2019-10-27,2255,021163,,7,3,9,3900,0,1,1,,2,504,"I-5 N/B","MARCH LN",1084.00,N,N,A,-,Y,,,,,,,,,,Y,2,0,1,1,A,-,01,23152,A,N,E,I,A,A,H,-,D,D,0,,,,,Y,Y,A,01,1,0,0,0,0,0,0,0,0,"- ","- ",37.987388610839844,-121.34422302246094,"SAN JOAQUIN",UNINCORPORATED,-121.34440612792969,37.987522125244141
91114795,2019,2019-11-06,9265,2019-10-27,2236,021414,,7,3,9,3900,0,3,5,,2,020,"UNION ROAD","TRAHERN RD",115.00,S,N,A,-,N,,,,,,,,,,Y,2,0,1,1,A,-,01,23152,A,N,E,J,A,A,H,-,C,D,0,,,,,Y,Y,A,01,1,0,0,0,0,0,0,0,0,"- ","- ",37.706390380859375,-121.23336791992188,"SAN JOAQUIN",UNINCORPORATED,-121.23337554931641,37.706398010253906
91115001,2019,2019-11-06,9266,2019-10-26,0017,020599,,6,3,9,3900,0,1,3,,1,026,SR-132,"GREENWOOD ROAD",390.00,W,N,A,-,Y,,,132,,,,,,,Y,2,0,7,3,A,-,01,23152,A,N,A,C,A,A,H,-,D,D,0,,,,,Y,Y,A,01,2,0,5,0,0,0,0,0,0,"- ","- ",37.638271331787109,-121.27874755859375,"SAN JOAQUIN",UNINCORPORATED,-121.27874755859375,37.638282775878906
91117251,2019,2019-11-11,9265,2019-10-30,1543,018836,,3,2,9,3900,0,3,5,,2,060,"ACAMPO RD","BRUELLA RD",0.00,,Y,A,-,N,,,,,,,,,,Y,2,0,1,2,A,-,12,22450,A,N,D,C,A,A,H,-,A,A,0,,,,,Y,,A,01,1,0,0,0,0,0,0,0,0,"- ","- ",38.175090789794922,-121.20684814453125,"SAN JOAQUIN",UNINCORPORATED,-121.20684051513672,38.175071716308594
91117328,2019,2019-11-11,9265,2019-10-31,0845,013515,,4,1,9,3900,0,2,4,,1,053,"N. WILSON WAY","MCALLEN ROAD",2112.00,S,N,A,-,N,,,,,,,,,,Y,2,0,2,2,A,-,08,22107,,N,A,C,A,A,H,-,A,D,0,,,,,Y,,D,22,1,0,1,0,0,0,0,0,0,"- ","- ",37.994590759277344,-121.26483154296875,"SAN JOAQUIN",UNINCORPORATED,-121.26429748535156,37.9954833984375
91118377,2019,2019-11-12,9265,2019-10-22,1134,019073,,2,1,9,3900,0,1,3,,1,067,"SR-88 E/B","LIBERTY RD",0.00,,Y,A,-,Y,,,88,,,,,,E,Y,2,0,2,2,A,-,09,21801,A,N,D,C,A,A,H,-,A,A,0,,,,Y,Y,,G,25,1,0,1,0,0,0,0,0,0,"- ","- ",38.236030578613281,-121.05104064941406,"SAN JOAQUIN",UNINCORPORATED,-121.05107116699219,38.236053466796875
91119427,2019,2019-11-13,9265,2019-09-01,2213,021163,,7,3,9,3900,0,1,3,,1,062,"SR-88 (WATERLOO RD)","PICCOLI RD",0.00,,Y,A,-,Y,,,,,,,,,,N,2,0,1,2,A,-,10,21950,A,N,G,B,B,A,H,-,C,D,0,Y,,,,Y,,A,01,1,0,0,0,1,0,0,0,0,"- ","- ",39.986721038818359,-121.24690246582031,"SAN JOAQUIN",UNINCORPORATED,,
91119676,2019,2019-11-13,9265,2019-10-12,1925,019182,,6,2,9,3900,0,3,5,,2,010,"CARTER RD","ESCALON BELLOTA RD",78.00,E,N,A,-,N,,,,,,,,,,Y,1,1,0,1,A,-,01,23152,A,N,E,I,A,A,H,-,C,A,0,,,,,Y,Y,A,01,0,0,0,0,0,0,0,0,0,"- ","- ",37.886409759521484,-120.99965667724609,"SAN JOAQUIN",UNINCORPORATED,-120.99961090087891,37.886402130126953
91122204,2019,2019-11-18,9265,2019-10-12,1945,020248,,6,2,9,3900,0,1,3,,1,062,SR-88,"VICTOR RD",4038.00,W,N,A,-,Y,,,88,,,,,,,Y,2,0,2,2,A,-,05,21460,A,N,A,C,A,A,H,-,C,D,0,,,,,Y,,D,22,2,0,0,0,0,0,0,0,0,"- ","- ",38.128131866455078,-121.16800689697266,"SAN JOAQUIN",UNINCORPORATED,-121.16802215576172,38.128135681152344
91122772,2019,2019-11-18,9265,2019-11-07,0710,017123,,4,1,9,3900,0,1,1,,2,503,"I-5 S/B","ALPINE AVE",490.00,S,N,A,-,Y,,,,,,,,,,Y,2,0,3,3,A,-,03,22350,,N,C,C,A,A,H,-,A,D,0,,,,,Y,,A,01,1,2,0,0,0,0,0,0,0,"- ","- ",37.369190216064453,-121.33744812011719,"SAN JOAQUIN",UNINCORPORATED,,
91124132,2019,2019-11-19,9266,2019-11-02,0345,021956,,6,3,9,3900,0,2,4,,1,016,"ELEVENTH STREET","LOVELY ROAD",1320.00,E,N,A,-,N,,,,,,,,,,Y,1,1,1,2,A,-,03,22350,,N,G,B,E,A,H,-,D,D,0,Y,,,,Y,Y,A,07,0,0,1,1,0,0,0,0,0,"- ","- ",37.743011474609375,-121.36563110351562,"SAN JOAQUIN",UNINCORPORATED,-121.36737060546875,37.741565704345703
9112814,2020,2020-08-26,3906,2020-06-19,1100,1672,,5,5,5,3906,0,0,0,,0,002,"SYCAMORE PKWY","VALPICO RD",0.00,,Y,A,-,N,,,,,,,,,,N,2,0,2,2,A,-,12,21453,A,N,D,C,A,A,H,-,A,A,0,,,,,Y,,A,01,1,0,1,0,0,0,0,0,0,"- ","- ",,,"SAN JOAQUIN",TRACY,-121.43904876708984,37.710689544677734
9113344,2020,2020-08-11,3900,2020-05-30,1908,159260,MANTE,6,5,2,3920,0,0,0,,0,009,"FINCHWOOD DR","TEMPLETON LN",10.00,E,N,A,-,N,,,,,,,,,,N,2,0,2,3,A,-,01,23153,A,N,B,E,A,A,H,-,A,D,0,,,Y,,Y,Y,C,06,2,0,0,0,0,0,0,0,2,"- ","- ",,,"SAN JOAQUIN",LATHROP,-121.30375671386719,37.806167602539062
91133995,2019,2019-12-03,9265,2019-10-26,1943,017537,,6,2,9,3900,0,1,1,,2,504,"I-5 N/B","BENJAMIN HOLT DR",2112.00,S,N,A,-,Y,,,5,,,,,,N,Y,2,0,1,5,A,-,03,22350,,N,C,C,A,A,H,-,D,D,0,,,,,Y,,A,01,1,0,0,0,0,0,0,0,0,"- ","- ",37.998939514160156,-121.348876953125,"SAN JOAQUIN",UNINCORPORATED,-121.34893035888672,37.998920440673828
91134048,2019,2019-12-03,9265,2019-11-13,2220,019307,,3,3,9,3900,0,2,4,,1,093,"DEVRIES RD","THORNTON ROAD",134.00,E,N,A,-,N,,,,,,,,,,Y,2,0,1,1,A,-,03,22350,,N,E,I,A,A,H,-,D,D,0,,,,,Y,,A,01,1,0,0,0,0,0,0,0,0,"- ","- ",38.074951171875,-121.35249328613281,"SAN JOAQUIN",UNINCORPORATED,-121.3524169921875,38.075057983398438
91134540,2019,2019-12-03,9265,2019-11-19,0140,021540,,2,3,9,3900,0,3,5,,2,090,"WOODBRIDGE RD","LOWER SACRAMENTO RD",3168.00,E,N,A,-,N,,,,,,,,,,Y,2,0,2,1,A,-,08,22107,,N,E,J,A,A,H,-,D,D,0,,,,,Y,,D,22,1,0,1,0,0,0,0,0,0,"- ","- ",38.160240173339844,-121.28391265869141,"SAN JOAQUIN",UNINCORPORATED,-121.28435516357422,38.160190582275391
91135689,2019,2019-12-04,9265,2019-11-23,1520,020513,,6,2,9,3900,0,3,5,,2,090,"TADDEI RD","BENDER RD",0.00,,Y,A,-,N,,,,,,,,,,N,2,0,1,1,C,-,18,,,N,E,H,A,A,H,-,A,D,0,,Y,,,Y,,-,"- ",1,0,0,0,0,0,1,0,0,"- ","- ",38.190639495849609,-121.31748199462891,"SAN JOAQUIN",UNINCORPORATED,-121.31748199462891,38.190639495849609
91138670,2019,2019-12-10,9265,2019-11-27,1926,017537,,3,2,9,3900,0,3,5,,2,060,"FAIRCHILD RD","BEECHER RD",778.00,W,N,B,-,N,,,,,,,,,,Y,2,0,1,2,A,-,03,22350,,N,C,C,A,B,H,-,D,D,0,,,,,Y,,A,01,1,0,0,0,0,0,0,0,0,"- ","- ",38.014480590820312,-121.1708984375,"SAN JOAQUIN",UNINCORPORATED,-121.1708984375,38.014530181884766
91139814,2019,2019-12-10,9266,2019-11-22,0145,020599,,5,3,9,3900,0,1,3,,1,011,"SR-4 W/B","CONTRA COSTA COUNTY LINE",250.00,E,N,A,-,Y,,,4,,,,,,W,Y,2,0,2,1,A,-,01,23152,A,N,E,I,A,A,H,-,C,D,0,,,,,Y,Y,A,01,1,1,0,0,0,0,0,0,0,"- ","- ",37.890228271484375,-121.56970977783203,"SAN JOAQUIN",UNINCORPORATED,-121.5697021484375,37.890235900878906
91140031,2019,2019-12-10,9266,2019-12-03,0605,014717,,2,1,9,3900,0,2,4,,2,013,"BYRON ROAD","HANSEN ROAD",0.00,,Y,B,-,N,,,,,,,,,,Y,2,0,2,3,A,-,03,22350,,N,C,C,A,B,H,-,D,D,0,,,,,Y,,A,07,1,0,1,0,0,0,0,0,0,"- ","- ",37.771518707275391,-121.51319885253906,"SAN JOAQUIN",UNINCORPORATED,-121.51322,37.771560000000001
91141062,2019,2019-12-11,9265,2019-11-30,0228,018784,,6,3,9,3900,0,1,3,,2,003,"SR-99 S/B","FRENCH CAMP RD",2112.00,N,N,A,-,Y,,,99,,,,,,S,Y,2,0,1,1,A,-,08,22107,,N,E,I,A,A,H,-,C,D,0,,,,,Y,,A,01,1,0,0,0,0,0,0,0,0,"- ","- ",37.866039276123047,-121.21920013427734,"SAN JOAQUIN",UNINCORPORATED,-121.21910095214844,37.866046905517578
91142198,2019,2019-12-12,9265,2019-12-02,0725,015490,,1,1,9,3900,0,1,3,,1,062,SR-88,"LOCKE RD",330.00,E,N,B,C,Y,,,88,,,,,,,Y,2,0,2,2,A,-,03,22350,,N,A,C,A,B,H,-,A,D,0,,,,,Y,,D,22,1,0,1,0,0,0,0,0,0,"- ","- ",38.161048889160156,-121.15258026123047,"SAN JOAQUIN",UNINCORPORATED,-121.152587890625,38.161052703857422
91142283,2019,2019-12-12,9265,2019-07-06,1920,019139,,6,2,9,3900,0,3,5,,2,060,"LOCUST TREE RD","KETTLEMAN LN",0.00,,Y,A,-,N,,,,,,,,,,Y,1,1,0,2,A,-,12,22450,A,N,D,C,A,A,H,-,A,A,0,,,,,Y,,A,01,0,0,0,0,0,0,0,0,0,"- ","- ",38.116138458251953,-121.19654846191406,"SAN JOAQUIN",UNINCORPORATED,-121.196533203125,38.11614990234375
91144141,2019,2019-12-16,9266,2019-12-11,0645,018544,,3,1,5,3906,0,1,1,,2,014,"I-205 W/B","GRANT LINE ROAD",1962.00,W,N,B,-,Y,,,205,,,,,,W,Y,2,0,2,3,A,-,03,22350,,N,C,C,A,B,H,-,D,D,0,,,,Y,Y,,A,01,1,0,1,0,0,0,0,0,0,"- ","- ",37.751331329345703,-121.47042846679688,"SAN JOAQUIN",TRACY,-121.47042083740234,37.751300811767578
91146408,2019,2019-12-18,9265,2019-09-21,1950,019489,,6,2,9,3900,0,2,4,,1,052,"SANGUINETTI LN","JERSEY STREET.",33.00,S,N,A,-,N,,,,,,,,,,Y,1,1,0,2,A,-,01,23152,G,N,C,C,A,A,H,-,C,D,0,,,Y,,Y,Y,C,02,0,0,0,0,0,0,0,1,0,"- ","- ",37.980319976806641,-121.27012634277344,"SAN JOAQUIN",UNINCORPORATED,-121.27009582519531,37.980331420898438
91146452,2019,2019-12-18,9265,2019-07-06,1901,019657,,6,2,9,3900,0,3,5,,2,010,"SEXTON ROAD","LONE TREE ROAD",1200.00,S,N,A,-,N,,,,,,,,,,Y,1,1,0,1,A,-,01,23152,G,N,E,I,A,A,H,-,A,D,0,,,,,Y,Y,A,07,0,0,0,0,0,0,0,0,0,"- ","- ",37.824138641357422,-121.03459167480469,"SAN JOAQUIN",UNINCORPORATED,-121.03464508056641,37.824436187744141
91146910,2019,2019-12-19,9265,2019-12-09,0545,015490,,1,3,9,3900,0,3,5,,2,060,"BEYER LN.","HARDING AVE",528.00,N,N,E,-,N,,,,,,,,,,N,2,0,1,2,A,-,05,21460,A,N,D,G,A,B,H,-,D,D,0,,Y,,,Y,,L,04,1,0,0,0,0,0,1,0,0,"- ","- ",37.983760833740234,-121.22923278808594,"SAN JOAQUIN",UNINCORPORATED,-121.22887420654297,37.983161926269531