CASE_ID,ACCIDENT_YEAR,PROC_DATE,JURIS,COLLISION_DATE,COLLISION_TIME,OFFICER_ID,REPORTING_DISTRICT,DAY_OF_WEEK,CHP_SHIFT,POPULATION,CNTY_CITY_LOC,SPECIAL_COND,BEAT_TYPE,CHP_BEAT_TYPE,CITY_DIVISION_LAPD,CHP_BEAT_CLASS,BEAT_NUMBER,PRIMARY_RD,SECONDARY_RD,DISTANCE,DIRECTION,INTERSECTION,WEATHER_1,WEATHER_2,STATE_HWY_IND,CALTRANS_COUNTY,CALTRANS_DISTRICT,STATE_ROUTE,ROUTE_SUFFIX,POSTMILE_PREFIX,POSTMILE,LOCATION_TYPE,RAMP_INTERSECTION,SIDE_OF_HWY,TOW_AWAY,COLLISION_SEVERITY,NUMBER_KILLED,NUMBER_INJURED,PARTY_COUNT,PRIMARY_COLL_FACTOR,PCF_CODE_OF_VIOL,PCF_VIOL_CATEGORY,PCF_VIOLATION,PCF_VIOL_SUBSECTION,HIT_AND_RUN,TYPE_OF_COLLISION,MVIW,PED_ACTION,ROAD_SURFACE,ROAD_COND_1,ROAD_COND_2,LIGHTING,CONTROL_DEVICE,CHP_ROAD_TYPE,PEDESTRIAN_ACCIDENT,BICYCLE_ACCIDENT,MOTORCYCLE_ACCIDENT,TRUCK_ACCIDENT,NOT_PRIVATE_PROPERTY,ALCOHOL_INVOLVED,STWD_VEHTYPE_AT_FAULT,CHP_VEHTYPE_AT_FAULT,COUNT_SEVERE_INJ,COUNT_VISIBLE_INJ,COUNT_COMPLAINT_PAIN,COUNT_PED_KILLED,COUNT_PED_INJURED,COUNT_BICYCLIST_KILLED,COUNT_BICYCLIST_INJURED,COUNT_MC_KILLED,COUNT_MC_INJURED,PRIMARY_RAMP,SECONDARY_RAMP,LATITUDE,LONGITUDE,COUNTY,CITY,POINT_X,POINT_Y
91146963,2019,2019-12-19,9265,2019-12-09,1652,021414,,1,2,9,3900,0,1,3,,2,003,"SR-99 NORTHBOUND","MAIN ST",740.00,N,N,A,-,Y,,,99,,,,,,N,Y,2,0,2,3,A,-,03,22350,,N,C,C,A,A,H,-,C,D,0,,,,,Y,,A,01,1,0,1,0,0,0,0,0,0,"- ","- ",37.956249237060547,-121.23992919921875,"SAN JOAQUIN",UNINCORPORATED,-121.23984527587891,37.956283569335938
91147387,2019,2019-12-19,9265,2019-09-20,1052,015756,,5,1,9,3900,0,1,3,,1,061,SR-26,"ARCHERDALE RD",740.00,E,N,A,-,Y,,,26,,,,,,,Y,1,2,0,2,A,-,08,22107,,N,D,C,A,A,H,-,A,D,0,,,,,Y,,A,01,0,0,0,0,0,0,0,0,0,"- ","- ",38.015140533447266,-121.10209655761719,"SAN JOAQUIN",UNINCORPORATED,-121.10209655761719,38.015125274658203
91150187,2019,2019-12-23,9266,2019-12-10,1640,019532,,2,2,9,3900,0,1,3,,1,026,"SR-132 W/B",SR-33,0.00,,Y,B,-,Y,,,132,,,,,,W,Y,2,0,5,3,A,-,09,21801,A,N,D,C,A,A,H,-,C,A,0,,,,,Y,,A,01,1,0,4,0,0,0,0,0,0,"- ","- ",37.637931823730469,-121.29219818115234,"SAN JOAQUIN",UNINCORPORATED,-121.29219818115234,37.637996673583984
91150711,2019,2019-12-23,9265,2019-11-24,0415,020651,,7,3,6,3905,0,1,1,,2,503,"I-5 S/B",SR-4,455.00,N,N,A,-,Y,,,5,,,,,,S,Y,2,0,2,1,A,-,08,22107,,N,E,I,A,A,H,-,C,D,0,,,,,Y,,A,01,2,0,0,0,0,0,0,0,0,"- ","- ",37.94940185546875,-121.30223083496094,"SAN JOAQUIN",STOCKTON,-121.30217742919922,37.949474334716797
91150752,2019,2019-12-23,9265,2019-11-27,1826,019657,,3,2,9,3900,0,3,5,,2,050,"HORNER AVENUE","GERTRUDE AVE",50.00,W,N,B,-,N,,,,,,,,,,N,2,0,1,2,A,-,08,22107,,N,D,G,A,A,H,-,C,D,0,,Y,,,Y,,L,04,1,0,0,0,0,0,1,0,0,"- ","- ",37.958229064941406,-121.23410034179688,"SAN JOAQUIN",UNINCORPORATED,-121.23402404785156,37.958229064941406
91153805,2019,2019-12-27,9265,2019-11-27,1420,017439,,3,2,9,3900,0,2,4,,1,014,"LONE TREE RD","CAROLLTON RD.",1056.00,E,N,F,-,N,,,,,,,,,,Y,2,0,4,2,A,-,03,22350,,N,C,C,A,C,H,-,A,D,0,,,,,Y,,A,01,1,3,0,0,0,0,0,0,0,"- ","- ",37.827301025390625,-121.06838226318359,"SAN JOAQUIN",UNINCORPORATED,-121.06773376464844,37.827335357666016
91155160,2019,2019-12-30,9265,2019-12-18,0020,022365,,3,3,9,3900,0,2,4,,1,014,"MARIPOSA ROAD","SOLA ROAD",1056.00,W,N,B,-,N,,,,,,,,,,Y,2,0,1,2,A,-,01,23152,A,N,C,C,A,A,H,-,D,D,0,,,,,Y,Y,D,22,1,0,0,0,0,0,0,0,0,"- ","- ",37.897830963134766,-121.12484741210938,"SAN JOAQUIN",UNINCORPORATED,-121.12454986572266,37.897758483886719
91156264,2019,2019-12-31,9265,2019-12-19,1345,017439,,4,1,4,3903,0,1,3,,2,025,"SR-120 E/B","UNION RD.",528.00,E,N,A,-,Y,,,120,,,,,,E,Y,2,0,3,3,A,-,03,22350,,N,C,C,A,A,H,-,A,D,0,,,,,Y,,D,22,1,2,0,0,0,0,0,0,0,"- ","- ",37.783069610595703,-121.22856140136719,"SAN JOAQUIN",MANTECA,-121.22856140136719,37.783153533935547
91157970,2019,2020-01-02,9265,2019-12-08,1950,020248,,7,2,9,3900,0,1,3,,1,062,"JAHANT RD","TULLY RD",400.00,W,N,A,-,N,,,,,,,,,,Y,2,0,1,1,A,-,08,22107,,M,E,I,A,A,H,-,D,D,0,,,,,Y,,D,22,1,0,0,0,0,0,0,0,0,"- ","- ",38.205490112304688,-121.13523101806641,"SAN JOAQUIN",UNINCORPORATED,-121.1351318359375,38.205539703369141
91161666,2019,2020-01-08,9265,2019-09-28,0218,021540,,6,3,9,3900,0,1,3,,2,003,"SR-99 N/B","FRENCH CAMP RD",4224.00,N,N,A,-,Y,,,99,,,,,,N,Y,1,1,1,2,A,-,03,22350,,N,C,C,A,A,H,-,D,D,0,,,,,Y,Y,A,01,0,1,0,0,0,0,0,0,0,"- ","- ",37.871620178222656,-121.21926116943359,"SAN JOAQUIN",UNINCORPORATED,-121.21925354003906,37.871620178222656
91167092,2019,2020-01-16,9265,2019-10-08,0825,015756,,2,1,9,3900,0,2,4,,1,053,"WATERLOO RD","MYRAN AVE",48.00,E,N,A,-,N,,,,,,,,,,Y,1,2,3,2,A,-,01,23152,F,N,D,C,A,A,H,-,A,D,0,,,,,Y,,A,01,2,1,0,0,0,0,0,0,0,"- ","- ",37.980068206787109,-121.25727081298828,"SAN JOAQUIN",UNINCORPORATED,-121.25723266601562,37.980003356933594
91167853,2019,2020-01-17,9265,2019-12-01,1635,020313,,7,2,9,3900,0,3,5,,2,010,"RIVER ROAD","CARROLTON RD",985.00,W,N,C,-,N,,,,,,,,,,Y,1,1,0,1,A,-,08,22107,,F,E,I,A,B,H,-,D,D,0,,,,,Y,,A,01,0,0,0,0,0,0,0,0,0,"- ","- ",37.758148193359375,-121.07273101806641,"SAN JOAQUIN",UNINCORPORATED,-121.07265472412109,37.758052825927734
91168978,2019,2020-01-21,9265,2019-12-20,0530,018784,,5,3,9,3900,0,1,3,,1,092,"SR-12 W/B",I-5,2507.00,W,N,A,-,Y,,,12,,,,,,W,Y,2,0,3,2,A,-,08,22107,,N,E,I,A,A,H,-,D,D,0,,,,,Y,,A,01,1,0,2,0,0,0,0,0,0,"- ","- ",38.116058349609375,-121.40712738037109,"SAN JOAQUIN",UNINCORPORATED,-121.40712738037109,38.116127014160156
91170744,2020,2020-01-22,9265,2020-01-12,0625,019182,,7,1,9,3900,0,1,3,,1,063,"SR-12 (VICTOR ROAD)","ALPINE RD",1690.00,W,N,A,-,Y,,,12,,,,,,,Y,2,0,7,2,A,-,08,22107,,N,A,C,A,A,H,-,D,D,0,,,,,Y,,D,22,3,0,4,0,0,0,0,0,0,"- ","- ",38.137851715087891,-121.22142791748047,"SAN JOAQUIN",UNINCORPORATED,-121.22142791748047,38.13787841796875
91170750,2020,2020-03-20,9265,2020-01-11,1655,020513,,6,2,5,3902,0,1,3,,2,006,"SR-99 N/B","LOCKEFORD ST",550.00,N,N,A,-,Y,,,99,,,,,,N,Y,2,0,1,1,A,-,08,22107,,N,F,A,A,A,H,-,B,D,0,,,,Y,Y,,F,26,1,0,0,0,0,0,0,0,0,"- ","- ",38.1397705078125,-121.25865173339844,"SAN JOAQUIN",LODI,-121.25855255126953,38.139827728271484
91175021,2019,2020-01-28,9265,2019-12-20,1710,021414,,5,2,9,3900,0,1,3,,2,004,"SR-99 NORTHBOUND","SR-88 (WATERLOO ROAD)",1320.00,S,N,A,-,Y,,,99,,,,,,N,Y,2,0,2,2,A,-,04,21703,,N,C,C,A,A,H,-,C,D,0,,,,,Y,,A,07,1,0,1,0,0,0,0,0,0,"- ","- ",37.980888366699219,-121.24980926513672,"SAN JOAQUIN",UNINCORPORATED,-121.24989318847656,37.980884552001953
91176181,2020,2020-01-29,9265,2020-01-19,0801,019073,,7,1,9,3900,0,1,3,,1,013,SR-4,"JACK TONE RD",67.00,E,N,B,E,Y,,,4,,,,,,,Y,2,0,1,2,A,-,03,22350,,N,C,C,A,A,H,-,A,A,0,,,,,Y,Y,A,01,1,0,0,0,0,0,0,0,0,"- ","- ",37.942138671875,-121.14736938476562,"SAN JOAQUIN",UNINCORPORATED,-121.14736938476562,37.942127227783203
91177817,2019,2020-01-31,9265,2019-08-14,1710,019489,,3,2,9,3900,0,3,5,,2,010,"SANTA FE RD","STANISLAUS COUNTY LINE",546.00,N,N,A,-,N,,,,,,,,,,Y,1,1,1,3,A,-,01,23152,F,N,D,C,A,A,H,-,A,D,0,,,,Y,Y,,A,01,1,0,0,0,0,0,0,0,0,"- ","- ",37.743968963623047,-120.93962097167969,"SAN JOAQUIN",UNINCORPORATED,-120.93952178955078,37.743976593017578
91179922,2019,2020-02-04,9265,2019-12-21,1551,022134,,6,2,9,3900,0,3,5,,2,030,"B ST","10TH ST",0.00,,Y,B,-,N,,,,,,,,,,Y,2,0,2,3,A,-,12,22450,A,N,D,C,A,A,H,-,A,A,0,,,,,Y,,A,01,1,0,1,0,0,0,0,0,0,"- ","- ",37.931911468505859,-121.25457000732422,"SAN JOAQUIN",UNINCORPORATED,-121.42790222167969,37.738510131835938
91180898,2020,2020-02-05,9265,2020-01-24,0106,022356,,5,3,2,3920,0,1,1,,2,502,"I-5 N/B","ROTH RD",2066.00,S,N,A,-,Y,,,5,,,,,,N,Y,2,0,1,1,A,-,01,23152,A,N,E,I,A,A,H,-,D,D,0,,,,,Y,Y,A,07,1,0,0,0,0,0,0,0,0,"- ","- ",37.849910736083984,-121.28321075439453,"SAN JOAQUIN",LATHROP,-121.28327941894531,37.849925994873047
91180922,2019,2020-02-11,9266,2019-12-11,2120,019312,,3,2,9,3900,0,1,1,,2,024,"I-5 N/B",SR-132,3190.00,S,N,A,-,Y,,,5,,,,,,N,Y,1,1,0,1,A,-,01,23152,A,N,E,I,A,A,H,-,D,D,0,,,,,Y,Y,A,01,0,0,0,0,0,0,0,0,0,"- ","- ",37.630699157714844,-121.34210205078125,"SAN JOAQUIN",UNINCORPORATED,-121.34284973144531,37.630695343017578
91182346,2020,2020-02-07,9266,2020-02-03,0530,018217,,1,3,9,3900,0,3,5,,2,001,"CORRAL HOLLOW ROAD","LARCH ROAD",0.00,,Y,A,-,N,,,,,,,,,,Y,2,0,1,2,A,-,05,21460,A,N,D,C,A,A,H,-,D,D,0,,,Y,,Y,,C,02,1,0,0,0,0,0,0,0,1,"- ","- ",37.764961242675781,-121.45319366455078,"SAN JOAQUIN",UNINCORPORATED,-121.45334625244141,37.765529632568359
91182484,2019,2020-02-07,9265,2019-12-06,2004,018836,,5,2,6,3905,0,1,3,,2,003,"SR-99 S/B","ARCH RD",399.00,N,N,B,C,Y,,,99,,,,,,S,Y,1,1,0,3,A,-,01,23152,F,N,C,C,A,B,H,-,D,D,0,,,Y,Y,Y,,C,02,0,0,0,0,0,0,0,1,0,"- ","- ",37.905918121337891,-121.22344970703125,"SAN JOAQUIN",STOCKTON,-121.22347259521484,37.905910491943359
91182589,2019,2020-02-07,9265,2019-10-25,0535,021163,,5,3,9,3900,0,1,3,,1,013,"SR-4 (FARMINGTON ROAD)","WALKER LN",2112.00,E,N,A,-,Y,,,4,,,,,,,Y,1,1,1,2,A,-,06,21750,A,N,D,C,A,A,H,-,D,D,0,,,Y,,Y,,C,02,0,1,0,0,0,0,0,1,0,"- ","- ",37.946990966796875,-121.21003723144531,"SAN JOAQUIN",UNINCORPORATED,-121.21004486083984,37.947006225585938
9118303,2020,2020-09-03,3905,2020-06-06,1630,2536,CIV,6,5,6,3905,0,0,0,,0,,"WEST LN","EL PINAL DR",721.00,S,N,A,-,N,,,,,,,,,,Y,2,0,1,2,A,-,03,22350,,F,G,B,F,A,H,-,A,D,0,Y,,,,Y,,A,01,1,0,0,0,1,0,0,0,0,"- ","- ",37.977878570556641,-121.28098297119141,"SAN JOAQUIN",STOCKTON,-121.28054809570312,37.976028442382812
9118422,2020,2020-09-02,3905,2020-06-05,2111,3002,VAL,5,5,6,3905,0,0,0,,0,,"WEST LN","HAMMERTOWN DR",0.00,,Y,A,-,N,,,,,,,,,,Y,2,0,1,2,A,-,01,23152,B,F,D,C,A,A,H,-,A,A,0,,,,,Y,Y,A,01,1,0,0,0,0,0,0,0,0,"- ","- ",38.016578674316406,-121.29517364501953,"SAN JOAQUIN",STOCKTON,-121.29492950439453,38.016578674316406
9118431,2020,2020-09-02,3905,2020-06-15,1540,2463,CIV,1,5,6,3905,0,0,0,,0,,"PERSHING AV","OXFORD WY",0.00,,Y,A,-,N,,,,,,,,,,Y,2,0,1,2,A,-,03,22350,,N,C,C,A,A,H,-,A,D,0,,,Y,,Y,,C,02,1,0,0,0,0,0,0,0,1,"- ","- ",37.970989227294922,-121.31545257568359,"SAN JOAQUIN",STOCKTON,-121.31571197509766,37.970779418945312
91184617,2020,2020-02-11,9265,2020-01-10,1828,018836,,5,2,9,3900,0,1,3,,1,062,SR-88,"COMSTOCK RD",334.00,W,N,A,-,Y,,,88,,,,,,,Y,2,0,6,5,A,-,03,22350,,N,A,C,A,A,H,-,D,A,0,,,,,Y,,A,01,1,5,0,0,0,0,0,0,0,"- ","- ",38.034469604492188,-121.18740081787109,"SAN JOAQUIN",UNINCORPORATED,-121.18742370605469,38.03448486328125
9118479,2020,2020-08-27,3905,2020-05-03,0102,3011,SEA,7,5,6,3905,0,0,0,,0,,"MARTIN LUTHER KING BL","SAN JOAQUIN ST",28.00,E,N,A,-,N,,,,,,,,,,Y,2,0,1,2,A,-,12,21453,A,F,D,C,A,A,H,-,C,A,0,,,,,Y,,A,08,1,0,0,0,0,0,0,0,0,"- ","- ",37.939361572265625,-121.28356170654297,"SAN JOAQUIN",STOCKTON,-121.28334808349609,37.939464569091797
91185178,2019,2020-02-12,9265,2019-11-22,1545,020513,,5,2,9,3900,0,2,4,,1,091,"EIGHT MILE RD","FLORA LN",2320.00,E,N,A,-,N,,,,,,,,,,Y,1,2,10,1,A,-,08,22107,,N,F,A,A,A,H,-,A,D,0,,,,,Y,,A,08,2,3,5,0,0,0,0,0,0,"- ","- ",38.059009552001953,-121.44837188720703,"SAN JOAQUIN",UNINCORPORATED,-121.44839477539062,38.059066772460938
91185235,2020,2020-02-12,9265,2020-01-31,0535,019073,,5,3,9,3900,0,1,3,,1,042,"SR-4 E/B","FILBERT ST",1795.00,E,N,B,-,Y,,,4,,,,,,E,N,2,0,2,3,A,-,03,22350,,N,C,C,A,A,D,-,C,A,0,,,,,Y,,A,07,1,1,0,0,0,0,0,0,0,"- ","- ",37.960758209228516,-121.24738311767578,"SAN JOAQUIN",UNINCORPORATED,-121.24738311767578,37.9608154296875
91185565,2020,2020-02-12,9265,2020-02-02,0220,022356,,7,3,9,3900,0,2,4,,1,091,"WEST LANE NORTHBOUND","ARMSTRONG RD",2770.00,N,N,E,-,N,,,,,,,,,,Y,2,0,3,2,A,-,01,23152,A,N,A,C,A,A,H,-,D,D,0,,,,,Y,Y,A,01,1,1,1,0,0,0,0,0,0,"- ","- ",38.094089508056641,-121.27860260009766,"SAN JOAQUIN",UNINCORPORATED,-121.27874755859375,38.094066619873047
91186109,2019,2020-02-13,9265,2019-12-26,2035,013539,,4,2,2,3920,0,1,1,,2,502,"I-5 S/B","LOUISE AVE U/C",5007.00,S,N,A,-,Y,,,5,,,,,,S,Y,1,1,0,1,A,-,01,23152,F,N,E,I,A,A,H,-,C,D,0,,,,,Y,,D,22,0,0,0,0,0,0,0,0,0,"- ","- ",37.797870635986328,-121.30049896240234,"SAN JOAQUIN",LATHROP,-121.30062103271484,37.797901153564453
91188324,2020,2020-02-18,9265,2020-02-06,1157,019073,,4,1,9,3900,0,1,1,,2,505,"I-5 N/B","PELTIER RD",5808.00,N,N,A,-,Y,,,5,,,,,,N,Y,2,0,2,3,A,-,03,22350,,N,C,C,A,A,H,-,A,D,0,,,,Y,Y,,G,25,1,0,1,0,0,0,0,0,0,"- ","- ",38.203479766845703,-121.41425323486328,"SAN JOAQUIN",UNINCORPORATED,-121.41445922851562,38.203330993652344
91189493,2019,2020-02-19,9265,2019-09-03,2320,020248,,2,3,9,3900,0,3,5,,2,010,"SANTA FE RD","RIVER ROAD",480.00,S,N,A,-,N,,,,,,,,,,Y,1,1,0,1,A,-,01,23152,A,N,E,I,A,A,H,-,D,D,0,,,,,Y,Y,A,01,0,0,0,0,0,0,0,0,0,"- ","- ",37.761199951171875,-120.94957733154297,"SAN JOAQUIN",UNINCORPORATED,-120.94927978515625,37.761032104492188
91192843,2020,2020-02-25,9265,2020-02-14,0754,015629,,5,1,9,3900,0,1,3,,1,092,SR-12,"SACRAMENTO/SAN JOAQ CO. LINE",186.00,E,N,A,-,N,,,12,,,,,,,Y,2,0,1,2,A,-,08,22107,,N,B,C,A,A,H,-,A,D,0,,,Y,Y,Y,,C,02,1,0,0,0,0,0,0,0,1,"- ","- ",38.125911712646484,-121.58000946044922,"SAN JOAQUIN",UNINCORPORATED,-121.58000946044922,38.125911712646484
91193371,2020,2020-02-25,9265,2020-02-16,1800,020248,,7,2,9,3900,0,1,3,,1,062,SR-88,"MACKVILLE RD",0.00,,Y,A,-,Y,,,88,,,,,,,Y,2,0,2,2,A,-,01,23152,A,N,A,C,A,A,H,-,B,D,0,,,,,Y,Y,D,22,2,0,0,0,0,0,0,0,0,"- ","- ",38.191299438476562,-121.08637237548828,"SAN JOAQUIN",UNINCORPORATED,-121.08635711669922,38.191265106201172
91193679,2020,2020-02-26,9265,2020-02-17,2030,019136,,1,2,9,3900,0,2,4,,1,053,"WILSON WAY","MISTLETOE AVENUE",60.00,S,N,A,-,N,,,,,,,,,,N,2,0,1,2,A,-,11,21956,,N,G,B,D,A,H,-,D,D,0,Y,,,,Y,,N,60,1,0,0,0,1,0,0,0,0,"- ","- ",37.985488891601562,-121.27001953125,"SAN JOAQUIN",UNINCORPORATED,-121.27009582519531,37.985450744628906
9119628,2020,2020-09-10,3903,2020-06-12,1605,2086,,5,5,4,3903,0,0,0,,0,,"TRAILWOOD AV","PEBBLE WY",0.00,,Y,B,C,N,,,,,,,,,,N,2,0,1,1,A,-,03,22350,,N,H,A,A,B,H,-,A,A,0,,,,,Y,Y,A,01,1,0,0,0,0,0,0,0,0,"- ","- ",37.815860748291016,-121.23162841796875,"SAN JOAQUIN",MANTECA,-121.23130035400391,37.815929412841797
91203113,2020,2020-03-06,9265,2020-01-06,1815,019136,,1,2,9,3900,0,3,5,,2,060,"HARNEY LN","CURRY AVE",750.00,E,N,A,-,N,,,,,,,,,,N,1,1,0,2,A,-,03,22350,,N,H,G,A,A,H,-,C,D,0,,Y,,,Y,Y,A,08,0,0,0,0,0,1,0,0,0,"- ","- ",38.101238250732422,-121.23397827148438,"SAN JOAQUIN",UNINCORPORATED,-121.23524475097656,38.101280212402344
91204194,2020,2020-03-09,9265,2020-03-01,0110,022155,,7,3,5,3902,0,3,5,,2,090,"LOWER SACRAMENTO RD","MOKELUMNE ST.",150.00,N,N,A,-,N,,,,,,,,,,Y,2,0,1,2,A,-,01,23152,A,N,A,C,A,A,H,-,C,D,0,,,,,Y,Y,A,01,1,0,0,0,0,0,0,0,0,"- ","- ",38.155601501464844,-121.30020141601562,"SAN JOAQUIN",LODI,-121.30043792724609,38.155414581298828
91206735,2020,2020-03-12,9265,2020-03-04,1630,022123,,3,2,9,3900,0,1,3,,1,041,SR-4,"WHISKEY SLOUGH RD",1150.00,E,N,A,-,Y,,,4,,,,,,,Y,2,0,1,2,A,-,05,21460,A,N,B,C,A,A,H,-,A,D,0,,,,Y,Y,,F,55,1,0,0,0,0,0,0,0,0,"- ","- ",37.926849365234375,-121.42549896240234,"SAN JOAQUIN",UNINCORPORATED,-121.42549896240234,37.926902770996094
91206742,2020,2020-03-12,9265,2020-03-04,0705,013515,,3,1,9,3900,0,1,3,,1,013,"STATE ROUTE 4 (FARMINGTON ROAD)","JACK TONE ROAD",0.00,,Y,A,-,Y,,,4,,,,,,,Y,2,0,1,2,A,-,12,22450,A,N,D,C,A,A,H,-,A,A,0,,,,,Y,,A,01,1,0,0,0,0,0,0,0,0,"- ","- ",37.942100524902344,-121.14803314208984,"SAN JOAQUIN",UNINCORPORATED,-121.14803314208984,37.942119598388672
91207057,2020,2020-03-12,9265,2020-03-07,0158,021537,,6,3,6,3905,0,3,5,,2,050,"ALPINE AVE","F ST",98.00,E,N,A,-,N,,,,,,,,,,Y,2,0,1,2,A,-,01,23152,A,N,E,I,A,A,H,-,C,D,0,,,,,Y,Y,A,07,1,0,0,0,0,0,0,0,0,"- ","- ",37.988040924072266,-121.26783752441406,"SAN JOAQUIN",STOCKTON,-121.26789855957031,37.988040924072266
91207614,2020,2020-03-13,9265,2020-03-03,2245,022364,,2,3,9,3900,0,1,1,,2,503,"I-5 S/B","MARCH LN",2955.00,N,N,A,-,Y,,,,,,,,,,Y,2,0,3,1,A,-,01,23152,A,N,E,I,A,A,H,-,C,D,0,,,,,Y,Y,A,01,2,0,1,0,0,0,0,0,0,"- ","- ",37.992450714111328,-121.34664916992188,"SAN JOAQUIN",UNINCORPORATED,,
91207912,2019,2020-03-13,9265,2019-12-16,1210,018694,,1,1,4,3903,0,1,3,,2,025,"SR-120 E/B","MAIN STREET",1950.00,E,N,A,-,Y,,,120,,,,,,E,Y,1,1,4,3,A,-,03,22350,,N,C,C,A,A,H,-,A,D,0,,,,Y,Y,,G,25,0,2,2,0,0,0,0,0,0,"- ","- ",37.783191680908203,-121.20919799804688,"SAN JOAQUIN",MANTECA,-121.20919799804688,37.783199310302734
91211728,2020,2020-03-19,9265,2020-03-11,0640,013515,,3,1,9,3900,0,3,5,,2,060,"DUNCAN ROAD","COPPEROPOLIS ROAD",2112.00,N,N,A,-,N,,,,,,,,,,Y,2,0,2,3,A,-,05,21460,A,N,A,C,A,A,H,-,D,D,0,,,,,Y,,D,22,1,1,0,0,0,0,0,0,0,"- ","- ",37.979351043701172,-121.09480285644531,"SAN JOAQUIN",UNINCORPORATED,-121.09475708007812,37.977928161621094
91212213,2020,2020-03-19,9266,2020-02-14,0745,014717,,5,1,9,3900,0,1,3,,1,011,SR-4,"TRACY BLVD",1547.00,W,N,A,-,Y,,,4,,,,,,,Y,1,1,6,3,A,-,01,23152,A,N,A,C,A,A,H,-,A,D,0,,,,Y,Y,Y,G,25,2,4,0,0,0,0,0,0,0,"- ","- ",37.898540496826172,-121.47332763671875,"SAN JOAQUIN",UNINCORPORATED,-121.47344970703125,37.898811340332031
91214626,2020,2020-03-24,9265,2020-03-21,1631,022356,,6,2,9,3900,0,3,5,,2,060,"MACKVILLE RD","JAHANT RD",20.00,S,N,A,-,N,,,,,,,,,,N,2,0,2,2,A,-,01,23152,A,N,C,C,A,A,H,-,A,D,0,,,Y,,Y,Y,C,02,1,1,0,0,0,0,0,0,2,"- ","- ",38.2064208984375,-121.09422302246094,"SAN JOAQUIN",UNINCORPORATED,-121.09424591064453,38.206424713134766
91215349,2020,2020-03-25,9265,2020-03-15,0005,021401,,7,3,3,3904,0,1,3,,2,001,"SR-99 N/B TO JACK TONE ROAD","JACK TONE ROAD",610.00,S,N,C,-,Y,,,99,,,,R,,N,Y,2,0,2,1,A,-,03,22350,,N,E,I,A,B,H,-,D,A,0,,,,Y,Y,,G,25,1,1,0,0,0,0,0,0,0,"- ","- ",37.751991271972656,-121.14015197753906,"SAN JOAQUIN",RIPON,-121.14015197753906,37.751991271972656
91215984,2019,2020-03-26,9265,2019-12-07,2220,021781,,6,3,9,3900,0,2,4,,1,053,"WATERLOO ROAD","FILBERT STREET",528.00,W,N,C,-,N,,,,,,,,,,N,2,0,1,2,A,-,03,22350,,F,G,B,D,B,H,-,C,D,0,Y,,,,Y,,-,99,1,0,0,0,1,0,0,0,0,"- ","- ",37.976470947265625,-121.2628173828125,"SAN JOAQUIN",UNINCORPORATED,-121.26324462890625,37.976116180419922
91216281,2020,2020-03-26,9266,2020-03-18,2220,019532,,3,3,9,3900,0,1,1,,2,021,"I-580 W/B",SR-132,2482.00,W,N,B,-,Y,,,580,,,,,,W,Y,2,0,1,2,A,-,03,22350,,N,C,C,A,A,H,-,D,D,0,,,,,Y,,D,23,1,0,0,0,0,0,0,0,0,"- ","- ",37.640739440917969,-121.40473937988281,"SAN JOAQUIN",UNINCORPORATED,-121.40480041503906,37.640640258789062
91217896,2020,2020-03-27,9266,2020-03-19,1550,018888,,4,2,9,3900,0,1,1,,2,024,"I-5 N/B","11TH STREET",900.00,S,N,A,-,Y,,,5,,,,,,N,Y,2,0,1,1,A,-,08,22107,,N,E,I,A,A,H,-,A,D,0,,,,,Y,,D,22,1,0,0,0,0,0,0,0,0,"- ","- ",37.756671905517578,-121.34291076660156,"SAN JOAQUIN",UNINCORPORATED,-121.34325408935547,37.75677490234375
91218731,2020,2020-03-30,9265,2020-01-26,0534,021781,,7,3,6,3905,0,1,1,,2,503,"I-5 NORTHBOUND","CHARTER WAY",528.00,N,N,C,-,Y,,,5,,,,,,N,Y,1,1,1,1,A,-,01,23152,A,N,E,I,A,B,H,-,D,D,0,,,,,Y,Y,A,01,1,0,0,0,0,0,0,0,0,"- ","- ",37.939079284667969,-121.29759979248047,"SAN JOAQUIN",STOCKTON,-121.29777526855469,37.939052581787109
91219573,2020,2020-04-01,9266,2020-03-30,0045,020599,,1,3,5,3906,0,1,1,,2,014,"I-205 E/B","GRANT LINE ROAD",1584.00,W,N,A,-,Y,,,205,,,,,,E,Y,2,0,2,2,A,-,01,23152,A,N,C,C,A,A,H,-,C,D,0,,,,,Y,Y,A,07,1,0,1,0,0,0,0,0,0,"- ","- ",37.752090454101562,-121.46772003173828,"SAN JOAQUIN",TRACY,-121.46771240234375,37.7520751953125