CASE_ID,ACCIDENT_YEAR,PROC_DATE,JURIS,COLLISION_DATE,COLLISION_TIME,OFFICER_ID,REPORTING_DISTRICT,DAY_OF_WEEK,CHP_SHIFT,POPULATION,CNTY_CITY_LOC,SPECIAL_COND,BEAT_TYPE,CHP_BEAT_TYPE,CITY_DIVISION_LAPD,CHP_BEAT_CLASS,BEAT_NUMBER,PRIMARY_RD,SECONDARY_RD,DISTANCE,DIRECTION,INTERSECTION,WEATHER_1,WEATHER_2,STATE_HWY_IND,CALTRANS_COUNTY,CALTRANS_DISTRICT,STATE_ROUTE,ROUTE_SUFFIX,POSTMILE_PREFIX,POSTMILE,LOCATION_TYPE,RAMP_INTERSECTION,SIDE_OF_HWY,TOW_AWAY,COLLISION_SEVERITY,NUMBER_KILLED,NUMBER_INJURED,PARTY_COUNT,PRIMARY_COLL_FACTOR,PCF_CODE_OF_VIOL,PCF_VIOL_CATEGORY,PCF_VIOLATION,PCF_VIOL_SUBSECTION,HIT_AND_RUN,TYPE_OF_COLLISION,MVIW,PED_ACTION,ROAD_SURFACE,ROAD_COND_1,ROAD_COND_2,LIGHTING,CONTROL_DEVICE,CHP_ROAD_TYPE,PEDESTRIAN_ACCIDENT,BICYCLE_ACCIDENT,MOTORCYCLE_ACCIDENT,TRUCK_ACCIDENT,NOT_PRIVATE_PROPERTY,ALCOHOL_INVOLVED,STWD_VEHTYPE_AT_FAULT,CHP_VEHTYPE_AT_FAULT,COUNT_SEVERE_INJ,COUNT_VISIBLE_INJ,COUNT_COMPLAINT_PAIN,COUNT_PED_KILLED,COUNT_PED_INJURED,COUNT_BICYCLIST_KILLED,COUNT_BICYCLIST_INJURED,COUNT_MC_KILLED,COUNT_MC_INJURED,PRIMARY_RAMP,SECONDARY_RAMP,LATITUDE,LONGITUDE,COUNTY,CITY,POINT_X,POINT_Y
91219966,2019,2020-04-02,9265,2019-11-25,0030,021414,,1,3,6,3905,0,1,3,,1,042,"SR-4 W/B TO NAVY DRIVE","S MADISON STREET U/C",323.00,W,N,A,-,Y,,,4,,,,R,,W,N,1,1,0,2,A,-,11,21954,A,N,G,B,E,A,H,-,D,D,0,Y,,,,Y,,N,60,0,0,0,1,0,0,0,0,0,"- ","- ",37.949539184570312,-121.29425811767578,"SAN JOAQUIN",STOCKTON,-121.29425811767578,37.949539184570312
91220005,2020,2020-04-02,9265,2020-03-06,0840,015490,,5,1,9,3900,0,1,3,,1,061,"STATE ROUTE 26","ALPINE RD.",3168.00,W,N,A,-,Y,,,26,,,,,,,Y,1,1,1,2,A,-,01,23152,F,N,A,C,A,A,H,-,A,A,0,,,,,Y,,A,01,0,0,1,0,0,0,0,0,0,"- ","- ",37.983058929443359,-121.20050811767578,"SAN JOAQUIN",UNINCORPORATED,-121.20051574707031,37.983066558837891
9122124,2020,2020-08-12,3904,2020-05-04,1555,P105,3,1,5,3,3904,0,0,0,,0,00B,"WEST MAIN ST","WILMA AV",0.00,,Y,A,-,N,,,,,,,,,,Y,2,0,2,2,A,-,12,21453,A,N,D,C,A,A,H,-,A,A,0,,,Y,,Y,,C,02,2,0,0,0,0,0,0,0,1,"- ","- ",37.739288330078125,-121.14182281494141,"SAN JOAQUIN",RIPON,-121.13540649414062,37.739471435546875
91225246,2020,2020-04-14,9265,2020-04-08,1212,019073,,3,1,9,3900,0,3,5,,2,010,"LONE TREE RD","BRENNAN RD",0.00,,Y,A,-,N,,,,,,,,,,Y,2,0,3,2,A,-,01,23152,F,N,D,C,A,A,H,-,A,A,0,,,,,Y,,A,01,2,0,1,0,0,0,0,0,0,"- ","- ",37.827621459960938,-121.01593017578125,"SAN JOAQUIN",UNINCORPORATED,-121.01595306396484,37.827621459960938
91226593,2020,2020-04-16,9266,2020-03-05,1500,018888,,4,2,9,3900,0,2,4,,2,020,"KASSON ROAD","LORENZEN ROAD",2777.00,N,N,A,-,N,,,,,,,,,,Y,1,1,2,3,C,-,18,,,N,A,C,A,A,H,-,A,D,0,,,Y,,Y,,-,"- ",1,0,1,0,0,0,0,1,1,"- ","- ",37.731269836425781,-121.33152008056641,"SAN JOAQUIN",UNINCORPORATED,-121.33134460449219,37.731037139892578
91227253,2020,2020-04-20,9265,2020-04-11,1258,018511,,6,1,9,3900,0,3,5,,2,060,"EIGHT MILE RD","OAKWILDE AVE",0.00,,Y,A,-,N,,,,,,,,,,Y,2,0,2,2,A,-,03,22350,,N,C,C,A,A,H,-,A,D,0,,,Y,,Y,,C,02,2,0,0,0,0,0,0,0,2,"- ","- ",38.057628631591797,-121.24861907958984,"SAN JOAQUIN",UNINCORPORATED,-121.24864959716797,38.057498931884766
91230401,2020,2020-04-28,9265,2020-04-19,1932,017439,,7,2,9,3900,0,3,5,,2,010,"OLIVE AVE","W. RIPON RD.",6864.00,N,N,A,-,N,,,,,,,,,,Y,2,0,3,2,A,-,08,22107,,N,B,C,A,A,H,-,A,D,0,,,,,Y,,A,01,2,1,0,0,0,0,0,0,0,"- ","- ",37.758739471435547,-121.15614318847656,"SAN JOAQUIN",UNINCORPORATED,-121.1563720703125,37.739521026611328
91233341,2020,2020-05-04,9266,2020-04-24,1618,021975,,5,2,9,3900,0,1,1,,1,015,"I-205 E/B","MACARTHUR DRIVE",318.00,W,N,A,-,Y,,,,,,,,,,Y,2,0,1,3,A,-,07,21658,A,N,B,C,A,A,H,-,A,D,0,,,Y,,Y,,A,01,1,0,0,0,0,0,0,0,1,"- ","- ",37.763851165771484,-121.41629791259766,"SAN JOAQUIN",UNINCORPORATED,-121.41585540771484,37.763961791992188
91234375,2020,2020-05-06,9265,2020-04-25,2338,021401,,6,3,9,3900,0,1,3,,2,003,"SR-99 N/B","MARIPOSA RD",1130.00,S,N,A,-,Y,,,99,,,,,,N,Y,2,0,1,1,A,-,01,23152,G,N,F,A,A,A,H,-,D,D,0,,,,,Y,Y,A,07,1,0,0,0,0,0,0,0,0,"- ","- ",37.930660247802734,-121.23309326171875,"SAN JOAQUIN",UNINCORPORATED,-121.233154296875,37.930637359619141
91235328,2020,2020-05-08,9265,2020-04-29,1410,021644,,3,2,9,3900,0,2,4,,1,051,"WASHINGTON ST","S OLIVE AVE",0.00,,Y,A,-,N,,,,,,,,,,Y,2,0,1,1,A,-,03,22350,,N,E,I,A,A,H,-,A,D,0,,,,,Y,,A,01,1,0,0,0,0,0,0,0,0,"- ","- ",37.962108612060547,-121.23876190185547,"SAN JOAQUIN",UNINCORPORATED,-121.23873138427734,37.96221923828125
91236019,2020,2020-05-11,9265,2020-02-14,1653,020313,,5,2,4,3903,0,1,3,,2,001,"SR-99 N/B","LATHROP ROAD",2376.00,S,N,A,-,Y,,,99,,,,,,N,Y,1,1,0,2,A,-,08,22107,,N,E,I,A,A,H,-,A,D,0,,,,,Y,,A,01,0,0,0,0,0,0,0,0,0,"- ","- ",37.819770812988281,-121.21446990966797,"SAN JOAQUIN",MANTECA,-121.21427917480469,37.819984436035156
91237861,2020,2020-05-14,9266,2020-05-11,1220,013650,,1,1,9,3900,0,2,4,,1,016,"ELEVENTH STREET","BIRD ROAD",0.00,,Y,A,-,N,,,,,,,,,,Y,2,0,6,2,A,-,12,21453,A,N,D,C,A,A,H,-,A,A,0,,,,,Y,,-,"- ",1,0,5,0,0,0,0,0,0,"- ","- ",37.745861053466797,-121.36199951171875,"SAN JOAQUIN",UNINCORPORATED,-121.36179351806641,37.745941162109375
91239554,2020,2020-05-19,9265,2020-05-10,1650,021781,,7,2,9,3900,0,1,3,,2,003,"SR-99 SOUTHBOUND","GOLDEN GATE AVENUE",2112.00,N,N,A,-,Y,,,99,,,,,,S,N,2,0,1,1,A,-,03,22350,,N,E,I,A,A,H,-,A,D,0,,,Y,,Y,,C,02,1,0,0,0,0,0,0,0,1,"- ","- ",37.950351715087891,-121.23789215087891,"SAN JOAQUIN",UNINCORPORATED,-121.23770141601562,37.950428009033203
91241180,2020,2020-05-22,9265,2020-05-13,2310,021401,,3,3,9,3900,0,2,4,,1,014,"DODDS RD","STEINEGUL RD",3360.00,W,N,B,-,N,,,,,,,,,,Y,2,0,1,1,C,-,18,,,N,E,H,A,A,H,-,D,D,0,,,,,Y,,-,"- ",1,0,0,0,0,0,0,0,0,"- ","- ",37.856739044189453,-120.97370910644531,"SAN JOAQUIN",UNINCORPORATED,-120.97358703613281,37.856742858886719
91241508,2019,2020-05-22,9265,2019-12-17,2255,021163,,2,3,9,3900,0,1,3,,2,003,"SR-99 S/B","MAIN ST",981.00,N,N,A,-,Y,,,99,,,,,,S,N,1,1,0,4,A,-,11,21954,A,N,G,B,E,A,H,-,C,D,0,Y,,,,Y,,N,60,0,0,0,1,0,0,0,0,0,"- ","- ",37.956951141357422,-121.24033355712891,"SAN JOAQUIN",UNINCORPORATED,-121.24037933349609,37.956932067871094
91242515,2020,2020-05-26,9265,2020-05-13,0040,020071,,3,3,4,3903,0,1,3,,2,025,"SR-120 E/B","AIRPORT WAY",1056.00,E,N,A,-,Y,,,120,,,,,,E,Y,2,0,2,2,A,-,01,23152,A,N,C,C,A,A,D,-,D,D,0,,,,,Y,Y,A,07,1,1,0,0,0,0,0,0,0,"- ","- ",37.783039093017578,-121.24722290039062,"SAN JOAQUIN",MANTECA,-121.24722290039062,37.783069610595703
91243661,2020,2020-05-28,9265,2020-05-20,0720,018694,,3,1,9,3900,0,2,4,,1,031,"FRENCH CAMP ROAD","SR-99 S/B TO/FROM FRENCH CAMP RD",0.00,,Y,A,-,Y,,,,,,,,,,Y,2,0,4,2,A,-,09,21801,A,N,D,C,A,A,H,-,A,A,0,,,,,Y,,A,01,2,2,0,0,0,0,0,0,0,"- ","- ",37.860549926757812,-121.22062683105469,"SAN JOAQUIN",UNINCORPORATED,,
91248228,2020,2020-06-08,9265,2020-05-27,1318,015629,,3,1,9,3900,0,1,1,,2,505,"I-5 S/B","PELTIER ROAD",5808.00,N,N,A,-,Y,,,,,,,,,,Y,2,0,1,1,A,-,08,22107,,N,E,I,A,A,H,-,A,D,0,,,,,Y,,A,01,1,0,0,0,0,0,0,0,0,"- ","- ",38.123001098632812,-121.24964904785156,"SAN JOAQUIN",UNINCORPORATED,,
91248251,2020,2020-06-08,9265,2020-05-23,1426,019413,,6,2,4,3903,0,1,3,,2,025,"SR-120 E/B","MAIN ST",432.00,E,N,A,-,Y,,,120,,,,,,E,Y,2,0,1,2,A,-,01,23152,F,N,C,C,A,A,H,-,A,D,0,,,,Y,Y,,A,01,1,0,0,0,0,0,0,0,0,"- ","- ",37.783180236816406,-121.21424865722656,"SAN JOAQUIN",MANTECA,-121.21424865722656,37.783210754394531
91248410,2020,2020-06-08,9265,2020-05-28,1612,017439,,4,2,4,3903,0,1,3,,2,025,"SR-120 E/B","MAIN ST.",1056.00,E,N,A,-,Y,,,120,,,,,,E,Y,2,0,4,2,A,-,03,22350,,N,C,C,A,A,H,-,A,D,0,,,,Y,Y,,G,25,2,2,0,0,0,0,0,0,0,"- ","- ",37.783309936523438,-121.21201324462891,"SAN JOAQUIN",MANTECA,-121.21201324462891,37.783206939697266
91249532,2020,2020-06-09,9266,2020-05-29,1700,021975,,5,2,9,3900,0,3,5,,2,001,"EL RANCHO RD.","CANAL BLVD",739.00,S,N,A,-,N,,,,,,,,,,Y,2,0,1,1,A,-,01,23152,A,N,E,I,A,A,H,-,D,D,0,,,,,Y,Y,D,22,1,0,0,0,0,0,0,0,0,"- ","- ",37.773761749267578,-121.37507629394531,"SAN JOAQUIN",UNINCORPORATED,-121.37500762939453,37.772796630859375
91250732,2020,2020-06-11,9265,2020-05-10,0705,021163,,7,1,6,3905,0,1,1,,2,503,"I-5 N/B",SR-4,50.00,N,N,A,-,Y,,,5,,,,,,N,Y,2,0,1,1,A,-,01,23152,A,N,E,I,A,A,H,-,E,D,0,,,,,Y,Y,A,01,1,0,0,0,0,0,0,0,0,"- ","- ",37.948070526123047,-121.30040740966797,"SAN JOAQUIN",STOCKTON,-121.30035400390625,37.948112487792969
91251409,2019,2020-06-12,9265,2019-12-12,1852,020313,,4,2,9,3900,0,2,4,,1,074,"BENJAMIN HOLT DRIVE","LEESBURG PL",187.00,W,N,B,-,N,,,,,,,,,,N,1,1,0,2,A,-,03,22350,,F,G,B,D,B,H,-,D,D,0,Y,,,,Y,,-,99,0,0,0,1,0,0,0,0,0,"- ","- ",38.007740020751953,-121.33210754394531,"SAN JOAQUIN",UNINCORPORATED,-121.33089447021484,38.008110046386719
91252003,2020,2020-06-15,9265,2020-06-04,0755,019182,,4,1,6,3905,0,1,3,,1,042,"SR-4 W/B","NAVY DR",120.00,E,N,A,-,Y,,,,,,,,,,Y,2,0,1,1,A,-,08,22107,,N,F,A,A,A,H,-,A,D,0,,,Y,,Y,,C,02,1,0,0,0,0,0,0,0,1,"- ","- ",37.937950134277344,-121.32279205322266,"SAN JOAQUIN",STOCKTON,-121.32274627685547,37.93780517578125
91252569,2020,2020-06-16,9265,2020-06-05,1415,019885,,5,2,9,3900,0,1,3,,1,062,SR-88,"BRUMBY RD",628.00,S,N,A,-,N,,,88,,,,,,,Y,2,0,1,1,A,-,08,22107,,N,F,I,A,A,H,-,A,D,0,,,,,Y,,A,01,1,0,0,0,0,0,0,0,0,"- ","- ",38.052818298339844,-121.1881103515625,"SAN JOAQUIN",UNINCORPORATED,-121.18832397460938,38.052742004394531
91252583,2020,2020-06-16,9265,2020-06-01,1340,015756,,1,1,9,3900,0,3,5,,2,060,"BEECHER ROAD","BAKER ROAD",0.00,,Y,A,-,N,,,,,,,,,,Y,2,0,1,2,A,-,09,21802,A,N,D,C,A,A,H,-,A,A,0,,,,,Y,,D,22,1,0,0,0,0,0,0,0,0,"- ","- ",38.029129028320312,-121.16845703125,"SAN JOAQUIN",UNINCORPORATED,-121.16844940185547,38.029079437255859
91254119,2019,2020-06-18,9265,2019-11-23,2314,019307,,6,3,9,3900,0,1,1,,2,502,"INTERSTATE 5 SOUTHBOUND","HOSPITAL RD",1660.00,N,N,A,-,Y,,,5,,,,,,S,N,1,1,0,4,A,-,11,21954,A,F,G,B,E,A,H,-,D,D,0,Y,,,,Y,,N,60,0,0,0,1,0,0,0,0,0,"- ","- ",37.889511108398438,-121.28122711181641,"SAN JOAQUIN",UNINCORPORATED,-121.28123474121094,37.889507293701172
91254428,2020,2020-06-19,9265,2020-06-13,2025,021526,,6,2,9,3900,0,1,1,,2,505,"I-5 N/B",SR-12,5015.00,S,N,A,-,Y,,,5,,,,,,N,Y,2,0,1,1,A,-,03,22350,,N,E,I,A,A,H,-,B,D,0,,,Y,,Y,Y,C,02,1,0,0,0,0,0,0,0,1,"- ","- ",38.103569030761719,-121.38976287841797,"SAN JOAQUIN",UNINCORPORATED,-121.38981628417969,38.103542327880859
91254447,2020,2020-06-19,9265,2020-06-14,0143,021625,,7,3,6,3905,0,1,3,,1,042,"SR-4 E/B (CROSSTOWN FREEWAY)","E"" STREET""",552.00,W,N,A,-,Y,,,4,,,,,,E,Y,2,0,4,2,A,-,08,22107,,N,E,I,A,A,H,-,D,D,0,,,,,Y,,A,01,1,1,2,0,0,0,0,0,0,"- ","- ",37.957820892333984,-121.25991821289062,"SAN JOAQUIN",STOCKTON,-121.25997161865234,37.958030700683594
91256086,2020,2020-06-23,9265,2020-06-09,2327,021540,,2,3,9,3900,0,1,1,,2,502,"I-5 N/B","EL DORADO ST",1200.00,S,N,A,-,Y,,,5,,,,,,N,Y,2,0,1,1,A,-,01,23152,A,M,E,J,A,A,H,-,D,D,0,,,,,Y,Y,D,22,1,0,0,0,0,0,0,0,0,"- ","- ",37.871749877929688,-121.27745819091797,"SAN JOAQUIN",UNINCORPORATED,-121.27754974365234,37.871761322021484
91259208,2020,2020-06-26,9265,2020-06-14,1620,022134,,7,2,9,3900,0,3,5,,2,090,"ARMSTRONG RD","WEST LANE SOUTHBOUND",0.00,,Y,A,-,N,,,,,,,,,,Y,2,0,6,3,A,-,01,23152,,N,D,D,A,A,H,-,A,A,0,,,,,Y,,A,01,1,1,4,0,0,0,0,0,0,"- ","- ",38.086448669433594,-121.27861022949219,"SAN JOAQUIN",UNINCORPORATED,-121.27861022949219,38.086460113525391
91260165,2020,2020-06-29,9265,2020-06-15,1740,021526,,1,2,6,3905,0,2,4,,1,072,"W HAMMER LANE W/B","PERSHING AVE",70.00,W,N,A,-,N,,,,,,,,,,Y,2,0,1,3,A,-,03,22350,,N,C,C,A,A,H,-,A,D,0,,,,,Y,,A,01,1,0,0,0,0,0,0,0,0,"- ","- ",38.021080017089844,-121.33038330078125,"SAN JOAQUIN",STOCKTON,-121.33021545410156,38.021034240722656
91262936,2020,2020-07-03,9266,2020-05-27,0535,022498,,3,3,9,3900,0,1,3,,1,011,SR-4,"MIDDLE RIVER BRIDGE",7128.00,W,N,A,-,Y,,,4,,,,,,,Y,1,1,0,1,A,-,08,22107,,N,F,A,A,A,H,-,B,D,0,,,,,Y,,A,01,0,0,0,0,0,0,0,0,0,"- ","- ",37.889999389648438,-121.51519775390625,"SAN JOAQUIN",UNINCORPORATED,-121.51519775390625,37.890056610107422
91263781,2020,2020-07-06,9265,2020-04-25,0311,022365,,6,3,6,3905,0,1,3,,1,042,"SR-4 E/B","MAIN ST",12.00,E,N,A,-,Y,,,4,,,,,,E,Y,1,1,0,2,A,-,11,21954,A,N,G,B,E,A,H,-,D,D,0,Y,,,,Y,,N,60,0,0,0,1,0,0,0,0,0,"- ","- ",37.955471038818359,-121.26534271240234,"SAN JOAQUIN",STOCKTON,-121.26531982421875,37.955436706542969
91264556,2020,2020-07-07,9265,2020-06-21,1850,021781,,7,2,9,3900,0,2,4,,1,072,"PERSHING AVENUE","HAMMER LANE",0.00,,Y,A,-,N,,,,,,,,,,Y,2,0,3,2,A,-,12,21453,A,N,D,C,A,A,H,-,A,A,0,,,,,Y,,A,01,2,1,0,0,0,0,0,0,0,"- ","- ",38.021030426025391,-121.33001708984375,"SAN JOAQUIN",UNINCORPORATED,-121.32997131347656,38.021030426025391
91264974,2020,2020-07-08,9265,2020-06-29,1513,019413,,1,2,9,3900,0,2,4,,1,015,"ESCALON BELLOTA RD","MARIPOSA RD",0.00,,Y,A,-,N,,,,,,,,,,Y,2,0,3,2,A,-,09,21802,A,N,D,C,A,A,H,-,A,A,0,,,,,Y,,A,01,3,0,0,0,0,0,0,0,0,"- ","- ",37.834629058837891,-120.99820709228516,"SAN JOAQUIN",UNINCORPORATED,-120.99827999999999,37.834679999999999
91265614,2020,2020-07-08,9265,2020-07-01,0520,022364,,3,3,9,3900,0,2,4,,1,014,"MARIPOSA ROAD","DROGE RD",1091.00,W,N,A,-,N,,,,,,,,,,Y,2,0,1,2,A,-,03,22350,,N,B,C,A,A,H,-,A,D,0,,,,Y,Y,,A,01,1,0,0,0,0,0,0,0,0,"- ","- ",37.839351654052734,-121.00721740722656,"SAN JOAQUIN",UNINCORPORATED,-121.00701904296875,37.839317321777344
91268233,2020,2020-07-14,9265,2020-07-05,1812,022365,,7,2,9,3900,0,1,3,,2,004,"SR 99 NB","CHEROKEE RD",280.00,N,N,A,-,Y,,,99,,,,,,N,Y,2,0,2,1,A,-,08,22107,,N,E,I,A,A,H,-,A,D,0,,,,,Y,,A,07,1,1,0,0,0,0,0,0,0,"- ","- ",37.993648529052734,-121.25273132324219,"SAN JOAQUIN",UNINCORPORATED,-121.25318908691406,37.993465423583984
91272158,2020,2020-07-21,9265,2020-07-14,0800,013515,,2,1,9,3900,0,2,4,,1,051,"E. MAIN STEET","ANTEROS AVENUE",0.00,,Y,A,-,N,,,,,,,,,,Y,2,0,3,2,A,-,09,21453,C,N,D,C,A,A,H,-,A,A,0,,,,,Y,,A,01,1,0,2,0,0,0,0,0,0,"- ","- ",37.954078674316406,-121.23767852783203,"SAN JOAQUIN",UNINCORPORATED,-121.23771000000001,37.954140000000002
91276631,2020,2020-07-29,9266,2020-07-14,1509,019012,,2,2,9,3900,0,2,4,,1,012,"TRACY BLVD","FINCK ROAD",2389.00,N,N,A,-,N,,,,,,,,,,Y,2,0,1,2,A,-,01,23152,F,N,D,C,A,A,H,-,A,D,0,,,,Y,Y,,A,07,1,0,0,0,0,0,0,0,0,"- ","- ",37.812080383300781,-121.44969177246094,"SAN JOAQUIN",UNINCORPORATED,-121.44966125488281,37.811851501464844
91276954,2020,2020-12-04,9266,2020-07-24,1755,018888,,5,2,9,3900,0,3,5,,2,002,"CORRAL HOLLOW ROAD","ALAMEDA CO LINE",535.00,E,N,A,-,N,,,,,,,,,,Y,1,1,2,2,A,-,05,21460,A,N,A,B,A,A,H,-,A,D,0,,,,,Y,Y,A,01,0,0,2,0,0,0,0,0,0,"- ","- ",37.635540008544922,-121.55548095703125,"SAN JOAQUIN",UNINCORPORATED,-121.55529022216797,37.635448455810547
9127727,2020,2020-10-05,3901,2020-08-02,1451,L5,,7,5,2,3901,0,0,0,,0,002,"ESCALON AV","MILLER AV",0.00,,Y,A,-,N,,,,,,,,,,Y,2,0,3,3,A,-,08,22101,D,M,D,C,A,A,H,-,A,A,0,,,,,Y,,A,01,3,0,0,0,0,0,0,0,0,"- ","- ",,,"SAN JOAQUIN",ESCALON,-120.99687194824219,37.803798675537109
91277335,2020,2020-07-30,9265,2020-07-21,0718,018694,,2,1,9,3900,0,3,5,,2,020,"W. RIPON ROAD","AUSTIN ROAD",657.00,W,N,A,-,N,,,,,,,,,,Y,2,0,1,1,A,-,08,22107,,N,E,I,A,A,H,-,A,D,0,,,,,Y,,A,01,1,0,0,0,0,0,0,0,0,"- ","- ",37.7393798828125,-121.18103790283203,"SAN JOAQUIN",UNINCORPORATED,-121.18099212646484,37.739429473876953
91281352,2020,2020-08-05,9265,2020-07-26,1335,018836,,7,1,9,3900,0,3,5,,2,040,"LOWER JONES RD","WHISKEY SLOUGH RD",14150.00,W,N,A,-,N,,,,,,,,,,Y,2,0,1,1,A,-,08,22107,,N,F,A,A,A,H,-,A,D,0,,,Y,,Y,,C,06,1,0,0,0,0,0,0,0,1,"- ","- ",37.961090087890625,-121.46418762207031,"SAN JOAQUIN",UNINCORPORATED,-121.46417236328125,37.961074829101562
91281372,2020,2020-08-05,9265,2020-07-26,0214,022123,,7,3,9,3900,0,1,3,,2,004,"SR-99 S/B","WATERLOO RD",100.00,N,N,A,-,Y,,,99,,,,,,S,Y,2,0,1,1,A,-,08,22107,,N,E,I,A,A,H,-,D,D,0,,,,,Y,,A,01,1,0,0,0,0,0,0,0,0,"- ","- ",37.984951019287109,-121.25016784667969,"SAN JOAQUIN",UNINCORPORATED,-121.25025177001953,37.984943389892578
91283451,2020,2020-08-10,9266,2020-06-25,0855,014808,,4,1,9,3900,0,1,1,,2,021,"I-580 E/B","GAFFERY RD. U/C",339.00,W,N,A,-,Y,,,580,,,,,,E,Y,2,0,2,1,A,-,08,22107,,N,E,I,A,A,H,-,A,D,0,,,,,Y,,A,01,1,1,0,0,0,0,0,0,0,"- ","- ",37.594039916992188,-121.33747100830078,"SAN JOAQUIN",UNINCORPORATED,-121.33763885498047,37.593814849853516
91284419,2020,2020-08-11,9265,2020-07-31,1140,019413,,5,1,9,3900,0,3,5,,2,010,"FRENCH CAMP RD","MURPHY RD",728.00,E,N,A,-,N,,,,,,,,,,Y,2,0,2,2,A,-,09,21801,A,N,D,C,A,A,H,-,A,D,0,,,,,Y,,D,22,1,0,1,0,0,0,0,0,0,"- ","- ",37.804340362548828,-121.10500335693359,"SAN JOAQUIN",UNINCORPORATED,-121.1053466796875,37.804523468017578
91285260,2020,2020-08-12,9265,2020-07-31,0052,017537,,5,3,9,3900,0,3,5,,2,060,"COMSTOCK RD","JACK TONE RD",2112.00,W,N,A,-,N,,,,,,,,,,Y,2,0,2,2,A,-,03,22350,,N,C,C,A,A,H,-,D,D,0,,,,,Y,,D,22,1,0,1,0,0,0,0,0,0,"- ","- ",38.042800903320312,-121.15837097167969,"SAN JOAQUIN",UNINCORPORATED,-121.15771484375,38.042999267578125
91285839,2020,2020-08-13,9265,2020-08-03,1830,022365,,1,2,9,3900,0,1,3,,1,062,SR-12,"BRANDT RD",2904.00,N,N,A,-,Y,,,,,,,,,,Y,2,0,1,1,A,-,01,23152,A,N,E,I,A,A,H,-,A,D,0,,,,,Y,Y,D,22,1,0,0,0,0,0,0,0,0,"- ","- ",38.154731750488281,-121.15560913085938,"SAN JOAQUIN",UNINCORPORATED,-121.15561676025391,38.154518127441406
91288326,2020,2020-08-18,9265,2020-05-31,2330,020071,,7,3,2,3920,0,1,1,,2,502,"I-5 S/B","LATHROP RD",4752.00,N,N,A,-,Y,,,5,,,,,,S,Y,1,1,0,2,A,-,01,23152,A,N,C,D,A,A,H,-,D,D,0,,,,Y,Y,Y,A,01,0,0,0,0,0,0,0,0,0,"- ","- ",37.838569641113281,-121.28630065917969,"SAN JOAQUIN",LATHROP,-121.28627014160156,37.838565826416016
91288350,2020,2020-08-18,9265,2020-05-24,2050,020313,,7,2,9,3900,0,3,5,,2,040,"WINDMILL COVE ROAD","N. HOLT ROAD",3643.00,E,N,A,-,N,,,,,,,,,,Y,1,1,0,1,A,-,01,23152,G,N,F,A,A,A,H,-,C,A,0,,,Y,,Y,Y,C,02,0,0,0,0,0,0,0,1,0,"- ","- ",37.990768432617188,-121.40868377685547,"SAN JOAQUIN",UNINCORPORATED,-121.40888977050781,37.991252899169922
91288923,2020,2020-08-19,9266,2020-08-12,1738,018751,,3,2,9,3900,0,2,4,,2,020,"AIRPORT WAY","KASSON ROAD",255.00,E,N,A,-,N,,,,,,,,,,Y,2,0,3,2,A,-,01,23152,G,N,A,C,A,A,H,-,A,D,0,,,,,Y,Y,D,22,1,1,1,0,0,0,0,0,0,"- ","- ",37.674480438232422,-121.26950073242188,"SAN JOAQUIN",UNINCORPORATED,-121.26963043212891,37.674449920654297
91290213,2020,2020-08-21,9266,2020-08-08,2337,021975,,6,3,9,3900,0,2,4,,2,030,"W. LEGACY DR.","MERCADO ST.",230.00,W,N,A,-,N,,,,,,,,,,N,2,0,1,1,A,-,08,22107,,N,F,A,A,A,H,-,D,D,0,,,Y,,Y,,C,02,1,0,0,0,0,0,0,0,1,"- ","- ",37.775081634521484,-121.54891967773438,"SAN JOAQUIN",UNINCORPORATED,-121.54889678955078,37.774982452392578
91291453,2020,2020-08-24,9266,2020-07-29,1955,018888,,3,2,9,3900,0,3,5,,2,001,"BANTA ROAD","LORAMAR LANE",223.00,N,N,A,-,N,,,,,,,,,,Y,2,0,1,1,A,-,01,23152,A,M,F,A,A,A,H,-,A,D,0,,,,,Y,Y,D,22,1,0,0,0,0,0,0,0,0,"- ","- ",37.746768951416016,-121.37998199462891,"SAN JOAQUIN",UNINCORPORATED,-121.38001251220703,37.746791839599609
91292105,2020,2020-08-25,9265,2020-08-14,2254,021625,,5,3,5,3902,0,1,S,,2,900,"MACKVILLE RD","E. MEHRTEN ROAD",315.00,N,N,A,-,Y,,,,,,,,,,Y,2,0,1,1,A,-,01,23152,A,N,E,I,A,A,G,-,D,D,0,,,,,Y,Y,A,01,1,0,0,0,0,0,0,0,0,"- ","- ",38.199138641357422,-121.08602142333984,"SAN JOAQUIN",LODI,-121.08661651611328,38.199420928955078