CASE_ID,ACCIDENT_YEAR,PROC_DATE,JURIS,COLLISION_DATE,COLLISION_TIME,OFFICER_ID,REPORTING_DISTRICT,DAY_OF_WEEK,CHP_SHIFT,POPULATION,CNTY_CITY_LOC,SPECIAL_COND,BEAT_TYPE,CHP_BEAT_TYPE,CITY_DIVISION_LAPD,CHP_BEAT_CLASS,BEAT_NUMBER,PRIMARY_RD,SECONDARY_RD,DISTANCE,DIRECTION,INTERSECTION,WEATHER_1,WEATHER_2,STATE_HWY_IND,CALTRANS_COUNTY,CALTRANS_DISTRICT,STATE_ROUTE,ROUTE_SUFFIX,POSTMILE_PREFIX,POSTMILE,LOCATION_TYPE,RAMP_INTERSECTION,SIDE_OF_HWY,TOW_AWAY,COLLISION_SEVERITY,NUMBER_KILLED,NUMBER_INJURED,PARTY_COUNT,PRIMARY_COLL_FACTOR,PCF_CODE_OF_VIOL,PCF_VIOL_CATEGORY,PCF_VIOLATION,PCF_VIOL_SUBSECTION,HIT_AND_RUN,TYPE_OF_COLLISION,MVIW,PED_ACTION,ROAD_SURFACE,ROAD_COND_1,ROAD_COND_2,LIGHTING,CONTROL_DEVICE,CHP_ROAD_TYPE,PEDESTRIAN_ACCIDENT,BICYCLE_ACCIDENT,MOTORCYCLE_ACCIDENT,TRUCK_ACCIDENT,NOT_PRIVATE_PROPERTY,ALCOHOL_INVOLVED,STWD_VEHTYPE_AT_FAULT,CHP_VEHTYPE_AT_FAULT,COUNT_SEVERE_INJ,COUNT_VISIBLE_INJ,COUNT_COMPLAINT_PAIN,COUNT_PED_KILLED,COUNT_PED_INJURED,COUNT_BICYCLIST_KILLED,COUNT_BICYCLIST_INJURED,COUNT_MC_KILLED,COUNT_MC_INJURED,PRIMARY_RAMP,SECONDARY_RAMP,LATITUDE,LONGITUDE,COUNTY,CITY,POINT_X,POINT_Y
91293581,2020,2020-08-27,9265,2020-08-19,1900,013539,,3,2,9,3900,0,1,1,,2,502,"I-5 N/B","ROTH ROAD",1954.00,N,N,A,-,Y,,,5,,,,,,N,Y,2,0,1,2,A,-,11,21954,A,N,G,B,E,A,H,-,A,D,0,Y,,,,Y,,N,60,1,0,0,0,1,0,0,0,0,"- ","- ",37.861011505126953,-121.28050231933594,"SAN JOAQUIN",UNINCORPORATED,-121.28044891357422,37.860996246337891
91295350,2020,2020-08-28,9265,2020-06-19,0125,022155,,5,3,9,3900,0,3,5,,2,030,"EL DORADO ST S/B","FRENCH CAMP RD",522.00,N,N,A,-,N,,,,,,,,,,Y,1,1,1,3,A,-,01,23152,A,N,G,B,E,A,H,-,D,D,0,Y,,,,Y,Y,A,01,1,0,0,1,0,0,0,0,0,"- ","- ",37.891620635986328,-121.27646636962891,"SAN JOAQUIN",UNINCORPORATED,-121.27626800537109,37.891517639160156
91297417,2020,2020-09-02,9265,2020-08-25,0617,018511,,2,1,9,3900,0,3,5,,2,060,"KETTLEMAN LN","VINTAGE RD",198.00,E,N,A,-,N,,,,,,,,,,Y,2,0,3,3,A,-,03,22350,,N,C,C,A,A,H,-,B,D,0,,,,,Y,,A,07,1,1,1,0,0,0,0,0,0,"- ","- ",38.115871429443359,-121.22824859619141,"SAN JOAQUIN",UNINCORPORATED,-121.22835540771484,38.115867614746094
91297503,2020,2020-10-09,9265,2020-08-24,0115,020785,,1,3,9,3900,0,1,1,,2,505,"I-5 S/B",SR-12,2420.00,S,N,A,-,Y,,,5,,,,,,S,Y,2,0,1,1,A,-,08,22107,,N,E,I,A,A,H,-,C,D,0,,,,,Y,,D,22,1,0,0,0,0,0,0,0,0,"- ","- ",38.090000152587891,-121.3837890625,"SAN JOAQUIN",UNINCORPORATED,-121.38353729248047,38.090126037597656
91299476,2020,2020-09-04,9265,2020-08-29,0450,022364,,6,3,6,3905,0,1,3,,1,042,"I-5 S/B TO SR-4 E/B","MADISON ST",1109.00,W,N,A,-,Y,,,,,,,,,,Y,2,0,1,1,A,-,01,23152,A,N,E,I,A,A,H,-,C,D,0,,,,,Y,Y,A,01,1,0,0,0,0,0,0,0,0,"- ","- ",37.948360443115234,-121.29669189453125,"SAN JOAQUIN",STOCKTON,-121.2896728515625,37.931861877441406
91301451,2020,2020-09-09,9265,2020-08-29,1510,021781,,6,2,9,3900,0,3,5,,2,020,"AUSTIN ROAD","ARCH ROAD",0.00,,Y,A,-,N,,,,,,,,,,Y,2,0,1,2,A,-,12,21453,A,N,D,C,A,A,H,-,A,A,0,,,,Y,Y,,A,01,1,0,0,0,0,0,0,0,0,"- ","- ",37.903579711914062,-121.183837890625,"SAN JOAQUIN",UNINCORPORATED,-121.18386077880859,37.905349731445312
91302602,2020,2020-09-11,9265,2020-07-19,0658,019489,,7,1,9,3900,0,3,5,,2,060,"BAKER ROAD","DUNCAN RD",0.00,,Y,A,-,N,,,,,,,,,,Y,1,1,0,2,A,-,01,23152,A,N,D,C,A,A,H,-,A,A,0,,,,,Y,Y,A,01,0,0,0,0,0,0,0,0,0,"- ","- ",38.030368804931641,-121.09587860107422,"SAN JOAQUIN",UNINCORPORATED,-121.09590911865234,38.030330657958984
91304173,2020,2020-09-14,9266,2020-07-03,1818,021822,,5,2,9,3900,0,2,4,,1,016,"GRANT LINE ROAD","BIRD ROAD",0.00,,Y,A,-,N,,,,,,,,,,Y,1,1,1,2,A,-,09,21801,A,N,A,C,A,A,H,-,A,D,0,,,Y,,Y,,A,08,0,0,1,0,0,0,0,1,0,"- ","- ",37.754009246826172,-121.36186218261719,"SAN JOAQUIN",UNINCORPORATED,-121.36183929443359,37.754318237304688
91304817,2020,2020-09-15,9265,2020-08-24,2100,021781,,1,2,9,3900,0,1,3,,1,041,SR-4,"MAYBECK RD",3696.00,W,N,A,-,Y,,,4,,,,,,,Y,2,0,4,1,A,-,08,22107,,N,E,I,A,A,H,-,D,D,0,,,,,Y,,A,01,2,0,2,0,0,0,0,0,0,"- ","- ",37.926910400390625,-121.38279724121094,"SAN JOAQUIN",UNINCORPORATED,-121.38279724121094,37.926895141601562
91304970,2020,2020-09-15,9265,2020-09-03,0340,020785,,4,3,9,3900,0,1,3,,1,092,SR-12,"MOKELUMNE RIVER",1147.00,E,N,A,-,Y,,,12,,,,,,,Y,2,0,2,1,A,-,08,22107,,N,E,I,A,A,H,-,D,D,0,,,,,Y,,A,07,2,0,0,0,0,0,0,0,0,"- ","- ",38.124740600585938,-121.57717132568359,"SAN JOAQUIN",UNINCORPORATED,-121.57717895507812,38.124717712402344
91305096,2020,2020-09-15,9266,2020-09-15,0700,013866,,2,1,9,3900,0,3,5,,2,002,"SCHULTE RD.","QUALITY ROAD",1056.00,W,N,A,-,N,,,,,,,,,,Y,2,0,1,1,A,-,08,22107,,N,E,I,A,A,H,-,B,D,0,,,,,Y,,A,01,1,0,0,0,0,0,0,0,0,"- ","- ",37.721599578857422,-121.49414825439453,"SAN JOAQUIN",UNINCORPORATED,-121.491373,37.721598999999998
91306869,2020,2020-09-18,9265,2020-09-08,1152,018694,,2,1,4,3903,0,1,3,,2,025,"SR-120 E/B","VAN RYN AVENUE",1056.00,W,N,B,-,Y,,,120,,,,,,E,Y,2,0,8,3,A,-,03,22350,,N,C,C,A,A,H,-,A,D,0,,,,,Y,,A,08,1,4,3,0,0,0,0,0,0,"- ","- ",37.783191680908203,-121.20435333251953,"SAN JOAQUIN",MANTECA,-121.20435333251953,37.783203125
91307243,2020,2020-09-18,9265,2020-09-11,2255,021625,,5,3,6,3905,0,1,3,,2,003,"SR-99 N/B","MARIPOSA AVE",0.90,S,N,A,-,Y,,,99,,,,,,N,Y,2,0,1,1,A,-,01,23152,A,N,E,I,A,A,H,-,D,D,0,,,,,Y,Y,A,01,1,0,0,0,0,0,0,0,0,"- ","- ",37.920909881591797,-121.22913360595703,"SAN JOAQUIN",STOCKTON,-121.22921752929688,37.920871734619141
91308965,2020,2020-09-22,9265,2020-09-14,1020,018511,,1,1,9,3900,0,3,5,,2,090,"ARMSTRONG RD","DAVIS RD",570.00,E,N,A,-,N,,,,,,,,,,Y,2,0,2,2,A,-,01,23152,F,N,F,A,A,A,H,-,A,D,0,,,,,Y,,D,22,2,0,0,0,0,0,0,0,0,"- ","- ",38.086570739746094,-121.33148193359375,"SAN JOAQUIN",UNINCORPORATED,-121.33174133300781,38.086582183837891
91309347,2020,2020-09-22,9265,2020-09-15,0712,015756,,2,1,9,3900,0,3,5,,2,060,SR-26,"SHELLY RD",1056.00,E,N,A,-,Y,,,,,,,,,,Y,2,0,2,2,A,-,08,22107,,N,A,C,A,A,H,-,A,D,0,,,,Y,Y,,A,01,1,0,1,0,0,0,0,0,0,"- ","- ",38.084800720214844,-120.9500732421875,"SAN JOAQUIN",UNINCORPORATED,-120.96006011962891,38.084793090820312
91310755,2020,2020-09-24,9266,2020-09-12,1530,020083,,6,2,9,3900,0,2,4,,2,020,"KASSON ROAD","CRITCHETT ROAD",2006.00,N,N,B,-,N,,,,,,,,,,Y,2,0,3,2,A,-,08,22107,,N,A,C,A,A,H,-,A,D,0,,,,,Y,,A,01,1,2,0,0,0,0,0,0,0,"- ","- ",37.708171844482422,-121.30771636962891,"SAN JOAQUIN",UNINCORPORATED,-121.30769348144531,37.708137512207031
91311949,2020,2020-09-25,9265,2020-09-23,1820,022134,,3,2,9,3900,0,2,4,,1,074,"BELMONT PL","SHERIDAN WAY",0.00,,Y,A,-,N,,,,,,,,,,Y,2,0,1,2,A,-,01,23152,G,N,G,B,D,A,H,-,A,A,0,Y,,,,Y,Y,A,07,1,0,0,0,1,0,0,0,0,"- ","- ",38.004371643066406,-121.34322357177734,"SAN JOAQUIN",UNINCORPORATED,-121.34324645996094,38.004329681396484
91312488,2020,2020-09-28,9265,2020-07-22,1425,017439,,3,2,3,3904,0,1,3,,2,001,"SR-99 N/B","MAIN ST",2640.00,S,N,A,-,Y,,,99,,,,,,N,Y,1,1,0,2,A,-,01,23152,F,F,F,A,A,A,D,-,A,D,0,,,Y,Y,Y,,C,02,0,0,0,0,0,0,0,1,0,"- ","- ",37.732208251953125,-121.11239624023438,"SAN JOAQUIN",RIPON,-121.11226654052734,37.732364654541016
91317585,2020,2020-10-05,9266,2020-09-24,2158,021704,,4,2,5,3906,0,1,1,,1,015,"I-205 W/B","MACARTHUR DRIVE",50.00,W,N,A,-,Y,,,205,,,,,,W,Y,2,0,1,2,A,-,03,22350,,F,C,C,A,A,H,-,D,D,0,,,Y,,Y,,-,99,1,0,0,0,0,0,0,0,1,"- ","- ",37.764339447021484,-121.41509246826172,"SAN JOAQUIN",TRACY,-121.41509246826172,37.764350891113281
91318236,2020,2020-10-06,9265,2020-09-26,1613,022356,,6,2,9,3900,0,2,4,,1,014,"MARIPOSA RD","MUNFORD AVE",645.00,E,N,A,-,N,,,,,,,,,,Y,2,0,3,2,A,-,08,22107,,N,A,C,A,A,H,-,A,D,0,,,Y,,Y,,C,02,1,1,1,0,0,0,0,0,1,"- ","- ",37.930011749267578,-121.2222900390625,"SAN JOAQUIN",UNINCORPORATED,-121.22227478027344,37.929950714111328
91318304,2020,2020-10-06,9265,2020-09-27,0307,021625,,7,3,9,3900,0,1,3,,2,004,"SR-99 N/B","MORADA LANE",196.00,S,N,A,-,Y,,,99,,,,,,N,Y,2,0,1,1,A,-,01,23152,A,N,E,I,A,A,H,-,D,D,0,,,,,Y,Y,A,01,1,0,0,0,0,0,0,0,0,"- ","- ",38.036701202392578,-121.25811767578125,"SAN JOAQUIN",UNINCORPORATED,-121.25829315185547,38.036701202392578
91318457,2020,2020-10-06,9265,2020-09-26,1730,021526,,6,2,9,3900,0,3,5,,2,060,"JAHANT RD","KENNEFICK RD",0.00,,Y,A,-,N,,,,,,,,,,Y,2,0,5,2,A,-,12,22450,A,N,D,C,A,A,H,-,A,A,0,,,,,Y,,A,01,2,3,0,0,0,0,0,0,0,"- ","- ",38.203609466552734,-121.24456787109375,"SAN JOAQUIN",UNINCORPORATED,-121.24442291259766,38.203578948974609
91318514,2020,2020-10-06,9265,2020-09-27,0945,018694,,7,1,6,3905,0,1,1,,2,503,"I-5 S/B","BUENA VISTA AVENUE",800.00,W,N,A,-,Y,,,5,,,,,,S,Y,2,0,3,2,A,-,08,22107,,N,E,I,A,A,H,-,A,D,0,,,,,Y,,A,01,1,1,1,0,0,0,0,0,0,"- ","- ",37.956069946289062,-121.32122802734375,"SAN JOAQUIN",STOCKTON,-121.32123565673828,37.955970764160156
9132003,2020,2020-11-18,3902,2020-07-07,1217,CD93,,2,5,5,3902,0,0,0,,0,,"RT 12","HUTCHINS ST",85.00,W,N,A,-,Y,SJ,10,12,-,-,16.910,H,-,W,Y,2,0,1,2,A,-,08,22107,,N,C,E,A,A,H,-,A,A,0,,,Y,,Y,,C,02,1,0,0,0,0,0,0,0,1,"- ","- ",,,"SAN JOAQUIN",LODI,-121.27938079833984,38.115486145019531
91321158,2020,2020-12-10,9265,2020-09-22,1415,021526,,2,2,6,3905,0,1,3,,1,042,"SR-4 E/B","STANISLAUS ST",283.00,W,N,A,-,Y,,,4,,,,,,E,Y,2,0,1,2,A,-,07,21658,A,N,B,C,A,A,H,-,A,D,0,,,,Y,Y,,-,"- ",1,0,0,0,0,0,0,0,0,"- ","- ",37.951271057128906,-121.2823486328125,"SAN JOAQUIN",STOCKTON,-121.28235626220703,37.951320648193359
91322262,2020,2020-10-12,9265,2020-08-29,2025,013539,,6,2,9,3900,0,1,3,,1,041,"STATE ROUTE 4","WHISKEY SLOUGH RD",0.00,,Y,A,-,Y,,,4,,,,,,,Y,1,1,5,2,A,-,09,21802,A,F,D,C,A,A,H,-,C,A,0,,,,,Y,Y,A,01,2,1,2,0,0,0,0,0,0,"- ","- ",37.9263916015625,-121.42948150634766,"SAN JOAQUIN",UNINCORPORATED,-121.42948150634766,37.926399230957031
91324082,2020,2020-10-15,9265,2020-10-04,1815,022134,,7,2,6,3905,0,1,3,,1,042,"SR-4 W/B","AURORA ST",90.00,E,N,A,-,Y,,,4,,,,,,W,Y,2,0,1,1,A,-,08,22107,,N,E,I,A,A,H,-,A,D,0,,,,,Y,,A,01,1,0,0,0,0,0,0,0,0,"- ","- ",37.952289581298828,-121.27812957763672,"SAN JOAQUIN",STOCKTON,-121.27812957763672,37.952278137207031
91324475,2020,2020-10-30,9265,2020-10-01,1700,013539,,4,2,9,3900,0,1,1,,2,502,"I-5 N/B FROM FRENCH CAMP ROAD","FRENCH CAMP ROAD",420.00,S,N,A,-,Y,,,5,,,,R,,N,Y,2,0,2,2,A,-,01,23152,A,N,E,I,A,A,H,-,A,D,0,,,,Y,Y,Y,A,01,1,1,0,0,0,0,0,0,0,"- ","- ",37.895740509033203,-121.28253173828125,"SAN JOAQUIN",UNINCORPORATED,-121.28253173828125,37.895740509033203
91325125,2020,2020-10-16,9265,2020-10-09,2005,018289,,5,2,9,3900,0,3,5,,2,060,"COMSTOCK ROAD","FINE ROAD",1267.00,W,N,A,-,N,,,,,,,,,,Y,2,0,1,1,A,-,01,23152,A,N,E,I,A,A,H,-,D,D,0,,,,,Y,Y,A,07,1,0,0,0,0,0,0,0,0,"- ","- ",38.045680999755859,-121.05496978759766,"SAN JOAQUIN",UNINCORPORATED,-121.05483245849609,38.044639587402344
91329753,2020,2020-10-23,9266,2020-05-14,1435,019012,,4,2,9,3900,0,1,1,,2,014,"I-205 E/B","11TH STREET",685.00,W,N,A,-,Y,,,205,,,,,,E,Y,1,1,0,2,A,-,08,22107,,N,B,C,A,A,H,-,A,D,0,,,,,Y,,E,22,0,0,0,0,0,0,0,0,0,"- ","- ",37.740680694580078,-121.49655914306641,"SAN JOAQUIN",UNINCORPORATED,-121.49657440185547,37.740745544433594
9133084,2020,2020-09-21,3905,2020-07-04,0315,2932,PAR,6,5,6,3905,0,0,0,,0,,"INDUSTRIAL AV","AIRPORT WY",0.00,,Y,A,-,N,,,,,,,,,,Y,2,0,1,2,A,-,09,21801,A,N,D,C,A,A,H,-,C,A,0,,,Y,,Y,,A,01,1,0,0,0,0,0,0,0,1,"- ","- ",37.910881042480469,-121.25843811035156,"SAN JOAQUIN",STOCKTON,-121.25856018066406,37.910980224609375
91332974,2020,2021-01-22,9265,2020-10-18,0705,019182,,7,1,5,3902,0,1,1,,2,505,"I-5 S/B","8 MILE RD",10296.00,N,N,A,-,Y,,,5,,,,,,S,Y,2,0,1,1,A,-,08,22107,,N,E,I,A,A,H,-,A,D,0,,,,,Y,,A,01,1,0,0,0,0,0,0,0,0,"- ","- ",38.085441589355469,-121.38150024414062,"SAN JOAQUIN",LODI,-121.38146209716797,38.085453033447266
91335854,2020,2020-10-30,9265,2020-10-21,0650,013515,,3,1,9,3900,0,3,5,,2,060,"OVERHISER ROAD","CHEROKEE ROAD",0.00,,Y,A,-,N,,,,,,,,,,Y,2,0,3,3,A,-,09,21802,A,N,D,C,A,A,H,-,D,A,0,,,,,Y,,D,22,1,0,2,0,0,0,0,0,0,"- ","- ",38.003810882568359,-121.24006652832031,"SAN JOAQUIN",UNINCORPORATED,-121.23995971679688,38.003589630126953
91336459,2020,2020-11-02,9266,2020-10-15,1730,020083,,4,2,9,3900,0,1,3,,1,011,SR-4,"MIDDLE RIVER BRIDGE",4752.00,W,N,A,-,Y,,,4,,,,,,,Y,2,0,1,2,A,-,01,23152,A,N,A,C,A,A,H,-,A,D,0,,,Y,,Y,Y,C,02,1,0,0,0,0,0,0,0,1,"- ","- ",37.891109466552734,-121.50649261474609,"SAN JOAQUIN",UNINCORPORATED,-121.50649261474609,37.891109466552734
91340778,2020,2020-11-06,9265,2020-11-01,0035,018784,,7,3,9,3900,0,1,1,,2,503,"I-5 S/B","CHARTER WAY",2640.00,N,N,A,-,Y,,,,,,,,,,Y,2,0,1,1,A,-,01,23152,A,N,E,I,A,A,H,-,D,D,0,,,,,Y,Y,A,01,1,0,0,0,0,0,0,0,0,"- ","- ",37.946620941162109,-121.29955291748047,"SAN JOAQUIN",UNINCORPORATED,,
91341909,2020,2020-11-09,9266,2020-08-30,1554,021822,,7,2,9,3900,0,1,3,,1,011,SR-4,"TRACY BLVD",399.00,W,N,A,-,Y,,,4,,,,,,,Y,1,1,0,1,A,-,01,23152,A,N,E,I,A,A,H,-,A,D,0,,,,,Y,Y,A,01,0,0,0,0,0,0,0,0,0,"- ","- ",37.901580810546875,-121.46829986572266,"SAN JOAQUIN",UNINCORPORATED,-121.46830749511719,37.901611328125
91341939,2020,2020-11-09,9265,2020-10-30,1455,022365,,5,2,9,3900,0,1,3,,2,006,"SR-99 S/B","KETTLEMAN LN",1584.00,N,N,A,-,Y,,,,,,,,,,Y,2,0,2,1,A,-,08,22107,,N,E,I,A,A,H,-,A,D,0,,,,,Y,,A,01,1,1,0,0,0,0,0,0,0,"- ","- ",38.120800018310547,-121.25756072998047,"SAN JOAQUIN",UNINCORPORATED,,
91344764,2020,2020-11-13,9265,2020-09-20,0247,021163,,7,3,4,3903,0,1,3,,2,025,"SR-120 W/B","UNION RD",2376.00,E,N,A,-,Y,,,120,,,,,,W,Y,1,1,0,3,A,-,03,22350,,N,C,B,E,A,D,-,D,D,0,Y,,,,Y,Y,A,01,0,0,0,1,0,0,0,0,0,"- ","- ",37.78350830078125,-121.22579193115234,"SAN JOAQUIN",MANTECA,-121.22579193115234,37.78350830078125
91344891,2020,2020-11-13,9265,2020-11-05,0825,019128,,4,1,9,3900,0,1,3,,2,001,"SR-99 S/B","LOUISE AVE.",2640.00,N,N,A,-,Y,,,99,,,,,,S,Y,2,0,2,3,A,-,07,21658,A,N,B,C,A,A,H,-,A,D,0,,,,,Y,,A,07,1,0,1,0,0,0,0,0,0,"- ","- ",37.817588806152344,-121.21163940429688,"SAN JOAQUIN",UNINCORPORATED,-121.21166229248047,37.817562103271484
91345047,2020,2020-11-13,9265,2020-11-10,0253,017537,,2,3,9,3900,0,1,3,,2,006,"SR-99 N/B","TURNER RD",636.00,N,N,A,-,Y,,,99,,,,,,N,Y,2,0,1,1,A,-,01,23152,F,N,E,I,A,A,H,-,D,D,0,,,,,Y,,A,01,1,0,0,0,0,0,0,0,0,"- ","- ",38.147548675537109,-121.26103210449219,"SAN JOAQUIN",UNINCORPORATED,-121.26114654541016,38.147548675537109
91345681,2020,2020-11-16,9265,2020-11-05,0940,013515,,4,1,9,3900,0,3,5,,2,050,"NEWPORT AVENUE","LEWIS STREET",57.00,N,N,A,-,N,,,,,,,,,,Y,2,0,1,2,A,-,01,23152,F,N,C,E,A,A,H,-,A,D,0,,,,,Y,,A,01,1,0,0,0,0,0,0,0,0,"- ","- ",37.977291107177734,-121.26013946533203,"SAN JOAQUIN",UNINCORPORATED,-121.26016998291016,37.977268218994141
91346192,2020,2020-11-16,9265,2020-10-10,1635,020785,,6,2,5,3902,0,1,3,,2,006,"STATE ROUTE 99 S/B","KETTLEMAN LN.",1035.00,N,N,A,-,Y,,,99,,,,,,S,Y,1,1,0,2,A,-,08,22107,,N,B,C,A,A,H,-,A,D,0,,,,,Y,,D,22,0,0,0,0,0,0,0,0,0,"- ","- ",38.119468688964844,-121.25746154785156,"SAN JOAQUIN",LODI,-121.25746154785156,38.119468688964844
91350267,2020,2020-11-20,9265,2020-11-15,0100,021625,,7,3,9,3900,0,1,3,,1,042,"SR-4 W/B TO I-5 N/B",SR-4,274.00,N,N,A,-,Y,,,,,,,,,,Y,2,0,1,1,A,-,01,23152,A,N,F,A,A,A,H,-,D,D,0,,,,,Y,Y,D,22,1,0,0,0,0,0,0,0,0,"- ","- ",37.949440002441406,-121.30020141601562,"SAN JOAQUIN",UNINCORPORATED,,
91350323,2020,2020-11-20,9265,2020-11-06,1727,022123,,5,2,9,3900,0,2,4,,1,024,"AIRPORT WAY","FRENCH CAMP RD.",1584.00,N,N,A,-,N,,,,,,,,,,Y,2,0,1,2,A,-,03,22350,,N,C,C,A,A,H,-,D,D,0,,,Y,,Y,,C,02,1,0,0,0,0,0,0,0,1,"- ","- ",37.877601623535156,-121.25099182128906,"SAN JOAQUIN",UNINCORPORATED,-121.25091552734375,37.877464294433594
91352770,2020,2020-11-24,9265,2020-11-18,2136,017439,,3,2,9,3900,0,2,4,,1,023,"DIVISION RD","TWO RIVERS RD",1685.00,W,N,B,-,N,,,,,,,,,,Y,2,0,1,1,A,-,01,23152,A,N,F,A,A,A,H,-,D,D,0,,,,,Y,Y,A,01,1,0,0,0,0,0,0,0,0,"- ","- ",37.686630249023438,-121.24198913574219,"SAN JOAQUIN",UNINCORPORATED,-121.24146270751953,37.686470031738281
91355487,2020,2020-11-30,9265,2020-11-19,0840,019073,,4,1,9,3900,0,3,5,,2,020,"MORTENSEN ROAD","AIRPORT WAY",3115.00,W,N,B,-,N,,,,,,,,,,Y,2,0,2,1,A,-,08,22107,,N,E,I,A,A,H,-,A,D,0,,,,,Y,,A,07,1,1,0,0,0,0,0,0,0,"- ","- ",37.699390411376953,-121.25028228759766,"SAN JOAQUIN",UNINCORPORATED,-121.25026702880859,37.699398040771484
91358600,2020,2020-12-03,9265,2020-08-29,2123,021526,,6,2,9,3900,0,3,5,,2,090,"ARMSTRONG RD","DAVIS RD",0.00,,Y,A,-,N,,,,,,,,,,Y,1,2,8,2,A,-,12,22450,A,N,D,C,A,A,H,-,D,D,0,,,,,Y,Y,A,07,1,4,3,0,0,0,0,0,0,"- ","- ",38.08660888671875,-121.333740234375,"SAN JOAQUIN",UNINCORPORATED,-121.33371734619141,38.086589813232422
91358682,2020,2020-12-03,9265,2020-10-30,2326,018784,,5,3,9,3900,0,1,1,,2,502,"I-5 N/B","EL DORADO ST",1584.00,S,N,A,-,Y,,,5,,,,,,N,Y,1,1,0,1,A,-,01,23152,G,N,E,I,A,A,H,-,C,D,0,,,,,Y,Y,A,01,0,0,0,0,0,0,0,0,0,"- ","- ",37.871391296386719,-121.27749633789062,"SAN JOAQUIN",UNINCORPORATED,-121.277587890625,37.87139892578125
91358897,2020,2020-12-04,9266,2020-10-23,1355,018888,,5,1,9,3900,0,1,1,,2,021,"I-580 E/B","INTERNATIONAL PARKWAY",13992.00,E,N,A,-,Y,,,580,,,,,,E,Y,2,0,5,1,A,-,08,22107,,N,F,J,A,A,H,-,A,D,0,,,,,Y,,A,01,1,4,0,0,0,0,0,0,0,"- ","- ",37.695629119873047,-121.49630737304688,"SAN JOAQUIN",UNINCORPORATED,-121.49626922607422,37.695693969726562
91359018,2020,2020-12-04,9265,2020-10-29,2207,019139,,4,3,9,3900,0,1,1,,2,505,"I-5 S/B","BEAVER SLOUGH",757.00,S,N,A,-,Y,,,5,,,,,,S,Y,1,1,1,2,A,-,01,23152,G,N,A,C,A,A,H,-,D,D,0,,,,Y,Y,Y,A,01,0,0,1,0,0,0,0,0,0,"- ","- ",38.202430725097656,-121.41413879394531,"SAN JOAQUIN",UNINCORPORATED,-121.41421508789062,38.202377319335938
91359132,2020,2020-12-04,9265,2020-11-26,2019,021787,,4,2,9,3900,0,1,3,,1,062,"HARNEY LANE","EAST ROAD EDGE OF TULLY ROAD",50.00,W,N,A,-,N,,,,,,,,,,N,2,0,1,1,A,-,03,22350,,N,F,I,A,A,B,-,D,D,0,,,Y,,Y,,C,02,1,0,0,0,0,0,0,0,1,"- ","- ",38.102859497070312,-121.12423706054688,"SAN JOAQUIN",UNINCORPORATED,-121.13353729248047,38.102657318115234
91359322,2020,2020-12-04,9265,2020-12-02,1447,022356,,3,2,9,3900,0,1,3,,1,011,SR-120,"FRENCH CAMP RD",0.00,,Y,A,-,Y,,,120,,,,,,,Y,2,0,1,2,A,-,09,21802,A,N,D,C,A,A,H,-,A,A,0,,,,Y,Y,,A,01,1,0,0,0,0,0,0,0,0,"- ","- ",37.798099517822266,-121.09262847900391,"SAN JOAQUIN",UNINCORPORATED,-121.09262847900391,37.798095703125
91361115,2020,2020-12-08,9265,2020-12-05,2339,021537,,6,3,6,3905,0,1,1,,2,503,"I-5 S/B","FRENCH CAMP RD",135.00,N,N,A,-,Y,,,,,,,,,,Y,2,0,1,2,A,-,01,23152,A,N,C,C,A,A,H,-,C,A,0,,,,Y,Y,Y,A,07,1,0,0,0,0,0,0,0,0,"- ","- ",37.897441864013672,-121.28574371337891,"SAN JOAQUIN",STOCKTON,-121.28410339355469,37.897495269775391
91361331,2020,2020-12-08,9265,2020-10-14,0500,021401,,3,3,6,3905,0,1,1,,2,503,"I-5 S/B",SR-4,103.00,N,N,A,-,Y,,,5,,,,,,S,Y,1,1,1,3,A,-,03,22350,,N,G,B,E,A,H,-,C,D,0,Y,,,,Y,,A,01,0,1,0,1,0,0,0,0,0,"- ","- ",37.948928833007812,-121.30158233642578,"SAN JOAQUIN",STOCKTON,-121.30153656005859,37.948978424072266
91363159,2020,2020-12-10,9265,2020-12-05,1355,021644,,6,1,9,3900,0,2,4,,1,053,"WATERLOO RD","REPORT AVE",0.00,,Y,A,-,N,,,,,,,,,,Y,2,0,1,2,A,-,01,23152,A,N,E,I,A,A,H,-,A,D,0,,,,,Y,Y,A,01,1,0,0,0,0,0,0,0,0,"- ","- ",37.981708526611328,-121.25478363037109,"SAN JOAQUIN",UNINCORPORATED,-121.25450897216797,37.981769561767578
91364511,2020,2020-12-11,9265,2020-11-09,0025,021401,,1,3,9,3900,0,1,3,,1,092,SR-12,"GUARD RD",828.00,W,N,A,-,Y,,,,,,,,,,Y,1,1,3,2,A,-,01,23152,A,N,A,C,A,A,H,-,D,D,0,,,,,Y,Y,A,01,1,0,2,0,0,0,0,0,0,"- ","- ",38.128040313720703,-121.39781188964844,"SAN JOAQUIN",UNINCORPORATED,-121.42549896240234,38.116058349609375