CASE_ID,ACCIDENT_YEAR,PROC_DATE,JURIS,COLLISION_DATE,COLLISION_TIME,OFFICER_ID,REPORTING_DISTRICT,DAY_OF_WEEK,CHP_SHIFT,POPULATION,CNTY_CITY_LOC,SPECIAL_COND,BEAT_TYPE,CHP_BEAT_TYPE,CITY_DIVISION_LAPD,CHP_BEAT_CLASS,BEAT_NUMBER,PRIMARY_RD,SECONDARY_RD,DISTANCE,DIRECTION,INTERSECTION,WEATHER_1,WEATHER_2,STATE_HWY_IND,CALTRANS_COUNTY,CALTRANS_DISTRICT,STATE_ROUTE,ROUTE_SUFFIX,POSTMILE_PREFIX,POSTMILE,LOCATION_TYPE,RAMP_INTERSECTION,SIDE_OF_HWY,TOW_AWAY,COLLISION_SEVERITY,NUMBER_KILLED,NUMBER_INJURED,PARTY_COUNT,PRIMARY_COLL_FACTOR,PCF_CODE_OF_VIOL,PCF_VIOL_CATEGORY,PCF_VIOLATION,PCF_VIOL_SUBSECTION,HIT_AND_RUN,TYPE_OF_COLLISION,MVIW,PED_ACTION,ROAD_SURFACE,ROAD_COND_1,ROAD_COND_2,LIGHTING,CONTROL_DEVICE,CHP_ROAD_TYPE,PEDESTRIAN_ACCIDENT,BICYCLE_ACCIDENT,MOTORCYCLE_ACCIDENT,TRUCK_ACCIDENT,NOT_PRIVATE_PROPERTY,ALCOHOL_INVOLVED,STWD_VEHTYPE_AT_FAULT,CHP_VEHTYPE_AT_FAULT,COUNT_SEVERE_INJ,COUNT_VISIBLE_INJ,COUNT_COMPLAINT_PAIN,COUNT_PED_KILLED,COUNT_PED_INJURED,COUNT_BICYCLIST_KILLED,COUNT_BICYCLIST_INJURED,COUNT_MC_KILLED,COUNT_MC_INJURED,PRIMARY_RAMP,SECONDARY_RAMP,LATITUDE,LONGITUDE,COUNTY,CITY,POINT_X,POINT_Y
91366166,2020,2020-12-14,9265,2020-12-05,2342,021440,,6,3,6,3905,0,1,3,,1,042,"SR-4 E/B","STANISLAUS ST",50.00,W,N,A,-,Y,,,4,,,,,,E,Y,2,0,1,2,A,-,03,22350,,N,C,C,A,A,H,-,C,D,0,,,,,Y,,D,22,1,0,0,0,0,0,0,0,0,"- ","- ",37.951431274414062,-121.28154754638672,"SAN JOAQUIN",STOCKTON,-121.28155517578125,37.951465606689453
91368443,2020,2021-01-25,9266,2020-12-12,1445,021241,,6,2,9,3900,0,1,1,,2,014,"I-205 W/B","HANSEN ROAD",26.00,W,N,B,-,Y,,,205,,,,,,W,Y,2,0,3,1,A,-,08,22107,,N,E,I,A,B,H,-,A,D,0,,,,,Y,,A,07,2,0,1,0,0,0,0,0,0,"- ","- ",37.741458892822266,-121.51422882080078,"SAN JOAQUIN",UNINCORPORATED,-121.51422882080078,37.741489410400391
91369165,2020,2020-12-17,9265,2020-12-14,1817,022123,,1,2,9,3900,0,2,4,,1,082,"ALPINE AVE.","MARINE AVE",150.00,E,N,A,-,N,,,,,,,,,,N,2,0,1,2,A,-,08,22107,,N,D,G,A,A,H,-,C,D,0,,Y,,,Y,Y,L,04,1,0,0,0,0,0,1,0,0,"- ","- ",37.972549438476562,-121.32888793945312,"SAN JOAQUIN",UNINCORPORATED,-121.32896423339844,37.97259521484375
91373064,2020,2020-12-22,9265,2020-12-18,0000,021625,,5,3,6,3905,0,1,1,,2,503,"I-5 N/B","DOWNING AVE",1750.00,S,N,A,-,Y,,,5,,,,,,N,N,2,0,1,2,A,-,11,21954,A,N,G,B,E,A,H,-,D,D,0,Y,,,,Y,,N,60,1,0,0,0,1,0,0,0,0,"- ","- ",37.908329010009766,-121.28753662109375,"SAN JOAQUIN",STOCKTON,-121.28766632080078,37.908283233642578
91379657,2020,2021-02-26,9265,2020-12-19,1110,019128,,6,1,9,3900,0,1,3,,2,001,"SR-99 N/B","YOSEMITE AVE.",20.00,S,N,A,-,Y,,,,,,,,,,Y,2,0,1,3,A,-,03,22350,,N,F,I,A,A,H,-,A,D,0,,,Y,,Y,,C,02,1,0,0,0,0,0,0,0,1,"- ","- ",37.797340393066406,-121.19120025634766,"SAN JOAQUIN",UNINCORPORATED,-121.19118499755859,37.797447204589844
91379777,2020,2021-01-04,9265,2020-12-12,1900,022155,,6,2,9,3900,0,3,5,,2,050,"REPORT AVE","HARDING WAY",603.00,S,N,A,-,N,,,,,,,,,,Y,2,0,2,1,A,-,03,22350,,N,E,I,A,A,H,-,D,D,0,,,,,Y,,A,01,1,1,0,0,0,0,0,0,0,"- ","- ",37.974090576171875,-121.25135040283203,"SAN JOAQUIN",UNINCORPORATED,-121.2513427734375,37.974178314208984
91381324,2020,2021-01-05,9265,2020-12-31,2030,021644,,4,2,9,3900,0,1,3,,2,004,"SR-99 N/B","CHEROKEE RD",30.00,N,N,A,-,Y,,,99,,,,,,N,Y,2,0,4,1,A,-,01,23152,A,N,E,I,A,A,H,-,C,D,0,,,,,Y,Y,A,07,2,2,0,0,0,0,0,0,0,"- ","- ",37.992481231689453,-121.25261688232422,"SAN JOAQUIN",UNINCORPORATED,-121.25275421142578,37.992424011230469
91381709,2020,2021-01-06,9265,2020-12-30,1848,017439,,3,2,4,3903,0,1,3,,2,001,"SR-99 N/B","LOUISE AVE.",340.00,S,N,A,-,Y,,,99,,,,,,N,Y,2,0,1,1,A,-,08,22107,,N,E,I,A,A,H,-,D,D,0,,,,,Y,Y,A,01,1,0,0,0,0,0,0,0,0,"- ","- ",37.811210632324219,-121.20346832275391,"SAN JOAQUIN",MANTECA,-121.2034912109375,37.811183929443359
91382873,2020,2021-01-06,9265,2020-11-13,2250,015756,,5,3,9,3900,0,1,3,,2,006,"SR-99 S/B","WOODBRIDGE ROAD",1373.00,S,N,A,-,Y,,,99,,,,,,S,Y,1,1,2,3,A,-,01,23152,F,N,C,C,A,B,H,-,C,D,0,,,,Y,Y,,D,22,1,0,1,0,0,0,0,0,0,"- ","- ",38.156421661376953,-121.26178741455078,"SAN JOAQUIN",UNINCORPORATED,-121.26179504394531,38.156421661376953
91382995,2020,2021-01-07,9265,2020-12-28,0200,015756,,1,3,9,3900,0,3,5,,2,060,SR-88,"LIBERTY ROAD",1584.00,W,N,A,-,Y,,,88,,,,,,,Y,2,0,4,2,A,-,08,22107,,N,A,C,A,A,H,-,C,D,0,,,,,Y,,A,01,4,0,0,0,0,0,0,0,0,"- ","- ",38.232208251953125,-121.0540771484375,"SAN JOAQUIN",UNINCORPORATED,-121.05410003662109,38.232227325439453
91384242,2020,2021-01-08,9265,2020-11-03,0022,015756,,2,3,9,3900,0,1,3,,1,062,SR-88,"COMSTOCK DR",1052.00,E,N,A,-,Y,,,88,,,,,,,Y,1,2,0,6,C,-,18,,,N,C,C,E,A,C,-,D,D,0,Y,,,Y,Y,Y,-,"- ",0,0,0,2,0,0,0,0,0,"- ","- ",38.038341522216797,-121.18717956542969,"SAN JOAQUIN",UNINCORPORATED,-121.18721771240234,38.038337707519531
91385266,2020,2021-01-11,9265,2020-12-28,0657,019128,,1,1,9,3900,0,1,3,,2,001,"SR-99 N/B","AUSTIN ROAD",2780.00,S,N,B,-,Y,,,99,,,,,,N,Y,2,0,1,5,A,-,03,22350,,N,C,C,A,B,H,-,A,D,0,,,,Y,Y,,G,25,1,0,0,0,0,0,0,0,0,"- ","- ",37.769699096679688,-121.17228698730469,"SAN JOAQUIN",UNINCORPORATED,-121.17229461669922,37.769687652587891
91385480,2020,2021-01-11,9265,2020-10-10,1925,021526,,6,2,9,3900,0,1,3,,1,062,SR-88,"KETTLEMAN LN",1970.00,W,N,A,-,Y,,,88,,,,,,,Y,1,1,7,4,A,-,01,23152,A,N,A,C,A,A,H,-,D,D,0,,,,,Y,Y,A,07,1,3,3,0,0,0,0,0,0,"- ","- ",38.111099243164062,-121.17555999755859,"SAN JOAQUIN",UNINCORPORATED,-121.17555999755859,38.111099243164062
91388402,2021,2021-01-15,9265,2021-01-08,1527,018850,,5,2,9,3900,0,2,4,,1,015,"COPPEROPOLIS RD","TULSA AVE",0.00,,Y,A,-,N,,,,,,,,,,Y,2,0,4,2,A,-,09,21801,A,N,A,C,A,A,H,-,A,D,0,,,,,Y,,A,01,1,0,3,0,0,0,0,0,0,"- ","- ",37.967220306396484,-121.17106628417969,"SAN JOAQUIN",UNINCORPORATED,-121.17108917236328,37.967201232910156
91392244,2021,2021-01-21,9265,2021-01-17,1125,015630,,7,1,9,3900,0,3,5,,2,010,"VAN ALLEN ROAD","MARIPOSA ROAD",0.00,,Y,A,-,N,,,,,,,,,,Y,2,0,1,2,A,-,09,21802,A,N,D,C,A,A,H,-,A,A,0,,,Y,Y,Y,,F,26,1,0,0,0,0,0,0,0,1,"- ","- ",37.514400482177734,-121.03140258789062,"SAN JOAQUIN",UNINCORPORATED,-121.05419921875,37.862434387207031
91393552,2020,2021-01-25,9266,2020-12-02,1743,015029,,3,2,9,3900,0,3,5,,2,001,"HANSEN ROAD","GRANT LINE ROAD",2284.00,N,N,A,-,N,,,,,,,,,,N,1,1,0,2,A,-,08,22107,,N,B,C,A,A,H,-,D,D,0,,,,,Y,,A,07,0,0,0,0,0,0,0,0,0,"- ","- ",37.4552001953125,-121.30470275878906,"SAN JOAQUIN",UNINCORPORATED,-121.51325988769531,37.764492034912109
91398391,2021,2021-01-29,9265,2021-01-20,2117,021537,,3,2,9,3900,0,2,4,,1,074,"BENJAMIN HOLT DR","ALEXANDRIA PL",92.50,E,N,A,-,N,,,,,,,,,,Y,2,0,3,3,A,-,01,23152,A,F,C,E,F,A,H,-,C,D,0,Y,,,,Y,Y,A,01,1,1,1,0,1,0,0,0,0,"- ","- ",38.00592041015625,-121.33847045898438,"SAN JOAQUIN",UNINCORPORATED,-121.33849334716797,38.005847930908203
91398931,2021,2021-01-29,9265,2021-01-24,0105,020651,,7,3,9,3900,0,1,1,,2,502,"I-5 N/B","LOUISE AVE",109.00,S,N,A,-,Y,,,,,,,,,,Y,2,0,1,1,A,-,08,22107,,N,E,I,A,A,H,-,C,D,0,,,,,Y,,A,07,1,0,0,0,0,0,0,0,0,"- ","- ",37.811500549316406,-121.29566955566406,"SAN JOAQUIN",UNINCORPORATED,-121.29445648193359,37.814483642578125
91400138,2020,2021-02-01,9265,2020-11-11,0222,021440,,3,3,9,3900,0,1,3,,2,003,"SR-99 NB","FRENCH CAMP RD",3115.00,N,N,A,-,Y,,,99,,,,,,N,Y,1,2,0,1,A,-,01,23152,G,N,E,I,A,A,H,-,D,D,0,,,,,Y,Y,A,01,0,0,0,0,0,0,0,0,0,"- ","- ",37.868389129638672,-121.21888732910156,"SAN JOAQUIN",UNINCORPORATED,-121.21902465820312,37.868381500244141
91400508,2021,2021-02-02,9266,2021-01-23,0649,015029,,6,1,9,3900,0,2,4,,1,023,"CHRISMAN ROAD",SR-132,910.00,N,N,B,-,N,,,,,,,,,,Y,2,0,1,2,A,-,05,21460,A,N,B,C,A,A,H,-,B,A,0,,,,,Y,,D,22,1,0,0,0,0,0,0,0,0,"- ","- ",37.382801055908203,-121.23509979248047,"SAN JOAQUIN",UNINCORPORATED,-121.39763641357422,37.640617370605469
91404591,2021,2021-02-08,9265,2021-01-15,0636,018850,,5,1,9,3900,0,2,4,,1,014,"MARIPOSA RD","SOLA RD",600.00,W,N,E,-,N,,,,,,,,,,Y,1,1,0,3,A,-,06,21751,,N,B,C,A,A,H,-,D,D,0,,,Y,,Y,,A,01,0,0,0,0,0,0,0,1,0,"- ","- ",37.897319793701172,-121.12312316894531,"SAN JOAQUIN",UNINCORPORATED,-121.12307739257812,37.897296905517578
91405765,2021,2021-02-10,9265,2021-01-28,0710,015629,,4,1,6,3905,0,1,1,,2,503,"I-5 N/B","CHURCH STREET",128.00,S,N,B,C,Y,,,5,,,,,,N,Y,2,0,3,4,A,-,01,23152,A,N,B,E,E,B,H,-,C,D,0,Y,,,,Y,Y,A,01,1,0,2,0,1,0,0,0,0,"- ","- ",37.945579528808594,-121.29889678955078,"SAN JOAQUIN",STOCKTON,-121.29893493652344,37.945568084716797
91406022,2021,2021-02-10,9265,2021-01-31,0220,021401,,7,3,9,3900,0,1,1,,2,502,"I-5 N/B","HOSPITAL RD",50.00,S,N,B,-,Y,,,5,,,,,,N,Y,2,0,2,2,A,-,01,23152,A,F,C,C,A,A,H,-,C,D,0,,,,,Y,Y,A,01,1,1,0,0,0,0,0,0,0,"- ","- ",37.885768890380859,-121.27948760986328,"SAN JOAQUIN",UNINCORPORATED,-121.27952575683594,37.885757446289062
91406116,2021,2021-02-10,9265,2021-01-17,1811,018784,,7,2,9,3900,0,2,4,,1,053,"WILSON WAY","STOCKTON DIVERTING CANAL",160.00,N,N,A,-,N,,,,,,,,,,N,1,1,0,2,D,-,00,,,F,G,B,E,A,H,-,D,D,0,Y,,,,Y,,-,"- ",0,0,0,1,0,0,0,0,0,"- ","- ",37.990318298339844,-121.26728820800781,"SAN JOAQUIN",UNINCORPORATED,,
91408968,2021,2021-02-16,9265,2021-02-07,1445,021781,,7,2,9,3900,0,3,5,,2,010,"RIVER ROAD","CARROLTON ROAD",528.00,W,N,A,-,N,,,,,,,,,,Y,2,0,1,1,A,-,01,23152,A,M,E,I,A,A,H,-,A,D,0,,,,,Y,Y,A,07,1,0,0,0,0,0,0,0,0,"- ","- ",37.757991790771484,-121.07228851318359,"SAN JOAQUIN",UNINCORPORATED,-121.07107543945312,37.758045196533203
91410878,2021,2021-02-18,9266,2021-02-04,0825,014717,,4,1,9,3900,0,1,1,,2,024,"I-5 N/B","SAN JOAQUIN RIVER",1740.00,S,N,B,-,Y,,,5,,,,,,N,Y,2,0,4,2,A,-,07,21658,A,N,B,C,A,A,H,-,B,D,0,,,,,Y,,A,07,1,1,2,0,0,0,0,0,0,"- ","- ",37.781681060791016,-121.31154632568359,"SAN JOAQUIN",UNINCORPORATED,-121.31158447265625,37.781726837158203
91412556,2021,2021-02-22,9265,2021-02-11,0625,018836,,4,1,9,3900,0,1,3,,1,013,SR-4,"DRAIS RD",528.00,W,N,A,-,Y,,,4,,,,,,,Y,2,0,4,5,A,-,03,22350,,N,C,C,A,A,H,-,D,D,0,,,,,Y,,A,07,2,1,1,0,0,0,0,0,0,"- ","- ",37.935878753662109,-121.08888244628906,"SAN JOAQUIN",UNINCORPORATED,-121.08887481689453,37.935886383056641
91413714,2021,2021-02-23,9265,2021-02-14,0310,019307,,7,3,9,3900,0,1,1,,2,503,"I-5 N/B","HOSPITAL ROAD",145.00,S,N,A,-,Y,,,5,,,,,,N,Y,2,0,1,1,A,-,01,23152,A,N,E,I,A,A,H,-,D,A,0,,,,,Y,Y,A,01,1,0,0,0,0,0,0,0,0,"- ","- ",37.885421752929688,-121.27928924560547,"SAN JOAQUIN",UNINCORPORATED,-121.27939605712891,37.885383605957031
91415542,2021,2021-04-01,9265,2021-02-12,0535,019139,,5,3,9,3900,0,1,3,,1,092,SR-12,"GUARD RD",62.00,E,N,B,-,Y,,,12,,,,,,,Y,2,0,1,2,A,-,01,23152,A,N,D,C,A,B,H,-,D,D,0,,,,,Y,Y,A,07,1,0,0,0,0,0,0,0,0,"- ","- ",38.115970611572266,-121.42228698730469,"SAN JOAQUIN",UNINCORPORATED,-121.42228698730469,38.116096496582031
91416772,2021,2021-02-26,9265,2021-02-12,1900,021284,,5,2,9,3900,0,2,4,,1,053,"WILSON WAY","ALPINE AVE",65.00,W,N,A,-,N,,,,,,,,,,Y,2,0,3,4,A,-,01,23152,A,F,C,C,A,A,H,-,C,A,0,,,,,Y,Y,A,01,2,0,1,0,0,0,0,0,0,"- ","- ",37.987579345703125,-121.26878356933594,"SAN JOAQUIN",UNINCORPORATED,-121.26886749267578,37.987648010253906
91416941,2021,2021-02-26,9265,2021-02-19,0345,015756,,5,3,9,3900,0,3,5,,2,090,"WOODBRIDGE RD","GOLF COURT",366.00,W,N,A,-,N,,,,,,,,,,Y,2,0,1,1,A,-,01,23152,A,N,E,I,A,A,H,-,C,D,0,,,Y,,Y,Y,C,02,1,0,0,0,0,0,0,0,1,"- ","- ",38.160308837890625,-121.30088043212891,"SAN JOAQUIN",UNINCORPORATED,-121.30089569091797,38.160327911376953
91418792,2021,2021-03-02,9265,2021-02-23,1550,021781,,2,2,9,3900,0,3,5,,2,040,"POCK LANE","CARPENTER ROAD",325.00,S,N,A,-,N,,,,,,,,,,Y,2,0,3,1,A,-,08,22107,,N,E,I,A,A,H,-,A,D,0,,,,,Y,,A,01,1,2,0,0,0,0,0,0,0,"- ","- ",37.920879364013672,-121.24159240722656,"SAN JOAQUIN",UNINCORPORATED,-121.24160003662109,37.920989990234375
9142074,2020,2020-11-30,3902,2020-07-27,1440,JW102,,1,5,5,3902,0,0,0,,0,,"RT 120","TIENDA DR",0.00,,Y,A,-,Y,SJ,10,12,-,-,15.355,I,5,W,Y,2,0,1,3,A,-,12,21453,A,N,D,C,A,A,H,-,A,A,0,,,,,Y,,A,01,1,0,0,0,0,0,0,0,0,"- ","- ",,,"SAN JOAQUIN",LODI,-121.30283355712891,38.115501403808594
91422453,2021,2021-03-08,9265,2021-02-24,2350,015756,,3,3,9,3900,0,3,5,,2,070,"SR-99 W FRONTAGE RD","CHRISTIAN LIFE WAY",104.00,S,N,A,-,N,,,99,,,,,,,Y,2,0,1,1,A,-,01,23152,A,N,E,I,A,A,H,-,C,D,0,,,,,Y,Y,A,07,1,0,0,0,0,0,0,0,0,"- ","- ",38.023918151855469,-121.25882720947266,"SAN JOAQUIN",UNINCORPORATED,-121.25833892822266,38.02392578125
91422745,2021,2021-03-08,9265,2021-02-28,0300,021787,,7,3,9,3900,0,1,3,,2,006,"SR-99 N/B TO JAHANT ROAD","CHEROKEE LANE",148.00,W,N,A,-,Y,,,99,,,,R,,N,Y,2,0,1,2,A,-,01,23152,A,N,D,C,A,A,H,-,D,D,0,,,,Y,Y,Y,A,01,1,0,0,0,0,0,0,0,0,"- ","- ",38.206020355224609,-121.26274871826172,"SAN JOAQUIN",UNINCORPORATED,-121.26274871826172,38.206020355224609
91425159,2021,2021-03-11,9265,2021-03-01,0753,015629,,1,1,6,3905,0,1,1,,2,504,"I-5 S/B","MOSHER SLOUGH",415.00,N,N,A,-,Y,,,5,,,,,,S,Y,2,0,2,2,A,-,03,22350,,N,C,C,A,A,H,-,A,D,0,,,,,Y,,A,01,1,0,1,0,0,0,0,0,0,"- ","- ",38.033668518066406,-121.3651123046875,"SAN JOAQUIN",STOCKTON,-121.36508178710938,38.033683776855469
9142565,2020,2020-09-24,3905,2020-07-25,1347,7122,,6,5,6,3905,0,0,0,,0,,"CALIFORNIA ST","ANDERSON AV",15.00,W,N,A,-,N,,,,,,,,,,N,2,0,4,3,A,-,12,22450,A,N,D,C,A,A,H,-,A,A,0,,,,,Y,Y,A,01,2,0,2,0,0,0,0,0,0,"- ","- ",37.943679809570312,-121.281982421875,"SAN JOAQUIN",STOCKTON,-121.28191375732422,37.943710327148438
91427956,2021,2021-03-16,9265,2021-02-11,2240,020071,,4,3,9,3900,0,1,3,,1,066,SR-26,"SHELLY RD",880.00,W,N,C,-,Y,,,26,,,,,,,Y,2,0,2,2,A,-,01,23152,A,F,A,C,A,B,H,-,D,D,0,,,,,Y,,D,22,1,0,1,0,0,0,0,0,0,"- ","- ",38.082588195800781,-120.96636199951172,"SAN JOAQUIN",UNINCORPORATED,-120.96630859375,38.082386016845703
91428457,2021,2021-03-16,9265,2021-03-07,0110,021625,,7,3,9,3900,0,3,5,,2,060,"TRETHEWAY RD","BENNDORF RD",475.00,N,N,A,-,N,,,,,,,,,,Y,2,0,1,1,A,-,01,23152,A,N,E,I,A,A,H,-,D,D,0,,,,,Y,Y,A,07,1,0,0,0,0,0,0,0,0,"- ","- ",38.195030212402344,-121.17993927001953,"SAN JOAQUIN",UNINCORPORATED,-121.17987823486328,38.194972991943359
91429844,2021,2021-03-18,9265,2021-03-13,0313,021537,,6,3,9,3900,0,1,3,,1,042,"SR-4 W/B","STANISLAUS ST",1690.00,E,N,A,-,Y,,,,,,,,,,Y,2,0,1,1,A,-,01,23152,A,N,E,I,A,A,H,-,C,D,0,,,,,Y,Y,A,01,1,0,0,0,0,0,0,0,0,"- ","- ",37.952751159667969,-121.27545166015625,"SAN JOAQUIN",UNINCORPORATED,-121.275634765625,37.952724456787109
91430382,2021,2021-03-18,9266,2021-03-06,1345,018888,,6,1,9,3900,0,1,1,,2,021,"I-580 E/B","TRACY BLVD",15.00,W,N,A,-,Y,,,580,,,,,,E,Y,2,0,1,1,A,-,08,22107,,N,F,A,A,A,H,-,A,D,0,,,Y,,Y,,C,02,1,0,0,0,0,0,0,0,1,"- ","- ",37.658370971679688,-121.43448638916016,"SAN JOAQUIN",UNINCORPORATED,-121.43454742431641,37.658279418945312
91432180,2021,2021-03-22,9265,2021-03-12,2135,021284,,5,2,9,3900,0,1,3,,1,062,"SR-88 W/B","BRUMBY RD",1000.00,W,N,A,-,N,,,,,,,,,,Y,2,0,1,1,A,-,01,23152,A,N,E,I,A,A,H,-,D,D,0,,,,,Y,Y,A,01,1,0,0,0,0,0,0,0,0,"- ","- ",38.015190124511719,-121.18797302246094,"SAN JOAQUIN",UNINCORPORATED,-121.18860626220703,38.054580688476562
91435057,2020,2021-05-11,9266,2020-09-18,1910,021822,,5,2,5,3906,0,1,1,,2,014,"WESTBOUND I-205 FROM N. TRACY BOULEVARD","N. TRACY BOULEVARD",23.00,W,N,A,-,Y,,,205,,,,R,,,Y,1,4,0,1,A,-,03,22350,,N,E,I,A,A,H,-,A,A,0,,,,,Y,,A,01,0,0,0,0,0,0,0,0,0,"- ","- ",37.763389587402344,-121.43527221679688,"SAN JOAQUIN",TRACY,-121.43527221679688,37.763389587402344
91438516,2021,2021-03-29,9266,2021-03-18,1450,018888,,4,2,9,3900,0,1,1,,2,014,"I-205 W/B FROM 11TH ST W/B","11TH ST",898.00,W,N,A,-,Y,,,205,,,,R,,W,Y,2,0,2,1,A,-,08,22107,,N,F,A,A,B,H,-,A,D,0,,,,,Y,,A,01,2,0,0,0,0,0,0,0,0,"- ","- ",37.741668701171875,-121.49864196777344,"SAN JOAQUIN",UNINCORPORATED,-121.49864196777344,37.741668701171875
9144018,2020,2020-10-20,3905,2020-08-10,0129,3081,VAL,1,5,6,3905,0,0,0,,0,,"WEST LN","KNICKERBOCKER DR",0.00,,Y,A,-,N,,,,,,,,,,Y,2,0,2,2,A,-,12,21453,A,N,D,C,A,A,H,-,C,A,0,,,,,Y,,-,"- ",1,0,1,0,0,0,0,0,0,"- ","- ",38.024238586425781,-121.29518890380859,"SAN JOAQUIN",STOCKTON,-121.29502105712891,38.024238586425781
91442132,2021,2021-04-02,9265,2021-03-24,1440,013539,,3,2,4,3903,0,1,3,,2,025,"SR-120 E/B","MAIN STREET",785.00,W,N,A,-,Y,,,120,,,,,,E,Y,2,0,1,2,A,-,03,22350,,N,C,C,A,A,H,-,A,D,0,,,,Y,Y,,D,22,1,0,0,0,0,0,0,0,0,"- ","- ",37.783039093017578,-121.21855926513672,"SAN JOAQUIN",MANTECA,-121.21855926513672,37.783195495605469
91442900,2021,2021-04-05,9266,2021-03-24,0855,021956,,3,1,9,3900,0,2,4,,1,016,"ELEVENTH STREET",I-5,448.00,W,N,A,-,Y,,,,,,,,,,Y,2,0,1,2,A,-,01,23152,A,N,B,C,A,A,H,-,A,D,0,,,Y,,Y,Y,C,02,1,0,0,0,0,0,0,0,1,"- ","- ",37.758071899414062,-121.34423828125,"SAN JOAQUIN",UNINCORPORATED,-121.3414306640625,37.760540008544922
91443971,2021,2021-04-06,9265,2021-03-25,0835,013515,,4,1,9,3900,0,2,4,,1,052,"SANGUINETTI LANE","BRADFORD STREET",300.00,S,N,A,-,N,,,,,,,,,,Y,2,0,1,1,A,-,08,22107,,N,E,I,A,A,H,-,A,D,0,,,,,Y,,A,07,1,0,0,0,0,0,0,0,0,"- ","- ",37.975078582763672,-121.26801300048828,"SAN JOAQUIN",UNINCORPORATED,-121.26792907714844,37.975074768066406
9144481,2020,2020-09-10,3906,2020-06-14,0010,1171,3906,7,5,5,3906,0,0,0,,0,002,TRACY,"CENTRAL AV",510.00,S,N,A,-,N,,,,,,,,,,Y,2,0,2,2,A,-,03,22350,,N,F,I,F,A,H,-,C,D,0,Y,,,,Y,,A,01,1,1,0,0,1,0,0,0,0,"- ","- ",,,"SAN JOAQUIN",TRACY,-121.43476867675781,37.713218688964844
91447168,2021,2021-04-09,9265,2021-03-29,1917,019413,,1,2,9,3900,0,2,4,,1,024,"AIRPORT WAY","MCMULLIN RD",917.00,S,N,A,-,N,,,,,,,,,,Y,2,0,1,1,A,-,03,22350,,N,E,I,A,A,H,-,D,D,0,,,,,Y,,A,01,1,0,0,0,0,0,0,0,0,"- ","- ",37.733211517333984,-121.25225830078125,"SAN JOAQUIN",UNINCORPORATED,-121.25214385986328,37.733242034912109
91448664,2021,2021-04-12,9266,2021-04-08,0630,013668,,4,1,9,3900,0,1,3,,1,026,"SR-132 E/B",SR-33,1056.00,W,N,A,-,Y,,,132,,,,,,E,Y,2,0,2,1,A,-,08,22107,,N,E,I,A,A,H,-,B,D,0,,,,,Y,,A,01,1,1,0,0,0,0,0,0,0,"- ","- ",37.637969970703125,-121.30124664306641,"SAN JOAQUIN",UNINCORPORATED,-121.30124664306641,37.637996673583984
91450472,2021,2021-04-14,9265,2021-03-27,0702,019489,,6,1,6,3905,0,1,1,,2,503,"I-5 N/B","DOWNING AVE",580.00,N,N,A,-,Y,,,5,,,,,,N,Y,1,1,0,2,A,-,11,21954,A,N,G,B,D,A,H,-,A,D,0,Y,,,,Y,,N,60,0,0,0,1,0,0,0,0,0,"- ","- ",37.914901733398438,-121.29013061523438,"SAN JOAQUIN",STOCKTON,-121.29006958007812,37.914920806884766
91451193,2021,2021-04-15,9266,2021-04-09,1655,013650,,5,2,9,3900,0,2,4,,1,012,"TRACY BLVD","FINCK ROAD",0.00,,Y,A,-,N,,,,,,,,,,Y,2,0,2,2,A,-,01,23152,A,N,D,C,A,A,H,-,A,A,0,,,,,Y,Y,A,01,1,0,1,0,0,0,0,0,0,"- ","- ",37.805290222167969,-121.44976806640625,"SAN JOAQUIN",UNINCORPORATED,-121.44963073730469,37.805290222167969
91455222,2021,2021-04-21,9265,2021-04-15,1350,020313,,4,1,4,3903,0,1,3,,2,001,SR-120,"MAIN ST",200.00,W,N,A,-,Y,,,,,,,,,,Y,2,0,4,4,A,-,03,22350,,N,C,C,A,A,H,-,A,D,0,,,,Y,Y,,A,07,1,0,3,0,0,0,0,0,0,"- ","- ",37.832180023193359,-121.2171630859375,"SAN JOAQUIN",MANTECA,-121.216552734375,37.783184051513672
91455756,2021,2021-04-22,9265,2021-04-17,1730,021644,,6,2,9,3900,0,1,3,,1,063,SR-12,"ALPINE RD",560.00,W,N,A,-,Y,,,12,,,,,,,Y,2,0,1,1,A,-,01,23152,F,N,F,I,A,A,H,-,A,D,0,,,,,Y,,A,01,1,0,0,0,0,0,0,0,0,"- ","- ",38.137950897216797,-121.21734619140625,"SAN JOAQUIN",UNINCORPORATED,-121.21734619140625,38.137908935546875