CASE_ID,ACCIDENT_YEAR,PROC_DATE,JURIS,COLLISION_DATE,COLLISION_TIME,OFFICER_ID,REPORTING_DISTRICT,DAY_OF_WEEK,CHP_SHIFT,POPULATION,CNTY_CITY_LOC,SPECIAL_COND,BEAT_TYPE,CHP_BEAT_TYPE,CITY_DIVISION_LAPD,CHP_BEAT_CLASS,BEAT_NUMBER,PRIMARY_RD,SECONDARY_RD,DISTANCE,DIRECTION,INTERSECTION,WEATHER_1,WEATHER_2,STATE_HWY_IND,CALTRANS_COUNTY,CALTRANS_DISTRICT,STATE_ROUTE,ROUTE_SUFFIX,POSTMILE_PREFIX,POSTMILE,LOCATION_TYPE,RAMP_INTERSECTION,SIDE_OF_HWY,TOW_AWAY,COLLISION_SEVERITY,NUMBER_KILLED,NUMBER_INJURED,PARTY_COUNT,PRIMARY_COLL_FACTOR,PCF_CODE_OF_VIOL,PCF_VIOL_CATEGORY,PCF_VIOLATION,PCF_VIOL_SUBSECTION,HIT_AND_RUN,TYPE_OF_COLLISION,MVIW,PED_ACTION,ROAD_SURFACE,ROAD_COND_1,ROAD_COND_2,LIGHTING,CONTROL_DEVICE,CHP_ROAD_TYPE,PEDESTRIAN_ACCIDENT,BICYCLE_ACCIDENT,MOTORCYCLE_ACCIDENT,TRUCK_ACCIDENT,NOT_PRIVATE_PROPERTY,ALCOHOL_INVOLVED,STWD_VEHTYPE_AT_FAULT,CHP_VEHTYPE_AT_FAULT,COUNT_SEVERE_INJ,COUNT_VISIBLE_INJ,COUNT_COMPLAINT_PAIN,COUNT_PED_KILLED,COUNT_PED_INJURED,COUNT_BICYCLIST_KILLED,COUNT_BICYCLIST_INJURED,COUNT_MC_KILLED,COUNT_MC_INJURED,PRIMARY_RAMP,SECONDARY_RAMP,LATITUDE,LONGITUDE,COUNTY,CITY,POINT_X,POINT_Y
91457423,2021,2021-04-23,9265,2021-04-18,1613,022365,,7,2,4,3903,0,1,3,,2,025,"SR-120 E/B","MAIN ST",890.00,W,N,A,-,Y,,,120,,,,,,E,Y,2,0,7,6,A,-,03,22350,,N,C,C,A,A,H,-,A,D,0,,,,,Y,,A,07,3,1,3,0,0,0,0,0,0,"- ","- ",37.783168792724609,-121.21897888183594,"SAN JOAQUIN",MANTECA,-121.21897888183594,37.783191680908203
91457456,2020,2021-04-23,9265,2020-12-07,1802,021526,,1,2,9,3900,0,1,3,,1,063,SR-12,"KROLL RD",138.00,W,N,A,-,Y,,,12,,,,,,,Y,1,1,1,4,A,-,08,22107,,N,B,E,E,A,D,-,D,D,0,Y,,,,Y,,A,01,0,1,0,1,1,0,0,0,0,"- ","- ",38.13800048828125,-121.18820190429688,"SAN JOAQUIN",UNINCORPORATED,-121.18820190429688,38.138042449951172
91457831,2021,2021-04-26,9265,2021-04-16,0816,015629,,5,1,6,3905,0,1,1,,2,504,"I-5 S/B","MARCH LANE",2112.00,N,N,A,-,Y,,,5,,,,,,S,Y,2,0,5,3,A,-,03,22350,,N,C,C,A,A,H,-,A,D,0,,,,,Y,,A,01,1,1,3,0,0,0,0,0,0,"- ","- ",37.98809814453125,-121.34506225585938,"SAN JOAQUIN",STOCKTON,-121.34501647949219,37.988117218017578
91458011,2021,2021-04-26,9265,2021-04-17,1915,021781,,6,2,9,3900,0,3,5,,2,010,SR-26,"WIMER RD",600.00,W,N,A,-,Y,,,,,,,,,,Y,2,0,1,1,A,-,01,23152,A,N,F,A,A,A,H,-,A,D,0,,,,,Y,Y,A,01,1,0,0,0,0,0,0,0,0,"- ","- ",37.092880249023438,-121.94654846191406,"SAN JOAQUIN",UNINCORPORATED,-120.94622802734375,38.093173980712891
91458704,2021,2021-04-26,9266,2021-04-22,0336,021704,,4,3,9,3900,0,1,3,,1,011,SR-4,"TRACY BLVD",3168.00,W,N,A,-,Y,,,4,,,,,,,Y,2,0,1,2,A,-,11,21954,A,N,G,B,E,A,H,-,D,D,0,Y,,,,Y,Y,N,60,1,0,0,0,1,0,0,0,0,"- ","- ",37.897659301757812,-121.47686004638672,"SAN JOAQUIN",UNINCORPORATED,-121.47684478759766,37.897617340087891
91459382,2021,2021-04-27,9265,2021-04-21,1013,019885,,3,1,3,3904,0,1,3,,2,001,"SR-99 S/B","STANISLAUS RIVER",690.00,N,N,A,-,Y,,,99,,,,,,S,Y,2,0,1,2,A,-,08,22107,,N,B,C,A,A,H,-,A,D,0,,,,Y,Y,,G,27,1,0,0,0,0,0,0,0,0,"- ","- ",37.731689453125,-121.11179351806641,"SAN JOAQUIN",RIPON,-121.11176300048828,37.731719970703125
91463286,2021,2021-04-30,9265,2021-04-17,0159,022155,,6,3,9,3900,0,1,1,,2,502,"I-5 S/B","ROTH RD",1531.00,N,N,A,-,Y,,,5,,,,,,S,Y,2,0,1,1,A,-,01,23152,A,N,E,I,A,A,H,-,C,D,0,,,,,Y,Y,A,01,1,0,0,0,0,0,0,0,0,"- ","- ",37.859718322753906,-121.28127288818359,"SAN JOAQUIN",UNINCORPORATED,-121.28113555908203,37.85968017578125
91463363,2021,2021-04-30,9265,2021-04-05,0645,015490,,1,1,9,3900,0,1,3,,1,062,SR-88,"COMSTOCK RD",2112.00,E,N,B,-,Y,,,88,,,,,,,Y,1,1,1,2,A,-,01,23152,F,N,A,C,A,A,H,-,A,D,0,,,,,Y,,A,01,1,0,0,0,0,0,0,0,0,"- ","- ",38.042049407958984,-121.18733215332031,"SAN JOAQUIN",UNINCORPORATED,-121.18730926513672,38.042049407958984
91464592,2021,2021-05-27,9266,2021-04-29,0515,013650,,4,3,9,3900,0,1,1,,2,021,"I-580 E/B","BIRD RD",1584.00,E,N,A,-,Y,,,580,,,,,,E,Y,1,1,1,2,A,-,02,22400,A,N,C,C,A,A,H,-,D,D,0,,,,,Y,,A,01,0,1,0,0,0,0,0,0,0,"- ","- ",37.605358123779297,-121.35272216796875,"SAN JOAQUIN",UNINCORPORATED,-121.35268402099609,37.60540771484375
91465362,2021,2021-05-04,9265,2021-04-25,0825,018836,,7,1,9,3900,0,1,3,,1,062,SR-88,"NATHELLE LN",739.00,E,N,A,-,Y,,,88,,,,,,,Y,2,0,2,2,A,-,03,22350,,F,C,C,A,A,H,-,A,D,0,,,,,Y,,-,99,1,0,1,0,0,0,0,0,0,"- ","- ",38.098640441894531,-121.17922973632812,"SAN JOAQUIN",UNINCORPORATED,-121.17919921875,38.0986328125
91465681,2021,2021-05-18,9265,2021-04-19,1540,021163,,1,2,9,3900,0,3,5,,2,030,"MUNFORD AVE","MARIPOSA AVE",315.00,W,N,A,-,N,,,,,,,,,,N,2,0,1,2,A,-,05,21460,A,N,D,G,A,A,H,-,A,D,0,,Y,,,Y,,L,04,1,0,0,0,0,0,1,0,0,"- ","- ",39.930149078369141,-121.22525024414062,"SAN JOAQUIN",UNINCORPORATED,-121.22525024414062,37.930171966552734
91466471,2021,2021-05-05,9265,2021-04-25,2030,021284,,7,2,9,3900,0,1,3,,1,062,SR-88,"TOKAY COLONY RD",679.00,E,N,A,-,N,,,88,,,,,,,Y,2,0,1,1,A,-,01,23152,A,N,E,I,A,A,H,-,D,D,0,,,,,Y,Y,A,01,1,0,0,0,0,0,0,0,0,"- ","- ",38.085330963134766,-121.18312835693359,"SAN JOAQUIN",UNINCORPORATED,-121.18325805664062,38.085369110107422
91466505,2021,2021-05-27,9265,2021-04-30,2115,021625,,5,2,9,3900,0,3,5,,2,060,"N. WAVERLY ROAD","E. SHELTON ROAD",0.00,,Y,A,-,N,,,,,,,,,,Y,2,0,1,1,A,-,03,22350,,N,E,I,A,A,H,-,D,A,0,,,,,Y,,A,01,1,0,0,0,0,0,0,0,0,"- ","- ",38.06005859375,-120.94892883300781,"SAN JOAQUIN",UNINCORPORATED,-120.94873046875,38.0599365234375
91467391,2021,2021-05-06,9265,2021-04-01,1707,017439,,4,2,9,3900,0,3,5,,2,010,"RIVER RD","BRENNAN RD",1400.00,W,N,A,-,N,,,,,,,,,,Y,1,1,3,2,A,-,05,21460,A,N,A,C,A,A,H,-,A,D,0,,,,,Y,,A,01,0,3,0,0,0,0,0,0,0,"- ","- ",37.755970001220703,-121.01805877685547,"SAN JOAQUIN",UNINCORPORATED,-121.01856994628906,37.755744934082031
91471988,2021,2021-05-12,9265,2021-04-18,2031,021644,,7,2,9,3900,0,3,5,,2,060,"KETTLEMAN LN","TECKLENBURG RD",597.00,W,N,A,-,N,,,,,,,,,,N,1,1,0,2,D,-,00,,,N,G,B,E,A,H,-,D,D,0,Y,,,,Y,,-,"- ",0,0,0,1,0,0,0,0,0,"- ","- ",38.115829467773438,-121.2335205078125,"SAN JOAQUIN",UNINCORPORATED,-121.23345184326172,38.115848541259766
91472894,2021,2021-05-27,9265,2021-05-01,0040,021625,,6,3,9,3900,0,1,3,,2,004,"SR-99 SOUTHBOUND TO ARMSTRONG ROAD","ARMSTRONG ROAD",206.00,N,N,A,-,Y,,,99,,,,R,,S,Y,2,0,1,1,A,-,01,23152,A,N,E,I,A,A,H,-,D,A,0,,,,,Y,Y,A,01,1,0,0,0,0,0,0,0,0,"- ","- ",38.087928771972656,-121.26080322265625,"SAN JOAQUIN",UNINCORPORATED,-121.26080322265625,38.087928771972656
91475392,2021,2021-07-02,9266,2021-05-07,0530,013668,,5,3,9,3900,0,3,5,,2,002,"KOSTER ROAD",SR-132,2112.00,S,N,A,-,N,,,,,,,,,,Y,2,0,1,2,A,-,03,22350,,N,C,C,A,A,H,-,D,D,0,,,,,Y,Y,D,22,1,0,0,0,0,0,0,0,0,"- ","- ",37.631828308105469,-121.32433319091797,"SAN JOAQUIN",UNINCORPORATED,-121.32433319091797,37.632209777832031
91481070,2021,2021-06-09,9265,2021-05-14,2230,021163,,5,3,9,3900,0,3,5,,2,010,"E. RIVER RD.","BRENNAN RD",1570.00,E,N,A,-,N,,,,,,,,,,Y,2,0,1,1,A,-,08,22107,,N,E,I,A,A,H,-,D,D,0,,,,,Y,,D,22,1,0,0,0,0,0,0,0,0,"- ","- ",37.757881164550781,-121.00943756103516,"SAN JOAQUIN",UNINCORPORATED,-121.00881195068359,37.758167266845703
91482111,2021,2021-05-27,9265,2021-05-16,1820,022356,,7,2,6,3905,0,1,1,,2,503,"I-5 N/B","ANDERSON ST",550.00,N,N,A,-,Y,,,5,,,,,,N,Y,2,0,1,2,A,-,03,22350,,F,C,C,A,A,H,-,A,D,0,,,Y,,Y,,-,"- ",1,0,0,0,0,0,0,0,1,"- ","- ",37.942470550537109,-121.29827880859375,"SAN JOAQUIN",STOCKTON,-121.29834747314453,37.942459106445312
91482146,2021,2021-05-27,9265,2021-05-16,1919,021644,,7,2,9,3900,0,1,3,,1,062,SR-88,"KETTLEMAN LN",1214.00,E,N,A,-,Y,,,88,,,,,,,Y,2,0,7,2,A,-,01,23152,A,N,A,C,A,A,H,-,A,D,0,,,,,Y,Y,A,07,4,1,2,0,0,0,0,0,0,"- ","- ",38.119808197021484,-121.17209625244141,"SAN JOAQUIN",UNINCORPORATED,-121.17210388183594,38.11981201171875
91485145,2021,2021-05-28,9265,2021-04-26,1640,021163,,1,2,9,3900,0,1,3,,1,062,SR-88,"EIGHT MILE RD",96.00,W,N,A,-,Y,,,,,,,,,,Y,1,1,1,2,A,-,03,22350,,N,C,C,A,A,H,-,A,A,0,,,,Y,Y,,E,22,0,0,1,0,0,0,0,0,0,"- ","- ",38.057651519775391,-121.88661956787109,"SAN JOAQUIN",UNINCORPORATED,-121.18869781494141,38.058040618896484
91491193,2021,2021-06-07,9266,2021-05-28,2040,013650,,5,2,9,3900,0,3,5,,2,002,"CORRAL HOLLOW ROAD",I-580,5280.00,S,N,A,-,N,,,,,,,,,,Y,2,0,1,1,A,-,08,22107,,N,F,A,A,A,H,-,D,D,0,,,Y,,Y,,C,02,1,0,0,0,0,0,0,0,1,"- ","- ",37.661289215087891,-121.47110748291016,"SAN JOAQUIN",UNINCORPORATED,-121.45783233642578,37.671791076660156
91494355,2021,2021-06-10,9265,2021-05-29,0150,021401,,6,3,9,3900,0,3,5,,2,090,"SR-99 W. FRONTAGE RD","CHRISTIAN LIFE WAY",140.00,S,N,A,-,N,,,99,,,,,,,Y,2,0,1,1,A,-,01,23152,A,N,E,I,A,A,H,-,D,D,0,,,,,Y,Y,A,01,1,0,0,0,0,0,0,0,0,"- ","- ",38.023941040039062,-121.2587890625,"SAN JOAQUIN",UNINCORPORATED,-121.25833892822266,38.023944854736328
91494839,2021,2021-06-11,9265,2021-05-29,1330,019885,,6,1,9,3900,0,3,5,,2,040,"HOLT RD","MCDONALD RD",4846.00,N,N,A,-,N,,,,,,,,,,N,2,0,1,1,A,-,03,22350,,N,H,A,A,A,H,-,A,D,0,,,Y,,Y,,C,02,1,0,0,0,0,0,0,0,1,"- ","- ",37.968940734863281,-121.42218017578125,"SAN JOAQUIN",UNINCORPORATED,-121.42212677001953,37.955608367919922
91497440,2021,2021-06-15,9265,2021-06-03,1121,018511,,4,1,9,3900,0,3,5,,2,020,"SR-99 W FRONTAGE RD","FRENCH CAMP RD",1430.00,S,N,A,-,N,,,99,,,,,,,Y,2,0,1,2,A,-,09,21801,A,N,A,C,A,A,H,-,A,D,0,,,Y,,Y,,D,22,1,0,0,0,0,0,0,0,1,"- ","- ",37.8560791015625,-121.21887969970703,"SAN JOAQUIN",UNINCORPORATED,-121.21870422363281,37.856086730957031
91498849,2021,2021-06-16,9265,2021-06-07,0725,015490,,1,1,9,3900,0,1,3,,2,006,"SR-99 S/B","COLLIER RD.",700.00,N,N,A,-,Y,,,99,,,,,,S,Y,2,0,2,1,A,-,08,22107,,N,E,I,A,A,H,-,A,A,0,,,,,Y,,A,07,1,1,0,0,0,0,0,0,0,"- ","- ",38.220539093017578,-121.27210235595703,"SAN JOAQUIN",UNINCORPORATED,-121.27214813232422,38.220508575439453
91499215,2021,2021-06-17,9265,2021-06-05,0218,021537,,6,3,9,3900,0,3,5,,2,060,"TULLY ROAD","EIGHT MILE ROAD",9.00,N,N,A,-,N,,,,,,,,,,Y,2,0,3,1,A,-,08,22107,,N,E,I,A,A,H,-,D,D,0,,,,,Y,,A,01,1,0,2,0,0,0,0,0,0,"- ","- ",38.059459686279297,-121.12429046630859,"SAN JOAQUIN",UNINCORPORATED,-121.12397003173828,38.05926513671875
91499316,2021,2021-06-17,9265,2021-06-06,1803,021644,,7,2,9,3900,0,3,5,,2,090,"WOODSON RD","SR-99 WEST FRONTAGE RD",0.00,,Y,A,-,N,,,,,,,,,,Y,2,0,1,2,A,-,08,22107,,N,A,C,A,A,H,-,A,D,0,,,Y,,Y,Y,D,22,1,0,0,0,0,0,0,0,1,"- ","- ",38.204841613769531,-121.26490020751953,"SAN JOAQUIN",UNINCORPORATED,-121.2649,38.204841999999999
91499672,2021,2021-06-17,9265,2021-06-07,2105,017439,,1,2,4,3903,0,1,3,,2,025,"STATE ROUTE 120 E/B","MCKINLEY AVE",647.00,W,N,A,-,Y,,,,,,,,,,Y,2,0,2,2,A,-,08,22107,,N,D,D,A,A,H,-,D,D,0,,,,,Y,,D,22,1,1,0,0,0,0,0,0,0,"- ","- ",37.788848876953125,-121.27749633789062,"SAN JOAQUIN",MANTECA,-121.27266693115234,37.785308837890625
91500455,2021,2021-06-18,9265,2021-06-08,1715,020785,,2,2,9,3900,0,3,5,,2,090,"DEVRIES RD",SR-12,1142.00,S,N,A,-,N,,,,,,,,,,Y,2,0,1,2,A,-,09,21804,A,N,D,C,A,A,H,-,A,D,0,,,Y,,Y,,D,22,1,0,0,0,0,0,0,0,1,"- ","- ",38.112571716308594,-121.3524169921875,"SAN JOAQUIN",UNINCORPORATED,-121.35245513916016,38.112632751464844
91504671,2021,2021-06-23,9265,2021-06-12,2035,022356,,6,2,9,3900,0,2,4,,1,015,"ESCALON BELLOTA RD","LONE TREE RD",890.00,N,N,A,-,N,,,,,,,,,,Y,2,0,4,1,A,-,01,23152,A,N,F,A,A,A,H,-,A,D,0,,,,,Y,Y,D,22,1,0,3,0,0,0,0,0,0,"- ","- ",37.83013916015625,-120.99784088134766,"SAN JOAQUIN",UNINCORPORATED,-120.99768829345703,37.830123901367188
91511062,2021,2021-07-01,9265,2021-06-20,2258,021787,,7,3,9,3900,0,1,3,,2,004,SR-99,"WILSON WAY OVERCROSSING",55.00,S,N,A,-,Y,,,99,,,,,,,Y,2,0,2,1,A,-,08,22107,,N,E,I,A,A,H,-,D,D,0,,,,,Y,,D,22,1,0,1,0,0,0,0,0,0,"- ","- ",38.002998352050781,-121.25739288330078,"SAN JOAQUIN",UNINCORPORATED,-121.25745391845703,38.002956390380859
91512053,2021,2021-07-02,9265,2021-06-23,1355,022134,,3,1,9,3900,0,3,5,,2,010,"COMETA RD.","SOUTH HENRY ROAD",530.00,W,N,A,-,N,,,,,,,,,,Y,2,0,1,1,A,-,08,22107,,N,E,I,A,A,H,-,A,D,0,,,Y,,Y,,C,06,1,0,0,0,0,0,0,0,1,"- ","- ",37.513210296630859,-120.56683349609375,"SAN JOAQUIN",UNINCORPORATED,-120.94332122802734,37.8543701171875
91516581,2021,2021-07-09,9265,2021-06-30,1934,022365,,3,2,9,3900,0,1,1,,2,505,"I-5 NB","WALNUT GROVE RD",1109.00,S,N,A,-,Y,,,5,,,,,,N,Y,2,0,1,1,A,-,01,23152,F,N,E,I,A,A,H,-,A,D,0,,,,,Y,,A,01,1,0,0,0,0,0,0,0,0,"- ","- ",38.223041534423828,-121.42829895019531,"SAN JOAQUIN",UNINCORPORATED,-121.42839813232422,38.222972869873047
91516764,2021,2022-01-12,9265,2021-06-18,1935,022155,,5,2,9,3900,0,2,S,,2,034,"LIBERTY RD.","SOWLES ROAD",2585.00,E,N,A,-,N,,,,,,,,,,Y,1,1,0,1,A,-,08,22107,,N,E,I,A,A,H,-,A,D,0,,,,,Y,,A,01,0,0,0,0,0,0,0,0,0,"- ","- ",38.234630584716797,-121.180908203125,"SAN JOAQUIN",UNINCORPORATED,-121.18087768554688,38.234561920166016
91516837,2021,2021-07-09,9265,2021-07-03,0110,021625,,6,3,9,3900,0,1,3,,1,013,"STATE ROUTE 4","KAISER RD",4224.00,W,N,A,-,N,,,4,,,,,,,Y,2,0,2,1,A,-,01,23152,A,N,E,I,A,A,H,-,D,D,0,,,,,Y,Y,A,01,2,0,0,0,0,0,0,0,0,"- ","- ",37.949138641357422,-121.17986297607422,"SAN JOAQUIN",UNINCORPORATED,-121.17986297607422,37.949085235595703
91517052,2021,2021-07-09,9265,2021-05-15,0634,017405,,6,1,2,3920,0,1,1,,2,502,"I-5 N/B","LOUISE AVE.",1690.00,N,N,A,-,Y,,,5,,,,,,N,Y,2,0,5,2,A,-,08,22107,,N,C,2,A,A,H,-,A,D,0,,,,Y,Y,,D,22,2,3,0,0,0,0,0,0,0,"- ","- ",37.816341400146484,-121.29376220703125,"SAN JOAQUIN",LATHROP,-121.29376983642578,37.81634521484375
91517952,2021,2021-07-12,9265,2021-07-04,0219,021625,,7,3,9,3900,0,1,3,,1,061,"STATE ROUTE 26","AVALON DRIVE",147.00,E,N,A,-,N,,,26,,,,,,,N,2,0,2,1,A,-,08,22107,,N,E,I,A,A,H,-,D,D,0,,,,,Y,,A,01,2,0,0,0,0,0,0,0,0,"- ","- ",37.978000640869141,-121.21775054931641,"SAN JOAQUIN",UNINCORPORATED,-121.21772766113281,37.977897644042969
91521162,2021,2021-07-15,9265,2021-07-09,1750,022356,,5,2,9,3900,0,2,4,,1,014,"MARIPOSA RD","CARPENTER RD",0.00,,Y,A,-,N,,,,,,,,,,Y,2,0,1,2,A,-,01,23152,A,N,B,C,A,A,H,-,A,A,0,,,,,Y,Y,A,01,1,0,0,0,0,0,0,0,0,"- ","- ",37.928169250488281,-121.21678924560547,"SAN JOAQUIN",UNINCORPORATED,-121.21671295166016,37.928150177001953
91521895,2021,2021-07-16,9265,2021-06-28,2145,021401,,1,2,6,3905,0,1,3,,1,042,"SR-4 W/B","AIRPORT WAY",102.00,W,N,A,-,Y,,,4,,,,,,W,Y,2,0,1,2,A,-,01,23152,A,N,E,I,F,A,H,-,D,D,0,Y,,,,Y,Y,A,01,1,0,0,0,1,0,0,0,0,"- ","- ",37.952888488769531,-121.27413177490234,"SAN JOAQUIN",STOCKTON,-121.27413940429688,37.952953338623047
91523438,2021,2021-07-19,9265,2021-05-13,0732,017405,,4,1,2,3920,0,1,3,,2,025,"SR-120 W/B","CALL BOX SJ-120-17",528.00,E,N,A,-,Y,,,,,,,,,,Y,2,0,3,4,A,-,03,22350,,N,C,2,A,A,H,-,A,D,0,,,,,Y,,A,01,1,2,0,0,0,0,0,0,0,"- ","- ",37.785678863525391,-121.30660247802734,"SAN JOAQUIN",LATHROP,,
91524277,2021,2021-07-20,9266,2021-07-08,1400,018888,,4,2,9,3900,0,3,5,,2,001,"CORRAL HOLLOW ROAD","LAMMERS ROAD",0.00,,Y,A,-,N,,,,,,,,,,Y,2,0,2,2,A,-,09,21802,A,N,D,C,A,A,H,-,A,A,0,,,,,Y,,D,22,1,0,1,0,0,0,0,0,0,"- ","- ",37.890419006347656,-121.45346832275391,"SAN JOAQUIN",UNINCORPORATED,-121.45346069335938,37.7904052734375
91525634,2021,2021-07-21,9265,2021-06-23,2159,022123,,3,2,9,3900,0,1,1,,2,503,"I-5 N/B","TELEGRAPH AVE",528.00,N,N,A,-,Y,,,5,,,,,,N,Y,2,0,4,4,A,-,03,22350,,F,C,C,A,A,H,-,D,D,0,,,,,Y,,-,99,2,1,1,0,0,0,0,0,0,"- ","- ",37.975639343261719,-121.33968353271484,"SAN JOAQUIN",UNINCORPORATED,-121.33970642089844,37.975627899169922
91526423,2021,2021-07-22,9265,2021-07-15,1842,022356,,4,2,9,3900,0,1,3,,2,003,SR-99SB,"MYRTLE ST",20.00,S,N,A,-,Y,,,99,,,,,,,Y,2,0,1,2,A,-,07,21658,A,M,B,C,A,A,H,-,A,D,0,,,Y,,Y,,C,02,1,0,0,0,0,0,0,0,1,"- ","- ",37.964260101318359,-121.24334716796875,"SAN JOAQUIN",UNINCORPORATED,-121.24315643310547,37.964340209960938
91527405,2021,2021-07-23,9266,2021-07-05,1432,018365,,1,2,9,3900,0,1,1,,2,021,"I-580 W/B","CORRAL HOLLOW ROAD",2640.00,E,N,A,-,Y,,,,,,,,,,Y,2,0,5,1,A,-,08,22107,,N,F,A,A,A,H,-,A,D,0,,,,,Y,,A,07,4,1,0,0,0,0,0,0,0,"- ","- ",37.400600433349609,-121.2705078125,"SAN JOAQUIN",UNINCORPORATED,-121.45113372802734,37.668746948242188
91529011,2021,2021-07-26,9265,2021-07-08,2200,019139,,4,3,9,3900,0,2,4,,1,093,"LOWER SACRAMENTO RD","ACAMPO RD",2600.00,S,N,A,-,N,,,,,,,,,,Y,2,0,2,2,A,-,05,21460,A,N,A,C,A,A,H,-,D,D,0,,,,,Y,,A,01,1,0,1,0,0,0,0,0,0,"- ","- ",38.167488098144531,-121.29495239257812,"SAN JOAQUIN",UNINCORPORATED,-121.29493713378906,38.167560577392578
91530016,2021,2021-07-27,9266,2021-07-25,0023,021822,,7,3,9,3900,0,2,4,,1,016,"GRANT LINE ROAD","EL RANCHO ROAD",281.00,E,N,A,-,N,,,,,,,,,,Y,2,0,1,1,A,-,03,22350,,N,E,I,A,A,H,-,C,D,0,,,,,Y,,A,01,1,0,0,0,0,0,0,0,0,"- ","- ",37.754558563232422,-121.37120819091797,"SAN JOAQUIN",UNINCORPORATED,-121.37197875976562,37.754692077636719
9153012,2020,2020-11-09,3902,2020-08-24,1632,GJ106,,1,5,5,3902,0,0,0,,0,,"S WASHINGTON ST","MAPLE ST",5.00,N,N,A,-,N,,,,,,,,,,N,2,0,1,2,A,-,05,21650,,F,D,G,A,A,H,-,A,A,0,,Y,,,Y,,A,01,1,0,0,0,0,0,1,0,0,"- ","- ",,,"SAN JOAQUIN",LODI,-121.26741790771484,38.124824523925781
91531794,2021,2021-07-29,9265,2021-06-19,2220,021163,,6,3,9,3900,0,3,5,,2,010,"ESCALON BELLOTA RD","ELM ST",4646.00,S,N,A,-,N,,,,,,,,,,Y,2,0,1,2,A,-,03,22350,,N,C,C,A,A,H,-,D,D,0,,,Y,,Y,,C,02,1,0,0,0,0,0,0,0,1,"- ","- ",37.91619873046875,-121.00009918212891,"SAN JOAQUIN",UNINCORPORATED,-121.00011444091797,37.916294097900391
91531835,2021,2021-07-29,9265,2021-07-21,2218,022123,,3,3,9,3900,0,1,1,,2,503,"I-5 N/B","FRENCH CAMP RD",2640.00,N,N,A,-,Y,,,5,,,,,,N,Y,2,0,1,2,A,-,03,22350,,N,C,C,A,A,H,-,D,D,0,,,Y,,Y,,A,01,1,0,0,0,0,0,0,0,1,"- ","- ",37.904048919677734,-121.28617858886719,"SAN JOAQUIN",UNINCORPORATED,-121.28614807128906,37.904064178466797
91535207,2021,2021-08-02,9265,2021-06-20,0048,021625,,7,3,9,3900,0,1,3,,1,061,SR-26,"N. MURRAY ROAD",2112.00,W,N,A,-,Y,,,26,,,,,,,Y,1,1,1,1,A,-,01,23152,G,N,E,I,A,A,H,-,D,D,0,,,,,Y,Y,A,01,0,1,0,0,0,0,0,0,0,"- ","- ",38.008979797363281,-121.12088012695312,"SAN JOAQUIN",UNINCORPORATED,-121.12084197998047,38.008857727050781
91535863,2021,2021-08-03,9266,2021-07-22,1420,018888,,4,2,9,3900,0,1,1,,2,014,"I-205 E/B","BYRON ROAD",528.00,E,N,A,-,Y,,,205,,,,,,E,Y,2,0,1,2,A,-,07,21658,A,N,B,C,A,A,H,-,A,D,0,,,Y,,Y,,D,22,1,0,0,0,0,0,0,0,1,"- ","- ",37.749420166015625,-121.47442626953125,"SAN JOAQUIN",UNINCORPORATED,-121.47439575195312,37.749336242675781
91539162,2021,2021-08-06,9265,2021-07-26,2153,020071,,1,2,9,3900,0,3,5,,2,020,"W RIPON ROAD","AUSTIN RD",2324.00,E,N,A,-,N,,,,,,,,,,Y,2,0,1,2,A,-,08,22107,,N,A,C,A,A,H,-,D,D,0,,,Y,,Y,,C,02,1,0,0,0,0,0,0,0,1,"- ","- ",37.739429473876953,-121.17056274414062,"SAN JOAQUIN",UNINCORPORATED,-121.17068481445312,37.739448547363281
91539192,2021,2021-08-06,9265,2021-06-16,1421,021644,,3,2,5,3902,0,1,3,,2,006,"SR-99 N/B TO CHEROKEE LN","HARNEY LN",2112.00,N,N,A,-,Y,,,99,,,,R,,N,Y,1,1,0,1,A,-,01,23152,G,N,E,I,A,A,H,-,A,A,0,,,,,Y,Y,A,07,0,0,0,0,0,0,0,0,0,"- ","- ",38.108249664306641,-121.25900268554688,"SAN JOAQUIN",LODI,-121.25900268554688,38.108249664306641
91540009,2021,2021-08-09,9265,2021-07-16,1800,021526,,5,2,9,3900,0,3,5,,2,090,"WOODBRIDGE RD","LUCAS RD",1214.00,W,N,A,-,N,,,,,,,,,,Y,2,0,1,2,A,-,03,22350,,N,D,C,A,A,H,-,A,D,0,,,Y,Y,Y,,C,02,1,0,0,0,0,0,0,0,1,"- ","- ",38.159400939941406,-121.32264709472656,"SAN JOAQUIN",UNINCORPORATED,-121.32254791259766,38.159389495849609