CASE_ID,ACCIDENT_YEAR,PROC_DATE,JURIS,COLLISION_DATE,COLLISION_TIME,OFFICER_ID,REPORTING_DISTRICT,DAY_OF_WEEK,CHP_SHIFT,POPULATION,CNTY_CITY_LOC,SPECIAL_COND,BEAT_TYPE,CHP_BEAT_TYPE,CITY_DIVISION_LAPD,CHP_BEAT_CLASS,BEAT_NUMBER,PRIMARY_RD,SECONDARY_RD,DISTANCE,DIRECTION,INTERSECTION,WEATHER_1,WEATHER_2,STATE_HWY_IND,CALTRANS_COUNTY,CALTRANS_DISTRICT,STATE_ROUTE,ROUTE_SUFFIX,POSTMILE_PREFIX,POSTMILE,LOCATION_TYPE,RAMP_INTERSECTION,SIDE_OF_HWY,TOW_AWAY,COLLISION_SEVERITY,NUMBER_KILLED,NUMBER_INJURED,PARTY_COUNT,PRIMARY_COLL_FACTOR,PCF_CODE_OF_VIOL,PCF_VIOL_CATEGORY,PCF_VIOLATION,PCF_VIOL_SUBSECTION,HIT_AND_RUN,TYPE_OF_COLLISION,MVIW,PED_ACTION,ROAD_SURFACE,ROAD_COND_1,ROAD_COND_2,LIGHTING,CONTROL_DEVICE,CHP_ROAD_TYPE,PEDESTRIAN_ACCIDENT,BICYCLE_ACCIDENT,MOTORCYCLE_ACCIDENT,TRUCK_ACCIDENT,NOT_PRIVATE_PROPERTY,ALCOHOL_INVOLVED,STWD_VEHTYPE_AT_FAULT,CHP_VEHTYPE_AT_FAULT,COUNT_SEVERE_INJ,COUNT_VISIBLE_INJ,COUNT_COMPLAINT_PAIN,COUNT_PED_KILLED,COUNT_PED_INJURED,COUNT_BICYCLIST_KILLED,COUNT_BICYCLIST_INJURED,COUNT_MC_KILLED,COUNT_MC_INJURED,PRIMARY_RAMP,SECONDARY_RAMP,LATITUDE,LONGITUDE,COUNTY,CITY,POINT_X,POINT_Y
91540066,2021,2021-08-09,9265,2021-07-28,2338,018784,,3,3,9,3900,0,1,1,,2,503,"I-5 S/B","PERSHING AVE",738.00,N,N,A,-,Y,,,,,,,,,,Y,2,0,5,2,A,-,03,22350,,N,C,C,A,A,D,-,C,D,0,,,,,Y,,A,07,1,4,0,0,0,0,0,0,0,"- ","- ",37.955558776855469,-121.31485748291016,"SAN JOAQUIN",UNINCORPORATED,-121.31434631347656,37.955387115478516
91540069,2021,2021-08-09,9265,2021-05-24,1656,022155,,1,2,9,3900,0,1,S,,2,034,SR-26,"ALPINE RD.",2950.00,W,N,A,-,Y,,,26,,,,,,,Y,1,1,0,1,A,-,01,23152,A,N,E,I,A,A,H,-,A,D,0,,,,,Y,Y,A,01,0,0,0,0,0,0,0,0,0,"- ","- ",37.982311248779297,-121.20130920410156,"SAN JOAQUIN",UNINCORPORATED,-121.20134735107422,37.982364654541016
91541464,2021,2021-08-10,9265,2021-07-30,1135,019182,,5,1,4,3903,0,1,3,,2,025,"SR-120 W/B","UNION RD",230.00,W,N,A,-,Y,,,120,,,,,,W,Y,2,0,3,4,A,-,03,22350,,N,C,C,A,A,H,-,A,D,0,,,,,Y,,A,07,1,1,1,0,0,0,0,0,0,"- ","- ",37.783451080322266,-121.23512268066406,"SAN JOAQUIN",MANTECA,-121.23512268066406,37.783473968505859
91543680,2021,2021-08-12,9265,2021-08-08,0512,021440,,7,3,9,3900,0,1,1,,2,504,"W/B SR-4 CONNECTOR TO I-5 S/B","CHURCH ST",235.00,E,N,A,-,Y,,,,,,,,,,Y,2,0,1,1,A,-,01,23152,A,N,E,I,A,A,H,-,D,D,0,,,,,Y,Y,A,01,1,0,0,0,0,0,0,0,0,"- ","- ",37.94580078125,-121.29981231689453,"SAN JOAQUIN",UNINCORPORATED,-121.30890655517578,37.944698333740234
91543883,2021,2021-08-12,9266,2021-08-05,1805,013650,,4,2,9,3900,0,1,1,,2,021,"I-580 E/B","CORRAL HOLLOW RD",4752.00,W,N,A,-,Y,,,,,,,,,,Y,2,0,1,4,A,-,03,22350,,N,C,C,A,A,H,-,A,D,0,,,,,Y,,A,07,1,0,0,0,0,0,0,0,0,"- ","- ",37.680980682373047,-121.47177124023438,"SAN JOAQUIN",UNINCORPORATED,-121.46873474121094,37.679008483886719
91544422,2021,2021-08-13,9265,2021-07-16,0513,021537,,5,3,9,3900,0,1,3,,1,067,SR-88,"LIBERTY RD",0.00,,Y,A,-,Y,,,88,,,,,,,Y,2,0,1,2,A,-,09,21802,A,N,D,2,A,A,H,-,B,A,0,,,,,Y,,D,22,1,0,0,0,0,0,0,0,0,"- ","- ",38.236110687255859,-121.05091857910156,"SAN JOAQUIN",UNINCORPORATED,-121.05098724365234,38.236160278320312
91544730,2021,2021-08-13,9265,2021-07-18,1335,018836,,7,1,9,3900,0,1,3,,1,061,SR-26,"MURRAY RD",813.00,W,N,A,-,Y,,,26,,,,,,,Y,2,0,4,4,A,-,03,22350,,N,C,C,A,A,H,-,A,D,0,,,,,Y,Y,A,01,1,1,2,0,0,0,0,0,0,"- ","- ",38.010158538818359,-121.11640930175781,"SAN JOAQUIN",UNINCORPORATED,-121.11640930175781,38.010166168212891
91545566,2021,2021-08-16,9265,2021-07-07,1850,022155,,3,2,9,3900,0,3,5,,2,010,"LONE TREE RD","BRENNAN RD",262.00,W,N,A,-,N,,,,,,,,,,N,1,1,1,2,A,-,01,23152,A,N,D,C,A,A,H,-,A,D,0,,,,,Y,Y,M,46,0,1,0,0,0,0,0,0,0,"- ","- ",37.827671051025391,-121.01699829101562,"SAN JOAQUIN",UNINCORPORATED,-121.01685333251953,37.827625274658203
91545632,2021,2021-08-16,9266,2021-08-06,1145,013668,,5,1,2,3920,0,1,1,,2,024,"I-5 S/B","SAN JOAQUIN RIVER BRIDGE",1207.00,S,N,A,-,Y,,,5,,,,,,S,Y,2,0,5,2,A,-,08,22107,,N,B,2,A,A,H,-,A,D,0,,,,,Y,,E,22,1,2,2,0,0,0,0,0,0,"- ","- ",37.783180236816406,-121.30986022949219,"SAN JOAQUIN",LATHROP,-121.30987548828125,37.783210754394531
91546133,2021,2021-08-16,9265,2021-08-07,1608,022356,,6,2,9,3900,0,3,5,,2,060,"ESCALON BELLOTA RD","SHELTON RD",60.00,N,N,A,-,N,,,,,,,,,,Y,2,0,1,1,A,-,08,22107,,N,E,I,A,A,H,-,A,D,0,,,Y,,Y,,C,02,1,0,0,0,0,0,0,0,1,"- ","- ",38.049320220947266,-121.01416778564453,"SAN JOAQUIN",UNINCORPORATED,-121.01421356201172,38.049304962158203
91547830,2021,2021-08-18,9265,2021-08-07,1520,021644,,6,2,9,3900,0,1,3,,1,061,"SR-26 W/B",SR-99,85.00,E,N,A,-,Y,,,26,,,,,,W,N,2,0,1,1,A,-,03,22350,,N,F,A,A,A,H,-,A,D,0,,Y,,,Y,,L,04,1,0,0,0,0,0,1,0,0,"- ","- ",37.97003173828125,-121.24529266357422,"SAN JOAQUIN",UNINCORPORATED,-121.24532318115234,37.970111846923828
91549437,2021,2021-08-19,9265,2021-07-27,1920,015756,,2,2,9,3900,0,2,4,,1,014,"MARIPOSA AVE","JACK TONE ROAD",0.00,,Y,A,-,N,,,,,,,,,,Y,2,0,6,2,A,-,12,22450,A,N,D,C,A,A,H,-,A,A,0,,,,,Y,,A,01,1,0,5,0,0,0,0,0,0,"- ","- ",37.905029296875,-121.14726257324219,"SAN JOAQUIN",UNINCORPORATED,-121.14730072021484,37.905029296875
91549657,2021,2021-08-19,9265,2021-06-05,1033,020513,,6,1,9,3900,0,1,3,,1,062,SR-88,"SR-12 (VICTOR ROAD)",2950.00,W,N,A,-,Y,,,88,,,,,,,Y,1,1,0,2,A,-,05,21460,A,N,A,C,A,A,H,-,A,D,0,,,,Y,Y,Y,A,01,0,0,0,0,0,0,0,0,0,"- ","- ",38.130901336669922,-121.16616058349609,"SAN JOAQUIN",UNINCORPORATED,-121.16616821289062,38.130905151367188
91551768,2021,2021-08-23,9265,2021-05-28,0543,017405,,5,3,9,3900,0,1,1,,2,502,"I-5B S/B","FRENCH CAMP RD.",515.00,S,N,A,-,Y,,,5,,,,,,S,Y,1,1,2,2,A,-,08,22107,,N,D,C,A,A,H,-,B,D,0,,,,,Y,,A,07,0,2,0,0,0,0,0,0,0,"- ","- ",37.895820617675781,-121.28343200683594,"SAN JOAQUIN",UNINCORPORATED,-121.28350830078125,37.895793914794922
91551880,2021,2021-08-23,9265,2021-07-19,1540,020785,,1,2,9,3900,0,3,5,,2,090,"DEVRIES RD","TREDWAY ROAD",0.00,,Y,A,-,N,,,,,,,,,,Y,1,1,2,2,A,-,09,21804,A,N,D,C,A,A,H,-,A,D,0,,,,,Y,,A,01,0,1,1,0,0,0,0,0,0,"- ","- ",38.097640991210938,-121.35224151611328,"SAN JOAQUIN",UNINCORPORATED,-121.35227203369141,38.097610473632812
91553994,2021,2021-08-25,9265,2021-06-08,1639,022155,,2,2,9,3900,0,1,3,,1,061,SR-26,"ALPINE RD.",1500.00,W,N,A,-,Y,,,26,,,,,,,Y,1,1,1,2,A,-,01,23152,A,N,A,C,A,A,H,-,A,D,0,,,,,Y,Y,D,22,0,0,1,0,0,0,0,0,0,"- ","- ",37.983020782470703,-121.20059204101562,"SAN JOAQUIN",UNINCORPORATED,-121.20058441162109,37.983009338378906
91554856,2021,2021-08-26,9265,2021-07-19,0220,021401,,1,3,9,3900,0,1,1,,2,502,"I-5 N/B","EL DORADO STREET",1311.00,S,N,A,-,Y,,,5,,,,,,N,Y,1,1,0,1,A,-,01,23152,F,N,E,I,A,A,H,-,D,D,0,,,,,Y,,A,01,0,0,0,0,0,0,0,0,0,"- ","- ",37.871589660644531,-121.27749633789062,"SAN JOAQUIN",UNINCORPORATED,-121.27756500244141,37.871597290039062
91554880,2021,2021-08-26,9265,2021-08-03,1007,018511,,2,1,9,3900,0,2,4,,1,064,"JACK TONE ROAD","KETTLEMAN LANE",1889.00,S,N,A,-,N,,,,,,,,,,Y,1,1,0,1,A,-,01,23152,A,N,E,I,A,A,H,-,A,D,0,,,,,Y,Y,A,01,0,0,0,0,0,0,0,0,0,"- ","- ",38.111480712890625,-121.15090179443359,"SAN JOAQUIN",UNINCORPORATED,-121.15087127685547,38.111522674560547
91555113,2021,2021-08-31,9266,2021-08-17,1700,013668,,2,2,9,3900,0,1,3,,1,025,SR-33,"E. VERNALIS ROAD",0.00,,Y,A,-,Y,,,33,,,,,,,Y,2,0,3,2,A,-,09,21802,A,N,D,C,A,A,H,-,A,A,0,,,,,Y,,A,01,3,0,0,0,0,0,0,0,0,"- ","- ",37.638591766357422,-121.29598999023438,"SAN JOAQUIN",UNINCORPORATED,-121.29601287841797,37.638565063476562
91558801,2021,2021-09-08,9265,2021-08-18,0850,017405,,3,1,9,3900,0,1,1,,2,502,"I-5 N/B","MATHEWS ROAD",28.00,N,N,A,-,Y,,,5,,,,,,N,Y,1,1,0,1,A,-,08,22107,,N,E,8,A,A,H,-,A,D,0,,,,Y,Y,,F,27,0,0,0,0,0,0,0,0,0,"- ","- ",37.882061004638672,-121.27877044677734,"SAN JOAQUIN",UNINCORPORATED,-121.27867889404297,37.882072448730469
91559418,2021,2022-01-12,9265,2021-08-28,1402,021644,,6,2,9,3900,0,1,3,,1,067,SR-88,"LIBERTY RD",0.00,,Y,A,-,Y,,,88,,,,,,,Y,1,1,2,2,A,-,09,21802,A,N,D,C,A,A,H,-,A,A,0,,,,,Y,,A,08,1,1,0,0,0,0,0,0,0,"- ","- ",38.236061096191406,-121.05106353759766,"SAN JOAQUIN",UNINCORPORATED,-121.05106353759766,38.236064910888672
91564147,2021,2021-09-07,9265,2021-06-11,1730,022365,,5,2,9,3900,0,1,3,,2,006,"SR-99 S/B","LIBERTY ROAD",712.00,S,N,A,-,Y,,,99,,,,,,S,Y,1,1,1,2,A,-,08,22107,,N,E,C,A,A,H,-,A,D,0,,,,,Y,,D,22,1,0,0,0,0,0,0,0,0,"- ","- ",38.231639862060547,-121.27919769287109,"SAN JOAQUIN",UNINCORPORATED,-121.27922821044922,38.231620788574219
91564200,2021,2021-09-07,9265,2021-07-27,1750,021781,,2,2,9,3900,0,1,3,,1,062,SR-88,"TOKAY COLONY",4224.00,E,N,A,-,Y,,,,,,,,,,N,2,0,1,2,A,-,05,21460,A,N,B,C,A,A,H,-,A,D,0,,,Y,,Y,,C,02,1,0,0,0,0,0,0,0,1,"- ","- ",37.0943603515625,-121.18052673339844,"SAN JOAQUIN",UNINCORPORATED,-121.18040466308594,38.09478759765625
91564224,2021,2021-09-07,9265,2021-07-11,0330,021163,,7,3,4,3903,0,1,3,,2,025,"SR-120 E/B TO UNION ROAD","UNION RD.",28.00,W,N,A,-,Y,,,120,,,,R,,E,Y,1,1,0,1,A,-,01,23152,G,N,E,8,A,A,H,-,C,A,0,,,,,Y,Y,A,01,0,0,0,0,0,0,0,0,0,"- ","- ",37.784400939941406,-121.23406982421875,"SAN JOAQUIN",MANTECA,-121.23406982421875,37.784400939941406
91564486,2021,2021-09-07,9265,2021-08-07,2040,021781,,6,2,9,3900,0,3,5,,2,010,"SEXTON ROAD","LONE OAK ROAD",15.00,N,N,A,-,N,,,,,,,,,,N,2,0,1,2,A,-,08,22107,,N,E,I,A,A,H,-,D,D,0,,,Y,,Y,,C,06,1,0,0,0,0,0,0,0,1,"- ","- ",37.766620635986328,-121.03292083740234,"SAN JOAQUIN",UNINCORPORATED,-121.03295135498047,37.766670227050781
91568781,2021,2021-09-13,9265,2021-09-10,1635,022356,,5,2,9,3900,0,2,4,,1,051,"MAIN ST","SR-99 N/B",36.00,E,N,A,-,N,,,,,,,,,,Y,2,0,3,4,A,-,01,23152,A,N,C,C,A,A,H,-,A,D,0,,,,,Y,Y,A,01,1,0,2,0,0,0,0,0,0,"- ","- ",37.954170227050781,-121.23880004882812,"SAN JOAQUIN",UNINCORPORATED,-121.2388916015625,37.954193115234375
91570102,2021,2021-09-14,9266,2021-09-08,1445,018365,,3,2,9,3900,0,1,1,,2,024,"I-5 N/B","MOSSDALE ROAD U/C",60.00,S,N,A,-,Y,,,5,,,,,,N,N,2,0,1,2,A,-,03,22350,,N,C,C,A,A,H,-,A,D,0,,,,Y,Y,,A,01,1,0,0,0,0,0,0,0,0,"- ","- ",37.779331207275391,-121.31478118896484,"SAN JOAQUIN",UNINCORPORATED,-121.31478881835938,37.779338836669922
91570155,2021,2021-09-14,9265,2021-07-26,2328,021440,,1,3,6,3905,0,1,1,,2,504,"I-5 S/B","MARCH LN",916.00,S,N,A,-,Y,,,5,,,,,,S,N,1,1,1,1,A,-,01,23152,G,N,E,I,A,A,H,-,D,D,0,,,,,Y,Y,A,01,1,0,0,0,0,0,0,0,0,"- ","- ",37.982120513916016,-121.34279632568359,"SAN JOAQUIN",STOCKTON,-121.34268188476562,37.982166290283203
91570854,2021,2021-09-15,9265,2021-09-04,1304,019073,,6,1,9,3900,0,1,1,,2,505,"I-5 S/B","PELTIER ROAD",2795.00,S,N,A,-,Y,,,5,,,,,,S,N,2,0,1,1,A,-,01,23152,A,N,F,A,A,A,H,-,A,D,0,,,Y,,Y,Y,C,02,1,0,0,0,0,0,0,0,1,"- ","- ",38.181720733642578,-121.40045928955078,"SAN JOAQUIN",UNINCORPORATED,-121.40053558349609,38.18170166015625
91574780,2021,2021-09-20,9265,2021-09-03,0100,021401,,5,3,9,3900,0,1,3,,2,001,"SR-99 S/B","JACK TONE RD",1480.00,N,N,A,-,Y,,,99,,,,,,S,N,2,0,1,1,A,-,01,23152,A,N,F,I,A,A,H,-,C,D,0,,,,,Y,Y,A,01,1,0,0,0,0,0,0,0,0,"- ","- ",37.754261016845703,-121.14650726318359,"SAN JOAQUIN",UNINCORPORATED,-121.14643859863281,37.754459381103516
91575245,2021,2021-09-21,9265,2021-09-16,2241,021440,,4,3,9,3900,0,1,3,,2,001,"SR-99 N/B","FRENCH CAMP RD",365.00,S,N,A,-,Y,,,99,,,,,,N,Y,2,0,1,1,A,-,01,23152,A,N,E,I,A,A,H,-,C,D,0,,,,,Y,Y,A,01,1,0,0,0,0,0,0,0,0,"- ","- ",37.858860015869141,-121.21865081787109,"SAN JOAQUIN",UNINCORPORATED,-121.21858215332031,37.858863830566406
91576826,2021,2021-09-22,9265,2021-09-10,2353,022364,,5,3,9,3900,0,1,3,,2,004,"DUNCAN RD","EIGHT MILE ROAD",730.00,S,N,A,-,Y,,,,,,,,,,Y,2,0,3,2,A,-,05,21460,A,N,A,C,A,A,H,-,D,D,0,,,,,Y,,A,07,1,0,2,0,0,0,0,0,0,"- ","- ",38.057861328125,-121.10222625732422,"SAN JOAQUIN",UNINCORPORATED,-121.10165405273438,38.057323455810547
91579278,2021,2021-09-24,9265,2021-09-15,1015,013515,,3,1,9,3900,0,1,3,,1,013,"STATE ROUTE 4","JACK TONE ROAD",25.00,E,N,A,-,Y,,,4,,,,,,,Y,2,0,1,2,A,-,03,22350,,N,C,C,A,A,H,-,A,A,0,,,Y,,Y,,A,01,1,0,0,0,0,0,0,0,1,"- ","- ",37.942131042480469,-121.14791107177734,"SAN JOAQUIN",UNINCORPORATED,-121.14791107177734,37.942119598388672
91579316,2021,2021-09-24,9265,2021-09-15,1830,021284,,3,2,9,3900,0,2,4,,1,052,"CHEROKEE RD","NEWTON RD",378.00,E,N,A,-,N,,,,,,,,,,Y,2,0,1,2,A,-,07,21658,A,N,B,C,A,A,H,-,B,D,0,,,Y,,Y,,A,01,1,0,0,0,0,0,0,0,1,"- ","- ",37.990058898925781,-121.25440979003906,"SAN JOAQUIN",UNINCORPORATED,-121.25453186035156,37.989871978759766
91580661,2021,2021-09-27,9266,2021-09-19,0355,021704,,7,3,9,3900,0,1,1,,1,015,"I-205 W/B","EL RANCHO RD",1500.00,W,N,A,-,Y,,,205,,,,,,W,Y,2,0,1,2,A,-,03,22350,,F,C,C,A,A,H,-,D,D,0,,,,,Y,,-,99,1,0,0,0,0,0,0,0,0,"- ","- ",37.765060424804688,-121.37728118896484,"SAN JOAQUIN",UNINCORPORATED,-121.37728118896484,37.765071868896484
91580828,2021,2021-09-27,9265,2021-09-16,1955,022356,,4,2,9,3900,0,3,5,,2,090,"PERSHING AVE","ST CARLO AVE",120.00,S,N,A,-,N,,,,,,,,,,Y,2,0,1,2,A,-,03,22350,,N,C,C,A,A,H,-,D,D,0,,,,,Y,,A,01,1,0,0,0,0,0,0,0,0,"- ","- ",38.016670227050781,-121.33000183105469,"SAN JOAQUIN",UNINCORPORATED,-121.32991790771484,38.016681671142578
91581309,2021,2021-09-28,9265,2021-09-17,1335,021284,,5,1,9,3900,0,2,4,,1,053,"WATERLOO RD","FILBERT ST",59.00,W,N,A,-,N,,,,,,,,,,Y,2,0,2,2,A,-,09,21804,A,F,D,C,A,A,H,-,A,D,0,,,,,Y,,-,99,1,0,1,0,0,0,0,0,0,"- ","- ",37.976940155029297,-121.26206207275391,"SAN JOAQUIN",UNINCORPORATED,-121.26198577880859,37.976936340332031
91581981,2021,2021-09-28,9265,2021-09-17,2040,021661,,5,2,9,3900,0,2,4,,1,091,"LOWER SACRAMENTO RD N/B","ARMSTRONG RD",833.00,S,N,A,-,N,,,,,,,,,,N,2,0,1,2,A,-,11,21954,A,F,G,B,D,A,H,-,D,D,0,Y,,,,Y,,N,60,1,0,0,0,1,0,0,0,0,"- ","- ",38.084110260009766,-121.31049346923828,"SAN JOAQUIN",UNINCORPORATED,-121.31053924560547,38.084243774414062
91582688,2021,2021-09-29,9265,2021-07-16,1535,021526,,5,2,9,3900,0,3,5,,2,090,"WALNUT GROVE RD","BLOSSOM RD",1372.00,W,N,A,-,N,,,,,,,,,,Y,1,1,1,2,A,-,08,22107,,N,D,G,A,A,H,-,A,D,0,,Y,,,Y,,L,04,0,1,0,0,0,1,0,0,0,"- ","- ",38.225440979003906,-121.45144653320312,"SAN JOAQUIN",UNINCORPORATED,-121.45130920410156,38.225460052490234
91582856,2021,2021-12-03,9265,2021-09-18,2135,021625,,6,2,9,3900,0,1,3,,2,004,"HARNEY LANE","WELLS LN",739.00,E,N,A,-,N,,,,,,,,,,N,2,0,1,2,A,-,11,21954,A,N,G,B,D,A,H,-,D,D,0,Y,,,,Y,,N,60,1,0,0,0,1,0,0,0,0,"- ","- ",38.101299285888672,-121.24466705322266,"SAN JOAQUIN",UNINCORPORATED,-121.24501037597656,38.101299285888672
91584199,2021,2021-09-30,9265,2021-09-10,1650,021526,,5,2,9,3900,0,1,3,,1,092,SR-12,"RAY RD",479.00,W,N,A,-,Y,,,12,,,,,,,Y,2,0,2,2,A,-,09,21804,A,N,D,C,A,A,H,-,A,D,0,,,Y,,Y,,A,07,1,1,0,0,0,0,0,0,2,"- ","- ",38.11614990234375,-121.37242126464844,"SAN JOAQUIN",UNINCORPORATED,-121.37242126464844,38.116119384765625
91584294,2021,2021-09-30,9265,2021-09-21,1955,021526,,2,2,6,3905,0,1,1,,2,504,"I-5 S/B","BENJAMIN HOLT DR",1267.00,N,N,A,-,Y,,,5,,,,,,S,Y,2,0,1,2,A,-,01,23152,A,N,C,C,A,A,H,-,C,D,0,,,,,Y,Y,A,01,1,0,0,0,0,0,0,0,0,"- ","- ",38.008171081542969,-121.35285186767578,"SAN JOAQUIN",STOCKTON,-121.35291290283203,38.008144378662109
91588249,2021,2021-10-05,9266,2021-05-01,1040,013866,,6,1,9,3900,0,1,1,,2,021,"I-580 W/B","TRACY BLVD.",3131.00,E,N,A,-,Y,,,580,,,,,,W,Y,1,1,0,1,A,-,08,22107,,N,F,A,A,A,H,-,A,D,0,,,,,Y,,D,22,0,0,0,0,0,0,0,0,0,"- ","- ",37.65216064453125,-121.42462158203125,"SAN JOAQUIN",UNINCORPORATED,-121.42439270019531,37.65252685546875
91590827,2021,2021-10-07,9265,2021-09-28,0750,019128,,2,1,9,3900,0,1,3,,1,011,SR-120,"JACK TONE ROAD",450.00,W,N,A,-,Y,,,120,,,,,,,Y,2,0,2,2,A,-,03,22350,,N,C,C,A,A,H,-,A,D,0,,,,Y,Y,,A,01,1,0,1,0,0,0,0,0,0,"- ","- ",37.7977294921875,-121.14488220214844,"SAN JOAQUIN",UNINCORPORATED,-121.14488220214844,37.797657012939453
91591574,2021,2021-10-08,9266,2021-10-01,1845,018888,,5,2,9,3900,0,2,4,,2,013,"BYRON ROAD","GRANT LINE ROAD",435.00,S,N,A,-,N,,,,,,,,,,Y,2,0,3,2,A,-,01,23152,A,F,D,C,A,A,H,-,A,A,0,,,,,Y,Y,A,01,1,1,1,0,0,0,0,0,0,"- ","- ",37.753269195556641,-121.48397827148438,"SAN JOAQUIN",UNINCORPORATED,-121.48370361328125,37.753196716308594
91591839,2021,2021-10-08,9266,2021-10-01,1540,013866,,5,2,9,3900,0,1,1,,2,024,"I-5 N/B",I-205,1000.00,N,N,A,-,Y,,,5,,,,,,N,Y,2,0,1,3,A,-,03,22350,,N,B,C,A,A,H,-,A,D,0,,,Y,Y,Y,,C,02,1,0,0,0,0,0,0,0,1,"- ","- ",37.769481658935547,-121.32837677001953,"SAN JOAQUIN",UNINCORPORATED,-121.32836151123047,37.769458770751953
91594209,2021,2021-10-12,9266,2021-10-07,1911,018365,,4,2,9,3900,0,1,1,,2,024,"I-5 S/B","STEWART ROAD U/C",500.00,N,N,A,-,Y,,,5,,,,,,S,Y,2,0,1,4,A,-,07,21658,A,N,B,C,A,A,H,-,E,D,0,,,,Y,Y,,-,"- ",1,0,0,0,0,0,0,0,0,"- ","- ",37.779998779296875,-121.31462860107422,"SAN JOAQUIN",UNINCORPORATED,-121.31458282470703,37.779937744140625
91596386,2021,2021-10-14,9265,2021-09-24,0247,020071,,5,3,9,3900,0,1,3,,1,041,SR-4,"ROBERTS RD",0.00,,Y,A,-,Y,,,4,,,,,,,Y,2,0,1,2,A,-,01,23152,A,N,C,C,A,A,H,-,D,A,0,,,,,Y,Y,A,01,1,0,0,0,0,0,0,0,0,"- ","- ",37.927669525146484,-121.33251190185547,"SAN JOAQUIN",UNINCORPORATED,-121.33245849609375,37.927474975585938
91597933,2021,2021-10-15,9265,2021-08-29,0935,019489,,7,1,9,3900,0,1,3,,1,092,SR-12,"COUNTY LINE",5280.00,E,N,A,-,Y,,,12,,,,,,,Y,2,0,2,3,A,-,03,22350,,N,C,C,A,A,H,-,A,D,0,,,,,Y,,A,01,1,0,1,0,0,0,0,0,0,"- ","- ",38.118728637695312,-121.56376647949219,"SAN JOAQUIN",UNINCORPORATED,-121.563720703125,38.118843078613281
91598041,2021,2021-10-15,9265,2021-09-26,1305,019073,,7,1,9,3900,0,1,1,,2,502,"I-5 S/B","MATHEWS RD",2180.00,S,N,A,-,Y,,,5,,,,,,S,Y,2,0,2,2,A,-,03,22350,,N,C,C,A,A,H,-,A,D,0,,,Y,,Y,,C,02,2,0,0,0,0,0,0,0,2,"- ","- ",37.876121520996094,-121.27813720703125,"SAN JOAQUIN",UNINCORPORATED,-121.27819061279297,37.876113891601562
91599294,2021,2021-10-18,9265,2021-10-06,2225,021625,,3,3,2,3920,0,1,1,,2,502,"I-5 S/B","ROTH RD",6864.00,S,N,A,-,Y,,,5,,,,,,S,Y,2,0,1,1,A,-,08,22107,,N,E,I,A,A,H,-,D,D,0,,,,,Y,,A,01,1,0,0,0,0,0,0,0,0,"- ","- ",37.835819244384766,-121.28720855712891,"SAN JOAQUIN",LATHROP,-121.28692626953125,37.83575439453125
91599393,2021,2021-10-18,9265,2021-10-06,2344,021661,,3,3,9,3900,0,2,4,,1,065,"SR-99 E FRONTAGE RD","HAMMER LN",1584.00,S,N,A,-,N,,,99,,,,,,,N,2,0,1,2,A,-,11,21954,A,F,G,B,E,A,H,-,C,D,0,Y,,,,Y,,N,60,1,0,0,0,1,0,0,0,0,"- ","- ",38.016300201416016,-121.25772857666016,"SAN JOAQUIN",UNINCORPORATED,-121.25801086425781,38.01629638671875
91600069,2021,2021-10-19,9265,2021-10-14,0220,018784,,4,3,9,3900,0,3,5,,2,090,"PELTIER RD","RAY RD",50.00,W,N,A,-,N,,,,,,,,,,Y,2,0,1,1,A,-,01,23152,A,N,E,I,A,A,H,-,D,D,0,,,,,Y,Y,A,01,1,0,0,0,0,0,0,0,0,"- ","- ",38.189399719238281,-121.37245178222656,"SAN JOAQUIN",UNINCORPORATED,-121.37240600585938,38.189346313476562
91602908,2021,2021-10-21,9265,2021-10-11,0635,018850,,1,1,9,3900,0,3,5,,2,060,"COMSTOCK RD","CLEMENTS RD",0.00,,Y,A,-,N,,,,,,,,,,Y,2,0,3,3,A,-,09,21801,A,F,D,C,A,A,H,-,D,D,0,,,,,Y,Y,A,01,3,0,0,0,0,0,0,0,0,"- ","- ",38.045181274414062,-121.07771301269531,"SAN JOAQUIN",UNINCORPORATED,-121.07772064208984,38.045169830322266
91603986,2021,2021-10-22,9265,2021-10-09,0400,022364,,6,3,9,3900,0,1,3,,1,092,"SR-12 W/B","THORNTON RD",560.00,W,N,A,-,Y,,,12,,,,,,W,N,2,0,1,2,A,-,03,22350,,F,G,B,F,A,H,-,D,D,0,Y,,,,Y,,-,99,1,0,0,0,1,0,0,0,0,"- ","- ",38.116508483886719,-121.39481353759766,"SAN JOAQUIN",UNINCORPORATED,-121.39481353759766,38.116119384765625