CASE_ID,ACCIDENT_YEAR,PROC_DATE,JURIS,COLLISION_DATE,COLLISION_TIME,OFFICER_ID,REPORTING_DISTRICT,DAY_OF_WEEK,CHP_SHIFT,POPULATION,CNTY_CITY_LOC,SPECIAL_COND,BEAT_TYPE,CHP_BEAT_TYPE,CITY_DIVISION_LAPD,CHP_BEAT_CLASS,BEAT_NUMBER,PRIMARY_RD,SECONDARY_RD,DISTANCE,DIRECTION,INTERSECTION,WEATHER_1,WEATHER_2,STATE_HWY_IND,CALTRANS_COUNTY,CALTRANS_DISTRICT,STATE_ROUTE,ROUTE_SUFFIX,POSTMILE_PREFIX,POSTMILE,LOCATION_TYPE,RAMP_INTERSECTION,SIDE_OF_HWY,TOW_AWAY,COLLISION_SEVERITY,NUMBER_KILLED,NUMBER_INJURED,PARTY_COUNT,PRIMARY_COLL_FACTOR,PCF_CODE_OF_VIOL,PCF_VIOL_CATEGORY,PCF_VIOLATION,PCF_VIOL_SUBSECTION,HIT_AND_RUN,TYPE_OF_COLLISION,MVIW,PED_ACTION,ROAD_SURFACE,ROAD_COND_1,ROAD_COND_2,LIGHTING,CONTROL_DEVICE,CHP_ROAD_TYPE,PEDESTRIAN_ACCIDENT,BICYCLE_ACCIDENT,MOTORCYCLE_ACCIDENT,TRUCK_ACCIDENT,NOT_PRIVATE_PROPERTY,ALCOHOL_INVOLVED,STWD_VEHTYPE_AT_FAULT,CHP_VEHTYPE_AT_FAULT,COUNT_SEVERE_INJ,COUNT_VISIBLE_INJ,COUNT_COMPLAINT_PAIN,COUNT_PED_KILLED,COUNT_PED_INJURED,COUNT_BICYCLIST_KILLED,COUNT_BICYCLIST_INJURED,COUNT_MC_KILLED,COUNT_MC_INJURED,PRIMARY_RAMP,SECONDARY_RAMP,LATITUDE,LONGITUDE,COUNTY,CITY,POINT_X,POINT_Y
91605597,2021,2021-10-25,9266,2021-10-15,2115,013650,,5,2,9,3900,0,2,4,,2,028,"SCHULTE ROAD","CHRISMAN ROAD",965.00,W,N,A,-,N,,,,,,,,,,Y,2,0,5,2,A,-,09,21801,A,N,A,C,A,A,H,-,D,D,0,,,,,Y,Y,A,07,1,1,3,0,0,0,0,0,0,"- ","- ",37.725200653076172,-121.40160369873047,"SAN JOAQUIN",UNINCORPORATED,-121.40153503417969,37.725227355957031
91606199,2021,2021-10-26,9265,2021-10-10,2135,021781,,7,2,9,3900,0,1,3,,1,016,SR-120,"SEIDNER ROAD",0.00,,Y,A,-,Y,,,,,,,,,,N,2,0,3,2,A,-,03,22350,,N,C,C,A,A,H,-,D,D,0,,,,,Y,,A,01,1,0,2,0,0,0,0,0,0,"- ","- ",37.793949127197266,-121.95034790039062,"SAN JOAQUIN",UNINCORPORATED,-120.9508056640625,37.793899536132812
91606796,2021,2021-10-26,9265,2021-10-15,1500,013539,,5,2,2,3920,0,1,1,,2,502,"I-5 N/B","ROTH ROAD",208.00,S,N,A,-,Y,,,5,,,,,,N,Y,2,0,3,2,A,-,03,22350,,N,C,C,A,A,H,-,A,D,0,,,,,Y,,A,01,1,1,1,0,0,0,0,0,0,"- ","- ",37.854949951171875,-121.28195953369141,"SAN JOAQUIN",LATHROP,-121.28204345703125,37.854972839355469
91608883,2021,2021-10-28,9265,2021-10-21,1915,013539,,4,2,9,3900,0,1,1,,2,504,"I-5 S/B","BENJAMIN HOLT DRIVE",5249.00,S,N,A,-,Y,,,,,,,,,,N,2,0,1,3,A,-,03,22350,,N,C,C,A,A,H,-,C,D,0,,,,,Y,,D,22,1,0,0,0,0,0,0,0,0,"- ","- ",37.990440368652344,-121.34641265869141,"SAN JOAQUIN",UNINCORPORATED,-121.34613800048828,37.991012573242188
91611891,2021,2021-11-01,9266,2021-10-23,2235,021822,,6,3,5,3906,0,1,1,,1,015,"I-205 W/B","MACARTHUR DRIVE",2170.00,E,N,C,-,Y,,,205,,,,,,W,Y,2,0,2,2,A,-,01,23152,A,N,B,C,A,B,H,-,D,D,0,,,,,Y,Y,A,01,2,0,0,0,0,0,0,0,0,"- ","- ",37.765029907226562,-121.40740966796875,"SAN JOAQUIN",TRACY,-121.40740966796875,37.764999389648438
91612635,2021,2021-11-01,9265,2021-09-20,0657,015490,,1,1,9,3900,0,2,4,,1,053,"WILSON WAY","MCALLEN RD.",2112.00,S,N,A,-,N,,,,,,,,,,Y,1,1,0,2,A,-,09,21801,A,N,D,C,A,A,H,-,A,D,0,,,Y,,Y,,D,22,0,0,0,0,0,0,0,1,0,"- ","- ",37.995800018310547,-121.26412200927734,"SAN JOAQUIN",UNINCORPORATED,-121.26429748535156,37.9954833984375
91621328,2021,2021-11-10,9265,2021-10-31,2303,021537,,7,3,9,3900,0,1,1,,2,503,"I-5 N/B","EIGHTH ST",1400.00,S,N,A,-,Y,,,,,,,,,,Y,2,0,1,3,A,-,03,22350,,F,B,C,A,A,H,-,C,D,0,,,,,Y,,-,99,1,0,0,0,0,0,0,0,0,"- ","- ",37.92279052734375,-121.29292297363281,"SAN JOAQUIN",UNINCORPORATED,-121.29385375976562,37.925430297851562
91624586,2021,2021-11-15,9265,2021-10-04,0826,017405,,1,1,2,3920,0,1,1,,2,502,"I-5 S/B","LATHROP RD",1901.00,S,N,A,-,Y,,,5,,,,,,S,Y,2,0,1,3,A,-,08,22107,,N,B,E,A,A,H,-,A,D,0,,,,Y,Y,,A,07,1,0,0,0,0,0,0,0,0,"- ","- ",37.821319580078125,-121.29228973388672,"SAN JOAQUIN",LATHROP,-121.29219055175781,37.821281433105469
91626915,2021,2021-11-17,9265,2021-11-04,1220,015629,,4,1,9,3900,0,3,5,,2,090,"SARGENT ROAD EASTBOUND (E/B)","MOORE ROAD",399.00,E,N,A,-,N,,,,,,,,,,N,2,0,1,1,A,-,03,22350,,N,F,A,A,A,H,-,A,D,0,,,,,Y,,M,96,1,0,0,0,0,0,0,0,0,"- ","- ",38.130180358886719,-121.32379913330078,"SAN JOAQUIN",UNINCORPORATED,-121.32358551025391,38.130096435546875
91632122,2021,2021-11-22,9265,2021-11-09,1730,021781,,2,2,9,3900,0,3,5,,2,040,"B STREET","9TH STREET",0.00,,Y,A,-,N,,,,,,,,,,N,2,0,1,1,A,-,01,23152,A,N,E,I,A,A,H,-,A,D,0,,,,,Y,,A,01,1,0,0,0,0,0,0,0,0,"- ","- ",37.933921813964844,-121.25131988525391,"SAN JOAQUIN",UNINCORPORATED,-121.42789459228516,37.737342834472656
91634471,2021,2022-04-06,9265,2021-11-12,1640,018289,,5,2,9,3900,0,3,5,,2,050,"ALPINE AVENUE","BELVEDERE AVENUE",5.00,S,N,A,-,N,,,,,,,,,,N,2,0,1,2,A,-,08,22107,,N,D,C,A,A,H,-,A,D,0,,,,Y,Y,,F,55,1,0,0,0,0,0,0,0,0,"- ","- ",37.987628936767578,-121.26960754394531,"SAN JOAQUIN",UNINCORPORATED,-121.2696533203125,37.987606048583984
91635599,2021,2021-11-26,9266,2021-11-25,0835,013650,,4,1,9,3900,0,1,1,,2,021,"I-580 W/B","W. VALPICO RD U/C",225.00,W,N,A,-,Y,,,580,,,,,,W,Y,2,0,2,1,A,-,08,22107,,N,F,A,A,A,H,-,A,D,0,,,,,Y,,D,22,1,1,0,0,0,0,0,0,0,"- ","- ",37.697841644287109,-121.49980163574219,"SAN JOAQUIN",UNINCORPORATED,-121.49964141845703,37.698108673095703
91636351,2021,2021-11-29,9265,2021-11-25,2315,022123,,4,3,9,3900,0,3,5,,2,090,"WOODBRIDGE RD.","VAN EXEL RD",2640.00,W,N,B,-,N,,,,,,,,,,Y,2,0,2,1,A,-,01,23152,A,N,E,I,A,A,H,-,D,D,0,,,,,Y,Y,A,07,2,0,0,0,0,0,0,0,0,"- ","- ",38.163761138916016,-121.407958984375,"SAN JOAQUIN",UNINCORPORATED,-121.40877532958984,38.16363525390625
91636951,2021,2021-12-14,9266,2021-11-06,1348,022498,,6,1,9,3900,0,1,1,,2,024,"I-5 S/B","KASSON ROAD",1450.00,N,N,A,-,Y,,,5,,,,,,S,Y,2,0,2,1,A,-,01,23152,A,N,E,I,A,A,H,-,A,D,0,,,,,Y,Y,A,07,2,0,0,0,0,0,0,0,0,"- ","- ",37.750629425048828,-121.34409332275391,"SAN JOAQUIN",UNINCORPORATED,-121.34392547607422,37.750629425048828
91638365,2021,2021-11-30,9265,2021-11-21,1835,020513,,7,2,9,3900,0,2,4,,1,072,"PERSHING AVE","BENJAMIN HOLT DR",200.00,S,N,A,-,N,,,,,,,,,,N,2,0,1,2,A,-,11,21954,A,N,G,B,D,A,H,-,D,D,0,Y,,,,Y,,N,60,1,0,0,0,1,0,0,0,0,"- ","- ",38.007919311523438,-121.32919311523438,"SAN JOAQUIN",UNINCORPORATED,-121.32913208007812,38.008041381835938
91638563,2021,2021-11-30,9266,2021-11-26,2220,020599,,5,3,9,3900,0,2,4,,2,029,"VALPICO ROAD","LAMMERS ROAD",2640.00,E,N,A,-,N,,,,,,,,,,Y,2,0,1,1,A,-,08,22107,,N,E,I,A,A,H,-,D,D,0,,,,,Y,,A,01,1,0,0,0,0,0,0,0,0,"- ","- ",37.710468292236328,-121.4671630859375,"SAN JOAQUIN",UNINCORPORATED,-121.46741485595703,37.710552215576172
91641120,2021,2021-12-02,9265,2021-11-17,0620,018850,,3,1,9,3900,0,1,3,,2,025,"SR-120 W/B","AIRPORT WAY",2270.00,E,N,E,-,Y,,,,,,,,,,Y,2,0,4,3,A,-,03,22350,,N,C,C,A,A,H,-,C,D,0,,,,Y,Y,,G,26,1,1,2,0,0,0,0,0,0,"- ","- ",37.783439636230469,-121.25209808349609,"SAN JOAQUIN",UNINCORPORATED,-121.24843597412109,37.783401489257812
9164114,2020,2020-12-01,3901,2020-09-03,1619,L28,,4,5,2,3901,0,0,0,,0,,"RT 120","IRWIN AV",0.00,,Y,A,-,Y,STA,10,120,-,-,16.450,I,5,E,Y,2,0,2,2,A,-,06,21755,A,N,A,C,A,A,H,-,A,D,0,,,Y,,Y,,C,02,1,0,1,0,0,0,0,0,1,"- ","- ",37.798530578613281,-121.00405883789062,"SAN JOAQUIN",ESCALON,-120.66515350341797,37.809337615966797
91641922,2021,2021-12-03,9265,2021-11-18,1235,019795,,4,1,4,3903,0,1,3,,2,025,"SR-120 E/B","MAIN STREET",938.00,W,N,A,-,Y,,,,,,,,,,Y,2,0,3,4,A,-,03,22350,,N,C,C,A,A,H,-,A,A,0,,,,Y,Y,,G,25,1,2,0,0,0,0,0,0,0,"- ","- ",38.783180236816406,-121.21916198730469,"SAN JOAQUIN",MANTECA,-121.21910858154297,37.783184051513672
91642003,2021,2021-12-03,9265,2021-11-26,2251,021537,,5,3,9,3900,0,1,3,,1,041,SR-4,"INLAND DR",2482.00,W,N,A,-,Y,,,4,,,,,,,Y,2,0,2,2,A,-,08,22107,,N,A,C,A,A,H,-,D,D,0,,,,,Y,Y,A,07,1,1,0,0,0,0,0,0,0,"- ","- ",37.9268798828125,-121.40518951416016,"SAN JOAQUIN",UNINCORPORATED,-121.40518951416016,37.926891326904297
91642469,2021,2021-12-15,9266,2021-10-12,1700,013866,,2,2,9,3900,0,1,3,,1,026,SR-132,SR-33,565.00,E,N,A,-,Y,,,132,,,,,,,Y,1,1,1,2,A,-,05,21460,A,N,A,C,A,A,H,-,A,D,0,,,,,Y,,A,01,1,0,0,0,0,0,0,0,0,"- ","- ",37.637989044189453,-121.29393005371094,"SAN JOAQUIN",UNINCORPORATED,-121.29393005371094,37.637981414794922
91644379,2021,2021-12-06,9265,2021-09-28,2100,018850,,2,2,9,3900,0,1,3,,2,003,"SR-99 S/B","MARIPOSA RD",2056.00,S,N,A,-,Y,,,99,,,,,,S,Y,1,1,2,4,A,-,03,22350,,N,C,C,A,A,D,-,C,D,0,,,,Y,Y,,D,22,0,1,1,0,0,0,0,0,0,"- ","- ",37.928409576416016,-121.23253631591797,"SAN JOAQUIN",UNINCORPORATED,-121.23252105712891,37.928417205810547
91644512,2021,2021-12-06,9266,2021-11-26,1955,018888,,5,2,9,3900,0,1,1,,2,014,"I-205 E/B","11TH STREET O/C",1584.00,W,N,A,-,Y,,,205,,,,,,E,Y,2,0,1,2,A,-,01,23152,A,N,B,C,A,A,H,-,D,D,0,,,,,Y,Y,A,01,1,0,0,0,0,0,0,0,0,"- ","- ",37.740638732910156,-121.50385284423828,"SAN JOAQUIN",UNINCORPORATED,-121.50385284423828,37.740638732910156
91644574,2021,2021-12-06,9265,2021-11-20,1245,017405,,6,1,9,3900,0,1,1,,2,502,"I-5 N/B","ROTH RD.",1637.00,N,N,A,-,Y,,,5,,,,,,N,Y,2,0,1,1,A,-,08,22107,,N,F,A,A,A,H,-,A,D,0,,,Y,,Y,,C,02,1,0,0,0,0,0,0,0,1,"- ","- ",37.860038757324219,-121.28077697753906,"SAN JOAQUIN",UNINCORPORATED,-121.28070831298828,37.860019683837891
91645706,2021,2021-12-07,9266,2021-11-30,0420,021241,,2,3,9,3900,0,1,1,,2,024,"I-5 S/B","I-205 E/B",3960.00,N,N,A,-,Y,,,5,,,,,,S,Y,2,0,6,5,A,-,03,22350,,N,C,C,A,A,H,-,D,D,0,,,,Y,Y,,F,27,1,0,5,0,0,0,0,0,0,"- ","- ",37.774730682373047,-121.32185363769531,"SAN JOAQUIN",UNINCORPORATED,-121.32179260253906,37.774654388427734
91649097,2021,2021-12-10,9265,2021-11-13,0530,018836,,6,3,9,3900,0,1,3,,1,061,SR-26,"BALDWIN LN",2534.00,E,N,E,-,Y,,,26,,,,,,,Y,1,1,0,1,A,-,01,23152,F,N,E,I,A,B,H,-,D,D,0,,,,,Y,,A,07,0,0,0,0,0,0,0,0,0,"- ","- ",37.981998443603516,-121.20233917236328,"SAN JOAQUIN",UNINCORPORATED,-121.20233154296875,37.981975555419922
91653011,2021,2021-12-15,9265,2021-11-08,1348,021781,,1,1,9,3900,0,3,5,,2,010,"VAN ALLEN ROAD",SR-4,3696.00,S,N,A,-,N,,,,,,,,,,Y,1,1,0,1,A,-,08,22107,,N,F,A,A,A,H,-,A,D,0,,,,,Y,,A,07,0,0,0,0,0,0,0,0,0,"- ","- ",37.922378540039062,-121.05641937255859,"SAN JOAQUIN",UNINCORPORATED,-121.05647277832031,37.923301696777344
91656353,2021,2021-12-31,9265,2021-12-09,1140,018511,,4,1,9,3900,0,1,3,,2,006,"SR-99 N/B","COLLIER ROAD",35.00,S,N,A,-,Y,,,99,,,,,,N,Y,1,1,0,1,A,-,08,22107,,N,E,I,A,A,H,-,A,D,0,,,,,Y,,A,01,0,0,0,0,0,0,0,0,0,"- ","- ",38.218181610107422,-121.27031707763672,"SAN JOAQUIN",UNINCORPORATED,-121.2703857421875,38.218135833740234
91657525,2021,2021-12-21,9265,2021-10-11,2215,021401,,1,3,9,3900,0,2,4,,1,015,"ESCALON BELLOTA RD.","DOVE RD",1362.00,S,N,A,-,N,,,,,,,,,,Y,1,1,0,1,A,-,01,23152,F,N,E,I,A,A,H,-,D,D,0,,,,,Y,,A,01,0,0,0,0,0,0,0,0,0,"- ","- ",37.845661163330078,-120.99820709228516,"SAN JOAQUIN",UNINCORPORATED,-120.99822998046875,37.845691680908203
91657859,2021,2021-12-21,9265,2021-12-11,0952,018850,,6,1,9,3900,0,3,5,,2,030,"8TH ST","BIEGHLE ST",70.00,E,N,A,-,N,,,,,,,,,,Y,2,0,4,2,A,-,08,22107,,N,B,C,A,A,H,-,A,D,0,,,,,Y,,A,01,1,0,3,0,0,0,0,0,0,"- ","- ",37.932949066162109,-121.25890350341797,"SAN JOAQUIN",UNINCORPORATED,-121.25904083251953,37.932941436767578
91658838,2021,2021-12-22,9265,2021-11-19,2240,022123,,5,3,6,3905,0,1,1,,2,504,"I-5 S/B","HAMMER LN",2640.00,N,N,A,-,Y,,,5,,,,,,S,Y,1,1,0,1,A,-,01,23152,G,N,E,I,A,A,H,-,D,D,0,,,,,Y,Y,A,07,0,0,0,0,0,0,0,0,0,"- ","- ",38.028560638427734,-121.36273956298828,"SAN JOAQUIN",STOCKTON,-121.36256408691406,38.028644561767578
91660006,2021,2021-12-23,9265,2021-12-09,2358,022123,,4,3,9,3900,0,1,1,,2,502,"I-5 N/B","EL DORADO ST.",1600.00,S,N,A,-,Y,,,5,,,,,,N,Y,2,0,1,2,A,-,08,22107,,N,B,2,A,A,H,-,D,D,0,,,,,Y,,A,01,1,0,0,0,0,0,0,0,0,"- ","- ",37.870681762695312,-121.27768707275391,"SAN JOAQUIN",UNINCORPORATED,-121.27769470214844,37.870681762695312
91661549,2021,2021-12-24,9265,2021-12-18,2040,022356,,6,2,9,3900,0,1,3,,1,011,SR-120,"ALBA RD",893.00,E,N,A,-,Y,,,120,,,,,,,Y,2,0,1,1,A,-,01,23152,A,N,E,I,A,A,H,-,D,D,0,,,,,Y,Y,A,07,1,0,0,0,0,0,0,0,0,"- ","- ",37.798511505126953,-121.03981018066406,"SAN JOAQUIN",UNINCORPORATED,-121.03981018066406,37.798557281494141
91665875,2021,2021-12-29,9265,2021-10-09,1733,022365,,6,2,4,3903,0,1,3,,2,025,"SR-120 E/B","MAIN ST",1141.00,E,N,A,-,Y,,,120,,,,,,E,Y,1,1,2,3,A,-,03,22350,,N,C,C,A,A,H,-,A,D,0,,,,Y,Y,,F,25,1,1,0,0,0,0,0,0,0,"- ","- ",37.783180236816406,-121.21182250976562,"SAN JOAQUIN",MANTECA,-121.21182250976562,37.783206939697266
91666505,2021,2021-12-30,9265,2021-10-28,0028,018784,,4,3,2,3920,0,1,1,,2,502,"I-5 S/B","LOUISE AVE",1056.00,N,N,A,-,Y,,,5,,,,,,S,Y,1,1,0,2,A,-,01,23152,A,N,C,C,A,A,H,-,C,D,0,,,,Y,Y,Y,D,22,0,0,0,0,0,0,0,0,0,"- ","- ",37.814571380615234,-121.29486846923828,"SAN JOAQUIN",LATHROP,-121.29478454589844,37.814537048339844
91666809,2021,2021-12-30,9265,2021-12-16,0615,016382,,4,1,2,3920,0,1,1,,2,502,"I-5 N/B","LOUISE AVENUE",60.00,S,N,C,-,Y,,,5,,,,,,N,N,2,0,1,2,A,-,11,21954,A,F,G,B,D,B,H,-,D,D,0,Y,,,,Y,,N,60,1,0,0,0,1,0,0,0,0,"- ","- ",37.811649322509766,-121.29551696777344,"SAN JOAQUIN",LATHROP,-121.29551696777344,37.811649322509766
9167069,2020,2020-11-13,3905,2020-09-19,2334,3038,PAR,6,5,6,3905,0,0,0,,0,,"MARIPOSA RD","AUSTIN RD",800.00,W,N,A,-,N,,,,,,,,,,Y,2,0,1,3,A,-,08,22107,,N,H,E,A,A,H,-,D,D,0,,,,Y,Y,Y,A,01,1,0,0,0,0,0,0,0,0,"- ","- ",37.911701202392578,-121.18393707275391,"SAN JOAQUIN",STOCKTON,-121.18812561035156,37.914886474609375
91671979,2021,2022-01-06,9265,2021-12-23,2233,021830,,4,3,2,3920,0,1,1,,2,502,"I-5 N/B","LOUISE AVE",3679.00,S,N,B,-,Y,,,5,,,,,,N,Y,2,0,2,2,A,-,01,23152,A,F,C,C,A,A,H,-,D,D,0,,,,,Y,Y,A,01,2,0,0,0,0,0,0,0,0,"- ","- ",37.801990509033203,-121.29888916015625,"SAN JOAQUIN",LATHROP,-121.29890441894531,37.801994323730469
91673513,2021,2022-01-07,9265,2021-12-27,2205,021661,,1,3,6,3905,0,1,3,,2,004,"SR-99 TO MORADA LN","MORADA LN",250.00,N,N,B,-,Y,,,99,,,,R,,,Y,2,0,2,1,A,-,01,23152,A,N,E,8,A,A,H,-,C,D,0,,,,,Y,Y,A,07,1,1,0,0,0,0,0,0,0,"- ","- ",38.038028717041016,-121.25901031494141,"SAN JOAQUIN",STOCKTON,-121.25901031494141,38.038028717041016
91676876,2021,2022-01-12,9265,2021-12-05,1745,022049,,7,2,9,3900,0,2,4,,1,093,"THORNTON ROAD","TURNER ROAD",2167.00,S,N,A,-,N,,,,,,,,,,N,1,1,0,2,C,-,18,,,N,G,B,E,A,H,-,D,D,0,Y,,,Y,Y,,-,"- ",0,0,0,1,0,0,0,0,0,"- ","- ",38.140048980712891,-121.39871978759766,"SAN JOAQUIN",UNINCORPORATED,-121.39869689941406,38.140098571777344
91677423,2021,2022-01-13,9265,2021-12-01,1628,021284,,3,2,9,3900,0,3,5,,2,060,"PELTIER RD","DUSTIN RD",3960.00,E,N,A,-,N,,,,,,,,,,Y,1,1,1,2,A,-,01,23152,F,N,A,C,A,A,H,-,A,D,0,,,,,Y,,D,22,1,0,0,0,0,0,0,0,0,"- ","- ",38.189510345458984,-121.21163177490234,"SAN JOAQUIN",UNINCORPORATED,-121.21181488037109,38.189472198486328
91681028,2021,2022-01-19,9265,2021-09-20,0340,015756,,1,3,9,3900,0,2,4,,1,091,"WEST LN N/B","HAM LN",934.00,N,N,A,-,N,,,,,,,,,,N,1,1,0,2,A,-,08,22107,,F,G,G,A,A,H,-,C,D,0,,Y,,,Y,,A,01,0,0,0,0,0,1,0,0,0,"- ","- ",38.07666015625,-121.28465270996094,"SAN JOAQUIN",UNINCORPORATED,-121.28481292724609,38.076805114746094
91684831,2021,2022-02-14,9266,2021-07-24,0408,021704,,6,3,9,3900,0,3,5,,2,001,"MACARTHUR DRIVE","DELTA AVENUE",35.00,N,N,A,-,N,,,,,,,,,,Y,1,2,3,2,A,-,03,22350,,N,C,E,A,A,H,-,D,D,0,,,,,Y,,D,22,1,2,0,0,0,0,0,0,0,"- ","- ",37.798198699951172,-121.41166687011719,"SAN JOAQUIN",UNINCORPORATED,-121.41194152832031,37.798099517822266
91685810,2022,2022-01-26,9265,2022-01-16,1450,022365,,7,2,9,3900,0,1,3,,2,001,"SR 99 NB","CHEROKEE RD",974.00,S,N,A,-,Y,SJ,,99,,,20.683,H,,R,Y,2,0,1,1,A,-,08,22107,,N,E,I,A,D,H,-,A,D,0,,,,,Y,,A,01,1,0,0,0,0,0,0,0,0,"- ","- ",37.989528656005859,-121.25169372558594,"SAN JOAQUIN",UNINCORPORATED,-121.25162506103516,37.989547729492188
91685910,2022,2022-01-26,9265,2022-01-10,0500,021781,,1,3,9,3900,0,3,5,,2,070,"MAIN STREET","ORO AVENUE",200.00,E,N,A,-,N,,,,,,,,,,N,2,0,1,5,A,-,01,23152,A,N,E,I,A,A,H,-,C,D,0,,,,,Y,Y,A,01,1,0,0,0,0,0,0,0,0,"- ","- ",37.9541015625,-121.23365020751953,"SAN JOAQUIN",UNINCORPORATED,-121.23361206054688,37.954124450683594
91686513,2022,2022-01-27,9265,2022-01-19,0727,018850,,3,1,9,3900,0,3,5,,2,010,"RIVER RD","WAGNER RD",800.00,W,N,E,-,N,,,,,,,,,,Y,2,0,1,2,A,-,09,21801,A,N,D,C,A,A,H,-,A,D,0,,,,Y,Y,,F,27,1,0,0,0,0,0,0,0,0,"- ","- ",37.761409759521484,-121.09042358398438,"SAN JOAQUIN",UNINCORPORATED,-121.09040832519531,37.761409759521484
91686905,2022,2022-01-27,9266,2022-01-18,1725,018365,,2,2,9,3900,0,2,4,,1,022,"CORRAL HOLLOW ROAD","I-580 E/B",13200.00,S,N,A,-,N,,,,,,,,,,Y,2,0,1,1,A,-,08,22107,,N,E,I,A,A,H,-,B,D,0,,,,,Y,Y,A,07,1,0,0,0,0,0,0,0,0,"- ","- ",37.646259307861328,-121.49098205566406,"SAN JOAQUIN",UNINCORPORATED,-121.45783233642578,37.671791076660156
91689293,2022,2022-01-31,9265,2022-01-18,2121,022134,,2,2,9,3900,0,1,1,,2,504,"I-5 N/B","FREMONT ST",100.00,N,N,A,-,Y,SJ,,5,,,26.914,H,,R,N,2,0,3,1,A,-,01,23152,A,N,E,I,A,A,H,-,C,D,0,,,,,Y,Y,A,01,1,1,1,0,0,0,0,0,0,"- ","- ",37.95458984375,-121.31128692626953,"SAN JOAQUIN",UNINCORPORATED,-121.31137084960938,37.954483032226562
91690565,2021,2022-02-24,9265,2021-10-25,0542,022155,,1,3,9,3900,0,1,3,,2,003,"SR-99 S/B","MARIPOSA RD",782.00,S,N,C,-,Y,,,99,,,,,,S,Y,1,1,0,2,A,-,03,22350,,N,G,B,E,B,F,-,D,D,0,Y,,,,Y,,A,07,0,0,0,1,0,0,0,0,0,"- ","- ",37.931320190429688,-121.23362731933594,"SAN JOAQUIN",UNINCORPORATED,-121.23367309570312,37.931304931640625
91690582,2022,2022-02-01,9265,2022-01-26,1150,015490,,3,1,9,3900,0,3,5,,2,060,"ALPINE RD.",SR-88,1056.00,S,N,A,-,N,,,,,,,,,,Y,2,0,1,1,A,-,01,23152,A,N,E,I,A,A,H,-,A,D,0,,,,,Y,Y,A,08,1,0,0,0,0,0,0,0,0,"- ","- ",38.012748718261719,-121.20574188232422,"SAN JOAQUIN",UNINCORPORATED,-121.20614624023438,38.013595581054688
91691738,2022,2022-02-02,9265,2022-01-28,1540,022356,,5,2,9,3900,0,3,5,,2,010,"HOWARD RD","BORBA RD",0.00,,Y,A,-,N,,,,,,,,,,Y,2,0,5,2,A,-,05,21752,D,N,D,C,A,A,H,-,A,A,0,,,,,Y,,A,01,1,1,3,0,0,0,0,0,0,"- ","- ",37.877418518066406,-121.360107421875,"SAN JOAQUIN",UNINCORPORATED,-121.36009979248047,37.877410888671875
91698160,2021,2022-02-10,9265,2021-12-01,1055,015490,,3,1,9,3900,0,2,4,,1,053,"WATERLOO RD.","BELVEDERE AVE.",30.00,W,N,A,-,N,,,,,,,,,,Y,1,1,0,2,A,-,03,22350,,N,D,C,A,A,H,-,A,D,0,,,Y,,Y,,C,02,0,0,0,0,0,0,0,1,0,"- ","- ",37.974960327148438,-121.26497650146484,"SAN JOAQUIN",UNINCORPORATED,-121.26503753662109,37.974937438964844
91700412,2022,2022-02-14,9265,2022-02-06,0624,019073,,7,1,9,3900,0,1,1,,2,502,"I-5 S/B","LATHROP RD",5438.00,N,N,A,-,Y,SJ,,5,,R,18.575,H,,L,Y,2,0,1,2,A,-,03,22350,,N,C,C,A,A,H,-,B,D,0,,,,Y,Y,,A,01,1,0,0,0,0,0,0,0,0,"- ","- ",37.841049194335938,-121.28584289550781,"SAN JOAQUIN",UNINCORPORATED,-121.28570556640625,37.841030120849609
91700474,2021,2022-02-14,9266,2021-08-14,2045,020083,,6,2,9,3900,0,2,4,,1,012,"TRACY BLVD","GRIMES RD",1500.00,N,N,A,-,N,,,,,,,,,,Y,1,1,0,1,A,-,01,23152,A,N,E,I,A,A,H,-,D,D,0,,,,,Y,Y,A,01,0,0,0,0,0,0,0,0,0,"- ","- ",37.821880340576172,-121.44983673095703,"SAN JOAQUIN",UNINCORPORATED,-121.44985961914062,37.821800231933594
91701076,2022,2022-02-15,9265,2022-02-08,0500,022123,,2,3,9,3900,0,1,1,,2,505,"I-5 S/B","WOODBRIDGE RD",700.00,S,N,E,-,Y,SJ,,5,,,42.558,H,,L,Y,2,0,1,1,A,-,08,22107,,N,F,0,A,A,H,-,D,D,0,,,,,Y,,D,22,1,0,0,0,0,0,0,0,0,"- ","- ",38.158870697021484,-121.39994812011719,"SAN JOAQUIN",UNINCORPORATED,-121.39971923828125,38.15887451171875
91701581,2021,2022-02-15,9265,2021-12-27,1557,021781,,1,2,9,3900,0,1,3,,1,013,SR-4,"JACK TONE ROAD",0.00,,Y,A,-,Y,,,4,,,,,,,Y,1,1,0,2,A,-,01,23152,F,N,D,2,A,B,H,-,A,A,0,,,,Y,Y,,A,01,0,0,0,0,0,0,0,0,0,"- ","- ",37.942089080810547,-121.14839172363281,"SAN JOAQUIN",UNINCORPORATED,-121.14839172363281,37.942115783691406