CASE_ID,ACCIDENT_YEAR,PROC_DATE,JURIS,COLLISION_DATE,COLLISION_TIME,OFFICER_ID,REPORTING_DISTRICT,DAY_OF_WEEK,CHP_SHIFT,POPULATION,CNTY_CITY_LOC,SPECIAL_COND,BEAT_TYPE,CHP_BEAT_TYPE,CITY_DIVISION_LAPD,CHP_BEAT_CLASS,BEAT_NUMBER,PRIMARY_RD,SECONDARY_RD,DISTANCE,DIRECTION,INTERSECTION,WEATHER_1,WEATHER_2,STATE_HWY_IND,CALTRANS_COUNTY,CALTRANS_DISTRICT,STATE_ROUTE,ROUTE_SUFFIX,POSTMILE_PREFIX,POSTMILE,LOCATION_TYPE,RAMP_INTERSECTION,SIDE_OF_HWY,TOW_AWAY,COLLISION_SEVERITY,NUMBER_KILLED,NUMBER_INJURED,PARTY_COUNT,PRIMARY_COLL_FACTOR,PCF_CODE_OF_VIOL,PCF_VIOL_CATEGORY,PCF_VIOLATION,PCF_VIOL_SUBSECTION,HIT_AND_RUN,TYPE_OF_COLLISION,MVIW,PED_ACTION,ROAD_SURFACE,ROAD_COND_1,ROAD_COND_2,LIGHTING,CONTROL_DEVICE,CHP_ROAD_TYPE,PEDESTRIAN_ACCIDENT,BICYCLE_ACCIDENT,MOTORCYCLE_ACCIDENT,TRUCK_ACCIDENT,NOT_PRIVATE_PROPERTY,ALCOHOL_INVOLVED,STWD_VEHTYPE_AT_FAULT,CHP_VEHTYPE_AT_FAULT,COUNT_SEVERE_INJ,COUNT_VISIBLE_INJ,COUNT_COMPLAINT_PAIN,COUNT_PED_KILLED,COUNT_PED_INJURED,COUNT_BICYCLIST_KILLED,COUNT_BICYCLIST_INJURED,COUNT_MC_KILLED,COUNT_MC_INJURED,PRIMARY_RAMP,SECONDARY_RAMP,LATITUDE,LONGITUDE,COUNTY,CITY,POINT_X,POINT_Y
91702501,2022,2022-02-16,9265,2022-02-14,0323,018784,,1,3,2,3920,0,1,1,,2,502,"I-5 S/B","LOUISE AVE",1584.00,N,N,A,-,Y,SJ,,5,,R,16.717,H,,L,Y,2,0,1,1,A,-,01,23152,A,N,E,I,A,A,H,-,C,D,0,,,,,Y,Y,A,07,1,0,0,0,0,0,0,0,0,"- ","- ",37.815139770507812,-121.29486846923828,"SAN JOAQUIN",LATHROP,-121.29458618164062,37.815074920654297
91703355,2022,2022-02-17,9265,2022-02-14,0123,018784,,1,3,6,3905,0,1,1,,2,504,"I-5 N/B","HAMMER LANE",5808.00,N,N,A,-,Y,SJ,,5,,,33.798,H,,R,Y,2,0,1,1,A,-,08,22107,,N,F,A,A,A,H,-,D,D,0,,,,,Y,,D,22,1,0,0,0,0,0,0,0,0,"- ","- ",38.036651611328125,-121.36589813232422,"SAN JOAQUIN",STOCKTON,-121.36582946777344,38.036659240722656
91704223,2022,2022-02-18,9265,2022-02-08,1715,022365,,2,2,9,3900,0,3,5,,2,010,"21706 HENRY RD (ESCALON, CA)","HENRY RD",102.00,E,N,A,-,N,,,,,,,,,,N,2,0,1,1,B,-,22,,,N,F,A,A,A,H,-,A,D,0,,,Y,,Y,,C,02,1,0,0,0,0,0,0,0,1,"- ","- ",37.762760162353516,-120.94077301025391,"SAN JOAQUIN",UNINCORPORATED,,
91704405,2022,2022-02-18,9265,2022-02-13,1810,022356,,7,2,9,3900,0,3,5,,2,020,"AUSTIN RD","MONCURE RD",2120.00,S,N,A,-,N,,,,,,,,,,Y,2,0,1,1,A,-,01,23152,A,N,E,I,A,A,H,-,D,D,0,,,,,Y,Y,A,01,1,0,0,0,0,0,0,0,0,"- ","- ",37.711688995361328,-121.17849731445312,"SAN JOAQUIN",UNINCORPORATED,-121.17854309082031,37.711708068847656
91704534,2022,2022-02-18,9265,2022-02-14,1349,022356,,1,1,9,3900,0,1,3,,1,062,SR-88,"SIERRA DR",90.00,E,N,A,-,Y,SJ,,88,,,14.540,H,,R,Y,2,0,1,1,A,-,03,22350,,N,E,8,A,A,H,-,A,D,0,,,,,Y,,A,01,1,0,0,0,0,0,0,0,0,"- ","- ",38.167839050292969,-121.14373016357422,"SAN JOAQUIN",UNINCORPORATED,-121.14369201660156,38.167793273925781
91705646,2022,2022-02-22,9266,2022-02-13,0155,022498,,7,3,9,3900,0,1,1,,1,015,"I-205 W/B","EL RANCHO RD",1200.00,E,N,A,-,Y,SJ,,205,,R,10.834,H,,L,Y,2,0,1,2,A,-,01,23152,A,N,C,C,A,A,H,-,D,D,0,,,,,Y,Y,A,07,1,0,0,0,0,0,0,0,0,"- ","- ",37.765090942382812,-121.36567687988281,"SAN JOAQUIN",UNINCORPORATED,-121.36567687988281,37.765079498291016
91706167,2022,2022-03-03,9265,2022-02-12,1419,021644,,6,2,9,3900,0,1,3,,1,062,SR-88,"HARNEY LN",130.00,E,N,A,-,Y,SJ,,88,,,9.637,H,,R,Y,2,0,4,2,A,-,05,21460,A,N,A,C,A,A,H,-,A,A,0,,,,,Y,,A,01,4,0,0,0,0,0,0,0,0,"- ","- ",38.10211181640625,-121.17817687988281,"SAN JOAQUIN",UNINCORPORATED,-121.17813873291016,38.102104187011719
91709990,2022,2022-02-25,9266,2022-01-05,2140,020599,,3,2,9,3900,0,1,1,,2,021,"I-580 W/B","CHRISMAN ROAD",6864.00,W,N,A,-,Y,SJ,,580,,,5.315,H,,R,Y,1,1,0,1,A,-,01,23152,A,N,F,A,A,A,H,-,D,D,0,,,,,Y,Y,A,01,0,0,0,0,0,0,0,0,0,"- ","- ",37.647449493408203,-121.41599273681641,"SAN JOAQUIN",UNINCORPORATED,-121.41600036621094,37.647438049316406
91710030,2022,2022-02-25,9265,2022-01-01,0224,022123,,6,3,6,3905,0,1,1,,2,504,"I-5 N/B","SWAIN RD",837.00,S,N,A,-,Y,SJ,,5,,,30.955,H,,R,Y,1,1,1,2,A,-,01,23152,A,N,C,C,A,A,H,-,C,D,0,,,,,Y,Y,D,22,1,0,0,0,0,0,0,0,0,"- ","- ",37.997829437255859,-121.34841918945312,"SAN JOAQUIN",STOCKTON,-121.34848785400391,37.997814178466797
91710035,2022,2022-02-25,9265,2022-01-01,0227,021661,,6,3,6,3905,0,1,1,,2,504,"I-5 N/B","SWAIN RD",522.00,S,N,B,-,Y,SJ,,5,,,30.983,H,,R,Y,2,0,2,2,A,-,03,22350,,N,D,C,A,A,H,-,C,D,0,,,,,Y,Y,A,07,1,1,0,0,0,0,0,0,0,"- ","- ",37.998210906982422,-121.34858703613281,"SAN JOAQUIN",STOCKTON,-121.34864044189453,37.998199462890625
91712317,2022,2022-03-01,9266,2022-01-18,1335,013650,,2,1,9,3900,0,1,1,,2,021,"I-580 E/B","W. VALPICO ROAD U/C",760.00,W,N,A,-,Y,SJ,,580,,,11.651,H,,L,Y,1,1,2,2,A,-,03,22350,,N,C,C,A,A,H,-,A,D,0,,,,,Y,,A,07,1,1,0,0,0,0,0,0,0,"- ","- ",37.702919006347656,-121.50830078125,"SAN JOAQUIN",UNINCORPORATED,-121.50827026367188,37.702949523925781
9171468,2020,2020-11-13,3905,2020-09-25,2022,3033,PAR,5,5,6,3905,0,0,0,,0,,"ARCH AIRPORT RD","AIRPORT WY",85.00,W,N,A,-,N,,,,,,,,,,Y,2,0,1,2,A,-,03,22350,,F,B,C,A,A,H,-,C,A,0,,,Y,Y,Y,,C,02,1,0,0,0,0,0,0,0,0,"- ","- ",37.901809692382812,-121.25480651855469,"SAN JOAQUIN",STOCKTON,-121.25469970703125,37.901958465576172
91715495,2022,2022-03-04,9265,2022-01-22,2343,022155,,6,3,2,3920,0,1,3,,2,025,"SR-120 E/B TO YOSEMITE AVE","GUTHMILLER RD",845.00,W,N,A,-,Y,SJ,,120,,R,1.198,H,,R,Y,1,1,1,1,A,-,01,23152,A,N,E,I,A,A,H,-,C,D,0,,,,,Y,Y,A,01,0,1,0,0,0,0,0,0,0,"- ","- ",37.789558410644531,-121.28981018066406,"SAN JOAQUIN",LATHROP,-121.28974914550781,37.789764404296875
91715551,2022,2022-03-04,9265,2022-02-28,0615,019073,,1,1,9,3900,0,1,3,,1,067,"SR-88 W/B","LIBERTY RD",11616.00,E,N,A,-,Y,SJ,,88,,,24.195,H,,L,Y,2,0,1,4,A,-,03,22350,,N,C,C,A,A,H,-,B,D,0,,,,Y,Y,,A,01,1,0,0,0,0,0,0,0,0,"- ","- ",38.261619567871094,-121.03056335449219,"SAN JOAQUIN",UNINCORPORATED,-121.03052520751953,38.261589050292969
91716661,2022,2022-03-07,9265,2022-02-24,1540,021284,,4,2,9,3900,0,1,3,,1,062,"SR-88 (WATERLOO RD)","PICCOLI RD",0.00,,Y,A,-,Y,,,,,,,,,,Y,2,0,1,2,A,-,09,21801,A,N,D,C,A,A,H,-,A,D,0,,,,,Y,,D,22,1,0,0,0,0,0,0,0,0,"- ","- ",38.986740112304688,-121.24700164794922,"SAN JOAQUIN",UNINCORPORATED,-121.24691009521484,37.986679077148438
91717720,2022,2022-03-08,9265,2022-02-27,1935,021644,,7,2,9,3900,0,3,5,,2,060,"CURRY AVE","KETTLEMAN LN",0.00,,Y,A,-,N,,,,,,,,,,Y,2,0,2,2,A,-,12,22450,A,N,D,C,A,A,H,-,D,A,0,,,,,Y,,A,01,1,0,1,0,0,0,0,0,0,"- ","- ",38.115798950195312,-121.23832702636719,"SAN JOAQUIN",UNINCORPORATED,-121.23832702636719,38.115818023681641
91718674,2022,2022-03-09,9265,2022-02-27,1427,020785,,7,2,9,3900,0,1,1,,2,505,"I-5 S/B","WOODBRIDGE RD.",4027.00,N,N,A,-,Y,SJ,,5,,,43.465,H,,L,Y,2,0,4,2,A,-,03,22350,,N,C,C,A,A,H,-,A,D,0,,,,,Y,,D,22,1,1,2,0,0,0,0,0,0,"- ","- ",38.172008514404297,-121.40000152587891,"SAN JOAQUIN",UNINCORPORATED,-121.40003204345703,38.172008514404297
91719986,2022,2022-03-10,9265,2022-03-02,0403,022123,,3,3,2,3920,0,1,1,,2,502,"I-5 S/B","LOUISE AVE",3168.00,N,N,A,-,Y,SJ,,5,,R,17.062,H,,L,Y,2,0,2,2,A,-,06,21755,A,N,C,2,A,A,H,-,D,D,0,,,,Y,Y,,A,07,1,0,1,0,0,0,0,0,0,"- ","- ",37.819869995117188,-121.29283142089844,"SAN JOAQUIN",LATHROP,-121.29273986816406,37.819847106933594
91720017,2022,2022-03-10,9265,2022-03-01,2205,017021,,2,3,9,3900,0,1,3,,2,004,"SR-99 N/B","LIVE OAK RD",770.00,S,N,A,-,Y,,,,,,,,,,N,2,0,2,4,A,-,03,22350,,N,C,C,A,A,D,-,D,A,0,,,,,Y,,A,01,1,1,0,0,0,0,0,0,0,"- ","- ",38.347808837890625,-121.43647766113281,"SAN JOAQUIN",UNINCORPORATED,-121.25968933105469,38.07952880859375
91721033,2022,2022-03-11,9265,2022-01-21,1611,021830,,5,2,9,3900,0,2,4,,1,051,"WAGNER AVE","WASHINGTON ST",0.00,,Y,A,-,N,,,,,,,,,,N,1,1,0,2,A,-,09,21802,A,N,D,C,A,A,H,-,A,A,0,,,Y,,Y,,A,07,0,0,0,0,0,0,0,1,0,"- ","- ",37.964271545410156,-121.23113250732422,"SAN JOAQUIN",UNINCORPORATED,-121.23114013671875,37.964248657226562
91725055,2022,2022-03-17,9265,2022-03-02,0250,021781,,3,3,9,3900,0,1,3,,2,003,"SR-99 N/B",SR-26,528.00,S,N,A,-,Y,SJ,,99,,,19.207,H,,R,Y,2,0,1,2,A,-,01,23152,A,N,C,2,A,A,H,-,D,D,0,,,,Y,Y,Y,A,01,1,0,0,0,0,0,0,0,0,"- ","- ",37.968860626220703,-121.24521636962891,"SAN JOAQUIN",UNINCORPORATED,-121.24525451660156,37.968849182128906
91725647,2022,2022-03-17,9265,2022-03-13,0040,022123,,7,3,9,3900,0,1,3,,2,004,"SR-99 N/B TO HARNEY LN","HARNEY LN",375.00,S,N,A,-,Y,,,,,,,,,,Y,2,0,1,1,A,-,01,23152,A,N,F,A,A,A,H,-,C,D,0,,,Y,,Y,Y,C,02,1,0,0,0,0,0,0,0,1,"- ","- ",38.100551605224609,-121.25971984863281,"SAN JOAQUIN",UNINCORPORATED,-121.25971984863281,38.100551605224609
91729075,2022,2022-03-22,9265,2022-03-15,1651,021644,,2,2,9,3900,0,1,3,,1,042,"SR-4 E/B","FILBERT ST",2112.00,E,N,A,-,Y,SJ,,4,,R,19.154,H,,R,Y,2,0,1,4,A,-,03,22350,,N,C,C,A,A,H,-,A,D,0,,,,Y,Y,,A,01,1,0,0,0,0,0,0,0,0,"- ","- ",37.960838317871094,-121.24680328369141,"SAN JOAQUIN",UNINCORPORATED,-121.24679565429688,37.960803985595703
91730607,2022,2022-05-12,9265,2022-03-12,1742,021644,,6,2,9,3900,0,1,3,,1,063,SR-12,"KENNISON LN",0.00,,Y,A,-,Y,SJ,,12,,,19.110,H,,R,Y,2,0,2,2,A,-,09,21802,A,N,D,C,A,A,H,-,A,A,0,,,Y,,Y,,A,07,2,0,0,0,0,0,0,0,2,"- ","- ",38.137710571289062,-121.23876953125,"SAN JOAQUIN",UNINCORPORATED,-121.23876953125,38.137737274169922
91730814,2022,2022-03-24,9265,2022-03-21,0715,015490,,1,1,9,3900,0,3,5,,2,060,"FRAZIER ROAD","TULLY ROAD",2640.00,E,N,A,-,N,,,,,,,,,,Y,1,1,0,2,A,-,03,22350,,N,C,C,A,A,H,-,A,D,0,,,,,Y,,D,22,0,0,0,0,0,0,0,0,0,"- ","- ",38.074081420898438,-121.11334991455078,"SAN JOAQUIN",UNINCORPORATED,-121.11486053466797,38.074012756347656
91733644,2022,2022-03-25,9265,2022-03-17,1415,019182,,4,2,9,3900,0,1,3,,2,001,"SR-99 S/B","AUSTIN RD",1584.00,S,N,A,-,Y,SJ,,99,,,4.534,H,,L,Y,2,0,1,2,A,-,07,21658,A,N,B,C,A,A,H,-,A,D,0,,,Y,,Y,,A,01,1,0,0,0,0,0,0,0,1,"- ","- ",37.770931243896484,-121.17465209960938,"SAN JOAQUIN",UNINCORPORATED,-121.17462158203125,37.770954132080078
91735482,2022,2022-03-28,9266,2022-03-15,1950,013650,,2,2,9,3900,0,1,1,,2,014,"I-205 E/B","ELEVENTH ST O/C",75.00,E,N,A,-,Y,SJ,,205,,R,3.367,H,,R,Y,2,0,2,1,A,-,08,22107,,N,F,A,A,A,H,-,D,D,0,,,Y,,Y,,-,"- ",1,1,0,0,0,0,0,0,2,"- ","- ",37.741230010986328,-121.49504089355469,"SAN JOAQUIN",UNINCORPORATED,-121.49498748779297,37.741104125976562
91735553,2022,2022-03-28,9265,2022-03-18,2235,022356,,5,3,9,3900,0,1,1,,2,505,"I-5 S/B","BARBER RD",100.00,N,N,A,-,Y,SJ,,5,,,49.213,H,,L,Y,2,0,1,2,A,-,01,23152,A,N,C,C,A,A,H,-,D,D,0,,,,,Y,Y,A,07,1,0,0,0,0,0,0,0,0,"- ","- ",38.246410369873047,-121.44484710693359,"SAN JOAQUIN",UNINCORPORATED,-121.44486236572266,38.246406555175781
91737259,2022,2022-03-30,9265,2022-03-18,0355,021781,,5,3,9,3900,0,1,3,,2,006,"SR-99 SOUTHBOUND","WILSON WAY",150.00,S,N,A,-,Y,SJ,,99,,,21.656,H,,L,N,2,0,1,2,A,-,01,23152,A,N,B,2,A,A,H,-,D,D,0,,,,Y,Y,Y,A,01,1,0,0,0,0,0,0,0,0,"- ","- ",38.002880096435547,-121.2574462890625,"SAN JOAQUIN",UNINCORPORATED,-121.25740814208984,38.002899169921875
91742253,2022,2022-04-06,9265,2022-03-21,1719,020313,,1,2,9,3900,0,1,3,,1,041,SR-4,"MAYBECK ROAD",2587.00,W,N,A,-,Y,SJ,,4,,,11.183,H,,R,N,1,1,0,1,A,-,08,22107,,N,E,I,A,A,H,-,A,D,0,,,,,Y,,A,01,0,0,0,0,0,0,0,0,0,"- ","- ",37.926780700683594,-121.38435363769531,"SAN JOAQUIN",UNINCORPORATED,-121.38435363769531,37.926876068115234
91744183,2022,2022-04-08,9265,2022-03-30,0634,018836,,3,1,9,3900,0,2,4,,1,051,"MAIN ST","ADELBERT AVE",125.00,E,N,A,-,N,,,,,,,,,,N,2,0,1,2,A,-,11,21954,A,N,G,B,D,A,H,-,B,D,0,Y,,,,Y,,N,60,1,0,0,0,1,0,0,0,0,"- ","- ",37.954349517822266,-121.23282623291016,"SAN JOAQUIN",UNINCORPORATED,-121.23285675048828,37.954322814941406
9174745,2020,2020-12-18,3905,2020-10-02,2210,2650,PAR,5,5,6,3905,0,0,0,,0,,"MAIN ST","RENDON AV",43.00,E,N,A,-,,,,,,,,,,,,2,0,1,2,A,-,11,21954,A,F,G,B,D,A,H,-,C,D,0,Y,,,,Y,,N,60,1,0,0,0,1,0,0,0,0,"- ","- ",37.953689575195312,-121.24680328369141,"SAN JOAQUIN",STOCKTON,-121.24551391601562,37.954521179199219
91754492,2022,2023-01-09,9266,2022-04-09,2255,021704,,6,3,9,3900,0,1,1,,1,015,"I-205 E/B","EL RANCHO RD",1880.00,W,N,A,-,Y,SJ,,205,,R,10.158,H,,R,Y,2,0,5,2,A,-,07,21658,A,F,C,C,A,A,H,-,D,D,0,,,,,Y,,A,01,1,3,1,0,0,0,0,0,0,"- ","- ",37.764759063720703,-121.37801361083984,"SAN JOAQUIN",UNINCORPORATED,-121.37801361083984,37.764774322509766
91756783,2022,2022-04-26,9266,2022-04-15,1450,022498,,5,2,9,3900,0,2,4,,1,016,"11TH STREET N/B","GRANT LINE ROAD",305.00,N,N,A,-,N,,,,,,,,,,Y,2,0,1,1,A,-,01,23152,A,N,F,A,A,A,H,-,A,D,0,,,,,Y,Y,A,01,1,0,0,0,0,0,0,0,0,"- ","- ",37.753681182861328,-121.35102844238281,"SAN JOAQUIN",UNINCORPORATED,-121.35210418701172,37.753135681152344
91757427,2022,2022-04-27,9265,2022-04-15,1810,021781,,5,2,9,3900,0,2,4,,1,051,"6TH STREET","ADELBERT AVENUE",0.00,,Y,A,-,N,,,,,,,,,,N,2,0,1,2,A,-,08,22107,,N,C,C,A,A,H,-,A,D,0,,,Y,,Y,,C,02,1,0,0,0,0,0,0,0,1,"- ","- ",37.943931579589844,-121.22319793701172,"SAN JOAQUIN",UNINCORPORATED,-121.22885131835938,37.943748474121094
91758562,2022,2022-06-20,9265,2022-04-10,1224,018836,,7,1,9,3900,0,2,4,,1,015,"COPPEROPOLIS RD","ESCALON BELLOTA RD",0.00,,Y,A,-,N,,,,,,,,,,Y,1,1,1,2,A,-,09,21802,A,N,D,C,A,A,H,-,A,A,0,,,,,Y,,A,01,1,0,0,0,0,0,0,0,0,"- ","- ",37.973430633544922,-120.99964141845703,"SAN JOAQUIN",UNINCORPORATED,-120.9996337890625,37.973464965820312
91758706,2022,2022-04-28,9265,2022-04-14,0705,018836,,4,1,9,3900,0,1,3,,1,013,SR-4,"HEWITT RD",290.00,E,N,B,-,Y,SJ,,4,,,31.048,H,,R,Y,2,0,2,2,A,-,01,23152,A,N,A,C,A,A,H,-,A,D,0,,,,,Y,Y,A,01,1,1,0,0,0,0,0,0,0,"- ","- ",37.9298095703125,-121.03739929199219,"SAN JOAQUIN",UNINCORPORATED,-121.03741455078125,37.929782867431641
91759202,2022,2022-04-28,9265,2022-04-03,0119,022123,,7,3,9,3900,0,1,1,,2,505,"I-5 S/B","I-5 FRONTAGE RD.",4224.00,S,N,A,-,Y,SJ,,5,,,37.247,H,,L,Y,2,0,4,3,A,-,03,22350,,N,D,2,A,A,H,-,D,D,0,,,,,Y,,D,22,2,1,1,0,0,0,0,0,0,"- ","- ",38.085201263427734,-121.38137817382812,"SAN JOAQUIN",UNINCORPORATED,-121.38137054443359,38.085201263427734
91765232,2022,2022-05-05,9265,2022-04-10,2020,022356,,7,2,9,3900,0,2,4,,1,052,"MCALLEN RD","WILSON WAY",1300.00,W,N,A,-,N,,,,,,,,,,N,2,0,1,2,A,-,11,21954,A,N,G,B,D,A,H,-,D,D,0,Y,,,,Y,,N,60,1,0,0,0,1,0,0,0,0,"- ","- ",38.000370025634766,-121.26483154296875,"SAN JOAQUIN",UNINCORPORATED,-121.26473236083984,38.000385284423828
91765384,2022,2022-05-05,9265,2022-04-15,0705,018836,,5,1,9,3900,0,1,3,,1,066,SR-26,"DUCK CREEK",1373.00,E,N,A,-,Y,SJ,,26,,,17.138,H,,R,Y,2,0,1,1,A,-,08,22107,,N,F,A,A,A,H,-,A,D,0,,,,Y,Y,,G,25,1,0,0,0,0,0,0,0,0,"- ","- ",38.068260192871094,-120.99078369140625,"SAN JOAQUIN",UNINCORPORATED,-120.99078369140625,38.068267822265625
91767069,2022,2022-05-09,9265,2022-04-13,1810,021781,,3,2,9,3900,0,1,3,,2,006,"SR-99 N/B","JAHANT RD",2112.00,S,N,A,-,Y,SJ,,99,,,35.194,H,,R,Y,2,0,1,1,A,-,08,22107,,N,E,I,A,A,H,-,A,D,0,,,,,Y,,A,01,1,0,0,0,0,0,0,0,0,"- ","- ",38.198169708251953,-121.26262664794922,"SAN JOAQUIN",UNINCORPORATED,-121.26279449462891,38.198165893554688
91769196,2022,2022-05-11,9265,2022-04-30,0130,021661,,6,3,9,3900,0,1,3,,2,001,"SR-99 S/B","JACK TONE RD",4752.00,N,N,A,-,Y,SJ,,99,,,3.274,H,,L,Y,2,0,1,2,A,-,08,22107,,N,C,E,A,A,H,-,D,D,0,,,,,Y,,A,01,1,0,0,0,0,0,0,0,0,"- ","- ",37.759941101074219,-121.15628814697266,"SAN JOAQUIN",UNINCORPORATED,-121.15622711181641,37.760005950927734
91769903,2022,2022-05-11,9266,2022-05-03,1708,021704,,2,2,9,3900,0,1,1,,1,015,"I-205 E/B","EL RANCHO RD",2640.00,E,N,A,-,Y,SJ,,205,,R,10.963,H,,R,Y,2,0,3,3,A,-,03,22350,,N,C,C,A,A,H,-,A,D,0,,,,,Y,,D,22,1,2,0,0,0,0,0,0,0,"- ","- ",37.764850616455078,-121.36331939697266,"SAN JOAQUIN",UNINCORPORATED,-121.36331939697266,37.764793395996094
91771610,2022,2022-05-13,9266,2022-05-08,1047,020599,,7,1,9,3900,0,2,4,,1,023,"CHRISMAN ROAD","SCHULTE ROAD",1375.00,N,N,A,G,N,,,,,,,,,,Y,2,0,2,1,A,-,01,23152,A,N,E,I,A,A,H,-,A,D,0,,,,,Y,,A,07,1,1,0,0,0,0,0,0,0,"- ","- ",37.729049682617188,-121.39826202392578,"SAN JOAQUIN",UNINCORPORATED,-121.39823150634766,37.728996276855469
91772909,2022,2022-05-16,9266,2022-05-04,0829,015029,,3,1,9,3900,0,3,5,,2,002,"LAMMERS ROAD","WESTERN PACIFIC ROAD",15.00,N,N,A,-,N,,,,,,,,,,Y,2,0,2,2,A,-,09,21801,A,N,A,C,A,A,H,-,A,A,0,,,Y,,Y,,A,01,1,1,0,0,0,0,0,0,1,"- ","- ",37.714569091796875,-121.47650909423828,"SAN JOAQUIN",UNINCORPORATED,-121.47654724121094,37.714431762695312
91774289,2022,2022-05-17,9265,2022-04-04,0702,017123,,1,1,9,3900,0,1,3,,1,041,SR-4,"BACON ISLAND RD",4752.00,W,N,B,-,Y,SJ,,4,,,7.198,H,,R,Y,1,1,0,1,A,-,01,23152,F,N,F,A,A,A,H,-,B,D,0,,,Y,,Y,,C,02,0,0,0,0,0,0,0,1,0,"- ","- ",37.912399291992188,-121.44969177246094,"SAN JOAQUIN",UNINCORPORATED,-121.44969177246094,37.912399291992188
91774488,2022,2022-05-18,9265,2022-04-03,1050,020313,,7,1,9,3900,0,1,3,,1,066,SR-26,"FINE RD",26.00,W,N,A,-,N,,,,,,,,,,Y,2,0,1,2,A,-,12,22450,A,N,D,C,A,A,H,-,A,A,0,,,Y,,Y,,D,22,1,0,0,0,0,0,0,0,1,"- ","- ",38.031810760498047,-121.05016326904297,"SAN JOAQUIN",UNINCORPORATED,-121.0501708984375,38.031833648681641
91774500,2022,2022-05-18,9265,2022-05-05,2140,022315,,4,2,9,3900,0,2,S,,2,034,"B ST","4TH ST",0.00,,Y,A,-,N,,,,,,,,,,N,2,0,1,2,A,-,17,25650,,N,D,C,A,A,H,-,C,D,0,,,Y,,Y,,C,02,1,0,0,0,0,0,0,0,1,"- ","- ",37.562099456787109,-121.15270233154297,"SAN JOAQUIN",UNINCORPORATED,-121.42845916748047,37.732429504394531
91775338,2022,2022-05-18,9266,2022-03-22,0628,018217,,2,1,9,3900,0,1,3,,1,025,"STATE ROUTE 33 (SR-33)","LEHMAN ROAD",0.00,,Y,A,-,Y,,,,,,,,,,Y,1,1,0,2,A,-,12,22450,A,N,D,C,A,A,H,-,D,A,0,,,,Y,Y,,F,26,0,0,0,0,0,0,0,0,0,"- ","- ",37.683891296386719,-121.34548187255859,"SAN JOAQUIN",UNINCORPORATED,-121.34535217285156,37.683547973632812
91775963,2022,2022-05-19,9265,2022-05-10,1500,022365,,2,2,9,3900,0,1,3,,2,004,"SR 99 SB","WILSON WAY OC",63.00,S,N,A,-,Y,SJ,,99,,,21.657,H,,L,N,2,0,1,3,A,-,08,22107,,N,C,C,A,A,H,-,A,D,0,,,Y,,Y,,C,02,1,0,0,0,0,0,0,0,1,"- ","- ",38.002899169921875,-121.25743103027344,"SAN JOAQUIN",UNINCORPORATED,-121.25741577148438,38.002906799316406
91779022,2022,2022-05-24,9265,2022-05-12,1912,021830,,4,2,9,3900,0,3,5,,2,060,"SR-88 E/B","ALPINE RD",713.00,W,N,A,-,Y,SJ,,88,,,3.071,H,,R,N,2,0,2,1,A,-,01,23152,A,N,E,I,A,A,H,-,A,D,0,,,,,Y,Y,A,07,1,1,0,0,0,0,0,0,0,"- ","- ",38.014961242675781,-121.20906829833984,"SAN JOAQUIN",UNINCORPORATED,-121.20897674560547,38.014900207519531
91779188,2022,2022-06-13,9265,2022-05-15,1936,022365,,7,2,9,3900,0,1,3,,2,025,SR-120,"MAIN STREET",1610.00,E,N,A,-,Y,SJ,,120,,R,5.621,H,,R,Y,1,1,0,2,A,-,08,22107,,N,A,G,A,A,H,-,A,D,0,,Y,,,Y,,L,04,0,0,0,0,0,1,0,0,0,"- ","- ",37.783218383789062,-121.21019744873047,"SAN JOAQUIN",UNINCORPORATED,-121.21019744873047,37.783203125
91779790,2022,2022-05-25,9265,2022-05-01,1210,017549,,7,1,9,3900,0,1,3,,2,003,"HORNER AVENUE","S OLIVE AVENUE",0.00,,Y,A,-,N,,,,,,,,,,N,2,0,1,2,A,-,03,22350,,N,D,G,A,A,H,-,A,A,0,,Y,,,Y,Y,-,99,1,0,0,0,0,0,1,0,0,"- ","- ",37.957500457763672,-121.23679351806641,"SAN JOAQUIN",UNINCORPORATED,-121.23683166503906,37.957500457763672
91783174,2022,2022-05-27,9265,2022-05-15,1234,021440,,7,1,9,3900,0,1,3,,1,092,"PELTIER RD","THORNTON RD",543.00,E,N,A,-,N,,,,,,,,,,Y,2,0,1,2,A,-,01,23152,A,N,C,C,A,A,H,-,A,D,0,,,,,Y,Y,A,01,1,0,0,0,0,0,0,0,0,"- ","- ",38.189449310302734,-121.40093231201172,"SAN JOAQUIN",UNINCORPORATED,-121.40103912353516,38.189441680908203