CASE_ID,ACCIDENT_YEAR,PROC_DATE,JURIS,COLLISION_DATE,COLLISION_TIME,OFFICER_ID,REPORTING_DISTRICT,DAY_OF_WEEK,CHP_SHIFT,POPULATION,CNTY_CITY_LOC,SPECIAL_COND,BEAT_TYPE,CHP_BEAT_TYPE,CITY_DIVISION_LAPD,CHP_BEAT_CLASS,BEAT_NUMBER,PRIMARY_RD,SECONDARY_RD,DISTANCE,DIRECTION,INTERSECTION,WEATHER_1,WEATHER_2,STATE_HWY_IND,CALTRANS_COUNTY,CALTRANS_DISTRICT,STATE_ROUTE,ROUTE_SUFFIX,POSTMILE_PREFIX,POSTMILE,LOCATION_TYPE,RAMP_INTERSECTION,SIDE_OF_HWY,TOW_AWAY,COLLISION_SEVERITY,NUMBER_KILLED,NUMBER_INJURED,PARTY_COUNT,PRIMARY_COLL_FACTOR,PCF_CODE_OF_VIOL,PCF_VIOL_CATEGORY,PCF_VIOLATION,PCF_VIOL_SUBSECTION,HIT_AND_RUN,TYPE_OF_COLLISION,MVIW,PED_ACTION,ROAD_SURFACE,ROAD_COND_1,ROAD_COND_2,LIGHTING,CONTROL_DEVICE,CHP_ROAD_TYPE,PEDESTRIAN_ACCIDENT,BICYCLE_ACCIDENT,MOTORCYCLE_ACCIDENT,TRUCK_ACCIDENT,NOT_PRIVATE_PROPERTY,ALCOHOL_INVOLVED,STWD_VEHTYPE_AT_FAULT,CHP_VEHTYPE_AT_FAULT,COUNT_SEVERE_INJ,COUNT_VISIBLE_INJ,COUNT_COMPLAINT_PAIN,COUNT_PED_KILLED,COUNT_PED_INJURED,COUNT_BICYCLIST_KILLED,COUNT_BICYCLIST_INJURED,COUNT_MC_KILLED,COUNT_MC_INJURED,PRIMARY_RAMP,SECONDARY_RAMP,LATITUDE,LONGITUDE,COUNTY,CITY,POINT_X,POINT_Y
91783314,2022,2022-05-27,9265,2022-03-27,0220,020071,,7,3,9,3900,0,1,3,,2,001,"SR-99 S/B","AUSTIN RD",4053.00,S,N,A,-,Y,SJ,,99,,,4.055,H,,L,N,1,1,0,2,A,-,11,21954,A,N,G,B,E,A,H,-,D,D,0,Y,,,,Y,Y,N,60,0,0,0,1,0,0,0,0,0,"- ","- ",37.766700744628906,-121.16771697998047,"SAN JOAQUIN",UNINCORPORATED,-121.16768646240234,37.766738891601562
91784648,2022,2022-05-31,9265,2022-04-01,1832,022049,,5,2,9,3900,0,1,3,,1,092,SR-12,"PEATLAND RD",1423.00,E,N,A,-,Y,SJ,,12,,,7.253,H,,R,Y,1,1,0,2,A,-,01,23152,A,N,D,C,A,A,H,-,A,D,0,,,,Y,Y,Y,A,01,0,0,0,0,0,0,0,0,0,"- ","- ",38.115451812744141,-121.45131683349609,"SAN JOAQUIN",UNINCORPORATED,-121.45131683349609,38.115413665771484
91785794,2022,2022-06-01,9266,2022-02-08,2048,021822,,2,2,9,3900,0,1,1,,2,014,"I-205 W/B","HANSEN ROAD",1419.00,W,N,A,-,Y,SJ,,205,,,2.061,H,,L,Y,1,1,0,4,A,-,11,21956,A,N,G,1,E,A,H,-,D,D,0,Y,,,,Y,,N,60,0,0,0,1,0,0,0,0,0,"- ","- ",37.741970062255859,-121.51911163330078,"SAN JOAQUIN",UNINCORPORATED,-121.51912689208984,37.741798400878906
91789807,2022,2022-06-07,9265,2022-05-27,1140,015490,,5,1,9,3900,0,3,5,,2,060,"LIBERTY RD","E. RANCHERO RD.",1584.00,W,N,A,-,N,,,,,,,,,,Y,2,0,3,2,A,-,05,21460,A,N,A,C,A,A,H,-,A,D,0,,,,,Y,,A,01,2,1,0,0,0,0,0,0,0,"- ","- ",38.237098693847656,-121.01058959960938,"SAN JOAQUIN",UNINCORPORATED,-121.00926971435547,38.238067626953125
91791094,2022,2022-06-08,9265,2022-05-29,0400,021661,,7,3,9,3900,0,1,3,,1,013,SR-4,"HEWITT RD",70.00,E,N,A,-,N,,,,,,,,,,Y,2,0,1,1,A,-,01,23152,A,N,E,I,A,A,H,-,D,D,0,,,,,Y,Y,A,01,1,0,0,0,0,0,0,0,0,"- ","- ",37.929939270019531,-121.03810119628906,"SAN JOAQUIN",UNINCORPORATED,-121.03806304931641,37.930019378662109
91791140,2022,2022-06-08,9265,2022-05-29,2030,022282,,7,2,9,3900,0,3,5,,2,060,"JEHANT ROAD E/B","DUSTIN ROAD",948.00,W,N,A,-,N,,,,,,,,,,Y,2,0,1,1,A,-,08,22107,,N,E,I,A,A,H,-,A,A,0,,,Y,,Y,Y,C,06,1,0,0,0,0,0,0,0,1,"- ","- ",38.203811645507812,-121.22934722900391,"SAN JOAQUIN",UNINCORPORATED,-121.22933197021484,38.203819274902344
91794789,2022,2022-06-14,9265,2022-06-04,1820,022049,,6,2,9,3900,0,1,3,,2,025,"SR-120 W/B","YOSEMITE AVE",300.00,W,N,A,-,Y,SJ,,120,,R,1.277,H,,L,Y,2,0,1,1,A,-,08,22107,,N,F,A,A,A,H,-,A,D,0,,,,,Y,,A,07,1,0,0,0,0,0,0,0,0,"- ","- ",37.789859771728516,-121.28814697265625,"SAN JOAQUIN",UNINCORPORATED,-121.28820037841797,37.789749145507812
91796588,2022,2022-06-16,9265,2022-06-06,0135,022042,,1,3,9,3900,0,1,3,,1,092,SR-12,"WILLIAMSON ROAD",2500.00,W,N,B,-,N,,,,,,,,,,Y,2,0,2,1,A,-,01,23152,A,N,E,I,A,A,H,-,D,D,0,,,,,Y,Y,A,07,1,1,0,0,0,0,0,0,0,"- ","- ",38.11383056640625,-121.50582885742188,"SAN JOAQUIN",UNINCORPORATED,-121.50583648681641,38.113945007324219
91799987,2022,2022-06-21,9265,2022-06-12,0310,022356,,7,3,9,3900,0,1,1,,2,505,"I-5 N/B","BARBER RD",900.00,N,N,A,-,Y,SJ,,5,,,49.366,H,,R,Y,2,0,1,1,A,-,01,23152,A,N,E,I,A,A,H,-,D,D,0,,,Y,,Y,Y,C,02,1,0,0,0,0,0,0,0,1,"- ","- ",38.248588562011719,-121.44518280029297,"SAN JOAQUIN",UNINCORPORATED,-121.44529724121094,38.248561859130859
9180493,2020,2020-12-07,3905,2020-10-20,1945,2909,SEA,2,5,6,3905,0,0,0,,0,,"CHURCH ST","HARRISON ST",278.00,W,N,A,-,N,,,,,,,,,,,2,0,1,2,A,-,11,21956,,F,G,B,E,A,H,-,D,D,0,Y,,,,Y,,N,60,1,0,0,0,1,0,0,0,0,"- ","- ",37.946331024169922,-121.29759216308594,"SAN JOAQUIN",STOCKTON,-121.29840850830078,37.946128845214844
91805019,2022,2022-06-28,9265,2022-05-05,1113,015629,,4,1,9,3900,0,1,3,,1,092,SR-12,"PEATLAND RD",449.00,E,N,A,-,Y,SJ,,12,,,7.262,H,,R,Y,1,1,0,1,A,-,06,21751,,N,F,A,A,A,H,-,A,D,0,,,,,Y,,A,01,0,0,0,0,0,0,0,0,0,"- ","- ",38.115608215332031,-121.45115661621094,"SAN JOAQUIN",UNINCORPORATED,-121.45116424560547,38.115413665771484
91805086,2022,2022-06-28,9265,2022-04-01,1350,019182,,5,1,9,3900,0,2,4,,1,024,"AIRPORT WY","MORTENSEN RD",276.00,S,N,A,-,N,,,,,,,,,,Y,1,1,0,1,A,-,01,23152,A,N,E,I,A,A,H,-,A,D,0,,,,,Y,Y,D,22,0,0,0,0,0,0,0,0,0,"- ","- ",37.698348999023438,-121.24031066894531,"SAN JOAQUIN",UNINCORPORATED,-121.23989868164062,37.698707580566406
9180638,2020,2020-12-09,3906,2020-10-24,1931,1556,,6,5,5,3906,0,0,0,,0,004,"TRACY BL","BEVERLY PL",0.00,,Y,A,-,N,,,,,,,,,,Y,2,0,2,2,A,-,01,23153,A,N,C,C,A,A,H,-,C,D,0,,,Y,,Y,Y,C,02,2,0,0,0,0,0,0,0,2,"- ","- ",,,"SAN JOAQUIN",TRACY,-121.43501281738281,37.744949340820312
91810230,2022,2022-07-05,9265,2022-06-17,0431,022138,,5,3,9,3900,0,1,3,,2,001,"SR-99 S/B","SR-99 TO SR-120 W/B TRANSITION",528.00,N,N,A,-,Y,SJ,,99,,,5.952,H,,L,Y,2,0,1,2,A,-,03,22350,,N,C,C,A,A,H,-,D,A,0,,,,,Y,,D,22,1,0,0,0,0,0,0,0,0,"- ","- ",37.787200927734375,-121.18878173828125,"SAN JOAQUIN",UNINCORPORATED,-121.18875122070312,37.787204742431641
91810233,2022,2022-07-05,9265,2022-06-17,0435,022138,,5,3,9,3900,0,1,3,,2,001,"SR-99 S/B","SR-120 W/B TRANSITION FROM SR-99 N/B",528.00,N,N,A,-,Y,SJ,,99,,,5.952,H,,L,Y,2,0,1,3,C,-,18,,,N,A,C,A,A,H,-,D,A,0,,,,,Y,,-,"- ",1,0,0,0,0,0,0,0,0,"- ","- ",37.787200927734375,-121.18878173828125,"SAN JOAQUIN",UNINCORPORATED,-121.18875122070312,37.787204742431641
91811158,2022,2022-07-06,9265,2022-05-11,1440,018694,,3,2,9,3900,0,3,5,,2,030,"POCK LN","CARPENTER RD",895.00,N,N,A,-,N,,,,,,,,,,Y,1,1,1,2,A,-,01,23152,A,N,A,C,A,A,H,-,A,D,0,,,,,Y,Y,A,01,1,0,0,0,0,0,0,0,0,"- ","- ",37.924198150634766,-121.24288177490234,"SAN JOAQUIN",UNINCORPORATED,-121.24289703369141,37.924182891845703
91811452,2022,2022-07-06,9265,2022-05-17,2500,015490,,2,4,9,3900,0,1,3,,2,004,"SR-99 N/B","CHEROKEE RD",1584.00,N,N,A,-,Y,,,,,,,,,,Y,1,1,0,1,A,-,01,23152,G,N,E,I,A,A,H,-,D,D,0,,,,,Y,Y,A,01,0,0,0,0,0,0,0,0,0,"- ","- ",37.997371673583984,-121.25437164306641,"SAN JOAQUIN",UNINCORPORATED,-121.25469207763672,37.997241973876953
91814027,2022,2022-07-11,9265,2022-06-28,1609,019182,,2,2,9,3900,0,3,5,,2,030,"EL DORADO ST","MATHEWS RD",0.00,,Y,A,-,N,,,,,,,,,,Y,2,0,2,4,A,-,12,22450,A,N,D,C,A,A,H,-,A,A,0,,,,Y,Y,,A,01,1,1,0,0,0,0,0,0,0,"- ","- ",37.881809234619141,-121.27622985839844,"SAN JOAQUIN",UNINCORPORATED,-121.27622985839844,37.881820678710938
91814356,2022,2022-07-11,9265,2022-06-14,1730,022282,,2,2,9,3900,0,3,5,,2,060,"SR-88 EB","LIBERTY ROAD",30.00,S,N,A,-,Y,SJ,,88,,,22.091,H,,R,Y,2,0,1,1,A,-,01,23152,A,N,E,I,A,A,H,-,A,A,0,,,,,Y,Y,D,22,1,0,0,0,0,0,0,0,0,"- ","- ",38.236049652099609,-121.05116271972656,"SAN JOAQUIN",UNINCORPORATED,-121.05110168457031,38.236019134521484
91815389,2022,2022-07-12,9266,2022-06-28,0810,015029,,2,1,9,3900,0,1,3,,1,011,"STATE ROUTE 4","MIDDLE RIVER BRIDGE",13728.00,W,N,A,-,N,,,,,,,,,,Y,2,0,1,1,A,-,08,22107,,N,F,A,A,A,H,-,A,D,0,,,Y,,Y,,C,02,1,0,0,0,0,0,0,0,1,"- ","- ",37.532398223876953,-121.31590270996094,"SAN JOAQUIN",UNINCORPORATED,,
91817989,2022,2022-07-15,9265,2022-06-28,1742,022049,,2,2,9,3900,0,3,5,,2,090,"ACAMPO RD","DES MOINES RD",0.00,,Y,A,-,N,,,,,,,,,,Y,2,0,1,2,A,-,09,21802,A,N,D,C,A,A,H,-,A,D,0,,,Y,,Y,,A,07,1,0,0,0,0,0,0,0,1,"- ","- ",38.174701690673828,-121.27127075195312,"SAN JOAQUIN",UNINCORPORATED,-121.27114868164062,38.174724578857422
91818278,2022,2022-07-15,9265,2022-07-03,1735,022134,,7,2,9,3900,0,2,4,,1,093,"WOODBRIDGE RD","LOWER SACRAMENTO RD",4327.00,E,N,A,-,N,,,,,,,,,,Y,2,0,1,2,A,-,01,23152,A,F,C,C,A,A,H,-,A,D,0,,,,,Y,Y,D,22,1,0,0,0,0,0,0,0,0,"- ","- ",38.160209655761719,-121.27996826171875,"SAN JOAQUIN",UNINCORPORATED,-121.28031921386719,38.160198211669922
91818307,2022,2022-07-15,9265,2022-04-25,1903,017439,,1,2,4,3903,0,1,3,,2,025,"STATE ROUTE 120 EASTBOUND","MAIN STREET",360.00,W,N,A,-,Y,SJ,,120,,R,5.242,H,,R,Y,1,1,1,2,A,-,03,22350,,N,C,C,A,A,H,-,A,D,0,,,,Y,Y,,A,07,0,1,0,0,0,0,0,0,0,"- ","- ",37.783191680908203,-121.21711730957031,"SAN JOAQUIN",MANTECA,-121.21711730957031,37.783203125
91822349,2022,2022-07-21,9265,2022-07-11,1600,019139,,1,2,9,3900,0,1,1,,2,502,"I-5 N/B","ROTH RD.",800.00,S,N,A,-,Y,SJ,,5,,R,19.037,H,,R,N,2,0,1,1,A,-,08,22107,,N,F,J,A,A,H,-,A,D,0,,,,,Y,,D,22,1,0,0,0,0,0,0,0,0,"- ","- ",37.847579956054688,-121.28373718261719,"SAN JOAQUIN",UNINCORPORATED,-121.28382873535156,37.847591400146484
91822375,2022,2022-07-21,9265,2022-07-01,1648,022049,,5,2,9,3900,0,1,3,,1,011,"COPPEROPOLIS RD","BERN RD",80.00,W,N,A,-,N,,,,,,,,,,Y,2,0,2,3,A,-,03,22350,,N,C,C,A,A,H,-,A,D,0,,,Y,,Y,,C,02,1,0,1,0,0,0,0,0,1,"- ","- ",37.9652099609375,-121.17851257324219,"SAN JOAQUIN",UNINCORPORATED,-121.17844390869141,37.965232849121094
91824488,2022,2022-07-25,9265,2022-05-13,1619,020513,,5,2,9,3900,0,1,3,,1,092,SR-12,"PEATLAND RD",1795.00,E,N,A,-,Y,SJ,,12,,,7.321,H,,R,Y,1,3,7,3,A,-,01,23152,F,N,B,C,A,A,H,-,A,D,0,,,,,Y,,A,01,0,1,6,0,0,0,0,0,0,"- ","- ",38.115398406982422,-121.4500732421875,"SAN JOAQUIN",UNINCORPORATED,-121.4500732421875,38.115413665771484
91825334,2022,2022-07-26,9265,2022-06-07,1410,018694,,2,2,9,3900,0,1,3,,1,016,"JACK TONE ROAD","STATE ROUTE 120",77.00,S,N,A,-,Y,,,,,,,,,,Y,1,1,0,2,A,-,09,21801,A,N,D,C,A,A,H,-,A,D,0,,,Y,,Y,,D,22,0,0,0,0,0,0,0,1,0,"- ","- ",37.797309875488281,-121.14321899414062,"SAN JOAQUIN",UNINCORPORATED,-121.14317321777344,37.797439575195312
91826790,2022,2022-07-28,9265,2022-07-16,1600,021968,,6,2,4,3903,0,1,3,,2,025,"SR-120 WESTBOUND","AIRPORT WAY",0.00,,Y,A,-,Y,SJ,,120,,R,2.673,H,,L,Y,2,0,1,1,A,-,01,23152,A,N,F,I,A,A,H,-,A,D,0,,,,,Y,Y,A,01,1,0,0,0,0,0,0,0,0,"- ","- ",37.783550262451172,-121.26399993896484,"SAN JOAQUIN",MANTECA,-121.26400756835938,37.783531188964844
91835013,2022,2022-08-08,9265,2022-07-04,2345,022366,,1,3,9,3900,0,1,3,,2,003,"SR-99 N/B","FRENCH CAMP ROAD",2785.00,N,N,B,-,Y,SJ,,99,,,12.052,H,,R,Y,1,1,0,1,A,-,01,23152,A,N,E,8,A,A,H,-,D,D,0,,,,,Y,Y,A,01,0,0,0,0,0,0,0,0,0,"- ","- ",37.868038177490234,-121.21891784667969,"SAN JOAQUIN",UNINCORPORATED,-121.21900177001953,37.868038177490234
91837531,2022,2022-08-10,9266,2022-07-16,0642,020083,,6,1,9,3900,0,1,1,,2,024,"I-5 N/B","HOSPITAL CREEK",645.00,S,N,A,-,Y,SJ,,5,,,0.991,H,,R,Y,2,0,1,1,A,-,08,22107,,N,E,I,A,A,H,-,A,D,0,,,,Y,Y,,G,25,1,0,0,0,0,0,0,0,0,"- ","- ",37.603179931640625,-121.34268188476562,"SAN JOAQUIN",UNINCORPORATED,-121.34263610839844,37.603183746337891
91837583,2022,2022-08-10,9266,2022-08-03,0740,021241,,3,1,9,3900,0,1,1,,2,014,"I-205 W/B","HANSEN RD",1320.00,W,N,A,-,Y,SJ,,205,,,2.119,H,,L,Y,2,0,3,2,A,-,03,22350,,N,C,C,A,A,H,-,A,D,0,,,,,Y,,A,01,1,1,1,0,0,0,0,0,0,"- ","- ",37.74169921875,-121.51805877685547,"SAN JOAQUIN",UNINCORPORATED,-121.51805877685547,37.741729736328125
91844553,2022,2022-08-19,9265,2022-07-30,1536,022049,,6,2,9,3900,0,1,3,,1,063,SR-12,"KENNISON LN",1010.00,E,N,A,-,N,,,,,,,,,,Y,2,0,1,2,A,-,03,22350,,N,C,C,A,A,H,-,A,D,0,,,Y,,Y,Y,C,02,1,0,0,0,0,0,0,0,1,"- ","- ",38.137718200683594,-121.23516845703125,"SAN JOAQUIN",UNINCORPORATED,-121.23516845703125,38.137687683105469
91848604,2022,2022-08-25,9266,2022-07-02,0330,021241,,6,3,9,3900,0,1,3,,1,011,SR-4,"OLD RIVER BRIDGE",2.00,W,N,A,-,Y,SJ,,4,,,4.428,H,,R,Y,1,1,0,2,A,-,01,23152,A,N,E,I,A,A,H,-,D,D,0,,,,Y,Y,Y,A,01,0,0,0,0,0,0,0,0,0,"- ","- ",37.891189575195312,-121.48992919921875,"SAN JOAQUIN",UNINCORPORATED,-121.48992919921875,37.891193389892578
91852950,2022,2022-08-30,9266,2022-08-21,1832,021822,,7,2,9,3900,0,1,1,,1,015,"I-205 E/B","PARADISE ROAD",245.00,E,N,A,-,Y,SJ,,205,,R,9.657,H,,R,Y,2,0,7,2,A,-,03,22350,,N,C,C,A,A,H,-,A,D,0,,,,,Y,,A,08,2,3,2,0,0,0,0,0,0,"- ","- ",37.764671325683594,-121.38719177246094,"SAN JOAQUIN",UNINCORPORATED,-121.38719177246094,37.764751434326172
91854417,2022,2022-08-31,9265,2022-08-19,1815,021968,,5,2,9,3900,0,3,5,,2,030,"HOWARD RD","WOLFE RD",1056.00,W,N,A,-,N,,,,,,,,,,Y,2,0,2,2,A,-,01,23152,A,N,A,C,A,A,H,-,A,D,0,,,,,Y,Y,A,01,1,0,1,0,0,0,0,0,0,"- ","- ",37.877349853515625,-121.31053924560547,"SAN JOAQUIN",UNINCORPORATED,-121.30531311035156,37.877605438232422
91858098,2022,2022-09-06,9266,2022-08-26,2005,018888,,5,2,9,3900,0,2,4,,1,016,"GRANT LINE RD","BIRD RD",0.00,,Y,A,-,N,,,,,,,,,,Y,2,0,1,1,A,-,08,22107,,N,F,A,A,A,H,-,D,D,0,,,Y,,Y,,C,02,1,0,0,0,0,0,0,0,1,"- ","- ",37.754268646240234,-121.36025238037109,"SAN JOAQUIN",UNINCORPORATED,-121.36183929443359,37.754314422607422
91858958,2022,2022-09-07,9265,2022-08-13,1842,021830,,6,2,9,3900,0,3,5,,2,030,"POCK LN","CARPENTER RD",824.00,N,N,D,-,N,,,,,,,,,,N,2,0,3,3,A,-,03,22350,,N,D,C,A,A,H,-,A,D,0,,,Y,,Y,,C,02,1,1,1,0,0,0,0,0,1,"- ","- ",37.924041748046875,-121.24285125732422,"SAN JOAQUIN",UNINCORPORATED,-121.24282073974609,37.923995971679688
91859070,2022,2022-09-07,9265,2022-08-21,1240,021440,,7,1,9,3900,0,1,3,,1,092,SR-12,"WILLIAMSON RD",1003.00,W,N,A,-,Y,SJ,,12,,R,4.574,H,,R,Y,2,0,1,2,A,-,05,21460,A,N,A,2,A,A,H,-,A,D,0,,,,Y,Y,,A,01,1,0,0,0,0,0,0,0,0,"- ","- ",38.114669799804688,-121.50054931640625,"SAN JOAQUIN",UNINCORPORATED,-121.50056457519531,38.114711761474609
91860122,2022,2022-09-08,9265,2022-08-19,0550,017989,,5,3,9,3900,0,1,3,,1,041,SR-4,"MAYBECK RD",3696.00,W,N,B,-,N,,,,,,,,,,Y,2,0,2,2,A,-,00,27151,,N,F,C,A,A,H,-,C,D,0,,,Y,,Y,,D,22,1,1,0,0,0,0,0,0,1,"- ","- ",37.926860809326172,-121.38758850097656,"SAN JOAQUIN",UNINCORPORATED,-121.38758850097656,37.926883697509766
91862287,2022,2022-09-12,9265,2022-08-30,0135,022042,,2,3,9,3900,0,2,4,,1,053,"WILSON WAY","MCALLEN ROAD",500.00,S,N,A,-,N,,,,,,,,,,N,2,0,1,2,A,-,08,22107,,F,G,B,E,A,H,-,D,D,0,Y,,,,Y,,-,99,1,0,0,0,1,0,0,0,0,"- ","- ",37.999118804931641,-121.26117706298828,"SAN JOAQUIN",UNINCORPORATED,-121.26125335693359,37.999198913574219
91863277,2022,2022-09-13,9265,2022-08-31,0540,018836,,3,3,9,3900,0,2,4,,1,051,"ORO AVE","MAIN ST",203.00,S,N,A,-,N,,,,,,,,,,N,2,0,1,2,A,-,11,21954,A,N,G,B,D,A,H,-,D,D,0,Y,,,,Y,Y,N,60,1,0,0,0,1,0,0,0,0,"- ","- ",37.953361511230469,-121.23397827148438,"SAN JOAQUIN",UNINCORPORATED,-121.23403930664062,37.953433990478516
91874557,2022,2022-09-27,9265,2022-09-16,2135,022422,,5,2,9,3900,0,1,3,,2,001,"SR-99 N/B","FRENCH CAMP ROAD",1500.00,S,N,A,-,Y,SJ,,99,,,9.954,H,,R,N,2,0,1,2,A,-,01,23152,A,N,C,2,A,B,H,-,C,D,0,,,,,Y,Y,A,01,1,0,0,0,0,0,0,0,0,"- ","- ",37.837711334228516,-121.21771240234375,"SAN JOAQUIN",UNINCORPORATED,-121.21763610839844,37.837711334228516
91874788,2022,2022-09-27,9266,2022-09-26,1055,021471,,1,1,9,3900,0,1,1,,2,014,"I-205 W/B","11TH ST",50.00,E,N,A,-,Y,,,,,,,,,,N,2,0,1,2,A,-,07,21658,A,N,B,C,A,A,H,-,A,D,0,,,,,Y,,A,01,1,0,0,0,0,0,0,0,0,"- ","- ",34.952999114990234,-120.41549682617188,"SAN JOAQUIN",UNINCORPORATED,-121.4415283203125,37.739669799804688
91876994,2022,2022-09-29,9265,2022-07-03,2500,022365,,7,4,9,3900,0,3,5,,2,060,"BAKER RD","BEECHER RD",1062.00,W,N,A,-,N,,,,,,,,,,Y,1,1,0,1,A,-,01,23152,A,N,E,I,A,A,H,-,B,D,0,,,,,Y,Y,A,01,0,0,0,0,0,0,0,0,0,"- ","- ",38.028968811035156,-121.17211151123047,"SAN JOAQUIN",UNINCORPORATED,-121.17213439941406,38.029056549072266
91878948,2022,2022-10-13,9265,2022-05-20,2038,021781,,5,2,9,3900,0,1,3,,1,061,SR-26,"BEECHER RD",783.00,W,N,A,-,Y,SJ,,26,,,5.615,H,,R,Y,1,1,1,2,A,-,09,21801,A,N,A,C,A,A,H,-,D,D,0,,,Y,,Y,,A,07,0,0,1,0,0,0,0,1,0,"- ","- ",37.99420166015625,-121.17035675048828,"SAN JOAQUIN",UNINCORPORATED,-121.17035675048828,37.994182586669922
91879275,2022,2022-09-30,9265,2022-08-20,0635,018836,,6,1,9,3900,0,1,3,,1,042,"SR-4 E/B TO SR-99 S/B","SR-99 S/B",1267.00,N,N,A,-,Y,,,,,,,,,,Y,1,1,0,1,A,-,08,22107,,N,F,0,A,A,H,-,A,A,0,,,Y,,Y,,C,02,0,0,0,0,0,0,0,1,0,"- ","- ",37.960441589355469,-121.24224090576172,"SAN JOAQUIN",UNINCORPORATED,-121.24224090576172,37.960441589355469
91880614,2022,2022-10-03,9266,2022-09-19,0140,021241,,1,3,9,3900,0,3,5,,2,001,"GRANT LINE RD","HANSEN ROAD",70.00,W,N,C,-,N,,,,,,,,,,Y,2,0,1,1,C,-,18,,,N,E,I,A,B,H,-,D,D,0,,,,,Y,,-,"- ",1,0,0,0,0,0,0,0,0,"- ","- ",37.758270263671875,-121.51348114013672,"SAN JOAQUIN",UNINCORPORATED,-121.51348114013672,37.758220672607422
91881941,2022,2022-10-28,9265,2022-08-02,1742,022356,,2,2,9,3900,0,2,4,,1,014,"MARIPOSA RD","MURPHY RD",3000.00,E,N,A,-,N,,,,,,,,,,Y,1,1,1,2,A,-,08,22107,,N,A,C,A,A,H,-,A,D,0,,,,,Y,,A,07,0,0,1,0,0,0,0,0,0,"- ","- ",37.886020660400391,-121.10188293457031,"SAN JOAQUIN",UNINCORPORATED,-121.10189819335938,37.886035919189453
91881997,2022,2022-10-04,9266,2022-09-25,1700,022498,,7,2,9,3900,0,1,1,,1,015,"I-205 W/B","PARADISE ROAD",1170.00,E,N,A,-,Y,SJ,,205,,R,9.888,H,,L,N,2,0,1,2,A,-,07,21658,A,N,B,C,A,A,H,-,A,D,0,,,Y,,Y,,A,01,1,0,0,0,0,0,0,0,1,"- ","- ",37.765048980712891,-121.38288116455078,"SAN JOAQUIN",UNINCORPORATED,-121.38288116455078,37.765056610107422
91886548,2022,2022-10-10,9265,2022-07-12,1242,021440,,2,1,9,3900,0,3,5,,2,090,"PELTIER RD","THORNTON RD",3062.00,E,N,A,-,N,,,,,,,,,,Y,1,1,0,2,A,-,01,23152,F,N,B,C,A,A,H,-,A,D,0,,,,,Y,,A,07,0,0,0,0,0,0,0,0,0,"- ","- ",38.189380645751953,-121.39208984375,"SAN JOAQUIN",UNINCORPORATED,-121.39227294921875,38.189411163330078
91887306,2022,2022-10-11,9265,2022-07-25,0130,022505,,1,3,9,3900,0,1,3,,2,003,"SR-99 N/B TO FRENCH CAMP ROAD","FRENCH CAMP ROAD",656.00,N,N,A,-,Y,,,,,,,,,,N,1,1,0,1,A,-,01,23152,G,N,E,I,A,A,H,-,C,D,0,,,,,Y,Y,A,01,0,0,0,0,0,0,0,0,0,"- ","- ",37.861309051513672,-121.21714019775391,"SAN JOAQUIN",UNINCORPORATED,-121.21714019775391,37.861309051513672
91887586,2022,2022-10-11,9265,2022-09-30,0917,018836,,5,1,9,3900,0,2,4,,1,015,"COPPEROPOLIS RD","JACK TONE RD",430.00,W,N,A,-,N,,,,,,,,,,Y,2,0,1,2,A,-,01,23152,A,N,E,I,A,A,H,-,A,D,0,,,,,Y,Y,A,01,1,0,0,0,0,0,0,0,0,"- ","- ",37.970321655273438,-121.15025329589844,"SAN JOAQUIN",UNINCORPORATED,-121.15016937255859,37.970314025878906
91890492,2022,2022-10-14,9265,2022-09-25,1214,018836,,7,1,9,3900,0,2,4,,1,014,"MARIPOSA RD","JACK TONE RD",1003.00,W,N,A,-,N,,,,,,,,,,Y,2,0,3,3,A,-,01,23152,A,F,A,C,A,A,H,-,A,D,0,,,,,Y,Y,D,22,1,2,0,0,0,0,0,0,0,"- ","- ",37.906078338623047,-121.15070343017578,"SAN JOAQUIN",UNINCORPORATED,-121.15053558349609,37.906040191650391
91890503,2022,2022-10-14,9265,2022-08-18,2100,021781,,4,2,9,3900,0,3,5,,2,050,"MYRTLE STREET","SINCLAIR AVE",0.00,,Y,A,-,N,,,,,,,,,,N,2,0,1,1,A,-,03,22350,,M,E,I,A,A,H,-,D,D,0,,,,,Y,Y,A,01,1,0,0,0,0,0,0,0,0,"- ","- ",37.966400146484375,-121.23622894287109,"SAN JOAQUIN",UNINCORPORATED,-121.23622894287109,37.966464996337891