CASE_ID,ACCIDENT_YEAR,PROC_DATE,JURIS,COLLISION_DATE,COLLISION_TIME,OFFICER_ID,REPORTING_DISTRICT,DAY_OF_WEEK,CHP_SHIFT,POPULATION,CNTY_CITY_LOC,SPECIAL_COND,BEAT_TYPE,CHP_BEAT_TYPE,CITY_DIVISION_LAPD,CHP_BEAT_CLASS,BEAT_NUMBER,PRIMARY_RD,SECONDARY_RD,DISTANCE,DIRECTION,INTERSECTION,WEATHER_1,WEATHER_2,STATE_HWY_IND,CALTRANS_COUNTY,CALTRANS_DISTRICT,STATE_ROUTE,ROUTE_SUFFIX,POSTMILE_PREFIX,POSTMILE,LOCATION_TYPE,RAMP_INTERSECTION,SIDE_OF_HWY,TOW_AWAY,COLLISION_SEVERITY,NUMBER_KILLED,NUMBER_INJURED,PARTY_COUNT,PRIMARY_COLL_FACTOR,PCF_CODE_OF_VIOL,PCF_VIOL_CATEGORY,PCF_VIOLATION,PCF_VIOL_SUBSECTION,HIT_AND_RUN,TYPE_OF_COLLISION,MVIW,PED_ACTION,ROAD_SURFACE,ROAD_COND_1,ROAD_COND_2,LIGHTING,CONTROL_DEVICE,CHP_ROAD_TYPE,PEDESTRIAN_ACCIDENT,BICYCLE_ACCIDENT,MOTORCYCLE_ACCIDENT,TRUCK_ACCIDENT,NOT_PRIVATE_PROPERTY,ALCOHOL_INVOLVED,STWD_VEHTYPE_AT_FAULT,CHP_VEHTYPE_AT_FAULT,COUNT_SEVERE_INJ,COUNT_VISIBLE_INJ,COUNT_COMPLAINT_PAIN,COUNT_PED_KILLED,COUNT_PED_INJURED,COUNT_BICYCLIST_KILLED,COUNT_BICYCLIST_INJURED,COUNT_MC_KILLED,COUNT_MC_INJURED,PRIMARY_RAMP,SECONDARY_RAMP,LATITUDE,LONGITUDE,COUNTY,CITY,POINT_X,POINT_Y
91890517,2022,2022-10-14,9265,2022-06-11,2114,021781,,6,2,9,3900,0,2,4,,1,014,"JACK TONE ROAD","MARIPOSA ROAD",232.00,N,N,A,-,N,,,,,,,,,,Y,1,1,2,2,A,-,01,23152,A,N,C,C,A,A,H,-,C,D,0,,,,,Y,Y,A,01,1,0,1,0,0,0,0,0,0,"- ","- ",37.905689239501953,-121.14730834960938,"SAN JOAQUIN",UNINCORPORATED,-121.14730834960938,37.905666351318359
91891559,2022,2022-10-17,9265,2022-09-11,2134,022365,,7,2,5,3902,0,1,3,,2,006,"SR-99 S/B","KETTLEMAN LANE",1398.00,N,N,A,-,Y,SJ,,99,,,29.766,H,,L,Y,1,1,0,1,A,-,08,22107,,N,E,I,A,A,H,-,C,D,0,,,,,Y,,A,01,0,0,0,0,0,0,0,0,0,"- ","- ",38.120098114013672,-121.25765991210938,"SAN JOAQUIN",LODI,-121.25743865966797,38.120094299316406
91891691,2022,2022-10-17,9265,2022-10-05,0742,018850,,3,1,9,3900,0,1,3,,1,061,SR-26,"JACK TONE RD",0.00,,Y,A,-,Y,SJ,,26,,,6.849,H,,R,N,2,0,1,1,C,-,18,,,N,F,A,A,D,G,-,A,D,0,,,Y,,Y,,-,"- ",1,0,0,0,0,0,0,0,1,"- ","- ",38.000759124755859,-121.14952850341797,"SAN JOAQUIN",UNINCORPORATED,-121.14952850341797,38.000755310058594
91891740,2022,2022-10-17,9266,2022-10-02,2150,019091,,7,2,9,3900,0,1,1,,1,015,"I-205 E/B","I-5 UNDERCROSSING",2640.00,E,N,A,-,Y,SJ,,205,,R,12.791,H,,R,Y,2,0,1,4,A,-,08,22107,,N,C,4,E,A,H,-,D,D,0,Y,,,Y,Y,,A,07,1,0,0,0,1,0,0,0,0,"- ","- ",37.767391204833984,-121.33003234863281,"SAN JOAQUIN",UNINCORPORATED,-121.33004760742188,37.767421722412109
91891771,2022,2022-10-17,9265,2022-10-03,1120,015629,,1,1,9,3900,0,1,3,,1,092,"SR-12 E/B","I-5 N/B TO SR-12",21.00,E,N,A,-,Y,SJ,,12,,,10.233,H,,R,Y,2,0,1,2,A,-,12,21453,A,N,B,2,A,A,H,-,A,A,0,,,,Y,Y,,-,"- ",1,0,0,0,0,0,0,0,0,"- ","- ",38.115909576416016,-121.39669036865234,"SAN JOAQUIN",UNINCORPORATED,-121.39669036865234,38.115932464599609
91801769,2022,2022-06-23,9265,2022-05-02,1929,020785,,1,2,9,3900,0,1,1,,2,505,"I-5 N/B","TURNER RD",1375.00,S,N,A,-,Y,SJ,,5,,,41.417,H,,R,Y,1,1,0,2,A,-,03,22350,,N,C,C,A,A,H,-,A,D,0,,,,Y,Y,,A,07,0,0,0,0,0,0,0,0,0,"- ","- ",38.142341613769531,-121.39907836914062,"SAN JOAQUIN",UNINCORPORATED,-121.39907073974609,38.142341613769531
91792782,2022,2022-06-10,9265,2022-06-01,2155,022138,,3,2,9,3900,0,2,4,,1,014,"MARIPOSA ROAD","JULIET ROAD",22.00,E,N,A,-,N,,,,,,,,,,Y,2,0,1,1,A,-,01,23152,A,N,E,I,A,A,H,-,D,A,0,,,,,Y,Y,A,01,1,0,0,0,0,0,0,0,0,"- ","- ",37.940349578857422,-121.24696350097656,"SAN JOAQUIN",UNINCORPORATED,-121.246826171875,37.940265655517578
91778983,2022,2022-05-24,9266,2022-02-20,2150,021704,,7,2,9,3900,0,3,5,,2,002,"LINNE RD","BIRD RD",11.00,E,N,A,-,N,,,,,,,,,,Y,1,1,0,1,A,-,01,23152,A,N,E,I,A,A,H,-,D,A,0,,,,,Y,Y,A,07,0,0,0,0,0,0,0,0,0,"- ","- ",37.696231842041016,-121.36145782470703,"SAN JOAQUIN",UNINCORPORATED,-121.36152648925781,37.696269989013672
91778334,2022,2022-05-23,9265,2022-05-05,0635,015629,,4,1,9,3900,0,1,1,,2,504,"I-5 S/B ON-RAMP FROM EIGHT MILE ROAD","EIGHT MILE ROAD",879.00,S,N,A,-,Y,SJ,,5,,,35.162,H,,L,Y,2,0,1,2,A,-,03,22350,,N,B,C,A,A,H,-,A,D,0,,,Y,,Y,,C,02,1,0,0,0,0,0,0,0,1,"- ","- ",38.055671691894531,-121.37233734130859,"SAN JOAQUIN",UNINCORPORATED,-121.37214660644531,38.055709838867188
91826280,2022,2022-07-27,9265,2022-05-26,1012,019073,,4,1,9,3900,0,3,5,,2,010,"RIVER RD","EUGENIA AVE",132.00,E,N,A,-,N,,,,,,,,,,Y,1,1,0,1,A,-,01,23152,F,N,E,I,A,A,H,-,A,D,0,,,,,Y,,A,07,0,0,0,0,0,0,0,0,0,"- ","- ",37.761211395263672,-121.11467742919922,"SAN JOAQUIN",UNINCORPORATED,-121.11476135253906,37.761241912841797
91819096,2022,2022-07-18,9265,2022-07-06,1115,018836,,3,1,9,3900,0,2,4,,1,015,"ESCALON BELLOTA RD","DODDS RD",0.00,,Y,A,-,N,,,,,,,,,,Y,2,0,3,2,A,-,12,22450,A,N,D,C,A,A,H,-,A,A,0,,,,,Y,,D,22,1,1,1,0,0,0,0,0,0,"- ","- ",37.856681823730469,-120.99864196777344,"SAN JOAQUIN",UNINCORPORATED,-120.99864959716797,37.856700897216797
91892889,2022,2022-10-18,9265,2022-09-17,1343,017405,,6,1,9,3900,0,3,5,,2,010,"SANTA FE RD.","RIVER RD.",0.00,,Y,A,-,N,,,,,,,,,,N,2,0,1,2,A,-,12,22450,A,N,D,C,A,A,H,-,A,A,0,,,Y,,Y,,A,07,1,0,0,0,0,0,0,0,1,"- ","- ",37.762050628662109,-120.95034027099609,"SAN JOAQUIN",UNINCORPORATED,-120.95035552978516,37.762039184570312
91893270,2022,2022-10-18,9265,2022-10-04,1140,017989,,2,1,9,3900,0,2,4,,1,082,"ALPINE AVE","RYDE AVE",0.00,,Y,A,-,Y,SJ,,5,,,28.980,H,,L,Y,2,0,1,2,A,-,12,21453,A,N,D,C,A,A,H,-,A,A,0,,,Y,,Y,,C,02,1,0,0,0,0,0,0,0,1,"- ","- ",37.970329284667969,-121.3382568359375,"SAN JOAQUIN",UNINCORPORATED,-121.33800506591797,37.970394134521484
91895558,2022,2022-10-20,9265,2022-10-05,0218,021781,,3,3,9,3900,0,3,5,,2,010,"NORTHLAND ROAD","AUSTIN ROAD",1584.00,W,N,A,-,N,,,,,,,,,,N,2,0,1,1,A,-,08,22107,,N,E,I,A,A,H,-,D,D,0,,,Y,,Y,,C,02,1,0,0,0,0,0,0,0,1,"- ","- ",37.833839416503906,-121.19219970703125,"SAN JOAQUIN",UNINCORPORATED,-121.19147491455078,37.833808898925781
91896457,2022,2022-10-21,9265,2022-10-12,2347,022407,,3,3,4,3903,0,1,3,,2,001,"SR-99 S/B TO LATHROP RD","LATHROP RD",530.00,N,N,A,-,Y,,,,,,,,,,Y,2,0,1,1,A,-,03,22350,,N,E,I,A,A,H,-,C,D,0,,,Y,,Y,,C,02,1,0,0,0,0,0,0,0,1,"- ","- ",37.828399658203125,-121.21861267089844,"SAN JOAQUIN",MANTECA,-121.21861267089844,37.828399658203125
91897941,2022,2022-10-24,9266,2022-10-14,0903,019657,,5,1,9,3900,0,3,5,,2,003,"MUSTANG WAY","TRADITIONS STREET",9.00,E,N,A,-,N,,,,,,,,,,N,2,0,1,2,A,-,10,21950,A,N,G,B,B,A,H,-,A,A,0,Y,,,,Y,,A,08,1,0,0,0,1,0,0,0,0,"- ","- ",37.766761779785156,-121.54261016845703,"SAN JOAQUIN",UNINCORPORATED,-121.54269409179688,37.766799926757812
91899727,2022,2022-10-26,9265,2022-07-19,1555,018289,,2,2,9,3900,0,1,3,,1,013,"STATE ROUTE 4","HOLLENBECK ROAD",681.00,E,N,A,-,Y,,,,,,,,,,Y,1,1,0,2,A,-,01,23152,G,N,D,C,A,A,H,-,A,D,0,,,Y,,Y,Y,C,02,0,0,0,0,0,0,0,1,0,"- ","- ",37.942348480224609,-121.2122802734375,"SAN JOAQUIN",UNINCORPORATED,-121.12136077880859,37.942409515380859
91899823,2022,2022-10-26,9265,2022-07-05,1403,022049,,2,2,9,3900,0,1,3,,1,011,SR-120,"SEXTON RD",1410.00,W,N,A,-,Y,SJ,,120,,,14.575,H,,R,Y,1,1,0,2,A,-,08,22107,,N,A,C,A,A,H,-,A,D,0,,,,Y,Y,,A,01,0,0,0,0,0,0,0,0,0,"- ","- ",37.798591613769531,-121.03842163085938,"SAN JOAQUIN",UNINCORPORATED,-121.03842163085938,37.798576354980469
9190081,2020,2020-12-26,3905,2020-10-09,1245,3099,BEA,5,5,6,3905,0,0,0,,0,,"CHAPARRAL WY","SHADY OAKS DR",3.00,E,N,A,-,N,,,,,,,,,,,2,0,1,2,A,-,08,22107,,N,B,E,A,A,H,-,A,D,0,,,,,Y,,-,,1,0,0,0,0,0,0,0,0,"- ","- ",38.040618896484375,-121.33007049560547,"SAN JOAQUIN",STOCKTON,-121.32991790771484,38.040386199951172
91900997,2022,2022-10-27,9265,2022-09-04,2250,022072,,7,3,9,3900,0,1,3,,2,004,"STATE ROUTE 99 (SR-99) NORTHBOUND",SR-88,350.00,S,N,A,-,Y,SJ,,88,,,0.020,H,,R,Y,1,1,2,3,A,-,01,23152,A,N,G,B,F,A,H,-,C,D,0,Y,,,,Y,Y,A,01,1,1,0,1,1,0,0,0,0,"- ","- ",37.98468017578125,-121.24970245361328,"SAN JOAQUIN",UNINCORPORATED,-121.24984741210938,37.984825134277344
91901174,2022,2022-10-27,9265,2022-10-11,0710,017989,,2,1,9,3900,0,3,5,,2,040,"ROBERTS RD","MULLER RD",1056.00,S,N,A,-,N,,,,,,,,,,Y,2,0,1,2,A,-,03,22350,,N,C,C,A,A,H,-,A,D,0,,,,,Y,,D,22,1,0,0,0,0,0,0,0,0,"- ","- ",37.901809692382812,-121.34126281738281,"SAN JOAQUIN",UNINCORPORATED,-121.34166717529297,37.901626586914062
91901317,2022,2022-10-27,9265,2022-10-04,1524,022365,,2,2,9,3900,0,1,3,,2,001,"SR-99 S/B","JACK TONE RD",2640.00,N,N,A,-,Y,SJ,,99,,,2.870,H,,L,N,2,0,1,3,A,-,08,22107,,F,B,C,A,A,H,-,A,D,0,,,Y,,Y,,-,"- ",1,0,0,0,0,0,0,0,1,"- ","- ",37.75653076171875,-121.15029907226562,"SAN JOAQUIN",UNINCORPORATED,-121.15030670166016,37.756519317626953
91904374,2022,2022-10-28,9265,2022-10-17,0327,022476,,1,3,9,3900,0,3,5,,2,020,"SR-99 E. FRONTAGE RD","FRENCH CAMP RD",4200.00,S,N,A,-,N,,,,,,,,,,N,2,0,1,2,A,-,11,21954,A,N,G,B,E,A,H,-,D,D,0,Y,,,,Y,,N,60,1,0,0,0,1,0,0,0,0,"- ","- ",37.847618103027344,-121.21793365478516,"SAN JOAQUIN",UNINCORPORATED,-121.21812438964844,37.847610473632812
91905688,2022,2022-10-31,9265,2022-10-20,0745,021364,,4,1,9,3900,0,3,5,,2,010,"E. MARIPOSA ROAD","CARPENTER ROAD",1140.00,W,N,A,-,N,,,,,,,,,,N,2,0,1,2,A,-,03,22350,,N,C,C,A,A,H,-,A,D,0,,,,Y,Y,,D,22,1,0,0,0,0,0,0,0,0,"- ","- ",37.554550170898438,-121.13134002685547,"SAN JOAQUIN",UNINCORPORATED,-121.22036743164062,37.929336547851562
91906539,2022,2022-11-01,9265,2022-10-09,1550,019139,,7,2,9,3900,0,3,5,,2,040,"ROBERTS RD","MULLER RD.",500.00,S,N,A,-,N,,,,,,,,,,N,1,1,0,1,A,-,08,22107,,N,F,A,A,A,H,-,A,D,0,,,,,Y,,A,01,0,0,0,0,0,0,0,0,0,"- ","- ",37.903331756591797,-121.34178161621094,"SAN JOAQUIN",UNINCORPORATED,-121.34168243408203,37.903156280517578
91907770,2022,2022-11-02,9265,2022-10-28,0915,018850,,5,1,9,3900,0,1,3,,1,011,SR-120,"CALLA DR",1700.00,E,N,A,-,Y,SJ,,120,,,7.909,H,,R,Y,2,0,1,2,A,-,03,22350,,N,C,C,A,A,H,-,A,D,0,,,Y,,Y,,C,02,1,0,0,0,0,0,0,0,1,"- ","- ",37.797611236572266,-121.16010284423828,"SAN JOAQUIN",UNINCORPORATED,-121.16010284423828,37.797584533691406
91912876,2022,2022-11-08,9265,2022-10-29,2305,022422,,6,3,9,3900,0,2,4,,1,014,"MARIPOSA ROAD","VAN ALLEN ROAD",900.00,E,N,A,-,N,,,,,,,,,,N,2,0,1,1,A,-,08,22107,,N,E,I,A,A,H,-,D,D,0,,,,,Y,,A,07,1,0,0,0,0,0,0,0,0,"- ","- ",37.861751556396484,-121.05259704589844,"SAN JOAQUIN",UNINCORPORATED,-121.05154418945312,37.861137390136719
91913666,2022,2022-11-09,9265,2022-10-10,1743,022217,,1,2,9,3900,0,1,3,,1,061,SR-26,"JACK TONE RD",0.00,,Y,A,-,Y,SJ,,26,,,6.851,H,,R,Y,1,1,0,2,A,-,12,22450,A,N,D,C,A,A,H,-,A,A,0,,,,,Y,,A,01,0,0,0,0,0,0,0,0,0,"- ","- ",38.000759124755859,-121.14949798583984,"SAN JOAQUIN",UNINCORPORATED,-121.14950561523438,38.000762939453125
91918168,2022,2022-11-15,9265,2022-11-05,1604,022217,,6,2,9,3900,0,1,3,,2,004,"SR-99 N/B","EIGHT MILE RD",900.00,N,N,B,-,Y,SJ,,99,,,25.599,H,,R,Y,2,0,1,1,A,-,08,22107,,N,E,I,A,A,H,-,A,D,0,,,,Y,Y,,F,26,1,0,0,0,0,0,0,0,0,"- ","- ",38.059959411621094,-121.25937652587891,"SAN JOAQUIN",UNINCORPORATED,-121.25946807861328,38.059959411621094
91919243,2022,2022-11-16,9265,2022-09-25,0643,017405,,7,1,9,3900,0,1,3,,1,011,SR-120,"STEINEGUL RD.",1056.00,E,N,A,-,Y,SJ,,120,,,19.389,H,,R,Y,1,1,1,2,A,-,01,23152,F,N,A,C,A,A,H,-,B,D,0,,,,,Y,,A,01,1,0,0,0,0,0,0,0,0,"- ","- ",37.793930053710938,-120.95623016357422,"SAN JOAQUIN",UNINCORPORATED,-120.95623016357422,37.793952941894531
91920448,2022,2022-11-17,9265,2022-11-12,1702,022356,,6,2,9,3900,0,3,5,,2,010,"COMETA RD","DODDS RD",135.00,S,N,A,-,N,,,,,,,,,,Y,2,0,2,1,A,-,01,23152,A,N,E,I,A,A,H,-,A,D,0,,,,,Y,Y,A,01,1,0,1,0,0,0,0,0,0,"- ","- ",37.856361389160156,-120.9464111328125,"SAN JOAQUIN",UNINCORPORATED,-120.94634246826172,37.856407165527344
91921762,2022,2022-11-18,9265,2022-11-15,1347,022356,,2,1,9,3900,0,2,4,,1,051,"MAIN ST","OLIVE AVE",0.00,,Y,A,-,N,,,,,,,,,,Y,2,0,1,2,A,-,09,21802,A,N,D,C,A,A,H,-,A,A,0,,,Y,,Y,,D,22,1,0,0,0,0,0,0,0,1,"- ","- ",37.954090118408203,-121.23539733886719,"SAN JOAQUIN",UNINCORPORATED,-121.23542022705078,37.953990936279297
91921780,2022,2022-11-18,9265,2022-10-06,2120,022282,,4,2,9,3900,0,1,3,,1,041,SR-4,"INLAND DRIVE",5280.00,W,N,A,-,Y,SJ,,4,,,10.079,H,,R,Y,1,1,4,3,A,-,01,23152,A,N,B,C,A,A,H,-,D,A,0,,,,,Y,Y,A,01,1,3,0,0,0,0,0,0,0,"- ","- ",37.926891326904297,-121.40454864501953,"SAN JOAQUIN",UNINCORPORATED,-121.40454864501953,37.926891326904297
91923325,2022,2022-11-21,9265,2022-11-08,0613,015629,,2,1,9,3900,0,1,3,,1,092,"SR-12 WESTBOUND (W/B)","GUARD ROAD",750.00,W,N,B,C,Y,SJ,,12,,,8.644,H,,L,Y,2,0,2,2,A,-,05,21650,,N,A,C,A,B,H,-,D,D,0,,,,Y,Y,,D,22,1,1,0,0,0,0,0,0,0,"- ","- ",38.1160888671875,-121.42597198486328,"SAN JOAQUIN",UNINCORPORATED,-121.42597198486328,38.116081237792969
91933940,2022,2022-12-05,9265,2022-08-14,0135,022042,,7,3,9,3900,0,3,5,,2,060,"COLLIER ROAD","ELLIOTT ROAD",0.00,,Y,A,-,N,,,,,,,,,,Y,1,1,2,2,A,-,12,22450,A,N,B,C,A,A,H,-,D,A,0,,,,,Y,,A,07,0,1,1,0,0,0,0,0,0,"- ","- ",38.219280242919922,-121.17135620117188,"SAN JOAQUIN",UNINCORPORATED,-121.17127990722656,38.219257354736328
91934948,2022,2022-12-06,9265,2022-11-29,1115,018850,,2,1,9,3900,0,1,3,,2,003,"SR-99 N/B","FRENCH CAMP RD",2640.00,N,N,A,-,Y,SJ,,99,,,11.999,H,,R,Y,2,0,1,1,A,-,08,22107,,N,E,8,A,A,H,-,A,D,0,,,,,Y,,A,07,1,0,0,0,0,0,0,0,0,"- ","- ",37.867271423339844,-121.21891021728516,"SAN JOAQUIN",UNINCORPORATED,-121.21894836425781,37.867267608642578
91935163,2022,2022-12-06,9266,2022-10-21,1846,022498,,5,2,9,3900,0,2,4,,1,012,"TRACY BOULEVARD","FINK ROAD",1670.00,N,N,A,-,N,,,,,,,,,,Y,1,1,1,3,A,-,01,23152,A,N,A,C,A,A,H,-,B,D,0,,,,,Y,Y,A,01,0,1,0,0,0,0,0,0,0,"- ","- ",37.810070037841797,-121.44963836669922,"SAN JOAQUIN",UNINCORPORATED,-121.44964599609375,37.80987548828125
91938592,2022,2022-12-09,9265,2022-10-08,0227,018784,,6,3,9,3900,0,2,4,,1,052,"FILBERT STREET","HARDING WAY",86.00,N,N,A,-,N,,,,,,,,,,Y,1,1,0,5,A,-,01,23152,G,N,C,E,A,A,H,-,D,D,0,,,,,Y,Y,A,01,0,0,0,0,0,0,0,0,0,"- ","- ",37.9739990234375,-121.26004791259766,"SAN JOAQUIN",UNINCORPORATED,-121.26004791259766,37.973918914794922
91938674,2022,2022-12-09,9265,2022-12-08,0750,015490,,4,1,9,3900,0,1,3,,2,006,"SR-99 N/B","CHEROKEE LN.",360.00,N,N,B,-,Y,SJ,,99,,,31.429,H,,R,N,2,0,1,1,A,-,08,22107,,N,E,I,A,A,H,-,A,D,0,,,,,Y,,A,01,1,0,0,0,0,0,0,0,0,"- ","- ",38.143810272216797,-121.26067352294922,"SAN JOAQUIN",UNINCORPORATED,-121.26070404052734,38.143802642822266
91940890,2022,2022-12-13,9265,2022-08-16,1910,022366,,2,2,9,3900,0,1,3,,1,063,SR-12,"JOHNSON ROAD",318.00,W,N,A,-,Y,SJ,,12,,,23.927,H,,R,Y,1,1,2,1,A,-,01,23152,G,N,E,I,A,A,H,-,A,D,0,,,,,Y,Y,A,01,0,2,0,0,0,0,0,0,0,"- ","- ",38.201190948486328,-121.05587005615234,"SAN JOAQUIN",UNINCORPORATED,-121.05588531494141,38.201244354248047
91940983,2022,2022-12-13,9265,2022-09-27,2015,021968,,2,2,9,3900,0,1,1,,2,503,"INTERSTATE 5 SOUTHBOUND","ALPINE AVE",496.00,S,N,A,-,Y,SJ,,5,,,28.876,H,,L,Y,1,1,0,2,A,-,03,22350,,N,C,C,A,A,H,-,C,D,0,,,Y,,Y,,A,07,0,0,0,0,0,0,0,1,0,"- ","- ",37.968959808349609,-121.33743286132812,"SAN JOAQUIN",UNINCORPORATED,-121.33745574951172,37.968952178955078
91941221,2022,2022-12-13,9265,2022-12-04,1755,017439,,7,2,9,3900,0,3,5,,2,020,"FRENCH CAMP RD.","S. PRIEST RD.",325.00,E,N,A,-,N,,,,,,,,,,N,2,0,1,2,A,-,08,22107,,F,G,B,E,A,H,-,D,D,0,Y,,,,Y,,-,99,1,0,0,0,1,0,0,0,0,"- ","- ",37.880439758300781,-121.26544952392578,"SAN JOAQUIN",UNINCORPORATED,-121.26554107666016,37.880523681640625
91949180,2022,2022-12-22,9266,2022-12-13,0445,013650,,2,3,9,3900,0,2,4,,2,030,"MOUNTAIN HOUSE PARKWAY N/B","I-205 W/B TO MOUNTAIN HOUSE PARKWAY",0.00,,Y,A,-,N,,,,,,,,,,Y,2,0,1,2,A,-,12,21453,A,N,D,C,A,A,H,-,C,A,0,,,,Y,Y,,G,27,1,0,0,0,0,0,0,0,0,"- ","- ",37.743930816650391,-121.53176879882812,"SAN JOAQUIN",UNINCORPORATED,-121.53163146972656,37.743057250976562
91949729,2022,2022-12-22,9295,2022-12-17,1734,022217,,6,2,9,3900,0,3,5,,2,005,"RIDGE RD","LOGANS ALLEY",225.00,W,N,A,-,N,,,,,,,,,,N,2,0,1,2,A,-,11,21954,A,N,G,B,E,A,H,-,D,D,0,Y,,,,Y,Y,N,60,1,0,0,0,1,0,0,0,0,"- ","- ",38.413509368896484,-120.67562103271484,"SAN JOAQUIN",UNINCORPORATED,-120.67555236816406,38.413448333740234
91953186,2022,2022-12-27,9265,2022-12-13,1710,022134,,2,2,6,3905,0,1,1,,2,504,"I-5 S/B","MARCH LN",2500.00,N,N,B,-,Y,SJ,,5,,,30.500,H,,L,N,2,0,2,3,A,-,07,21658,A,N,B,C,A,A,H,-,C,D,0,,,,,Y,,A,07,1,0,1,0,0,0,0,0,0,"- ","- ",37.991348266601562,-121.34638214111328,"SAN JOAQUIN",STOCKTON,-121.34629821777344,37.991367340087891
91953188,2022,2022-12-27,9265,2022-12-12,1238,021440,,1,1,6,3905,0,1,1,,2,503,"I-5 S/B","DOWNING AVE",1795.00,N,N,D,-,Y,SJ,,5,,R,24.020,H,,L,Y,2,0,2,2,A,-,03,22350,,N,C,C,A,A,H,-,A,D,0,,,,,Y,,A,01,1,1,0,0,0,0,0,0,0,"- ","- ",37.917911529541016,-121.29148864746094,"SAN JOAQUIN",STOCKTON,-121.29148864746094,37.917911529541016
91955412,2022,2022-12-29,9265,2022-12-17,0925,016382,,6,1,9,3900,0,2,4,,1,031,"UNION RD","FRENCH CAMP ROAD",0.00,,Y,E,-,N,,,,,,,,,,Y,2,0,1,1,A,-,01,23152,A,N,E,I,A,B,H,-,A,A,0,,,,,Y,Y,A,01,1,0,0,0,0,0,0,0,0,"- ","- ",37.865390777587891,-121.2371826171875,"SAN JOAQUIN",UNINCORPORATED,-121.23737335205078,37.865375518798828
91963516,2022,2023-01-09,9265,2022-09-25,1755,022134,,7,2,9,3900,0,3,5,,2,090,"DAVIS RD","EIGHT MILE RD",5222.00,N,N,A,-,N,,,,,,,,,,Y,1,1,6,2,A,-,01,23152,F,N,A,C,A,A,H,-,B,D,0,,,,,Y,,B,01,0,0,6,0,0,0,0,0,0,"- ","- ",38.07196044921875,-121.33335876464844,"SAN JOAQUIN",UNINCORPORATED,-121.33335113525391,38.057598114013672
91963548,2022,2023-01-09,9265,2022-09-25,1358,021830,,7,1,9,3900,0,2,4,,1,015,"DOVE RD","ESCALON BELLOTA RD",0.00,,Y,A,-,N,,,,,,,,,,N,1,1,1,2,A,-,01,23152,A,N,D,C,A,A,H,-,A,A,0,,,Y,,Y,Y,C,02,0,1,0,0,0,0,0,1,0,"- ","- ",37.849441528320312,-120.99838256835938,"SAN JOAQUIN",UNINCORPORATED,-120.99837493896484,37.84942626953125
91964381,2022,2023-01-10,9265,2022-11-25,2020,022422,,5,2,6,3905,0,1,1,,2,503,"I-5 S/B","MONTE DIABLO AVENUE",720.00,N,N,A,-,Y,SJ,,5,,,28.079,H,,L,N,1,1,1,2,A,-,01,23152,A,N,E,I,A,A,H,-,C,D,0,,,,,Y,Y,A,01,0,0,1,0,0,0,0,0,0,"- ","- ",37.958339691162109,-121.33190155029297,"SAN JOAQUIN",STOCKTON,-121.33185577392578,37.958385467529297
91964767,2022,2023-01-10,9265,2022-09-18,0437,022499,,7,3,9,3900,0,1,3,,1,061,SR-26,"PINASCO RD",140.00,W,N,B,-,Y,SJ,,26,,,5.373,H,,R,N,1,1,0,2,A,-,03,22350,,F,G,B,E,A,H,-,D,D,0,Y,,,,Y,Y,A,01,0,0,0,1,0,0,0,0,0,"- ","- ",37.993320465087891,-121.17476654052734,"SAN JOAQUIN",UNINCORPORATED,-121.17477416992188,37.993324279785156
91967219,2023,2023-01-12,9265,2023-01-05,1628,022217,,4,2,9,3900,0,1,3,,2,004,"SR-99 S/B","WATERLOO RD",1160.00,S,N,B,-,Y,SJ,,99," "," ",20.109,H,,L,Y,2,0,1,1,A,-,08,22107,,N,E,I,A,B,H,-,A,D,0,,,,,Y,,A,01,1,0,0,0,0,0,0,0,0,"- ","- ",37.981369018554688,-121.24997711181641,"SAN JOAQUIN",UNINCORPORATED,-121.25008392333984,37.981365203857422
91968333,2023,2023-01-13,9265,2023-01-08,1933,022217,,7,2,9,3900,0,1,3,,2,004,"SR-99 S/B","EIGHT MILE RD",4440.00,N,N,B,-,Y,SJ,,99," "," ",26.273,H,,L,Y,2,0,2,1,A,-,08,22107,,N,E,I,A,A,H,-,D,D,0,,,,,Y,,A,01,2,0,0,0,0,0,0,0,0,"- ","- ",38.069618225097656,-121.25975036621094,"SAN JOAQUIN",UNINCORPORATED,-121.25983428955078,38.069618225097656
91969074,2022,2023-01-16,9265,2022-06-26,1508,021830,,7,2,9,3900,0,2,4,,1,015,"ESCALON BELLOTA RD","GAWNE RD",1081.00,N,N,A,-,N,,,,,,,,,,Y,1,1,1,2,A,-,01,23152,A,N,A,C,A,A,H,-,A,D,0,,,Y,,Y,Y,A,01,0,1,0,0,0,0,0,1,0,"- ","- ",37.89630126953125,-121.00003814697266,"SAN JOAQUIN",UNINCORPORATED,-120.99998474121094,37.896617889404297