CASE_ID,ACCIDENT_YEAR,PROC_DATE,JURIS,COLLISION_DATE,COLLISION_TIME,OFFICER_ID,REPORTING_DISTRICT,DAY_OF_WEEK,CHP_SHIFT,POPULATION,CNTY_CITY_LOC,SPECIAL_COND,BEAT_TYPE,CHP_BEAT_TYPE,CITY_DIVISION_LAPD,CHP_BEAT_CLASS,BEAT_NUMBER,PRIMARY_RD,SECONDARY_RD,DISTANCE,DIRECTION,INTERSECTION,WEATHER_1,WEATHER_2,STATE_HWY_IND,CALTRANS_COUNTY,CALTRANS_DISTRICT,STATE_ROUTE,ROUTE_SUFFIX,POSTMILE_PREFIX,POSTMILE,LOCATION_TYPE,RAMP_INTERSECTION,SIDE_OF_HWY,TOW_AWAY,COLLISION_SEVERITY,NUMBER_KILLED,NUMBER_INJURED,PARTY_COUNT,PRIMARY_COLL_FACTOR,PCF_CODE_OF_VIOL,PCF_VIOL_CATEGORY,PCF_VIOLATION,PCF_VIOL_SUBSECTION,HIT_AND_RUN,TYPE_OF_COLLISION,MVIW,PED_ACTION,ROAD_SURFACE,ROAD_COND_1,ROAD_COND_2,LIGHTING,CONTROL_DEVICE,CHP_ROAD_TYPE,PEDESTRIAN_ACCIDENT,BICYCLE_ACCIDENT,MOTORCYCLE_ACCIDENT,TRUCK_ACCIDENT,NOT_PRIVATE_PROPERTY,ALCOHOL_INVOLVED,STWD_VEHTYPE_AT_FAULT,CHP_VEHTYPE_AT_FAULT,COUNT_SEVERE_INJ,COUNT_VISIBLE_INJ,COUNT_COMPLAINT_PAIN,COUNT_PED_KILLED,COUNT_PED_INJURED,COUNT_BICYCLIST_KILLED,COUNT_BICYCLIST_INJURED,COUNT_MC_KILLED,COUNT_MC_INJURED,PRIMARY_RAMP,SECONDARY_RAMP,LATITUDE,LONGITUDE,COUNTY,CITY,POINT_X,POINT_Y
91972143,2023,2023-01-19,9265,2023-01-10,"117 ",022123,,2,3,6,3905,0,1,1,,2,504,"I-5 S/B","HAMMER LN",1056.00,S,N,B,-,Y,SJ,,5," "," ",32.483,H,,L,Y,2,0,2,2,A,-,03,22350,,N,C,C,A,B,H,-,D,D,0,,,,,Y,,A,01,1,0,1,0,0,0,0,0,0,"- ","- ",38.018680572509766,-121.35771179199219,"SAN JOAQUIN",STOCKTON,-121.35771179199219,38.018680572509766
91975902,2023,2023-01-24,9266,2023-01-16,"210 ",021704,,1,3,9,3900,0,1,1,,2,024,"I-5 N/B","GAFFERY ROAD",390.00,N,N,B,C,Y,SJ,,5," "," ",0.360,H,,R,Y,2,0,1,1,A,-,08,22107,,N,E,I,A,B,H,-,D,D,0,,,,,Y,,A,01,1,0,0,0,0,0,0,0,0,"- ","- ",37.594898223876953,-121.33818817138672,"SAN JOAQUIN",UNINCORPORATED,-121.33821105957031,37.594882965087891
91977347,2022,2023-01-25,9265,2022-11-23,2007,017439,,3,2,9,3900,0,1,1,,2,502,"I-5 S/B FROM EL DORADO ST.","E. LYNN AVE.",498.00,S,N,A,-,Y,,,,,,,,,,Y,1,1,0,1,A,-,01,23152,G,N,F,A,A,A,H,-,D,D,0,,,,,Y,Y,A,01,0,0,0,0,0,0,0,0,0,"- ","- ",37.877521514892578,-121.27606201171875,"SAN JOAQUIN",UNINCORPORATED,-121.27606201171875,37.877521514892578
91977362,2022,2023-01-25,9265,2022-12-27,0935,015490,,2,1,5,3902,0,1,3,,2,006,"SR-99 N/B","HARNEY LN.",100.00,N,N,B,C,Y,SJ,,99,,,28.567,H,,R,Y,1,1,2,2,A,-,03,22350,,N,B,C,A,B,H,-,A,D,0,,,,,Y,,A,01,2,0,0,0,0,0,0,0,0,"- ","- ",38.102840423583984,-121.26001739501953,"SAN JOAQUIN",LODI,-121.26010131835938,38.102840423583984
91977376,2022,2023-01-25,9265,2022-11-28,0200,022499,,1,3,9,3900,0,2,4,,1,014,"MARIPOSA RD","KAISER RD",2179.00,E,N,A,-,N,,,,,,,,,,Y,1,1,1,2,A,-,01,23152,F,N,D,C,A,A,H,-,D,D,0,,,,Y,Y,,E,22,0,1,0,0,0,0,0,0,0,"- ","- ",37.908538818359375,-121.15859222412109,"SAN JOAQUIN",UNINCORPORATED,-121.15865325927734,37.908527374267578
91980760,2022,2023-01-27,9265,2022-12-22,0100,022505,,4,3,9,3900,0,1,3,,2,004,"SR-99 S/B","HAMMER LN",4700.00,S,N,A,-,Y,SJ,,99,,,22.028,H,,L,Y,1,1,0,1,A,-,01,23152,G,N,E,8,A,A,H,-,D,D,0,,,,,Y,Y,A,07,0,0,0,0,0,0,0,0,0,"- ","- ",38.008228302001953,-121.25818634033203,"SAN JOAQUIN",UNINCORPORATED,-121.25807189941406,38.008232116699219
91985160,2022,2023-02-02,9265,2022-09-28,2040,018289,,3,2,9,3900,0,3,5,,2,060,"ALPINE ROAD","LIVE OAK ROAD",422.00,S,N,A,-,N,,,,,,,,,,N,2,0,1,2,C,-,18,,,F,G,B,E,A,H,-,D,D,0,Y,,,,Y,,-,"- ",1,0,0,0,1,0,0,0,0,"- ","- ",38.077289581298828,-121.21202087402344,"SAN JOAQUIN",UNINCORPORATED,-121.21382904052734,38.078502655029297
91986252,2023,2023-02-03,9265,2023-01-06,"825 ",021440,,5,1,9,3900,0,1,3,,1,041,SR-4,"JOHN TURK RD",545.00,W,N,A,-,Y,SJ,,4," ",T,13.639,H,,R,Y,2,0,2,2,A,-,08,22107,,N,B,C,A,A,H,-,A,D,0,,,,,Y,,D,22,1,1,0,0,0,0,0,0,0,"- ","- ",37.926929473876953,-121.33937072753906,"SAN JOAQUIN",UNINCORPORATED,-121.33937072753906,37.926948547363281
91987542,2023,2023-02-06,9265,2023-01-24,2355,022042,,2,3,9,3900,0,1,3,,2,006,"SR-99 N/B","COLLIER RD",529.00,S,N,A,-,Y,SJ,,99," "," ",36.564,H,,R,Y,2,0,3,2,A,-,01,23152,A,N,C,2,A,A,H,-,C,D,0,,,,Y,Y,Y,A,01,2,0,1,0,0,0,0,0,0,"- ","- ",38.216960906982422,-121.26966094970703,"SAN JOAQUIN",UNINCORPORATED,-121.26963043212891,38.216972351074219
91988797,2023,2023-02-07,9265,2023-01-28,1642,022407,,6,2,2,3920,0,1,3,,2,025,"SR-120 E/B","YOSEMITE AVE",1458.00,W,N,A,-,Y,SJ,,120," ",R,1.055,H,,R,N,2,0,1,2,A,-,03,22350,,N,C,C,A,A,H,-,A,D,0,,,Y,,Y,,C,02,1,0,0,0,0,0,0,0,1,"- ","- ",37.790031433105469,-121.29232025146484,"SAN JOAQUIN",LATHROP,-121.29232025146484,37.790046691894531
91988844,2023,2023-02-07,9265,2023-01-29,1421,022365,,7,2,9,3900,0,2,4,,1,064,"JACK TONE ROAD","VICTOR ROAD",0.00,,Y,A,-,N,,,,,,,,,,Y,2,0,2,2,A,-,09,21801,A,N,A,C,A,A,H,-,A,D,0,,,,,Y,,A,07,2,0,0,0,0,0,0,0,0,"- ","- ",38.139530181884766,-121.15071105957031,"SAN JOAQUIN",UNINCORPORATED,-121.15072631835938,38.139499664306641
91992097,2023,2023-02-10,9265,2023-01-09,"712 ",015490,,1,1,6,3905,0,1,1,,2,504,"I-5 N/B","MARCH LN",190.00,S,N,B,C,Y,SJ,,5," "," ",29.946,H,,R,Y,1,1,0,1,A,-,08,22107,,N,E,8,A,A,H,-,A,D,0,,,,,Y,,A,01,0,0,0,0,0,0,0,0,0,"- ","- ",37.983871459960938,-121.34293365478516,"SAN JOAQUIN",STOCKTON,-121.34298706054688,37.983856201171875
91993039,2022,2023-02-13,9265,2022-09-05,0433,022476,,1,3,6,3905,0,1,1,,2,503,"I-5 S/B FROM COUNTRY CLUB BLVD","COUNTRY CLUB BLVD",243.00,S,N,A,-,Y,SJ,,5,,,28.491,H,,L,Y,1,1,1,1,A,-,01,23152,A,N,F,A,A,A,H,-,C,A,0,,,,,Y,Y,A,01,0,0,1,0,0,0,0,0,0,"- ","- ",37.963539123535156,-121.33564758300781,"SAN JOAQUIN",STOCKTON,-121.3353271484375,37.963623046875
91993109,2022,2023-02-13,9265,2022-10-06,2222,022072,,4,3,9,3900,0,1,3,,2,004,"SR-99 N/B","CHEROKEE RD",1584.00,N,N,A,-,Y,SJ,,99,,,21.235,H,,R,N,1,1,0,2,A,-,11,21954,A,F,G,B,D,A,H,-,C,D,0,Y,,,,Y,,N,60,0,0,0,1,0,0,0,0,0,"- ","- ",37.997119903564453,-121.25466918945312,"SAN JOAQUIN",UNINCORPORATED,-121.25464630126953,37.997127532958984
92000124,2023,2023-02-22,9265,2023-02-09,"835 ",021440,,4,1,3,3904,0,1,3,,2,001,"SR-99 N/B","JACK TONE RD",1082.00,S,N,A,-,Y,SJ,,99," "," ",2.141,H,,R,Y,2,0,1,2,A,-,03,22350,,N,C,C,A,A,H,-,A,D,0,,,,,Y,,J,49,1,0,0,0,0,0,0,0,0,"- ","- ",37.750778198242188,-121.13935852050781,"SAN JOAQUIN",RIPON,-121.13932800292969,37.750804901123047
92002309,2023,2023-02-24,9265,2023-02-10,1825,021781,,5,2,9,3900,0,3,5,,2,010,"HARROLD AVE","RIVER RD",0.00,,Y,A,-,N,,,,,,,,,,N,2,0,2,2,A,-,09,21802,A,N,D,2,A,A,H,-,D,A,0,,,,,Y,,A,01,1,0,1,0,0,0,0,0,0,"- ","- ",37.762111663818359,-121.96846771240234,"SAN JOAQUIN",UNINCORPORATED,-120.96844482421875,37.762092590332031
92003883,2023,2023-02-27,9265,2023-02-14,2147,022123,,2,2,9,3900,0,1,3,,1,092,SR-12,"TERMINOUS DR",365.00,W,N,A,-,Y,SJ,,12," ",M,4.891,H,,R,Y,2,0,3,4,A,-,05,21460,A,N,A,C,A,A,H,-,C,D,0,,,,Y,Y,,A,07,2,1,0,0,0,0,0,0,0,"- ","- ",38.115219116210938,-121.49469757080078,"SAN JOAQUIN",UNINCORPORATED,-121.49469757080078,38.115222930908203
92006678,2023,2023-03-01,9265,2023-02-19,1540,022499,,7,2,9,3900,0,1,1,,2,502,"I-5 N/B","LOUISE AVE",4816.00,S,N,A,-,Y,SJ,,5," ",R,15.569,H,,R,Y,2,0,1,2,A,-,07,21658,A,N,B,2,A,A,H,-,A,D,0,,,,,Y,,A,01,1,0,0,0,0,0,0,0,0,"- ","- ",37.799018859863281,-121.29998779296875,"SAN JOAQUIN",UNINCORPORATED,-121.29994964599609,37.79901123046875
92006768,2023,2023-03-01,9265,2023-02-20,1445,022706,,1,2,9,3900,0,3,5,,2,040,"NEUGERBAUER RD","TURNER CUT",0.00,,Y,A,-,N,,,,,,,,,,N,2,0,1,1,A,-,03,22350,,N,E,I,A,A,H,-,A,A,0,,,Y,,Y,,C,03,1,0,0,0,0,0,0,0,1,"- ","- ",37.983428955078125,-121.47099304199219,"SAN JOAQUIN",UNINCORPORATED,,
92008167,2023,2023-03-02,9265,2023-01-14,1816,020785,,6,2,9,3900,0,2,4,,1,093,"THORNTON RD","TURNER RD",2550.00,S,N,C,-,N,,,,,,,,,,Y,1,1,1,2,A,-,01,23152,A,N,A,C,A,B,H,-,D,D,0,,,,Y,Y,Y,D,22,1,0,0,0,0,0,0,0,0,"- ","- ",38.138820648193359,-121.39871215820312,"SAN JOAQUIN",UNINCORPORATED,-121.39871215820312,38.139045715332031
92011589,2023,2023-03-07,9265,2023-02-25,2320,023096,,6,3,9,3900,0,1,3,,2,001,"SR-99 N/B","LATHROP RD",1584.00,S,N,B,-,Y,SJ,,99," "," ",8.891,H,,R,Y,2,0,1,1,A,-,01,23152,A,N,E,8,A,B,H,-,C,D,0,,,,,Y,Y,A,01,1,0,0,0,0,0,0,0,0,"- ","- ",37.822471618652344,-121.21602630615234,"SAN JOAQUIN",UNINCORPORATED,-121.21613311767578,37.822444915771484
92011612,2023,2023-03-07,9265,2023-02-26,1150,018836,,7,1,9,3900,0,1,3,,1,066,SR-26,"FINE RD",0.00,,Y,B,-,Y,SJ,,26," "," ",12.671,H,,R,Y,2,0,2,2,A,-,09,21802,A,N,D,C,A,A,H,-,A,A,0,,,,,Y,,D,22,1,0,1,0,0,0,0,0,0,"- ","- ",38.031879425048828,-121.05014038085938,"SAN JOAQUIN",UNINCORPORATED,-121.05014038085938,38.031875610351562
92014124,2022,2023-03-09,9265,2022-12-14,0510,022315,,3,3,9,3900,0,2,4,,1,014,"MARIPOSA RD","AUSTIN RD",1072.00,E,N,A,-,N,,,,,,,,,,Y,1,2,0,2,A,-,01,23152,G,N,A,2,A,A,H,-,C,D,0,,,,,Y,Y,A,01,0,0,0,0,0,0,0,0,0,"- ","- ",37.912841796875,-121.17942810058594,"SAN JOAQUIN",UNINCORPORATED,-121.18370056152344,37.911823272705078
92019366,2023,2023-03-16,9265,2023-03-03,1900,021781,,5,2,9,3900,0,2,4,,1,051,"MAIN STREET","GERTRUDE AVENUE",300.00,E,N,A,-,N,,,,,,,,,,N,2,0,1,2,A,-,11,21954,A,N,G,B,D,A,H,-,D,D,0,Y,,,,Y,,N,60,1,0,0,0,1,0,0,0,0,"- ","- ",37.954639434814453,-121.23162841796875,"SAN JOAQUIN",UNINCORPORATED,-121.23130798339844,37.954704284667969
92025858,2023,2023-03-22,9266,2023-02-20,2500,015805,,1,4,9,3900,0,1,1,,2,024,"I-5 S/B","11TH ST",454.00,N,N,A,-,Y,SJ,,5," ",R,11.870,H,,L,Y,1,1,0,1,A,-,01,23152,A,N,E,I,A,A,H,-,D,D,0,,,,,Y,Y,A,01,0,0,0,0,0,0,0,0,0,"- ","- ",37.759681701660156,-121.34226989746094,"SAN JOAQUIN",UNINCORPORATED,-121.34214019775391,37.759609222412109
92027939,2023,2023-03-24,9266,2023-03-15,1810,018888,,3,2,9,3900,0,2,4,,1,012,"TRACY BOULEVARD","HOWARD ROAD",8448.00,N,N,A,-,N,,,,,,,,,,Y,2,0,1,1,A,-,01,23152,A,N,E,I,A,A,H,-,A,D,0,,,,,Y,Y,A,01,1,0,0,0,0,0,0,0,0,"- ","- ",37.873680114746094,-121.45378112792969,"SAN JOAQUIN",UNINCORPORATED,-121.45361328125,37.873409271240234
92028274,2023,2023-03-24,9265,2023-03-15,2135,020785,,3,2,9,3900,0,3,5,,2,090,"SARGENT RD.","RAY RD.",70.00,W,N,A,-,N,,,,,,,,,,Y,2,0,1,1,A,-,03,22350,,N,E,8,A,A,H,-,D,D,0,,,,,Y,,A,01,1,0,0,0,0,0,0,0,0,"- ","- ",38.130699157714844,-121.37088775634766,"SAN JOAQUIN",UNINCORPORATED,-121.37111663818359,38.130741119384766
92032012,2023,2023-03-29,9265,2023-03-11,1956,021830,,6,2,6,3905,0,1,3,,1,042,"SR-4 W/B","FILBERT ST",983.00,E,N,B,-,Y,SJ,,4," ",R,18.969,H,,L,N,2,0,2,1,A,-,01,23152,A,N,E,J,A,A,H,-,D,D,0,,,,,Y,Y,A,01,1,1,0,0,0,0,0,0,0,"- ","- ",37.9605712890625,-121.25023651123047,"SAN JOAQUIN",STOCKTON,-121.25025939941406,37.960620880126953
92034702,2023,2023-03-31,9265,2023-03-19,"315 ",022072,,7,3,2,3920,0,1,3,,2,025,"SR-120 W/B","SAN JOAQUIN RIVER",300.00,E,N,B,C,Y,,,,,,,,,,Y,2,0,1,1,A,-,03,22350,,N,E,I,A,B,H,-,D,D,0,,,,,Y,,A,01,1,0,0,0,0,0,0,0,0,"- ","- ",37.78656005859375,-121.30535125732422,"SAN JOAQUIN",LATHROP,-120.99352264404297,37.796649932861328
92036024,2023,2023-04-03,9266,2023-02-14,1939,018365,,2,2,9,3900,0,1,3,,1,026,SR-132,"GREENWOOD RD",563.00,W,N,A,-,Y,SJ,,132," "," ",6.672,H,,R,N,1,1,0,2,A,-,11,21954,A,N,G,B,E,A,H,-,D,D,0,Y,,,,Y,,N,60,0,0,0,1,0,0,0,0,0,"- ","- ",37.638221740722656,-121.28038024902344,"SAN JOAQUIN",UNINCORPORATED,-121.28038024902344,37.638282775878906
9203652,2020,2021-02-19,3905,2020-12-04,1454,2835,LAK,5,5,6,3905,0,0,0,,0,,"CORAL LN","MEADOW AV",596.00,N,N,A,-,N,,,,,,,,,,N,2,0,1,1,A,-,03,22350,,N,E,I,A,A,H,-,A,D,0,,,Y,,Y,,C,02,1,0,0,0,0,0,0,0,1,"- ","- ",38.015819549560547,-121.33843231201172,"SAN JOAQUIN",STOCKTON,-121.33735656738281,38.017642974853516
9203656,2020,2021-02-19,3905,2020-12-03,1708,2779,BEA,4,5,6,3905,0,0,0,,0,,"LOWER SACRAMENTO RD","HIGHMOOR AV",0.00,,Y,A,-,N,,,,,,,,,,N,2,0,1,2,A,-,00,23103,A,N,D,C,A,A,H,-,B,A,0,,,Y,,Y,,C,02,1,0,0,0,0,0,0,0,1,"- ","- ",38.025150299072266,-121.32312774658203,"SAN JOAQUIN",STOCKTON,-121.32296752929688,38.024948120117188
92036703,2023,2023-04-04,9266,2023-03-26,"40  ",021241,,7,3,9,3900,0,1,1,,2,014,"I-205 W/B","11TH ST",1056.00,E,N,D,-,Y,SJ,,205," ",R,3.548,H,,L,Y,2,0,1,1,A,-,08,22107,,N,E,I,A,A,H,-,D,D,0,,,,,Y,,A,01,1,0,0,0,0,0,0,0,0,"- ","- ",37.742271423339844,-121.49247741699219,"SAN JOAQUIN",UNINCORPORATED,-121.49246978759766,37.742256164550781
92037772,2023,2023-04-05,9265,2023-03-23,"124 ",023277,,4,3,9,3900,0,3,5,,2,060,"LOCUST TREE RD","HARNEY LN",0.00,,Y,C,-,N,,,,,,,,,,Y,2,0,1,1,A,-,01,23152,A,N,E,8,A,B,H,-,D,A,0,,,,,Y,Y,D,22,1,0,0,0,0,0,0,0,0,"- ","- ",38.101570129394531,-121.19647979736328,"SAN JOAQUIN",UNINCORPORATED,-121.19647979736328,38.101608276367188
92038965,2023,2023-04-06,9266,2023-03-28,1230,018217,,2,1,9,3900,0,1,1,,2,024,"I-5 N/B FROM 11TH ST E/B","KASSON ROAD",2050.00,E,N,B,-,Y,,,,,,,,,,Y,2,0,1,1,A,-,08,22107,,N,E,8,A,A,H,-,A,D,0,,,,,Y,,A,01,1,0,0,0,0,0,0,0,0,"- ","- ",37.756359100341797,-121.34674835205078,"SAN JOAQUIN",UNINCORPORATED,-121.34353637695312,37.748481750488281
92039784,2023,2023-04-07,9265,2023-03-20,2335,023276,,1,3,9,3900,0,3,5,,2,070,"LOWER SACRAMENTO RD","EIGHT MILE RD",3696.00,N,N,A,-,N,,,,,,,,,,N,2,0,1,2,C,-,18,,,F,G,B,E,A,H,-,D,D,0,Y,,,,Y,,-,"- ",1,0,0,0,1,0,0,0,0,"- ","- ",38.062728881835938,-121.31044769287109,"SAN JOAQUIN",UNINCORPORATED,-121.31057739257812,38.057609558105469
92040731,2023,2023-04-10,9265,2023-03-20,1208,017405,,1,1,4,3903,0,1,3,,2,025,"SR-120 E/B","MAIN ST.",1056.00,E,N,A,-,Y,SJ,,120," ",R,5.519,H,,R,Y,2,0,1,2,A,-,03,22350,,N,C,C,A,A,D,-,A,D,0,,,,Y,Y,,A,01,1,0,0,0,0,0,0,0,0,"- ","- ",37.783168792724609,-121.21205902099609,"SAN JOAQUIN",MANTECA,-121.21205902099609,37.783206939697266
92040938,2023,2023-04-10,9265,2023-02-07,1443,022365,,2,2,9,3900,0,3,5,,2,060,"COMSTOCK RD","DUNCAN ROAD",1758.00,W,N,A,-,N,,,,,,,,,,Y,1,1,7,1,A,-,08,22107,,N,F,A,A,A,H,-,A,D,0,,,,,Y,,A,08,6,1,0,0,0,0,0,0,0,"- ","- ",38.044780731201172,-121.10231018066406,"SAN JOAQUIN",UNINCORPORATED,-121.10225677490234,38.04473876953125
92042344,2023,2023-04-11,9265,2023-03-16,1951,021830,,4,2,9,3900,0,2,4,,1,014,"MARIPOSA RD","BRENNAN RD",3062.00,W,N,A,-,N,,,,,,,,,,N,1,1,0,1,A,-,01,23152,G,N,E,J,A,A,H,-,D,D,0,,,,,Y,Y,A,01,0,0,0,0,0,0,0,0,0,"- ","- ",37.848499298095703,-121.02561187744141,"SAN JOAQUIN",UNINCORPORATED,-121.0255126953125,37.848373413085938
92046987,2023,2023-04-17,9266,2023-04-02,1505,019657,,7,2,9,3900,0,1,1,,2,024,"I-5 N/B","INTERSTATE 205",1340.00,N,N,A,-,Y,SJ,,5," ",R,12.889,H,,R,Y,2,0,2,2,A,-,01,23152,A,N,C,C,A,A,H,-,A,D,0,,,,,Y,Y,A,01,1,0,1,0,0,0,0,0,0,"- ","- ",37.769630432128906,-121.32819366455078,"SAN JOAQUIN",UNINCORPORATED,-121.32816314697266,37.769607543945312
92049637,2023,2023-04-20,9266,2023-04-10,1205,021241,,1,1,5,3906,0,1,1,,1,015,"I-205 E/B TO MACARTHUR DR.",MACARTHUR,450.00,W,N,A,-,Y,SJ,,205," ",R,8.045,H,,R,Y,2,0,1,2,A,-,03,22350,,N,C,C,A,A,H,-,A,A,0,,,,Y,Y,,D,22,1,0,0,0,0,0,0,0,0,"- ","- ",37.763671875,-121.41645812988281,"SAN JOAQUIN",TRACY,-121.41650390625,37.763839721679688
92050667,2023,2023-04-21,9265,2023-04-02,"0   ",023223,,7,3,9,3900,0,2,4,,1,014,"JACK TONE RD","VAN WYK LN",1320.00,N,N,B,-,N,,,,,,,,,,N,2,0,2,2,A,-,01,23152,A,N,D,C,A,A,H,-,D,D,0,,,,Y,Y,Y,A,01,2,0,0,0,0,0,0,0,0,"- ","- ",37.770950317382812,-121.14273834228516,"SAN JOAQUIN",UNINCORPORATED,-121.14282989501953,37.775806427001953
92051824,2023,2023-04-24,9266,2023-04-16,2015,021677,,7,2,9,3900,0,1,1,,1,015,"I-205 E/B","PARADISE ROAD",2370.00,E,N,A,-,Y,SJ,,205," ",R,10.012,H,,R,Y,2,0,1,2,A,-,01,23152,A,M,C,C,A,A,H,-,D,D,0,,,,,Y,Y,A,07,1,0,0,0,0,0,0,0,0,"- ","- ",37.764801025390625,-121.38069152832031,"SAN JOAQUIN",UNINCORPORATED,-121.38069152832031,37.7647705078125
92053679,2023,2023-04-26,9265,2023-04-16,1355,023185,,7,1,9,3900,0,2,4,,1,091,"WEST LANE","ARMSTRONG RD",0.00,,Y,A,-,N,,,,,,,,,,N,2,0,4,3,A,-,09,21453,B,N,D,C,A,A,H,-,A,A,0,,,,,Y,,D,22,2,2,0,0,0,0,0,0,0,"- ","- ",38.086498260498047,-121.27854156494141,"SAN JOAQUIN",UNINCORPORATED,-121.27861022949219,38.086460113525391
92054852,2023,2023-04-27,9265,2023-04-22,"326 ",022072,,6,3,9,3900,0,1,3,,2,006,"SR-99 N/B TO WOODBRIDGE RD","WOODBRIDGE RD",528.00,N,N,B,-,Y,SJ,,99," "," ",32.694,H,,R,Y,2,0,2,1,A,-,03,22350,,N,E,8,A,A,H,-,C,D,0,,,,,Y,,A,01,2,0,0,0,0,0,0,0,0,"- ","- ",38.161949157714844,-121.26139831542969,"SAN JOAQUIN",UNINCORPORATED,-121.26168823242188,38.161945343017578
92058980,2023,2023-05-02,9265,2023-04-23,"220 ",022366,,7,3,9,3900,0,2,4,,1,065,"SR-99 W. FRONTAGE ROAD","CARPENTER ROAD",50.00,N,N,A,-,N,,,,,,,,,,Y,2,0,2,2,A,-,05,21460,A,N,A,C,A,A,H,-,C,D,0,,,,,Y,,D,22,1,1,0,0,0,0,0,0,0,"- ","- ",37.924949645996094,-121.23129272460938,"SAN JOAQUIN",UNINCORPORATED,-121.23114776611328,37.925006866455078
92059128,2023,2023-05-02,9265,2023-04-29,2150,022072,,6,2,9,3900,0,1,1,,2,505,"I-5 SOUTHBOUND","TURNER RD",435.00,S,N,A,-,Y,SJ,,5," "," ",41.612,H,,L,Y,2,0,1,1,A,-,08,22107,,N,F,A,A,A,H,-,D,D,0,,,,,Y,,D,22,1,0,0,0,0,0,0,0,0,"- ","- ",38.145160675048828,-121.39948272705078,"SAN JOAQUIN",UNINCORPORATED,-121.39944458007812,38.145160675048828
92063347,2023,2023-05-08,9266,2023-04-25,"910 ",021241,,2,1,9,3900,0,1,1,,2,014,"I-205 W/B","11TH STREET",1320.00,E,N,A,-,Y,SJ,,205," ",R,3.610,H,,L,Y,2,0,1,3,A,-,03,22350,,N,C,C,A,A,H,-,A,D,0,,,,,Y,,D,22,1,0,0,0,0,0,0,0,0,"- ","- ",37.742641448974609,-121.49143218994141,"SAN JOAQUIN",UNINCORPORATED,-121.49144744873047,37.742671966552734
92064900,2023,2023-05-09,9266,2023-04-28,2045,018888,,5,2,9,3900,0,1,1,,2,021,"I-580 E/B TO SR-132","CHRISMAN ROAD",4075.00,W,N,A,-,Y,SJ,,132," ",L,0.205,H,,R,Y,2,0,1,1,A,-,08,22107,,N,E,J,A,A,H,-,D,D,0,,,,,Y,,D,22,1,0,0,0,0,0,0,0,0,"- ","- ",37.642810821533203,-121.41004180908203,"SAN JOAQUIN",UNINCORPORATED,-121.41000366210938,37.642837524414062
92074161,2023,2023-05-22,9265,2023-05-12,"30  ",021930,,5,3,9,3900,0,3,5,,2,040,"ROBERTS RD","ROLERSON RD",315.00,N,N,A,-,N,,,,,,,,,,Y,2,0,1,1,A,-,01,23152,A,N,F,A,A,A,H,-,D,D,0,,,,,Y,Y,A,08,1,0,0,0,0,0,0,0,0,"- ","- ",37.906978607177734,-121.33255004882812,"SAN JOAQUIN",UNINCORPORATED,-121.33295440673828,37.90655517578125
92079579,2023,2023-05-26,9265,2023-05-20,"210 ",022123,,6,3,9,3900,0,2,4,,1,091,"TURNER RD","THORNTON RD",2640.00,E,N,A,-,N,,,,,,,,,,Y,2,0,1,1,A,-,08,22107,,N,E,I,A,A,H,-,D,D,0,,,,,Y,,A,07,1,0,0,0,0,0,0,0,0,"- ","- ",38.145908355712891,-121.38733673095703,"SAN JOAQUIN",UNINCORPORATED,-121.38884735107422,38.145950317382812
92079582,2023,2023-05-26,9265,2023-05-21,"105 ",022123,,7,3,9,3900,0,1,3,,1,066,SR-26,"PODESTA LN",325.00,W,N,A,-,Y,SJ,,26," "," ",14.457,H,,R,Y,2,0,1,1,A,-,08,22107,,N,E,I,A,A,H,-,D,D,0,,,,,Y,,A,01,1,0,0,0,0,0,0,0,0,"- ","- ",38.045581817626953,-121.02397918701172,"SAN JOAQUIN",UNINCORPORATED,-121.02401733398438,38.045612335205078
92080393,2023,2023-05-29,9265,2023-04-28,"434 ",023261,,5,3,9,3900,0,1,1,,2,503,"I-5 S/B","W. ALPINE AVE",1584.00,N,N,A,-,Y,SJ,,5," "," ",29.350,H,,L,Y,2,0,2,3,A,-,03,22350,,N,C,C,A,A,H,-,D,D,0,,,Y,,Y,,A,01,1,0,1,0,0,0,0,0,1,"- ","- ",37.975509643554688,-121.33998107910156,"SAN JOAQUIN",UNINCORPORATED,-121.34002685546875,37.975498199462891
92084723,2023,2023-06-02,9265,2023-05-29,1815,023098,,1,2,9,3900,0,3,5,,2,010,"NAVAJO WAY","APACHE DR",314.00,N,N,A,-,N,,,,,,,,,,N,2,0,1,2,A,-,11,21954,A,N,G,B,D,A,H,-,A,D,0,Y,,,,Y,,N,60,1,0,0,0,1,0,0,0,0,"- ","- ",37.831691741943359,-121.21631622314453,"SAN JOAQUIN",UNINCORPORATED,-121.21636199951172,37.831569671630859