CASE_ID,ACCIDENT_YEAR,PROC_DATE,JURIS,COLLISION_DATE,COLLISION_TIME,OFFICER_ID,REPORTING_DISTRICT,DAY_OF_WEEK,CHP_SHIFT,POPULATION,CNTY_CITY_LOC,SPECIAL_COND,BEAT_TYPE,CHP_BEAT_TYPE,CITY_DIVISION_LAPD,CHP_BEAT_CLASS,BEAT_NUMBER,PRIMARY_RD,SECONDARY_RD,DISTANCE,DIRECTION,INTERSECTION,WEATHER_1,WEATHER_2,STATE_HWY_IND,CALTRANS_COUNTY,CALTRANS_DISTRICT,STATE_ROUTE,ROUTE_SUFFIX,POSTMILE_PREFIX,POSTMILE,LOCATION_TYPE,RAMP_INTERSECTION,SIDE_OF_HWY,TOW_AWAY,COLLISION_SEVERITY,NUMBER_KILLED,NUMBER_INJURED,PARTY_COUNT,PRIMARY_COLL_FACTOR,PCF_CODE_OF_VIOL,PCF_VIOL_CATEGORY,PCF_VIOLATION,PCF_VIOL_SUBSECTION,HIT_AND_RUN,TYPE_OF_COLLISION,MVIW,PED_ACTION,ROAD_SURFACE,ROAD_COND_1,ROAD_COND_2,LIGHTING,CONTROL_DEVICE,CHP_ROAD_TYPE,PEDESTRIAN_ACCIDENT,BICYCLE_ACCIDENT,MOTORCYCLE_ACCIDENT,TRUCK_ACCIDENT,NOT_PRIVATE_PROPERTY,ALCOHOL_INVOLVED,STWD_VEHTYPE_AT_FAULT,CHP_VEHTYPE_AT_FAULT,COUNT_SEVERE_INJ,COUNT_VISIBLE_INJ,COUNT_COMPLAINT_PAIN,COUNT_PED_KILLED,COUNT_PED_INJURED,COUNT_BICYCLIST_KILLED,COUNT_BICYCLIST_INJURED,COUNT_MC_KILLED,COUNT_MC_INJURED,PRIMARY_RAMP,SECONDARY_RAMP,LATITUDE,LONGITUDE,COUNTY,CITY,POINT_X,POINT_Y
92087016,2023,2023-06-06,9265,2023-05-31,2235,022123,,3,3,9,3900,0,2,4,,1,093,"LOWER SACRAMENTO RD","SPIESS RD",750.00,N,N,A,-,N,,,,,,,,,,Y,2,0,1,1,A,-,08,22107,,N,E,I,A,A,H,-,D,D,0,,,,,Y,,A,01,1,0,0,0,0,0,0,0,0,"- ","- ",38.228710174560547,-121.29090118408203,"SAN JOAQUIN",UNINCORPORATED,-121.29095458984375,38.228729248046875
92087130,2023,2023-06-06,9265,2023-06-02,2150,022123,,5,2,9,3900,0,3,5,,2,070,"HARRISBURG PL","SWAIN RD",80.00,N,N,A,-,N,,,,,,,,,,Y,2,0,1,3,A,-,01,23152,A,N,C,C,A,A,H,-,C,D,0,,,,,Y,Y,A,01,1,0,0,0,0,0,0,0,0,"- ","- ",38.001449584960938,-121.33219909667969,"SAN JOAQUIN",UNINCORPORATED,-121.33222961425781,38.001377105712891
92091151,2023,2023-06-12,9265,2023-05-21,1554,023276,,7,2,9,3900,0,1,3,,2,004,"SR-99 N/B","ARMSTRONG RD",5200.00,S,N,A,-,Y,SJ,,99," "," ",26.480,H,,R,Y,2,0,4,2,A,-,08,22107,,N,B,C,A,A,H,-,A,D,0,,,,,Y,,A,01,2,2,0,0,0,0,0,0,0,"- ","- ",38.072681427001953,-121.25971221923828,"SAN JOAQUIN",UNINCORPORATED,-121.25968933105469,38.072681427001953
92091165,2023,2023-06-12,9265,2023-05-28,1132,023223,,7,1,9,3900,0,1,3,,1,013,SR-4,"JACK TONE RD",0.00,,Y,A,-,Y,SJ,,4," "," ",24.870,H,,R,Y,2,0,1,2,A,-,01,23152,A,N,D,C,A,A,H,-,A,A,0,,,,Y,Y,Y,A,01,1,0,0,0,0,0,0,0,0,"- ","- ",37.942089080810547,-121.14804840087891,"SAN JOAQUIN",UNINCORPORATED,-121.14804840087891,37.942119598388672
92095864,2022,2023-06-16,9265,2022-12-31,2221,020071,,6,3,9,3900,0,1,3,,1,061,SR-26,"BEECHER RD",444.00,W,N,C,-,Y,SJ,,26,,,5.676,H,,R,Y,1,1,0,1,C,-,18,,,N,E,J,A,B,C,-,D,D,0,,,,,Y,,-,"- ",0,0,0,0,0,0,0,0,0,"- ","- ",37.994468688964844,-121.16928100585938,"SAN JOAQUIN",UNINCORPORATED,-121.16925811767578,37.994419097900391
92099080,2023,2023-06-21,9265,2023-05-10,1050,022356,,3,1,9,3900,0,1,3,,1,061,SR-26,"ALPINE RD",2500.00,W,N,A,-,Y,SJ,,26," "," ",3.693,H,,R,Y,1,3,0,2,A,-,01,23152,G,N,A,C,A,A,H,-,A,A,0,,,,,Y,Y,A,01,0,0,0,0,0,0,0,0,0,"- ","- ",37.982521057128906,-121.20108795166016,"SAN JOAQUIN",UNINCORPORATED,-121.20113372802734,37.982559204101562
9209962,2020,2021-02-22,3905,2020-12-18,1838,3040,CAL,5,5,6,3905,0,0,0,,0,,"MARCH LN","HOLIDAY DR",0.00,,Y,A,-,N,,,,,,,,,,Y,2,0,1,2,A,-,11,21954,A,N,G,B,D,B,H,-,B,A,0,Y,,,,Y,,N,60,1,0,0,0,1,0,0,0,0,"- ","- ",38.000709533691406,-121.29621124267578,"SAN JOAQUIN",STOCKTON,-121.2967529296875,38.000751495361328
92102113,2023,2023-06-26,9265,2023-06-13,"715 ",022365,,2,1,9,3900,0,3,5,,2,060,"CLEMENTS ROAD","COMSTOCK ROAD",0.00,,Y,A,-,N,,,,,,,,,,Y,2,0,1,2,A,-,09,21802,A,F,E,8,A,A,H,-,A,A,0,,,,,Y,,D,22,1,0,0,0,0,0,0,0,0,"- ","- ",38.045139312744141,-121.07752990722656,"SAN JOAQUIN",UNINCORPORATED,-121.07772064208984,38.045169830322266
92102269,2023,2023-06-26,9265,2023-06-16,2355,022072,,5,3,9,3900,0,1,3,,2,004,"SR-99 S/B","ST & E RR",70.00,S,N,A,-,Y,SJ,,99," "," ",19.710,H,,L,Y,2,0,1,2,A,-,01,23152,A,F,C,C,A,A,H,-,C,D,0,,,,Y,Y,Y,A,01,1,0,0,0,0,0,0,0,0,"- ","- ",37.975669860839844,-121.24829864501953,"SAN JOAQUIN",UNINCORPORATED,-121.24831390380859,37.975666046142578
92103200,2023,2023-06-27,9265,2023-06-18,1730,021830,,7,2,9,3900,0,3,5,,2,030,"SR-99 W FRONTAGE RD","CARPENTER RD",197.00,N,N,A,-,N,,,,,,,,,,N,2,0,1,1,A,-,01,23152,A,N,E,I,A,A,H,-,A,D,0,,,Y,,Y,Y,C,02,1,0,0,0,0,0,0,0,1,"- ","- ",37.925201416015625,-121.23137664794922,"SAN JOAQUIN",UNINCORPORATED,-121.23124694824219,37.925254821777344
9210572,2020,2021-02-24,3902,2020-12-02,0842,BF77,,3,5,5,3902,0,0,0,,0,,"SOUTH CHEROKEE LN","ALMOND DR",317.00,N,N,A,-,N,,,,,,,,,,N,2,0,1,1,A,-,08,22107,,N,E,I,A,A,H,-,A,D,0,,,,,Y,,A,01,1,0,0,0,0,0,0,0,0,"- ","- ",,,"SAN JOAQUIN",LODI,-121.26042175292969,38.112319946289062
92108522,2023,2023-07-03,9265,2023-06-16,"646 ",020313,,5,1,9,3900,0,1,1,,2,502,"I-5 S/B","MATHEWS ROAD",167.00,S,N,A,-,Y,SJ,,5," ",R,21.413,H,,L,N,2,0,1,2,A,-,11,21954,A,N,B,B,D,A,H,-,A,D,0,Y,,,Y,Y,,N,60,1,0,0,0,1,0,0,0,0,"- ","- ",37.881549835205078,-121.27863311767578,"SAN JOAQUIN",UNINCORPORATED,-121.27895355224609,37.881523132324219
9211444,2020,2021-01-14,3903,2020-08-14,0933,2393,,5,5,4,3903,0,0,0,,0,,"ASHBROOKE LN","AUTUMN OAK ST",30.00,S,N,A,-,N,,,,,,,,,,N,1,1,0,1,D,-,00,,,N,H,A,A,A,H,-,A,D,0,,,,,Y,,-,"- ",0,0,0,0,0,0,0,0,0,"- ","- ",37.831298828125,-121.2506103515625,"SAN JOAQUIN",MANTECA,-121.25041961669922,37.831157684326172
9211579,2020,2021-02-11,3905,2020-09-12,0023,1641,PAR,6,5,6,3905,0,0,0,,0,,"WILSON WY","HAZELTON AV",0.00,,Y,A,-,N,,,,,,,,,,N,1,1,0,2,A,-,11,21955,,F,G,B,E,A,H,-,C,A,0,Y,,,,Y,,N,60,0,0,0,1,0,0,0,0,0,"- ","- ",37.949729919433594,-121.26995086669922,"SAN JOAQUIN",STOCKTON,-121.26994323730469,37.949848175048828
9211587,2020,2022-06-18,3905,2020-11-08,1447,2718,LAK,7,5,6,3905,0,0,0,,0,,"MARCH LN","CLAREMONT AV",420.00,W,N,A,-,N,,,,,,,,,,Y,1,2,1,2,A,-,09,21801,A,N,D,C,A,A,H,-,A,D,0,,,Y,,Y,,A,07,0,1,0,0,0,0,0,1,0,"- ","- ",37.994209289550781,-121.30825805664062,"SAN JOAQUIN",STOCKTON,-121.30990600585938,37.993358612060547
9211593,2020,2021-02-11,3905,2020-12-16,1838,2156,VAL,3,5,6,3905,0,0,0,,0,,"HAMMER LN","TAM O SHANTER DR",40.00,E,N,A,-,N,,,,,,,,,,Y,1,1,0,3,A,-,11,21956,A,N,G,B,D,A,H,-,C,A,0,Y,,,,Y,,N,60,0,0,0,1,0,0,0,0,0,"- ","- ",38.020458221435547,-121.30091094970703,"SAN JOAQUIN",STOCKTON,-121.30039978027344,38.021018981933594
92116900,2023,2023-07-14,9266,2023-05-18,1800,020599,,4,2,9,3900,0,3,5,,2,001,"NAGLEE ROAD","BETHANY ROAD",2640.00,S,N,A,-,N,,,,,,,,,,Y,1,1,1,1,A,-,08,22107,,N,F,A,A,A,H,-,A,D,0,,,,,Y,,A,07,0,1,0,0,0,0,0,0,0,"- ","- ",37.77996826171875,-121.46286010742188,"SAN JOAQUIN",UNINCORPORATED,-121.46240234375,37.7738037109375
92119694,2023,2023-07-18,9266,2023-07-09,1029,018625,,7,1,9,3900,0,1,3,,1,011,SR-4,"MIDDLE RIVER",84.00,E,N,A,-,Y,SJ,,4," "," ",4.548,H,,R,N,2,0,1,2,A,-,03,22350,,N,G,B,E,A,C,-,A,D,0,Y,,,,Y,,D,22,1,0,0,0,1,0,0,0,0,"- ","- ",37.890701293945312,-121.48799896240234,"SAN JOAQUIN",UNINCORPORATED,-121.48796081542969,37.890689849853516
92120127,2023,2023-07-18,9265,2023-07-06,"450 ",022476,,4,3,9,3900,0,2,4,,1,051,"S. CARDINAL AVE","E. WASHINGTON ST",310.00,S,N,A,-,N,,,,,,,,,,N,2,0,1,2,A,-,11,21954,A,N,G,B,D,A,H,-,D,D,0,Y,,,,Y,,N,60,1,0,0,0,1,0,0,0,0,"- ","- ",37.965618133544922,-121.22238159179688,"SAN JOAQUIN",UNINCORPORATED,-121.22244262695312,37.96563720703125
92122081,2023,2023-07-20,9265,2023-07-15,"230 ",022315,,6,3,9,3900,0,1,1,,2,505,"I-5 S/B","KINGDON RD",460.00,S,N,A,-,Y,SJ,,5," "," ",38.783,H,,L,Y,2,0,2,2,A,-,01,23152,A,N,C,C,A,A,H,-,D,D,0,,,,Y,Y,Y,A,01,1,1,0,0,0,0,0,0,0,"- ","- ",38.105949401855469,-121.39138793945312,"SAN JOAQUIN",UNINCORPORATED,-121.39138031005859,38.105953216552734
92126838,2023,2023-07-26,9266,2023-07-15,1655,021774,,6,2,9,3900,0,3,5,,2,001,"PARADISE ROAD","LUCERNE AVENUE",700.00,N,N,A,-,N,,,,,,,,,,N,2,0,1,2,A,-,08,22107,,N,C,C,A,A,H,-,A,D,0,,,Y,,Y,,C,02,1,0,0,0,0,0,0,0,1,"- ","- ",37.788711547851562,-121.37622833251953,"SAN JOAQUIN",UNINCORPORATED,-121.37632751464844,37.788471221923828
92130841,2023,2023-07-28,9265,2023-07-26,"28  ",020071,,3,3,9,3900,0,3,5,,2,090,"SARGENT RD","RAY RD",0.00,,Y,A,-,N,,,,,,,,,,N,2,0,2,1,A,-,01,23152,A,N,E,I,A,A,H,-,D,D,0,,,,,Y,Y,D,22,1,1,0,0,0,0,0,0,0,"- ","- ",38.130691528320312,-121.37094116210938,"SAN JOAQUIN",UNINCORPORATED,-121.37086486816406,38.130741119384766
92136224,2023,2023-08-04,9265,2023-07-29,"20  ",022042,,6,3,9,3900,0,3,5,,2,060,"CURRY AVE","KETTLEMAN LN",0.00,,Y,A,-,N,,,,,,,,,,Y,2,0,4,2,A,-,12,22450,A,N,A,C,A,A,H,-,D,A,0,,,,,Y,,A,01,2,1,1,0,0,0,0,0,0,"- ","- ",38.115821838378906,-121.23837280273438,"SAN JOAQUIN",UNINCORPORATED,-121.23832702636719,38.115818023681641
92138567,2023,2023-08-08,9265,2023-05-16,1145,015490,,2,1,9,3900,0,1,3,,1,062,"STATE ROUTE 88","ALPINE ROAD",0.00,,Y,A,-,Y,SJ,,88," "," ",3.205,H,,R,Y,1,1,0,2,A,-,12,21453,A,N,B,C,A,A,H,-,A,A,0,,,,Y,Y,,G,25,0,0,0,0,0,0,0,0,0,"- ","- ",38.016311645507812,-121.20728302001953,"SAN JOAQUIN",UNINCORPORATED,-121.20736694335938,38.016368865966797
92138720,2023,2023-08-08,9265,2023-07-02,1350,021968,,7,1,9,3900,0,1,3,,1,011,SR-120,"RIPON RD",1510.00,W,N,A,-,Y,SJ,,120," "," ",9.532,H,,R,Y,2,0,5,2,A,-,01,23152,A,N,A,C,A,A,H,-,A,D,0,,,,,Y,Y,A,07,3,2,0,0,0,0,0,0,0,"- ","- ",37.797721862792969,-121.13053894042969,"SAN JOAQUIN",UNINCORPORATED,-121.13053894042969,37.797740936279297
92140718,2023,2023-08-10,9266,2023-04-09,"315 ",020279,,7,3,9,3900,0,1,3,,1,026,SR-132,"SOUTH KOSTER ROAD",1584.00,E,N,A,-,Y,SJ,,132," "," ",4.552,H,,R,Y,1,2,2,2,A,-,01,23152,A,N,A,C,A,A,H,-,D,D,0,,,,,Y,Y,A,01,2,0,0,0,0,0,0,0,0,"- ","- ",37.638008117675781,-121.31912231445312,"SAN JOAQUIN",UNINCORPORATED,-121.31912231445312,37.638015747070312
92140827,2023,2023-08-10,9265,2023-07-22,"220 ",023277,,6,3,9,3900,0,3,5,,2,010,"COMETA RD","DODDS RD",148.00,S,N,A,-,N,,,,,,,,,,N,2,0,1,1,A,-,01,23152,A,N,F,I,A,A,H,-,D,D,0,,,,,Y,Y,A,01,1,0,0,0,0,0,0,0,0,"- ","- ",37.85614013671875,-120.94573974609375,"SAN JOAQUIN",UNINCORPORATED,-120.94631195068359,37.856380462646484
92141688,2023,2023-08-11,9265,2023-07-21,1050,016382,,5,1,9,3900,0,1,3,,2,003,"SR-99 E. FRONTAGE RD","CLARK DR",1080.00,S,N,A,-,N,,,,,,,,,,Y,2,0,2,1,A,-,08,22107,,N,E,8,A,A,H,-,A,D,0,,,,,Y,,A,01,1,1,0,0,0,0,0,0,0,"- ","- ",37.916770935058594,-121.22737121582031,"SAN JOAQUIN",UNINCORPORATED,-121.22756958007812,37.916690826416016
92141733,2023,2023-08-11,9266,2023-08-07,1518,020599,,1,2,9,3900,0,3,5,,2,001,"DELTA AVE","TOM PAINE RD",450.00,W,N,A,-,N,,,,,,,,,,Y,2,0,1,1,A,-,01,23152,A,N,F,A,A,A,H,-,A,D,0,,,,,Y,Y,A,01,1,0,0,0,0,0,0,0,0,"- ","- ",37.798049926757812,-121.39299011230469,"SAN JOAQUIN",UNINCORPORATED,-121.39293670654297,37.797897338867188
92141959,2023,2023-08-11,9265,2023-08-05,"315 ",022123,,6,3,9,3900,0,1,3,,2,004,"SR-99 S/B","SR-99 FRONTAGE RD",177.00,N,N,A,-,Y,SJ,,99," "," ",21.943,H,,L,Y,2,0,1,1,A,-,01,23152,A,N,E,8,A,A,H,-,D,D,0,,,,,Y,Y,A,01,1,0,0,0,0,0,0,0,0,"- ","- ",38.006988525390625,-121.25817108154297,"SAN JOAQUIN",UNINCORPORATED,-121.25807189941406,38.006988525390625
92142066,2023,2023-08-11,9265,2023-08-06,1509,022217,,7,2,9,3900,0,3,5,,2,050,"REPORT AVE","WATERLOO RD",15.00,S,N,A,-,N,,,,,,,,,,N,2,0,1,2,A,-,03,22350,,N,E,I,F,A,H,-,A,D,0,Y,,,,Y,,A,01,1,0,0,0,1,0,0,0,0,"- ","- ",37.981681823730469,-121.25440979003906,"SAN JOAQUIN",UNINCORPORATED,-121.25449371337891,37.981731414794922
92143332,2023,2023-08-14,9265,2023-08-05,1358,022217,,6,1,9,3900,0,3,5,,2,050,"VINE ST","FILBERT ST",43.00,W,N,A,-,N,,,,,,,,,,Y,2,0,1,1,A,-,03,22350,,N,F,0,A,A,H,-,A,D,0,,,Y,,Y,,C,02,1,0,0,0,0,0,0,0,1,"- ","- ",37.972190856933594,-121.25935363769531,"SAN JOAQUIN",UNINCORPORATED,-121.25923156738281,37.972232818603516
92147332,2023,2023-08-18,9265,2023-08-06,"8   ",023202,,7,3,9,3900,0,1,1,,2,505,"I-5 S/B",SR-12,11880.00,S,N,A,-,Y,SJ,,5," "," ",37.305,H,,L,Y,2,0,1,1,A,-,08,22107,,N,F,A,A,A,H,-,D,D,0,,,,,Y,,A,01,1,0,0,0,0,0,0,0,0,"- ","- ",38.086009979248047,-121.38170623779297,"SAN JOAQUIN",UNINCORPORATED,-121.38166046142578,38.086021423339844
92147426,2023,2023-08-18,9265,2023-08-12,"849 ",022365,,6,1,9,3900,0,1,3,,2,004,"SR-99 N/B TO ARMSTRONG RD","ARMSTRONG RD",157.00,N,N,A,-,Y,SJ,,99," "," ",27.525,H,,R,Y,2,0,1,1,A,-,08,22107,,N,E,I,A,A,H,-,A,D,0,,,,,Y,,A,01,1,0,0,0,0,0,0,0,0,"- ","- ",38.087760925292969,-121.2596435546875,"SAN JOAQUIN",UNINCORPORATED,-121.25992584228516,38.087757110595703
92156406,2023,2023-08-28,9265,2023-08-04,1530,022282,,5,2,9,3900,0,1,1,,2,505,"I-5 N/B",SR-12,5.00,S,N,A,-,Y,SJ,,5," "," ",39.563,H,,R,Y,2,0,3,4,A,-,03,22350,,N,C,C,A,A,H,-,A,D,0,,,,,Y,,A,08,1,0,2,0,0,0,0,0,0,"- ","- ",38.115859985351562,-121.39777374267578,"SAN JOAQUIN",UNINCORPORATED,-121.39772796630859,38.115871429443359
92157388,2023,2023-08-29,9265,2023-06-04,"640 ",023223,,7,1,9,3900,0,3,5,,2,060,"BEECHER RD","FINKBOHNER RD",1056.00,S,N,A,-,N,,,,,,,,,,Y,1,1,1,1,A,-,01,23152,G,N,E,I,A,A,H,-,A,A,0,,,,,Y,Y,A,01,0,1,0,0,0,0,0,0,0,"- ","- ",37.982250213623047,-121.16747283935547,"SAN JOAQUIN",UNINCORPORATED,-121.16744995117188,37.982521057128906
92157677,2023,2023-10-02,9265,2023-08-11,2250,023202,,5,3,4,3903,0,1,3,,2,001,"SR-99 S/B","YOSEMITE AVE",2460.00,S,N,A,-,Y,SJ,,99," "," ",6.199,H,,L,Y,2,0,1,3,B,-,22,,,N,C,2,A,A,H,-,C,D,0,,,,,Y,,J,48,1,0,0,0,0,0,0,0,0,"- ","- ",37.790748596191406,-121.18965148925781,"SAN JOAQUIN",MANTECA,-121.18964385986328,37.790752410888672
92158240,2023,2023-08-30,9265,2023-08-19,"840 ",021364,,6,1,6,3905,0,1,1,,2,503,"I-5 N/B","DOWNING AVE",200.00,S,N,A,-,Y,SJ,,5," ",R,23.629,H,,R,Y,2,0,1,1,A,-,08,22107,,N,E,I,A,A,H,-,A,D,0,,,,,Y,,A,01,1,0,0,0,0,0,0,0,0,"- ","- ",37.912429809570312,-121.28939056396484,"SAN JOAQUIN",STOCKTON,-121.28917694091797,37.9124755859375
92158254,2023,2023-08-30,9265,2023-08-20,1221,022365,,7,1,9,3900,0,1,3,,1,042,"SR-4 EB","E ST",854.00,W,N,B,-,Y,SJ,,4," ",R,18.350,H,,R,Y,2,0,1,2,A,-,08,22107,,N,B,C,A,A,H,-,A,D,0,,,Y,,Y,,C,02,1,0,0,0,0,0,0,0,1,"- ","- ",37.957729339599609,-121.26103210449219,"SAN JOAQUIN",UNINCORPORATED,-121.26103973388672,37.957752227783203
92162060,2023,2023-09-05,9265,2023-08-26,"225 ",023202,,6,3,4,3903,0,1,3,,2,025,"SR-120 E/B","MAIN ST",1105.00,W,N,A,-,Y,SJ,,120," ",R,5.099,H,,R,N,2,0,3,3,A,-,01,23152,G,N,C,2,F,A,H,-,C,D,0,Y,,,,Y,Y,A,01,1,1,1,0,1,0,0,0,0,"- ","- ",37.783210754394531,-121.21971893310547,"SAN JOAQUIN",MANTECA,-121.21971893310547,37.783187866210938
9216776,2020,2021-02-08,3903,2020-12-14,1535,3540,,1,5,4,3903,0,0,0,,0,,"LATHROP RD","PASADO AV",314.00,E,N,A,-,N,,,,,,,,,,Y,2,0,1,1,A,-,03,22350,,N,E,I,A,A,H,-,A,D,0,,,,,Y,,A,01,1,0,0,0,0,0,0,0,0,"- ","- ",37.826488494873047,-121.2510986328125,"SAN JOAQUIN",MANTECA,-121.24979400634766,37.826450347900391
92168249,2023,2023-09-26,9266,2023-08-07,"433 ",018308,,1,3,9,3900,0,3,5,,2,002,"SOUTH LAMMERS ROAD","WESTERN PACIFIC WAY",0.00,,Y,A,-,N,,,,,,,,,,Y,1,1,0,2,A,-,09,21801,A,N,A,C,A,A,H,-,D,D,0,,,Y,,Y,,A,01,0,0,0,0,0,0,0,1,0,"- ","- ",37.714431762695312,-121.47651672363281,"SAN JOAQUIN",UNINCORPORATED,-121.47654724121094,37.714393615722656
92170019,2023,2023-09-14,9265,2023-09-01,2000,023185,,5,2,9,3900,0,3,5,,2,010,"FRENCH CAMP RD","JACK TONE RD",3168.00,W,N,A,-,N,,,,,,,,,,Y,2,0,2,1,A,-,01,23152,A,N,F,A,A,A,H,-,D,D,0,,,,,Y,Y,D,22,2,0,0,0,0,0,0,0,0,"- ","- ",37.833419799804688,-121.15370178222656,"SAN JOAQUIN",UNINCORPORATED,-121.15248870849609,37.832569122314453
92170402,2023,2023-09-14,9266,2023-09-02,1320,020083,,6,1,9,3900,0,2,4,,2,010,"HOWARD RD","S. WING LEEVE ROAD",357.00,E,N,B,-,N,,,,,,,,,,Y,2,0,1,1,A,-,08,22107,,N,F,A,A,A,H,-,A,D,0,,,,,Y,,D,22,1,0,0,0,0,0,0,0,0,"- ","- ",37.876899719238281,-121.39968872070312,"SAN JOAQUIN",UNINCORPORATED,-121.38275146484375,37.877040863037109
92174028,2023,2023-09-19,9265,2023-07-10,1242,020313,,1,1,9,3900,0,1,3,,1,013,SR-4,"GILLIS ROAD",3168.00,E,N,A,-,Y,SJ,,4," ",R,22.657,H,,R,Y,1,2,0,2,A,-,01,23152,G,N,A,C,A,A,H,-,A,D,0,,,,,Y,Y,B,01,0,0,0,0,0,0,0,0,0,"- ","- ",37.949619293212891,-121.18344879150391,"SAN JOAQUIN",UNINCORPORATED,-121.18341827392578,37.949661254882812
92181543,2023,2023-09-27,9265,2023-09-20,"745 ",018694,,3,1,9,3900,0,2,4,,1,015,"COPPEROPOLIS ROAD","JACK TONE ROAD",0.00,,Y,A,-,N,,,,,,,,,,Y,2,0,3,2,A,-,01,23152,A,N,D,C,A,A,H,-,A,A,0,,,,,Y,Y,A,01,1,1,1,0,0,0,0,0,0,"- ","- ",37.970420837402344,-121.14875030517578,"SAN JOAQUIN",UNINCORPORATED,-121.14868927001953,37.970458984375
92190368,2023,2023-10-04,9265,2023-09-23,"550 ",019182,,6,3,3,3904,0,1,3,,2,001,"SR-99 N/B","MAIN ST",3168.00,S,N,A,-,Y,SJ,,99," "," ",0.283,H,,R,Y,2,0,1,1,C,-,18,,,N,H,7,A,A,H,-,D,D,0,,,,,Y,,-,"- ",1,0,0,0,0,0,0,0,0,"- ","- ",37.73345947265625,-121.11357879638672,"SAN JOAQUIN",RIPON,-121.11357879638672,37.733463287353516
92191233,2023,2023-10-04,9265,2023-09-24,1820,023185,,7,2,4,3903,0,1,3,,2,025,"SR-120 E/B TO AIRPORT WAY","AIRPORT WAY",900.00,W,N,A,-,Y,,,,,,,,,,Y,2,0,1,1,A,-,01,23152,A,N,F,A,A,A,H,-,A,A,0,,,,,Y,,A,07,1,0,0,0,0,0,0,0,0,"- ","- ",37.782520294189453,-121.25560760498047,"SAN JOAQUIN",MANTECA,-121.25560760498047,37.782520294189453
92192303,2023,2023-10-05,9266,2023-09-16,1035,020599,,6,1,9,3900,0,3,5,,2,001,"BETHANY ROAD","WICKLUND ROAD",18.00,W,N,A,-,N,,,,,,,,,,Y,2,0,1,1,A,-,03,22350,,N,E,I,A,B,H,-,A,D,0,,,,Y,Y,,F,26,1,0,0,0,0,0,0,0,0,"- ","- ",37.780281066894531,-121.51792144775391,"SAN JOAQUIN",UNINCORPORATED,-121.51785278320312,37.780338287353516
92193045,2023,2023-10-06,9265,2023-06-08,"144 ",022072,,4,3,9,3900,0,2,4,,1,014,"MARIPOSA RD","MUNFORD AVE",40.00,E,N,A,-,N,,,,,,,,,,Y,1,1,0,2,A,-,01,23152,A,N,C,C,A,A,H,-,C,A,0,,,,Y,Y,Y,A,01,0,0,0,0,0,0,0,0,0,"- ","- ",37.930511474609375,-121.22400665283203,"SAN JOAQUIN",UNINCORPORATED,-121.22422027587891,37.930568695068359
92193195,2023,2023-10-06,9265,2023-09-16,2100,023185,,6,2,9,3900,0,1,3,,2,003,"SR-99 N/B","ARCH ROAD",3000.00,S,N,A,-,Y,SJ,,99," "," ",14.002,H,,R,Y,2,0,2,4,A,-,01,23152,A,N,C,C,A,A,H,-,D,D,0,,,Y,,Y,Y,C,02,2,0,0,0,0,0,0,0,2,"- ","- ",37.89630126953125,-121.22029876708984,"SAN JOAQUIN",UNINCORPORATED,-121.22026824951172,37.89630126953125
92193226,2023,2023-10-06,9265,2023-09-21,2010,023156,,4,2,9,3900,0,1,1,,2,502,"I-5 N/B","FRENCH CAMP RD",2587.00,N,N,A,-,Y,SJ,,5," ",R,21.940,H,,R,N,2,0,4,2,A,-,08,22107,,N,D,C,A,A,H,-,A,D,0,,,,,Y,,A,07,4,0,0,0,0,0,0,0,0,"- ","- ",37.889041900634766,-121.28072357177734,"SAN JOAQUIN",UNINCORPORATED,-121.28072357177734,37.8890380859375
92198529,2023,2023-10-13,9266,2023-10-03,1430,021774,,2,2,9,3900,0,1,1,,1,015,"I-205 W/B","CALIFORNIA AVENUE",100.00,E,N,A,-,Y,SJ,,205," ",R,11.249,H,,L,Y,2,0,2,2,A,-,07,21658,A,F,F,A,A,A,H,-,A,D,0,,,,,Y,,-,99,1,1,0,0,0,0,0,0,0,"- ","- ",37.765171051025391,-121.35809326171875,"SAN JOAQUIN",UNINCORPORATED,-121.35809326171875,37.765102386474609
92200021,2023,2023-10-16,9265,2023-10-02,2244,023202,,1,3,9,3900,0,3,5,,2,060,"MILTON RD","COPPEROPOLIS RD",5280.00,E,N,B,-,N,,,,,,,,,,Y,2,0,1,1,A,-,01,23152,A,N,F,A,A,A,H,-,D,D,0,,,,,Y,Y,A,07,1,0,0,0,0,0,0,0,0,"- ","- ",37.976650238037109,-121.12156677246094,"SAN JOAQUIN",UNINCORPORATED,-121.12154388427734,37.976680755615234