CASE_ID,ACCIDENT_YEAR,PROC_DATE,JURIS,COLLISION_DATE,COLLISION_TIME,OFFICER_ID,REPORTING_DISTRICT,DAY_OF_WEEK,CHP_SHIFT,POPULATION,CNTY_CITY_LOC,SPECIAL_COND,BEAT_TYPE,CHP_BEAT_TYPE,CITY_DIVISION_LAPD,CHP_BEAT_CLASS,BEAT_NUMBER,PRIMARY_RD,SECONDARY_RD,DISTANCE,DIRECTION,INTERSECTION,WEATHER_1,WEATHER_2,STATE_HWY_IND,CALTRANS_COUNTY,CALTRANS_DISTRICT,STATE_ROUTE,ROUTE_SUFFIX,POSTMILE_PREFIX,POSTMILE,LOCATION_TYPE,RAMP_INTERSECTION,SIDE_OF_HWY,TOW_AWAY,COLLISION_SEVERITY,NUMBER_KILLED,NUMBER_INJURED,PARTY_COUNT,PRIMARY_COLL_FACTOR,PCF_CODE_OF_VIOL,PCF_VIOL_CATEGORY,PCF_VIOLATION,PCF_VIOL_SUBSECTION,HIT_AND_RUN,TYPE_OF_COLLISION,MVIW,PED_ACTION,ROAD_SURFACE,ROAD_COND_1,ROAD_COND_2,LIGHTING,CONTROL_DEVICE,CHP_ROAD_TYPE,PEDESTRIAN_ACCIDENT,BICYCLE_ACCIDENT,MOTORCYCLE_ACCIDENT,TRUCK_ACCIDENT,NOT_PRIVATE_PROPERTY,ALCOHOL_INVOLVED,STWD_VEHTYPE_AT_FAULT,CHP_VEHTYPE_AT_FAULT,COUNT_SEVERE_INJ,COUNT_VISIBLE_INJ,COUNT_COMPLAINT_PAIN,COUNT_PED_KILLED,COUNT_PED_INJURED,COUNT_BICYCLIST_KILLED,COUNT_BICYCLIST_INJURED,COUNT_MC_KILLED,COUNT_MC_INJURED,PRIMARY_RAMP,SECONDARY_RAMP,LATITUDE,LONGITUDE,COUNTY,CITY,POINT_X,POINT_Y
92200316,2023,2023-10-16,9265,2023-08-20,"905 ",022366,,7,1,9,3900,0,1,3,,2,003,"SR-99 NORTHBOUND FROM FRENCH CAMP ROAD","FRENCH CAMP ROAD",1370.00,N,N,A,-,Y,SJ,,99," "," ",11.756,H,,R,Y,1,1,4,2,A,-,01,23152,F,N,D,2,A,A,H,-,A,D,0,,,,,Y,,A,01,0,2,2,0,0,0,0,0,0,"- ","- ",37.863750457763672,-121.21853637695312,"SAN JOAQUIN",UNINCORPORATED,-121.21871948242188,37.863746643066406
92201375,2023,2023-10-17,9265,2023-08-25,"330 ",015629,,5,3,9,3900,0,2,4,,1,093,"LOWER SACRAMENTO ROAD","ACAMPO ROAD",404.00,S,N,A,-,N,,,,,,,,,,Y,1,2,1,2,A,-,01,23153,A,N,A,C,A,A,H,-,D,D,0,,,,,Y,Y,A,07,1,0,0,0,0,0,0,0,0,"- ","- ",38.173580169677734,-121.29421234130859,"SAN JOAQUIN",UNINCORPORATED,-121.29421997070312,38.173564910888672
92206065,2023,2023-10-23,9265,2023-10-05,1940,021830,,4,2,9,3900,0,1,3,,2,003,"SR-99 N/B",SR-26,870.00,S,N,A,-,Y,SJ,,99," "," ",19.114,H,,R,Y,1,1,0,2,A,-,03,22350,,N,C,C,A,A,H,-,D,D,0,,,Y,,Y,,C,02,0,0,0,0,0,0,0,1,0,"- ","- ",37.96759033203125,-121.2447509765625,"SAN JOAQUIN",UNINCORPORATED,-121.24468231201172,37.967609405517578
92206158,2023,2023-10-23,9265,2023-10-12,"10  ",022042,,4,3,9,3900,0,3,5,,2,030,"MANTHEY RD","BOWMAN RD",410.00,N,N,A,-,N,,,,,,,,,,N,2,0,1,2,A,-,11,21956,A,N,G,B,E,A,H,-,D,D,0,Y,,,,Y,,N,60,1,0,0,0,1,0,0,0,0,"- ","- ",37.866859436035156,-121.2794189453125,"SAN JOAQUIN",UNINCORPORATED,-121.27943420410156,37.866840362548828
92207135,2023,2023-10-24,9265,2023-10-06,2030,023276,,5,2,9,3900,0,1,1,,2,503,"I-5 S/B","CHARTER WAY",185.00,N,N,A,-,Y,SJ,,5," "," ",25.337,H,,L,Y,2,0,1,1,A,-,08,22107,,N,E,I,A,A,H,-,D,D,0,,,,,Y,,A,01,1,0,0,0,0,0,0,0,0,"- ","- ",37.936378479003906,-121.29747009277344,"SAN JOAQUIN",UNINCORPORATED,-121.29763793945312,37.936363220214844
92208205,2023,2023-10-25,9265,2023-08-24,1040,022366,,4,1,9,3900,0,1,3,,1,092,"STATE ROUTE 12","GUARD ROAD",1240.00,W,N,A,-,Y,SJ,,12," "," ",8.586,H,,R,Y,1,2,0,2,A,-,01,23152,G,N,A,2,A,A,H,-,A,D,0,,,,Y,Y,Y,A,01,0,0,0,0,0,0,0,0,0,"- ","- ",38.115959167480469,-121.42700958251953,"SAN JOAQUIN",UNINCORPORATED,-121.42702484130859,38.116020202636719
92208245,2023,2023-10-25,9265,2023-10-13,1640,023185,,5,2,9,3900,0,3,5,,2,090,"I-5 S/B TO WALNUT GROVE RD","WALNUT GROVE RD",0.00,,Y,A,-,N,,,,,,,,,,Y,2,0,1,2,A,-,12,22450,A,N,D,C,A,A,H,-,A,A,0,,,,Y,Y,,A,07,1,0,0,0,0,0,0,0,0,"- ","- ",38.226131439208984,-121.43215179443359,"SAN JOAQUIN",UNINCORPORATED,-121.43104553222656,38.226123809814453
92208458,2023,2023-10-25,9265,2023-10-14,"355 ",022366,,6,3,9,3900,0,2,4,,1,024,"AIRPORT WAY","ROTH ROAD",1200.00,N,N,A,-,N,,,,,,,,,,N,2,0,2,2,A,-,01,23152,A,N,G,B,E,A,H,-,D,D,0,Y,,Y,,Y,Y,C,02,2,0,0,0,1,0,0,0,1,"- ","- ",37.858928680419922,-121.25563049316406,"SAN JOAQUIN",UNINCORPORATED,-121.25564575195312,37.858875274658203
92223149,2023,2023-10-31,9265,2023-06-09,"104 ",023195,,5,3,6,3905,0,1,3,,2,003,"SR-99 S/B FROM MARIPOSA RD E/B","MARIPOSA RD",945.00,S,N,A,-,Y,,,,,,,,,,Y,1,1,0,2,C,-,18,,,N,G,B,E,A,H,-,C,D,0,Y,,,,Y,,-,"- ",0,0,0,1,0,0,0,0,0,"- ","- ",37.934200286865234,-121.23568725585938,"SAN JOAQUIN",STOCKTON,-121.23568725585938,37.934200286865234
92223993,2023,2023-10-31,9265,2023-10-21,1200,022365,,6,1,9,3900,0,3,5,,2,060,"HARNEY LANE","CURRY AVE",0.00,,Y,A,-,N,,,,,,,,,,N,2,0,1,1,A,-,08,22107,,N,F,J,A,A,H,-,A,D,0,,,Y,,Y,,C,02,1,0,0,0,0,0,0,0,1,"- ","- ",38.101181030273438,-121.23667144775391,"SAN JOAQUIN",UNINCORPORATED,-121.23784637451172,38.101264953613281
92225413,2023,2023-11-01,9266,2023-10-18,1710,021677,,3,2,9,3900,0,1,1,,2,014,"I-205 E/B ELEVENTH ST OFF RAMP","LAMMERS ROAD",5280.00,W,N,A,-,Y,,,,,,,,,,Y,2,0,2,1,A,-,08,22107,,N,F,A,A,A,H,-,A,D,0,,,,,Y,,A,07,1,0,1,0,0,0,0,0,0,"- ","- ",37.74005126953125,-121.4954833984375,"SAN JOAQUIN",UNINCORPORATED,-121.4954833984375,37.74005126953125
92225488,2023,2023-11-01,9265,2023-09-15,1840,022134,,5,2,6,3905,0,1,1,,2,503,"INTERSTATE 5 NORTHBOUND","SHIMIZU DRIVE",400.00,S,N,A,-,Y,SJ,,5," "," ",28.189,H,,R,Y,1,1,1,2,A,-,01,23152,G,N,C,2,A,A,H,-,B,D,0,,,,,Y,Y,A,01,0,0,1,0,0,0,0,0,0,"- ","- ",37.959678649902344,-121.33289337158203,"SAN JOAQUIN",STOCKTON,-121.33287811279297,37.959690093994141
92226429,2023,2023-11-02,9265,2023-04-23,"13  ",020071,,7,3,9,3900,0,1,3,,1,016,SR-120,"VICTORY AVE",0.00,,Y,A,-,Y,STA,,120," "," ",0.006,H,,R,Y,1,1,1,2,A,-,01,23152,F,N,D,C,A,A,H,-,D,A,0,,,,,Y,Y,A,07,1,0,0,0,0,0,0,0,0,"- ","- ",37.793598175048828,-120.92330169677734,"SAN JOAQUIN",UNINCORPORATED,-120.92330169677734,37.793575286865234
92230308,2023,2023-11-07,9266,2023-10-24,"703 ",018217,,2,1,9,3900,0,2,4,,1,016,"ELEVENTH STREET","GRANT LINE ROAD",0.00,,Y,A,-,N,,,,,,,,,,Y,2,0,1,1,A,-,03,22350,,N,E,8,A,A,H,-,B,A,0,,,,,Y,,A,01,1,0,0,0,0,0,0,0,0,"- ","- ",37.752979278564453,-121.35198211669922,"SAN JOAQUIN",UNINCORPORATED,-121.35210418701172,37.753135681152344
92230856,2023,2023-11-08,9265,2023-11-03,1628,022706,,5,2,9,3900,0,1,1,,2,502,"MANTHEY RD","MATHEWS RD",2292.00,S,N,A,-,N,,,,,,,,,,Y,2,0,1,1,A,-,01,23152,A,N,F,8,A,A,H,-,A,A,0,,,,,Y,Y,A,08,1,0,0,0,0,0,0,0,0,"- ","- ",37.876068115234375,-121.27852630615234,"SAN JOAQUIN",UNINCORPORATED,-121.27849578857422,37.876258850097656
92230870,2023,2023-11-08,9265,2023-11-01,"15  ",022042,,3,3,9,3900,0,2,4,,1,053,"WATERLOO ROAD","FILBERT STREET",130.00,W,N,A,-,N,,,,,,,,,,Y,2,0,1,1,A,-,01,23152,A,N,E,I,A,A,H,-,C,D,0,,,,,Y,Y,D,22,1,0,0,0,0,0,0,0,0,"- ","- ",37.976860046386719,-121.26228332519531,"SAN JOAQUIN",UNINCORPORATED,-121.26217651367188,37.976814270019531
92231187,2023,2023-11-08,9265,2023-08-14,1848,023261,,1,2,6,3905,0,1,1,,2,503,"INTERSTATE 5 NORTHBOUND","FRENCH CAMP ROAD",130.00,N,N,A,-,Y,SJ,,5," ",R,22.556,H,,R,Y,1,1,1,3,A,-,03,22350,,N,C,C,A,A,H,-,A,D,0,,,,,Y,,A,01,0,1,0,0,0,0,0,0,0,"- ","- ",37.897571563720703,-121.28385925292969,"SAN JOAQUIN",STOCKTON,-121.2838134765625,37.8975830078125
92232421,2023,2023-11-09,9265,2023-11-03,"255 ",022042,,5,3,9,3900,0,3,5,,2,090,"SR-99 W. FRONTAGE RD","FORREST LAKE RD",570.00,N,N,A,-,N,,,,,,,,,,Y,2,0,1,1,A,-,01,23152,G,N,E,I,A,A,H,-,D,D,0,,,,,Y,Y,A,01,1,0,0,0,0,0,0,0,0,"- ","- ",38.223499298095703,-121.27420043945312,"SAN JOAQUIN",UNINCORPORATED,-121.27409362792969,38.223567962646484
92238351,2023,2023-11-16,9265,2023-11-11,1150,018694,,6,1,9,3900,0,3,5,,2,010,"LONE TREE ROAD","CARROLTON ROAD",0.00,,Y,A,-,N,,,,,,,,,,Y,2,0,4,2,A,-,09,21802,A,N,D,C,A,A,H,-,A,A,0,,,,,Y,,D,22,1,1,2,0,0,0,0,0,0,"- ","- ",37.827278137207031,-121.07138824462891,"SAN JOAQUIN",UNINCORPORATED,-121.07138824462891,37.827304840087891
92238800,2023,2023-11-17,9265,2023-10-22,1825,021830,,7,2,9,3900,0,3,5,,2,060,"SR-26 W/B","ESCALON BELLOTA RD",5280.00,E,N,B,-,Y,SJ,,26," "," ",16.130,H,,L,N,2,0,1,2,A,-,03,22350,,F,G,B,E,A,H,-,A,D,0,Y,,,,Y,,-,99,1,0,0,0,1,0,0,0,0,"- ","- ",38.062309265136719,-121.00566101074219,"SAN JOAQUIN",UNINCORPORATED,-121.00564575195312,38.062301635742188
92240851,2023,2023-11-20,9265,2023-11-13,1620,016382,,1,2,2,3920,0,1,3,,2,025,"SR-120 W/B","GUTHMILLER RD",1979.00,W,N,A,-,Y,SJ,,120," ",R,0.963,H,,L,Y,2,0,1,2,A,-,08,22107,,N,B,C,A,A,H,-,A,D,0,,,Y,,Y,,A,01,1,0,0,0,0,0,0,0,1,"- ","- ",37.790420532226562,-121.29386138916016,"SAN JOAQUIN",LATHROP,-121.29386138916016,37.790409088134766
92259175,2023,2023-12-15,9265,2023-11-02,"230 ",023223,,4,3,9,3900,0,3,5,,2,060,"JAHANT RD","ELLIOTT RD",550.00,E,N,B,-,N,,,,,,,,,,Y,2,0,3,1,A,-,03,22350,,N,E,8,A,A,H,-,D,D,0,,,,,Y,,A,01,1,2,0,0,0,0,0,0,0,"- ","- ",38.204868316650391,-121.16896057128906,"SAN JOAQUIN",UNINCORPORATED,-121.16904449462891,38.204837799072266
92260094,2023,2023-12-12,9265,2023-12-01,2335,022042,,5,3,9,3900,0,3,5,,2,060,SR-88,"DISCH RD",880.00,W,N,C,-,Y,SJ,,88," "," ",16.098,H,,R,N,2,0,1,1,C,-,18,,,N,F,A,A,D,B,-,D,D,0,,,Y,,Y,,-,"- ",1,0,0,0,0,0,0,0,1,"- ","- ",38.177211761474609,-121.11788940429688,"SAN JOAQUIN",UNINCORPORATED,-121.11795043945312,38.177295684814453
92262445,2023,2023-12-14,9265,2023-12-04,1130,023096,,1,1,9,3900,0,3,5,,2,040,"INLAND DR","MCDONALD ROAD",160.00,E,N,A,-,N,,,,,,,,,,Y,2,0,2,1,A,-,08,22107,,N,F,A,A,A,H,-,A,D,0,,,,Y,Y,,G,25,1,1,0,0,0,0,0,0,0,"- ","- ",37.955760955810547,-121.40567016601562,"SAN JOAQUIN",UNINCORPORATED,-121.40560913085938,37.955715179443359
92265654,2023,2023-12-19,9265,2023-10-03,1705,023195,,2,2,9,3900,0,1,3,,1,092,"STATE ROUTE 12","LITTLE POTATO SLOUGH",230.00,W,N,A,-,Y,SJ,,12," ",R,4.647,H,,R,Y,1,1,1,2,A,-,01,23152,A,N,A,C,A,A,H,-,A,D,0,,,,Y,Y,Y,A,01,0,1,0,0,0,0,0,0,0,"- ","- ",38.114879608154297,-121.49922180175781,"SAN JOAQUIN",UNINCORPORATED,-121.49922180175781,38.114902496337891
92267313,2023,2023-12-20,9266,2023-10-21,"628 ",018217,,6,1,9,3900,0,1,1,,2,021,"I-580 E/B","PATTERSON PASS ROAD",3168.00,E,N,A,-,Y,SJ,,580," "," ",12.862,H,,R,Y,1,1,6,3,A,-,03,22350,,N,C,C,A,A,H,-,D,D,0,,,,,Y,Y,A,01,1,1,4,0,0,0,0,0,0,"- ","- ",37.713699340820312,-121.52545928955078,"SAN JOAQUIN",UNINCORPORATED,-121.52545166015625,37.713710784912109
92267517,2023,2023-12-20,9265,2023-11-05,2120,021830,,7,2,9,3900,0,3,5,,2,030,"8TH ST","B ST",0.00,,Y,B,-,N,,,,,,,,,,N,2,0,1,2,A,-,08,22107,,F,G,B,F,A,H,-,C,A,0,Y,,,,Y,,A,01,1,0,0,0,1,0,0,0,0,"- ","- ",37.933849334716797,-121.25527191162109,"SAN JOAQUIN",UNINCORPORATED,-121.42805480957031,37.73675537109375
92273480,2023,2023-12-28,9265,2023-12-13,1818,022706,,3,2,9,3900,0,2,4,,1,014,"MARIPOSA RD","JACK TONE RD",512.00,E,N,A,-,N,,,,,,,,,,Y,2,0,1,2,C,-,18,,,N,G,B,E,A,H,-,D,A,0,Y,,,,Y,,-,"- ",1,0,0,0,1,0,0,0,0,"- ","- ",37.904529571533203,-121.1456298828125,"SAN JOAQUIN",UNINCORPORATED,-121.14565277099609,37.904506683349609
92274118,2023,2023-12-28,9265,2023-12-20,2330,022042,,3,3,5,3902,0,1,3,,2,006,"SR-99 N/B TO TURNER ROAD","TURNER RD",600.00,S,N,C,-,Y,,,,,,,,,,Y,2,0,2,1,A,-,08,22107,,N,E,8,A,B,H,-,C,D,0,,,,,Y,,A,01,1,1,0,0,0,0,0,0,0,"- ","- ",38.143558502197266,-121.25981903076172,"SAN JOAQUIN",LODI,-121.25981903076172,38.143558502197266
92276875,2023,2024-01-02,9265,2023-12-22,1140,019182,,5,1,6,3905,0,1,1,,2,503,"I-5 S/B","FRENCH CAMP RD",4224.00,N,N,A,-,Y,SJ,,5," ",R,22.858,H,,L,Y,2,0,2,2,A,-,04,21703,,N,C,C,A,A,H,-,A,D,0,,,,,Y,,A,07,1,0,1,0,0,0,0,0,0,"- ","- ",37.901760101318359,-121.28563690185547,"SAN JOAQUIN",STOCKTON,-121.28565979003906,37.901756286621094
92279656,2023,2024-01-04,9265,2023-12-24,1015,022356,,7,1,9,3900,0,1,3,,1,013,SR-4,"ESCALON BELLOTA RD",0.00,,Y,B,E,Y,SJ,,4," "," ",33.079,H,,R,Y,2,0,2,2,A,-,01,23152,A,N,D,C,A,A,H,-,A,A,0,,,,,Y,Y,A,07,1,1,0,0,0,0,0,0,0,"- ","- ",37.930068969726562,-121.00026702880859,"SAN JOAQUIN",UNINCORPORATED,-121.00026702880859,37.930038452148438
92281730,2023,2024-01-08,9265,2023-12-05,1313,022356,,2,1,9,3900,0,2,4,,1,014,"KAISER ROAD","MARIPOSA ROAD",0.00,,Y,A,-,N,,,,,,,,,,Y,1,1,1,2,A,-,01,23152,F,N,D,C,A,A,H,-,A,A,0,,,,,Y,,A,07,0,0,1,0,0,0,0,0,0,"- ","- ",37.910640716552734,-121.16574859619141,"SAN JOAQUIN",UNINCORPORATED,-121.16574096679688,37.910602569580078
92283117,2023,2024-01-09,9265,2023-12-30,1436,022407,,6,2,9,3900,0,3,5,,2,090,"SR-99 W FRONTAGE RD","LODUCA RD",733.00,N,N,A,-,N,,,,,,,,,,Y,2,0,3,2,A,-,03,22350,,N,D,C,A,A,H,-,A,D,0,,,Y,,Y,,C,02,1,0,2,0,0,0,0,0,1,"- ","- ",38.065620422363281,-121.26003265380859,"SAN JOAQUIN",UNINCORPORATED,-121.259765625,38.065624237060547
92284168,2024,2024-01-10,9265,2024-01-02,2128,023185,,2,2,9,3900,0,2,4,,1,015,"ESCALON BELLOTA RD","BUERER RD",200.00,S,N,C,-,N,,,,,,,,,,N,2,0,2,1,A,-,01,23152,A,N,E,I,A,B,H,-,D,D,0,,,,,Y,Y,A,01,2,0,0,0,0,0,0,0,0,"- ","- ",37.823360443115234,-120.99758911132812,"SAN JOAQUIN",UNINCORPORATED,-120.99747467041016,37.823421478271484
92284930,2023,2024-01-11,9266,2023-12-31,"345 ",021936,,7,3,9,3900,0,1,1,,1,015,"I-5 S/B","STEWART ROAD",3195.00,S,N,B,-,Y,SJ,,5," ",R,13.268,H,,L,Y,2,0,2,1,A,-,01,23152,A,N,F,A,A,A,H,-,C,D,0,,,,,Y,Y,A,01,2,0,0,0,0,0,0,0,0,"- ","- ",37.773601531982422,-121.32347869873047,"SAN JOAQUIN",UNINCORPORATED,-121.32337188720703,37.773509979248047
92286017,2023,2024-01-12,9265,2023-11-08,1830,023098,,3,2,9,3900,0,1,3,,2,004,"STATE ROUTE 99 SOUTHBOUND","CHEROKEE ROAD",2534.00,N,N,A,-,Y,SJ,,99," "," ",21.354,H,,L,Y,1,1,0,1,A,-,01,23152,G,N,E,8,A,A,H,-,D,D,0,,,,,Y,Y,A,07,0,0,0,0,0,0,0,0,0,"- ","- ",37.998649597167969,-121.25553894042969,"SAN JOAQUIN",UNINCORPORATED,-121.25543975830078,37.998676300048828
92286954,2023,2024-01-15,9265,2023-10-16,2340,022476,,1,3,9,3900,0,2,4,,1,031,"FRENCH CAMP RD","HARLAN RD",10.00,W,N,A,-,N,,,,,,,,,,N,2,0,1,1,A,-,08,22107,,N,E,I,A,A,H,-,D,A,0,,,,,Y,,A,01,1,0,0,0,0,0,0,0,0,"- ","- ",37.888469696044922,-121.27474975585938,"SAN JOAQUIN",UNINCORPORATED,-121.2747802734375,37.888442993164062
92293871,2023,2024-01-22,9265,2023-12-19,1145,022365,,2,1,9,3900,0,1,3,,2,004,"STATE ROUTE 99 SOUTHBOUND","WILSON WAY",122.00,S,N,C,-,Y,SJ,,99," "," ",21.642,H,,L,Y,1,1,0,1,A,-,08,22107,,N,F,A,A,B,H,-,A,A,0,,,,,Y,,A,07,0,0,0,0,0,0,0,0,0,"- ","- ",38.002719879150391,-121.25720977783203,"SAN JOAQUIN",UNINCORPORATED,-121.25727081298828,38.002693176269531
92295787,2024,2024-01-24,9265,2024-01-10,1513,015629,,3,2,9,3900,0,2,4,,1,093,"LIBERTY ROAD","LOWER SACRAMENTO ROAD",0.00,,Y,A,-,N,,,,,,,,,,Y,2,0,2,3,A,-,12,22450,A,N,D,C,A,B,H,-,A,A,0,,,,,Y,,A,01,1,1,0,0,0,0,0,0,0,"- ","- ",38.23358154296875,-121.29100036621094,"SAN JOAQUIN",UNINCORPORATED,-121.29105377197266,38.233501434326172
92296292,2023,2024-01-24,9265,2023-12-20,"555 ",018694,,3,3,9,3900,0,1,3,,2,003,"SR-99 N/B","ARCH ROAD",7392.00,S,N,B,-,Y,SJ,,99," "," ",13.157,H,,R,Y,1,1,0,4,A,-,03,22350,,N,C,2,A,B,H,-,D,A,0,,,,Y,Y,,A,01,0,0,0,0,0,0,0,0,0,"- ","- ",37.884048461914062,-121.22023773193359,"SAN JOAQUIN",UNINCORPORATED,-121.22013854980469,37.884052276611328
92303118,2024,2024-02-01,9265,2024-01-20,1220,021519,,6,1,9,3900,0,2,4,,1,091,"LOWER SACRAMENTO RD S/B TO NORTH EXTENSION RD","EAST HARNEY LANE",1645.00,S,N,B,-,N,,,,,,,,,,Y,2,0,1,1,A,-,03,22350,,N,F,A,A,A,H,-,A,C,0,,,Y,,Y,,C,02,1,0,0,0,0,0,0,0,1,"- ","- ",38.097610473632812,-121.30977630615234,"SAN JOAQUIN",UNINCORPORATED,-121.30638885498047,38.101081848144531
92303872,2024,2024-04-16,9265,2024-01-23,2215,023185,,2,3,9,3900,0,3,5,,2,060,"RIVER RD","MCBRIDE RD",509.00,W,N,B,-,N,,,,,,,,,,N,2,0,2,1,A,-,08,22107,,N,E,I,A,A,H,-,D,D,0,,,,,Y,,A,01,2,0,0,0,0,0,0,0,0,"- ","- ",37.769298553466797,-120.93321990966797,"SAN JOAQUIN",UNINCORPORATED,-120.93311309814453,37.769222259521484
92304005,2024,2024-02-02,9265,2024-01-23,"821 ",021519,,2,1,9,3900,0,3,5,,2,060,"EAST JAHANT RD","GRIFFITH GATE LANE",0.00,,Y,B,E,N,,,,,,,,,,Y,2,0,2,2,A,-,09,21802,A,N,D,C,A,B,H,-,A,A,0,,,,,Y,,D,22,1,0,1,0,0,0,0,0,0,"- ","- ",38.204151153564453,-121.20166778564453,"SAN JOAQUIN",UNINCORPORATED,-121.20162963867188,38.204135894775391
92304262,2023,2024-02-02,9265,2023-09-04,"335 ",022072,,1,3,9,3900,0,1,1,,2,502,"INTERSTATE 5 SOUTHBOUND FROM EL DORADO STREET","EL DORADO ST",1056.00,S,N,A,-,Y,,,,,,,,,,N,1,1,0,2,A,-,03,22350,,F,H,G,A,A,H,-,D,D,0,,Y,,,Y,,A,01,0,0,0,0,0,1,0,0,0,"- ","- ",37.871791839599609,-121.27890014648438,"SAN JOAQUIN",UNINCORPORATED,-121.27890014648438,37.871791839599609
92308758,2024,2024-02-08,9265,2024-01-25,2330,022499,,4,3,9,3900,0,1,1,,2,502,"I-5 N/B","MATHEWS ROAD",2060.00,S,N,A,-,Y,SJ,,5," ",R,21.013,H,,R,Y,2,0,1,1,A,-,08,22107,,N,E,I,A,A,H,-,D,D,0,,,,,Y,,A,01,1,0,0,0,0,0,0,0,0,"- ","- ",37.875850677490234,-121.27790832519531,"SAN JOAQUIN",UNINCORPORATED,-121.27782440185547,37.8758544921875
92308876,2024,2024-02-08,9265,2024-01-29,1552,021519,,1,2,6,3905,0,1,3,,1,042,"SR-4 E/B","FILBERT ST",385.00,E,N,A,-,Y,SJ,,4," ",R,18.853,H,,R,Y,2,0,3,3,A,-,01,23152,A,N,C,C,A,A,H,-,A,D,0,,,,Y,Y,Y,F,26,1,1,1,0,0,0,0,0,0,"- ","- ",37.959911346435547,-121.25218200683594,"SAN JOAQUIN",STOCKTON,-121.25221252441406,37.959987640380859
92309608,2024,2024-02-08,9265,2024-01-28,1327,022407,,7,1,9,3900,0,1,3,,1,011,SR-120,"FRENCH CAMP RD",0.00,,Y,A,-,N,,,,,,,,,,N,2,0,2,2,A,-,09,21801,A,N,D,C,A,A,H,-,A,A,0,,,,,Y,,A,01,1,0,1,0,0,0,0,0,0,"- ","- ",37.798168182373047,-121.0926513671875,"SAN JOAQUIN",UNINCORPORATED,-121.09249877929688,37.798084259033203
92314850,2024,2024-02-15,9265,2024-02-05,2125,023195,,1,2,9,3900,0,1,3,,2,004,"SR-99 S/B","MORADA LN",2702.00,N,N,B,-,Y,SJ,,99," "," ",24.546,H,,L,Y,2,0,1,3,A,-,01,23152,A,N,B,C,A,A,H,-,C,D,0,,,,Y,Y,Y,A,01,1,0,0,0,0,0,0,0,0,"- ","- ",38.044731140136719,-121.25872802734375,"SAN JOAQUIN",UNINCORPORATED,-121.25869750976562,38.044731140136719
92315199,2024,2024-02-15,9265,2024-02-04,1339,021519,,7,1,6,3905,0,1,3,,1,042,"SR-4 E/B","E ST",1100.00,W,N,C,-,Y,SJ,,4," ",R,18.303,H,,R,Y,2,0,2,1,A,-,08,22107,,N,E,I,A,B,H,-,A,D,0,,,,,Y,,A,07,2,0,0,0,0,0,0,0,0,"- ","- ",37.957378387451172,-121.26177215576172,"SAN JOAQUIN",STOCKTON,-121.2618408203125,37.957485198974609
9231585,2021,2021-03-26,3903,2021-01-07,0440,3764,,4,5,4,3903,0,0,0,,0,,"EAST YOSEMITE AV","COMMERCE AV",290.00,W,N,E,-,N,,,,,,,,,,N,2,0,1,2,A,-,11,21954,A,N,D,B,D,A,H,-,-,A,0,Y,,,,Y,,N,60,1,0,0,0,1,0,0,0,0,"- ","- ",37.797451019287109,-121.19654083251953,"SAN JOAQUIN",MANTECA,-121.19473266601562,37.797470092773438
92318584,2024,2024-02-20,9265,2024-02-10,1814,022499,,6,2,9,3900,0,3,5,,2,010,"E. SOUTHLAND RD","SOUTHLAND CT.",209.00,W,N,A,-,N,,,,,,,,,,Y,2,0,1,2,A,-,01,23152,A,N,D,2,A,A,H,-,B,D,0,,,,,Y,Y,A,01,1,0,0,0,0,0,0,0,0,"- ","- ",37.819278717041016,-121.18968200683594,"SAN JOAQUIN",UNINCORPORATED,-121.18962097167969,37.819267272949219
92320251,2024,2024-02-22,9265,2024-02-13,1454,021519,,2,2,9,3900,0,2,4,,1,051,"EAST MAIN ST, 5600 BLOCK","FLOWER ST",64.00,E,N,A,-,N,,,,,,,,,,Y,2,0,3,2,A,-,09,21801,A,N,D,C,A,A,H,-,A,D,0,,,,,Y,,D,22,1,2,0,0,0,0,0,0,0,"- ","- ",37.958881378173828,-121.21642303466797,"SAN JOAQUIN",UNINCORPORATED,-121.21646118164062,37.958858489990234
92321996,2024,2024-02-23,9265,2024-02-12,"710 ",021781,,1,1,9,3900,0,1,3,,2,001,"SR-99 S/B","AUSTIN ROAD",1056.00,N,N,A,-,Y,,,,,,,,,,N,2,0,1,2,A,-,03,22350,,M,C,C,A,A,H,-,A,D,0,,,,,Y,,A,01,1,0,0,0,0,0,0,0,0,"- ","- ",37.77886962890625,-121.18578338623047,"SAN JOAQUIN",UNINCORPORATED,-121.18572998046875,37.778926849365234