CASE_ID,ACCIDENT_YEAR,PROC_DATE,JURIS,COLLISION_DATE,COLLISION_TIME,OFFICER_ID,REPORTING_DISTRICT,DAY_OF_WEEK,CHP_SHIFT,POPULATION,CNTY_CITY_LOC,SPECIAL_COND,BEAT_TYPE,CHP_BEAT_TYPE,CITY_DIVISION_LAPD,CHP_BEAT_CLASS,BEAT_NUMBER,PRIMARY_RD,SECONDARY_RD,DISTANCE,DIRECTION,INTERSECTION,WEATHER_1,WEATHER_2,STATE_HWY_IND,CALTRANS_COUNTY,CALTRANS_DISTRICT,STATE_ROUTE,ROUTE_SUFFIX,POSTMILE_PREFIX,POSTMILE,LOCATION_TYPE,RAMP_INTERSECTION,SIDE_OF_HWY,TOW_AWAY,COLLISION_SEVERITY,NUMBER_KILLED,NUMBER_INJURED,PARTY_COUNT,PRIMARY_COLL_FACTOR,PCF_CODE_OF_VIOL,PCF_VIOL_CATEGORY,PCF_VIOLATION,PCF_VIOL_SUBSECTION,HIT_AND_RUN,TYPE_OF_COLLISION,MVIW,PED_ACTION,ROAD_SURFACE,ROAD_COND_1,ROAD_COND_2,LIGHTING,CONTROL_DEVICE,CHP_ROAD_TYPE,PEDESTRIAN_ACCIDENT,BICYCLE_ACCIDENT,MOTORCYCLE_ACCIDENT,TRUCK_ACCIDENT,NOT_PRIVATE_PROPERTY,ALCOHOL_INVOLVED,STWD_VEHTYPE_AT_FAULT,CHP_VEHTYPE_AT_FAULT,COUNT_SEVERE_INJ,COUNT_VISIBLE_INJ,COUNT_COMPLAINT_PAIN,COUNT_PED_KILLED,COUNT_PED_INJURED,COUNT_BICYCLIST_KILLED,COUNT_BICYCLIST_INJURED,COUNT_MC_KILLED,COUNT_MC_INJURED,PRIMARY_RAMP,SECONDARY_RAMP,LATITUDE,LONGITUDE,COUNTY,CITY,POINT_X,POINT_Y
92322983,2024,2024-02-26,9265,2024-01-05,"707 ",015629,,5,1,9,3900,0,1,3,,2,004,"STATE ROUTE 99 NORTHBOUND","HAMMER LANE",2640.00,N,N,A,-,Y,SJ,,99," "," ",23.328,H,,R,Y,1,1,2,3,A,-,08,22107,,N,B,4,E,A,H,-,A,D,0,Y,,,,Y,,A,01,0,2,0,1,0,0,0,0,0,"- ","- ",38.027069091796875,-121.25811004638672,"SAN JOAQUIN",UNINCORPORATED,-121.25817108154297,38.027069091796875
92323136,2024,2024-02-26,9265,2024-02-15,1250,016510,,4,1,9,3900,0,3,5,,2,090,"DEVRIES RD","PELTIER RD",0.00,,Y,A,-,N,,,,,,,,,,N,2,0,2,2,A,-,09,21802,A,N,D,C,A,A,H,-,A,A,0,,,,,Y,,A,01,1,1,0,0,0,0,0,0,0,"- ","- ",38.189258575439453,-121.35398864746094,"SAN JOAQUIN",UNINCORPORATED,-121.35398101806641,38.189266204833984
92327916,2024,2024-03-01,9265,2024-02-28,"815 ",019182,,3,1,9,3900,0,1,1,,2,503,"I-5 S/B","PERSHING AVE",250.00,N,N,A,-,Y,SJ,,5," "," ",27.007,H,,L,Y,2,0,1,2,A,-,08,22107,,N,B,C,A,A,H,-,A,D,0,,,Y,,Y,,D,22,1,0,0,0,0,0,0,0,1,"- ","- ",37.954990386962891,-121.31314849853516,"SAN JOAQUIN",UNINCORPORATED,-121.31313323974609,37.955024719238281
92329178,2023,2024-03-04,9265,2023-10-29,1850,023223,,7,2,6,3905,0,1,3,,1,042,"STATE ROUTE 4 WESTBOUND TO INTERSTATE 5 NORTHBOUND","SR-4 W/B",300.00,N,N,A,-,Y,,,,,,,,,,Y,1,2,0,1,A,-,01,23152,A,N,E,I,A,A,H,-,D,D,0,,,,,Y,Y,A,01,0,0,0,0,0,0,0,0,0,"- ","- ",37.949489593505859,-121.30020141601562,"SAN JOAQUIN",STOCKTON,-121.30020141601562,37.949489593505859
92330026,2023,2024-04-23,9266,2023-11-11,"345 ",021936,,6,3,5,3906,0,1,1,,2,014,"I-205 E/B","GRANT LINE ROAD",470.00,W,N,B,-,Y,SJ,,205," ",R,5.252,H,,R,Y,1,1,1,3,A,-,00,21960,A,N,G,B,E,A,H,-,D,D,0,Y,,,Y,Y,,N,60,0,0,1,1,0,0,0,0,0,"- ","- ",37.753379821777344,-121.46449279785156,"SAN JOAQUIN",TRACY,-121.46449279785156,37.753387451171875
92332129,2024,2024-03-07,9265,2024-02-25,"10  ",022366,,7,3,2,3920,0,1,3,,2,025,"SR-120 EB TO YOSEMITE AVENUE","YOSEMITE AVENUE",528.00,W,N,A,-,Y,SJ,,120," ",R,1.194,H,,R,Y,2,0,3,1,A,-,08,22107,,N,E,I,A,A,H,-,C,D,0,,,,,Y,,A,07,1,1,1,0,0,0,0,0,0,"- ","- ",37.789688110351562,-121.28986358642578,"SAN JOAQUIN",LATHROP,-121.28983306884766,37.789779663085938
92332753,2023,2024-03-07,9266,2023-11-03,1725,022029,,5,2,9,3900,0,1,3,,1,011,SR-4,"MIDDLE RIVER",2746.00,W,N,A,-,Y,SJ,,4," "," ",3.911,H,,R,Y,1,1,1,3,A,-,01,23152,F,N,A,C,A,A,H,-,A,D,0,,,,Y,Y,,A,01,0,0,1,0,0,0,0,0,0,"- ","- ",37.891319274902344,-121.49932861328125,"SAN JOAQUIN",UNINCORPORATED,-121.49932861328125,37.891326904296875
92332758,2023,2024-03-07,9266,2023-12-23,1200,021774,,6,1,9,3900,0,3,5,,2,001,"PARADISE ROAD","I-205 W/B",77.00,N,N,A,-,N,,,,,,,,,,N,1,1,0,2,A,-,08,22107,,F,G,B,E,A,H,-,A,D,0,Y,,,,Y,,D,22,0,0,0,1,0,0,0,0,0,"- ","- ",37.765251159667969,-121.38780975341797,"SAN JOAQUIN",UNINCORPORATED,-121.38775634765625,37.765491485595703
92336103,2024,2024-03-12,9265,2024-03-02,2330,023195,,6,3,9,3900,0,1,3,,1,013,"STATE ROUTE 4","HEWITT RD",335.00,W,N,B,C,Y,SJ,,4," "," ",30.937,H,,R,N,2,0,4,1,A,-,08,22107,,N,E,I,A,B,H,-,D,D,0,,,,,Y,Y,A,01,2,2,0,0,0,0,0,0,0,"- ","- ",37.930660247802734,-121.039306640625,"SAN JOAQUIN",UNINCORPORATED,-121.03927612304688,37.930694580078125
92336468,2024,2024-03-12,9265,2024-01-16,1555,021781,,2,2,9,3900,0,1,3,,1,011,"STATE ROUTE 120","BEELER ROAD",200.00,E,N,C,-,Y,SJ,,120," "," ",15.510,H,,R,N,1,1,0,1,A,-,01,23152,A,N,E,I,A,B,H,-,A,D,0,,,,,Y,Y,A,01,0,0,0,0,0,0,0,0,0,"- ","- ",37.798610687255859,-121.02144622802734,"SAN JOAQUIN",UNINCORPORATED,-121.02145385742188,37.798580169677734
92344305,2024,2024-03-21,9265,2024-03-10,1730,023096,,7,2,9,3900,0,1,3,,1,062,SR-88,"DISCH ROAD",2059.00,W,N,B,-,Y,SJ,,88," "," ",15.878,H,,R,Y,2,0,4,2,A,-,01,23152,G,N,A,C,A,A,H,-,B,D,0,,,,,Y,Y,D,22,3,1,0,0,0,0,0,0,0,"- ","- ",38.175731658935547,-121.12143707275391,"SAN JOAQUIN",UNINCORPORATED,-121.12148284912109,38.175792694091797
92345885,2024,2024-03-25,9265,2024-02-15,"445 ",022366,,4,3,9,3900,0,1,1,,2,502,"I-5 SOUTHBOUND","ROTH ROAD",3696.00,N,N,B,-,Y,SJ,,5," ",R,20.363,H,,L,Y,2,0,3,2,A,-,08,22107,,N,E,8,A,A,H,-,D,D,0,,,,,Y,,A,01,1,1,1,0,0,0,0,0,0,"- ","- ",37.866340637207031,-121.27919769287109,"SAN JOAQUIN",UNINCORPORATED,-121.27922058105469,37.866344451904297
92351634,2023,2024-04-01,9265,2023-12-25,"147 ",020071,,1,3,9,3900,0,3,5,,2,090,"PELTIER RD","ROND RD",3146.00,W,N,A,-,N,,,,,,,,,,Y,1,1,0,1,A,-,08,22107,,N,E,I,A,A,H,-,D,D,0,,,,,Y,,D,22,0,0,0,0,0,0,0,0,0,"- ","- ",38.189491271972656,-121.41947174072266,"SAN JOAQUIN",UNINCORPORATED,-121.41940307617188,38.189521789550781
92354022,2023,2024-04-03,9265,2023-10-21,"614 ",021364,,6,1,6,3905,0,1,1,,2,503,"I-5 S/B","BUENA VISTA AVE",587.00,N,N,A,-,Y,SJ,,5," "," ",27.404,H,,L,N,1,1,0,2,A,-,11,21954,A,N,G,B,D,A,H,-,D,D,0,Y,,,Y,Y,,N,60,0,0,0,1,0,0,0,0,0,"- ","- ",37.955890655517578,-121.32005310058594,"SAN JOAQUIN",STOCKTON,-121.32004547119141,37.9559326171875
92354655,2023,2024-04-03,9265,2023-12-11,"14  ",023202,,1,3,9,3900,0,3,5,,2,020,"INDUSTRIAL PARK DR","VAN RYN AVE",0.00,,Y,A,-,N,,,,,,,,,,Y,1,2,0,1,A,-,01,23152,G,N,E,8,A,A,H,-,C,A,0,,,,,Y,Y,A,07,0,0,0,0,0,0,0,0,0,"- ","- ",37.785251617431641,-121.20108032226562,"SAN JOAQUIN",UNINCORPORATED,-121.20117950439453,37.785160064697266
92354949,2024,2024-04-03,9265,2024-03-23,"10  ",022366,,6,3,2,3920,0,1,1,,2,503,"I-5 SOUTHBOUND","LATHROP ROAD",528.00,S,N,C,-,Y,SJ,,5," ",R,17.486,H,,L,Y,2,0,2,1,A,-,01,23152,A,M,E,I,A,B,H,-,D,D,0,,,,,Y,Y,A,01,2,0,0,0,0,0,0,0,0,"- ","- ",37.825748443603516,-121.29057312011719,"SAN JOAQUIN",LATHROP,-121.29048156738281,37.825729370117188
92357491,2024,2024-04-05,9265,2024-03-09,1305,016510,,6,1,6,3905,0,1,1,,2,504,"I-5 S/B","EIGHT MILE RD",1795.00,S,N,A,-,Y,SJ,,5," "," ",34.955,H,,L,N,2,0,3,2,A,-,08,22107,,N,C,2,A,A,H,-,A,D,0,,,,Y,Y,,A,07,1,1,1,0,0,0,0,0,0,"- ","- ",38.052810668945312,-121.37126159667969,"SAN JOAQUIN",STOCKTON,-121.37123107910156,38.052818298339844
92357580,2024,2024-04-05,9265,2024-03-19,1727,022365,,2,2,9,3900,0,3,5,,2,050,"WILSON WAY","MCALLEN AVE",11.00,N,N,A,-,N,,,,,,,,,,Y,2,0,1,1,A,-,08,22107,,N,E,I,A,A,H,-,A,A,0,,,,,Y,,A,08,1,0,0,0,0,0,0,0,0,"- ","- ",38.000289916992188,-121.26007080078125,"SAN JOAQUIN",UNINCORPORATED,-121.26024627685547,38.000354766845703
92360343,2024,2024-04-10,9265,2024-03-21,2211,022072,,4,3,9,3900,0,1,3,,1,062,"SR-88 E/B","EIGHT MILE ROAD",3168.00,E,N,A,-,Y,SJ,,88," "," ",7.118,H,,R,Y,2,0,1,1,A,-,01,23152,A,N,E,8,A,A,H,-,D,D,0,,,,,Y,Y,A,01,1,0,0,0,0,0,0,0,0,"- ","- ",38.066749572753906,-121.18897247314453,"SAN JOAQUIN",UNINCORPORATED,-121.18894958496094,38.066745758056641
92363409,2024,2024-04-12,9266,2024-03-21,2312,021822,,4,3,9,3900,0,2,4,,2,020,"KASSON ROAD","HOMESTEAD ROAD",330.00,W,N,A,-,N,,,,,,,,,,Y,2,0,3,1,A,-,08,22107,,N,E,I,A,A,H,-,D,D,0,,,,,Y,,A,01,1,1,1,0,0,0,0,0,0,"- ","- ",37.716880798339844,-121.31566619873047,"SAN JOAQUIN",UNINCORPORATED,-121.31575012207031,37.716838836669922
92364693,2024,2024-04-15,9265,2024-04-02,1610,022356,,2,2,5,3902,0,1,3,,2,006,"SR-99 N/B","KETTLEMAN LN",480.00,N,N,A,-,Y,SJ,,99," "," ",29.603,H,,R,N,2,0,2,2,C,-,18,,,N,F,0,E,A,H,-,A,D,0,Y,,,,Y,,-,"- ",1,1,0,0,1,0,0,0,0,"- ","- ",38.117748260498047,-121.25737762451172,"SAN JOAQUIN",LODI,-121.2574462890625,38.117755889892578
92376374,2024,2024-04-26,9265,2024-03-07,1440,022887,,4,2,9,3900,0,3,5,,2,040,"SOUTH ROBERTS ROAD","ROLERSON ROAD",315.00,N,N,A,-,N,,,,,,,,,,Y,1,2,2,2,A,-,05,21460,A,N,A,C,A,A,H,-,A,A,0,,,,,Y,,A,07,1,0,1,0,0,0,0,0,0,"- ","- ",37.907081604003906,-121.33255004882812,"SAN JOAQUIN",UNINCORPORATED,-121.33295440673828,37.90655517578125
92378309,2024,2024-04-30,9265,2024-03-24,"104 ",022499,,7,3,6,3905,0,1,3,,1,042,"SR-4 W/B","AIRPORT WAY UNDERCROSSING",273.00,W,N,C,-,Y,SJ,,4," ",R,17.518,H,,L,Y,1,1,0,2,A,-,17,21200,,N,H,G,A,B,H,-,C,D,0,,Y,,,Y,,L,04,0,0,0,0,0,1,0,0,0,"- ","- ",37.952831268310547,-121.27458190917969,"SAN JOAQUIN",STOCKTON,-121.27458953857422,37.952873229980469
92380431,2024,2024-05-02,9265,2024-04-20,1225,019182,,6,1,6,3905,0,1,1,,2,503,"I-5 N/B","MARCH LN",1056.00,S,N,A,-,Y,SJ,,5," "," ",29.718,H,,R,Y,2,0,2,1,A,-,01,23152,A,N,E,I,A,A,H,-,A,D,0,,,,,Y,Y,A,01,1,1,0,0,0,0,0,0,0,"- ","- ",37.980739593505859,-121.34159851074219,"SAN JOAQUIN",STOCKTON,-121.34172058105469,37.980709075927734
92382809,2024,2024-06-17,9266,2024-04-24,2050,021936,,3,2,9,3900,0,3,5,,2,001,"BETHANY ROAD","REEVE ROAD",541.00,W,N,B,-,N,,,,,,,,,,N,2,0,1,2,A,-,11,21954,A,N,G,B,E,A,H,-,D,D,0,Y,,,,Y,,N,60,1,0,0,0,1,0,0,0,0,"- ","- ",37.780498504638672,-121.50151062011719,"SAN JOAQUIN",UNINCORPORATED,-121.50148010253906,37.780483245849609
92384607,2023,2024-05-08,9265,2023-04-06,2300,022123,,4,3,6,3905,0,1,3,,1,042,"STATE ROUTE 4 WESTBOUND","CENTER STREET",22.00,W,N,B,-,Y,SJ,,4," ",R,16.620,H,,L,Y,1,1,1,2,A,-,01,23152,A,F,G,1,F,A,D,-,C,D,0,Y,,,,Y,Y,A,01,0,1,0,1,0,0,0,0,0,"- ","- ",37.950199127197266,-121.29070281982422,"SAN JOAQUIN",STOCKTON,-121.29067993164062,37.950115203857422
92385990,2024,2024-05-09,9265,2024-04-28,1204,022365,,7,1,9,3900,0,1,3,,2,004,"SR-99 N/B","WATERLOO ROAD",1137.00,N,N,A,-,Y,SJ,,99," "," ",20.565,H,,R,Y,2,0,1,1,A,-,08,22107,,N,F,A,A,A,H,-,A,D,0,,,,,Y,,A,07,1,0,0,0,0,0,0,0,0,"- ","- ",37.987949371337891,-121.25084686279297,"SAN JOAQUIN",UNINCORPORATED,-121.25096893310547,37.987918853759766
92386141,2024,2024-05-09,9265,2024-04-16,1527,021364,,2,2,9,3900,0,1,3,,1,011,SR-120,"SEXTON RD",0.00,,Y,A,-,Y,SJ,,120," "," ",14.829,H,,R,Y,2,0,1,2,A,-,09,21802,A,N,D,C,A,A,H,-,A,A,0,,,Y,,Y,,C,06,1,0,0,0,0,0,0,0,1,"- ","- ",37.798679351806641,-121.03379821777344,"SAN JOAQUIN",UNINCORPORATED,-121.03379821777344,37.798587799072266
92386631,2024,2024-05-16,9265,2024-04-16,2115,023195,,2,2,9,3900,0,3,5,,2,070,"HAMMER LN","SR-99 W FRONTAGE RD",0.00,,Y,A,-,N,,,,,,,,,,N,2,0,2,2,A,-,09,21453,C,N,D,C,A,A,H,-,C,A,0,,,,,Y,,A,01,1,1,0,0,0,0,0,0,0,"- ","- ",38.021080017089844,-121.25982666015625,"SAN JOAQUIN",UNINCORPORATED,-121.25640869140625,38.021221160888672
92394498,2024,2024-05-21,9265,2024-05-03,1435,021781,,5,2,9,3900,0,3,5,,2,030,"SOUTH MCKINLEY AVE","INDUSTRIAL DR",451.00,N,N,A,-,N,,,,,,,,,,N,2,0,1,2,C,-,18,,,N,B,C,A,A,H,-,A,D,0,,,,,Y,,-,"- ",1,0,0,0,0,0,0,0,0,"- ","- ",37.908008575439453,-121.27433776855469,"SAN JOAQUIN",UNINCORPORATED,-121.27435302734375,37.908100128173828
92395563,2024,2024-05-21,9265,2024-05-08,2010,022887,,3,2,9,3900,0,1,3,,2,025,"SR-120 W/B","AIRPORT WAY",2044.00,E,N,A,-,Y,SJ,,120," ",R,3.712,H,,L,Y,2,0,1,2,A,-,03,22350,,N,C,C,A,A,H,-,B,A,0,,,,,Y,,A,01,1,0,0,0,0,0,0,0,0,"- ","- ",37.783390045166016,-121.24506378173828,"SAN JOAQUIN",UNINCORPORATED,-121.24506378173828,37.783439636230469
9239693,2021,2021-04-13,3903,2021-01-04,1924,5535,,1,5,4,3903,0,0,0,,0,,"SOUTH UNION RD","RT 120",0.00,,Y,B,-,N,,,,,,,,,,Y,2,0,2,1,A,-,03,22350,,N,A,I,A,B,H,-,C,A,0,,,,,Y,,-,,1,1,0,0,0,0,0,0,0,"- ","- ",,,"SAN JOAQUIN",MANTECA,-121.23423767089844,37.783134460449219
92397319,2024,2024-05-23,9265,2024-05-05,"150 ",022887,,7,3,9,3900,0,3,5,,2,010,"MARIPOSA ROAD","BRENNAN ROAD",356.00,E,N,A,-,N,,,,,,,,,,Y,2,0,1,1,A,-,01,23152,A,N,E,I,A,A,H,-,D,D,0,,,,,Y,Y,A,01,1,0,0,0,0,0,0,0,0,"- ","- ",37.843620300292969,-121.01570129394531,"SAN JOAQUIN",UNINCORPORATED,-121.01545715332031,37.843425750732422
92398447,2024,2024-05-24,9265,2024-05-07,"645 ",023096,,2,1,9,3900,0,3,5,,2,060,"FAIRCHILD RD","ALPINE RD",792.00,E,N,A,-,N,,,,,,,,,,Y,2,0,1,2,A,-,03,22350,,N,C,C,A,A,H,-,B,D,0,,,Y,,Y,,C,02,1,0,0,0,0,0,0,0,1,"- ","- ",38.007308959960938,-121.20642852783203,"SAN JOAQUIN",UNINCORPORATED,-121.20124816894531,38.008716583251953
92399684,2024,2024-05-28,9265,2024-05-12,1830,023612,,7,2,9,3900,0,1,3,,2,025,"SR-120 E/B","MAIN ST",1584.00,W,N,A,-,Y,SJ,,120," ",R,4.863,H,,R,Y,2,0,6,2,A,-,03,22350,,N,C,C,A,A,H,-,A,D,0,,,,,Y,,D,22,1,1,4,0,0,0,0,0,0,"- ","- ",37.783161163330078,-121.22402954101562,"SAN JOAQUIN",UNINCORPORATED,-121.22402954101562,37.783176422119141
9240111,2021,2021-04-23,3902,2021-03-04,0213,BF77,,4,5,5,3902,0,0,0,,0,,"RT 12","SOUTH HUTCHINS ST",31.00,W,N,A,-,Y,SJ,10,12,-,-,16.920,H,-,E,Y,2,0,1,2,A,-,01,23152,A,N,C,C,A,-,H,-,C,A,0,,,,,Y,Y,A,01,1,0,0,0,0,0,0,0,0,"- ","- ",,,"SAN JOAQUIN",LODI,-121.27919769287109,38.115375518798828
92401558,2024,2024-05-29,9265,2024-05-12,1404,021519,,7,2,9,3900,0,3,5,,2,010,"JACK TONE RD","COPPEROPOLIS RD",2200.00,N,N,A,-,N,,,,,,,,,,Y,2,0,2,2,A,-,03,22350,,N,C,C,A,A,H,-,A,D,0,,,,,Y,,A,01,2,0,0,0,0,0,0,0,0,"- ","- ",37.976570129394531,-121.14882659912109,"SAN JOAQUIN",UNINCORPORATED,-121.14868927001953,37.970458984375
92403562,2024,2024-08-14,9265,2024-04-27,2342,020071,,6,3,3,3904,0,1,3,,2,001,"SR-99 S/B","FULTON AVE",215.00,S,N,A,-,Y,SJ,,99," "," ",1.663,H,,L,Y,2,0,3,2,A,-,08,22107,,F,C,C,A,A,H,-,D,D,0,,,,,Y,,A,01,1,0,2,0,0,0,0,0,0,"- ","- ",37.746170043945312,-121.13271331787109,"SAN JOAQUIN",RIPON,-121.13271331787109,37.746162414550781
92404276,2023,2024-06-03,9265,2023-11-21,1745,021830,,2,2,6,3905,0,1,3,,2,003,"STATE ROUTE 99 NORTHBOUND","MYRTLE ST OVER-CROSSING",898.00,N,N,A,-,Y,SJ,,99," "," ",19.061,H,,R,N,1,1,0,2,A,-,03,22350,,N,C,C,A,A,H,-,C,D,0,,,,,Y,,D,22,0,0,0,0,0,0,0,0,0,"- ","- ",37.966888427734375,-121.24437713623047,"SAN JOAQUIN",STOCKTON,-121.24431610107422,37.966911315917969
9240462,2021,2021-04-16,3905,2021-03-21,1856,2466,SEA,7,5,6,3905,0,0,0,,0,,"EL DORADO ST","CLAYTON AV",0.00,,Y,A,-,N,,,,,,,,,,Y,2,0,7,2,A,-,12,21453,A,F,D,C,A,A,H,-,B,A,0,,,,,Y,,A,07,2,5,0,0,0,0,0,0,0,"- ","- ",37.910560607910156,-121.27745819091797,"SAN JOAQUIN",STOCKTON,-121.2757568359375,37.911151885986328
92406487,2024,2024-06-05,9265,2024-05-21,1226,017439,,2,1,9,3900,0,3,5,,2,020,"22611 AUSTIN RD.","PRUNE RD.",895.00,N,N,A,-,N,,,,,,,,,,N,2,0,1,1,A,-,08,22107,,N,F,A,A,A,H,-,A,D,0,,,Y,,Y,,C,02,1,0,0,0,0,0,0,0,1,"- ","- ",37.752891540527344,-121.17893981933594,"SAN JOAQUIN",UNINCORPORATED,-121.17887115478516,37.752918243408203
9240973,2021,2021-03-29,3905,2021-02-05,1656,2542,PAR,5,5,6,3905,0,0,0,,0,,"AIRPORT WY","INDUSTRIAL DR",0.00,,Y,A,-,,,,,,,,,,,Y,2,0,1,1,A,-,03,22350,,N,E,I,A,A,H,-,A,A,0,,,,,Y,,A,01,1,0,0,0,0,0,0,0,0,"- ","- ",37.910240173339844,-121.26017761230469,"SAN JOAQUIN",STOCKTON,-121.25856018066406,37.910980224609375
9241006,2021,2021-04-05,3905,2021-02-07,2058,2901,LAK,7,5,6,3905,0,0,0,,0,,"MARCH LN","EL DORADO ST",428.00,W,N,A,-,N,,,,,,,,,,Y,2,0,1,1,A,-,03,22350,,N,E,I,A,A,H,-,C,D,0,,,,,Y,,A,08,1,0,0,0,0,0,0,0,0,"- ","- ",37.996379852294922,-121.30506896972656,"SAN JOAQUIN",STOCKTON,-121.30690002441406,37.995456695556641
92411318,2024,2024-06-11,9265,2024-05-09,1700,023752,,4,2,6,3905,0,1,3,,2,003,"SR-99 N/B FROM ARCH RD ON-RAMP","ARCH RD",235.00,N,N,A,-,Y,SJ,,99," "," ",14.837,H,,R,Y,2,0,4,3,A,-,08,22107,,N,C,E,E,A,H,-,A,D,0,Y,,,,Y,,A,07,1,0,3,0,1,0,0,0,0,"- ","- ",37.908000946044922,-121.223876953125,"SAN JOAQUIN",STOCKTON,-121.22405242919922,37.907955169677734
92411929,2024,2024-06-11,9266,2024-05-25,1550,023624,,6,2,9,3900,0,1,3,,1,011,SR-4,"MIDDLE RIVER",5597.00,W,N,A,-,N,,,,,,,,,,Y,2,0,1,1,A,-,08,22107,,N,F,A,A,A,H,-,A,D,0,,,Y,,Y,,C,02,1,0,0,0,0,0,0,0,1,"- ","- ",37.890968322753906,-121.50910186767578,"SAN JOAQUIN",UNINCORPORATED,,
92412464,2024,2024-06-12,9265,2024-02-05,"450 ",023156,,1,3,9,3900,0,3,5,,2,030,"S EL DORADO ST","ARCH AIRPORT RD",2040.00,N,N,C,-,N,,,,,,,,,,N,1,1,1,2,A,-,17,21200,,N,H,G,A,B,H,-,D,D,0,,Y,,,Y,,L,04,0,0,1,0,0,1,0,0,0,"- ","- ",37.901020050048828,-121.27577972412109,"SAN JOAQUIN",UNINCORPORATED,-121.27576446533203,37.900951385498047
92413690,2023,2024-06-13,9265,2023-08-05,2350,022072,,6,3,6,3905,0,1,1,,2,504,"INTERSTATE 5 SOUTHBOUND (I-5 S/B)","BROOKSIDE ROAD",40.00,N,N,A,-,Y,SJ,,5," "," ",29.662,H,,L,Y,1,1,6,3,A,-,01,23152,A,F,C,C,A,A,H,-,D,D,0,,,,,Y,Y,A,01,0,6,0,0,0,0,0,0,0,"- ","- ",37.979778289794922,-121.34182739257812,"SAN JOAQUIN",STOCKTON,-121.34172821044922,37.979804992675781
92413990,2024,2024-06-26,9265,2024-05-28,1830,023156,,2,2,9,3900,0,1,3,,1,011,"SR-120 E/B","JACK TONE RD",181.00,W,N,A,-,Y,SJ,,120," "," ",8.799,H,,R,N,2,0,1,2,A,-,03,22350,,N,C,C,A,A,H,-,A,D,0,,,Y,,Y,,C,02,1,0,0,0,0,0,0,0,1,"- ","- ",37.797611236572266,-121.14395904541016,"SAN JOAQUIN",UNINCORPORATED,-121.14395904541016,37.797611236572266
92415064,2024,2024-06-14,9265,2024-03-02,1530,016382,,6,2,9,3900,0,1,1,,2,502,"I-5 N/B","ROTH ROAD",4105.00,N,N,B,-,Y,SJ,,5," ",R,20.329,H,,R,Y,1,1,1,1,A,-,01,23152,F,N,E,8,A,A,H,-,A,D,0,,,,,Y,,A,01,1,0,0,0,0,0,0,0,0,"- ","- ",37.866001129150391,-121.27892303466797,"SAN JOAQUIN",UNINCORPORATED,-121.27899932861328,37.866012573242188
92417475,2023,2024-06-18,9266,2023-11-30,2220,020279,,4,3,9,3900,0,1,1,,1,015,"I-205 W/B","EL RANCHO RD",1891.00,W,N,A,-,Y,SJ,,205," ",R,10.142,H,,L,Y,1,1,5,5,A,-,01,23153,F,F,C,C,E,A,H,-,D,D,0,Y,,,Y,Y,,A,01,2,0,3,1,1,0,0,0,0,"- ","- ",37.765090942382812,-121.37827301025391,"SAN JOAQUIN",UNINCORPORATED,-121.37827301025391,37.765068054199219
92422171,2024,2024-06-24,9265,2024-06-12,1513,016639,,3,2,9,3900,0,3,5,,2,020,"7751 S MANTHEY ROAD","MATHEWS RD",500.00,N,N,A,-,N,,,,,,,,,,N,2,0,1,2,C,-,18,,,N,C,E,A,A,H,-,A,D,0,,,,,Y,,-,"- ",1,0,0,0,0,0,0,0,0,"- ","- ",37.882919311523438,-121.28050231933594,"SAN JOAQUIN",UNINCORPORATED,-121.28018951416016,37.883567810058594
92422674,2024,2024-06-25,9265,2024-05-31,1825,022042,,5,2,9,3900,0,3,5,,2,010,"JACK TONE RD","COPPEROPOLIS RD",0.00,,Y,A,-,N,,,,,,,,,,Y,2,0,4,2,A,-,12,22450,A,N,D,C,A,A,H,-,A,A,0,,,,,Y,,D,22,1,3,0,0,0,0,0,0,0,"- ","- ",37.970470428466797,-121.14874267578125,"SAN JOAQUIN",UNINCORPORATED,-121.14868927001953,37.970458984375
92427700,2024,2024-07-01,9265,2024-02-25,2320,021830,,7,3,9,3900,0,1,3,,1,062,"SR-88 E/B","PICCOLI RD",30.00,W,N,A,-,Y,SJ,,88," "," ",0.219,H,,R,N,1,1,0,2,A,-,11,21954,A,N,G,B,E,A,H,-,C,D,0,Y,,,,Y,,N,60,0,0,0,1,0,0,0,0,0,"- ","- ",37.986598968505859,-121.24701690673828,"SAN JOAQUIN",UNINCORPORATED,-121.24699401855469,37.986576080322266