CASE_ID,ACCIDENT_YEAR,PROC_DATE,JURIS,COLLISION_DATE,COLLISION_TIME,OFFICER_ID,REPORTING_DISTRICT,DAY_OF_WEEK,CHP_SHIFT,POPULATION,CNTY_CITY_LOC,SPECIAL_COND,BEAT_TYPE,CHP_BEAT_TYPE,CITY_DIVISION_LAPD,CHP_BEAT_CLASS,BEAT_NUMBER,PRIMARY_RD,SECONDARY_RD,DISTANCE,DIRECTION,INTERSECTION,WEATHER_1,WEATHER_2,STATE_HWY_IND,CALTRANS_COUNTY,CALTRANS_DISTRICT,STATE_ROUTE,ROUTE_SUFFIX,POSTMILE_PREFIX,POSTMILE,LOCATION_TYPE,RAMP_INTERSECTION,SIDE_OF_HWY,TOW_AWAY,COLLISION_SEVERITY,NUMBER_KILLED,NUMBER_INJURED,PARTY_COUNT,PRIMARY_COLL_FACTOR,PCF_CODE_OF_VIOL,PCF_VIOL_CATEGORY,PCF_VIOLATION,PCF_VIOL_SUBSECTION,HIT_AND_RUN,TYPE_OF_COLLISION,MVIW,PED_ACTION,ROAD_SURFACE,ROAD_COND_1,ROAD_COND_2,LIGHTING,CONTROL_DEVICE,CHP_ROAD_TYPE,PEDESTRIAN_ACCIDENT,BICYCLE_ACCIDENT,MOTORCYCLE_ACCIDENT,TRUCK_ACCIDENT,NOT_PRIVATE_PROPERTY,ALCOHOL_INVOLVED,STWD_VEHTYPE_AT_FAULT,CHP_VEHTYPE_AT_FAULT,COUNT_SEVERE_INJ,COUNT_VISIBLE_INJ,COUNT_COMPLAINT_PAIN,COUNT_PED_KILLED,COUNT_PED_INJURED,COUNT_BICYCLIST_KILLED,COUNT_BICYCLIST_INJURED,COUNT_MC_KILLED,COUNT_MC_INJURED,PRIMARY_RAMP,SECONDARY_RAMP,LATITUDE,LONGITUDE,COUNTY,CITY,POINT_X,POINT_Y
92431552,2024,2024-07-05,9265,2024-06-20,1655,018850,,4,2,6,3905,0,1,3,,1,042,"SR-4 W/B","NAVY DRIVE",200.00,E,N,A,-,Y,SJ,,4," ",R,14.629,H,,L,Y,2,0,1,1,A,-,08,22107,,N,E,8,A,A,H,-,A,D,0,,,,,Y,,A,01,1,0,0,0,0,0,0,0,0,"- ","- ",37.93817138671875,-121.32283020019531,"SAN JOAQUIN",STOCKTON,-121.32271575927734,37.938137054443359
92432873,2024,2024-07-08,9265,2024-06-15,"459 ",022476,,6,3,6,3905,0,1,1,,2,504,"I-5 N/B","HAMMER LN",500.00,S,N,A,-,Y,SJ,,5," "," ",32.334,H,,R,Y,2,0,1,2,A,-,01,23152,A,F,C,C,A,A,D,-,C,A,0,,,,,Y,Y,D,22,1,0,0,0,0,0,0,0,0,"- ","- ",38.016761779785156,-121.35639953613281,"SAN JOAQUIN",STOCKTON,-121.35637664794922,38.016765594482422
92433242,2024,2024-07-08,9265,2024-06-06,1515,015629,,4,2,9,3900,0,1,3,,1,063,"STATE ROUTE 88","MOKELUMNE RIVER",500.00,S,N,A,-,Y,SJ,,88," "," ",19.644,H,,R,N,2,0,2,2,A,-,03,22350,,N,C,C,A,A,H,-,A,D,0,,,,,Y,,A,01,1,0,1,0,0,0,0,0,0,"- ","- ",38.204700469970703,-121.06813049316406,"SAN JOAQUIN",UNINCORPORATED,-121.06809997558594,38.204700469970703
92435191,2024,2024-07-10,9265,2024-06-24,2250,022366,,1,3,9,3900,0,2,4,,1,082,"COUNTRY CLUB BOULEVARD","BUENA VISTA AVENUE",4.00,W,N,A,-,N,,,,,,,,,,N,2,0,1,2,A,-,03,22350,,F,G,B,D,A,H,-,D,D,0,Y,,,,Y,,-,99,1,0,0,0,1,0,0,0,0,"- ","- ",37.967868804931641,-121.32154846191406,"SAN JOAQUIN",UNINCORPORATED,-121.32144165039062,37.967864990234375
92436566,2024,2024-07-11,9266,2024-04-11,1655,022752,,4,2,9,3900,0,2,4,,2,017,"INTERNATIONAL PARKWAY","I-580 W/B",342.00,N,N,A,-,N,,,,,,,,,,Y,1,1,0,3,A,-,09,21801,A,N,D,C,A,A,H,-,A,D,0,,,Y,Y,Y,,A,01,0,0,0,0,0,0,0,1,0,"- ","- ",37.720390319824219,-121.5341796875,"SAN JOAQUIN",UNINCORPORATED,-121.53424072265625,37.7203369140625
9243868,2021,2021-04-30,3906,2021-04-04,1313,903,,7,5,5,3906,0,0,0,,0,005,"11TH ST","CENTRAL AV",0.00,,Y,A,-,N,,,,,,,,,,Y,2,0,1,2,A,-,09,21453,C,N,D,C,A,A,H,-,A,-,0,,,Y,,Y,,C,02,1,0,0,0,0,0,0,0,1,"- ","- ",,,"SAN JOAQUIN",TRACY,-121.42600250244141,37.739700317382812
92441716,2024,2024-07-17,9265,2024-07-05,"710 ",018850,,5,1,9,3900,0,1,1,,2,503,"I-5 N/B","DOWNING AVE",1169.00,N,N,A,-,Y,SJ,,5," ",R,23.919,H,,R,Y,2,0,2,3,A,-,08,22107,,N,B,2,A,A,H,-,A,D,0,,,,,Y,,A,01,1,0,1,0,0,0,0,0,0,"- ","- ",37.916549682617188,-121.29065704345703,"SAN JOAQUIN",UNINCORPORATED,-121.29066467285156,37.916549682617188
92444580,2024,2024-07-22,9265,2024-06-03,1310,023261,,1,1,6,3905,0,1,1,,2,504,"I-5 S/B","HAMMER LN",5280.00,N,N,A,-,Y,SJ,,5," "," ",33.840,H,,L,Y,2,0,5,3,A,-,01,23152,A,N,C,C,A,A,H,-,A,D,0,,,,,Y,Y,A,08,1,4,0,0,0,0,0,0,0,"- ","- ",38.037128448486328,-121.36641693115234,"SAN JOAQUIN",STOCKTON,-121.36635589599609,38.037143707275391
9244857,2021,2021-04-05,3905,2021-01-15,2238,3033,CIV,5,5,6,3905,0,0,0,,0,,"AIRPORT WY","HARDING WY",0.00,,Y,A,-,N,,,,,,,,,,,2,0,1,2,A,-,12,21453,A,N,D,C,A,A,H,-,C,A,0,,,,,Y,,A,01,1,0,0,0,0,0,0,0,0,"- ","- ",37.970100402832031,-121.27799224853516,"SAN JOAQUIN",STOCKTON,-121.27820587158203,37.970180511474609
9247207,2021,2021-04-14,3905,2021-03-08,1641,2466,PAR,1,5,6,3905,0,0,0,,0,,"MAIN ST","BROADWAY AV",115.00,W,N,A,-,N,,,,,,,,,,N,2,0,1,2,A,-,07,21658,A,N,C,C,A,A,H,-,A,D,0,,,Y,,Y,,D,22,1,0,0,0,0,0,0,0,1,"- ","- ",37.953990936279297,-121.24104309082031,"SAN JOAQUIN",STOCKTON,-121.24148559570312,37.954322814941406
9251452,2021,2021-04-20,3905,2021-03-22,1859,2833,BEA,1,5,6,3905,0,0,0,,0,,"MARINERS DR","HAMMER LN",1500.00,N,N,A,-,N,,,,,,,,,,Y,2,0,1,2,A,-,05,21460,A,F,C,E,A,-,H,-,A,D,0,,,,,Y,,A,01,1,0,0,0,0,0,0,0,0,"- ","- ",38.021278381347656,-121.36190795898438,"SAN JOAQUIN",STOCKTON,-121.36136627197266,38.025375366210938
9256183,2021,2021-06-08,3905,2021-03-11,1823,2718,LAK,4,5,6,3905,0,0,0,,0,,"PERSHING AV","MONACO CT",13.00,S,N,A,-,N,,,,,,,,,,N,1,1,0,2,A,-,09,21804,A,N,D,C,A,A,H,-,B,A,0,,,Y,,Y,,A,01,0,0,0,0,0,0,0,1,0,"- ","- ",37.988208770751953,-121.32106018066406,"SAN JOAQUIN",STOCKTON,-121.32150268554688,37.988018035888672
9256316,2021,2021-07-06,3905,2021-03-06,1949,2429,PAR,6,5,6,3905,0,0,0,,0,,"MARIPOSA RD","8TH ST",515.00,N,N,A,-,N,,,,,,,,,,N,1,1,0,2,A,-,11,21956,A,F,G,B,E,A,H,-,C,D,0,Y,,,,Y,Y,N,60,0,0,0,1,0,0,0,0,0,"- ","- ",37.938690185546875,-121.24446105957031,"SAN JOAQUIN",STOCKTON,-121.24435424804688,37.939002990722656
9256366,2021,2023-06-30,3905,2021-05-02,0619,1641,PAR,7,5,6,3905,0,0,0,,0,,"MARTIN LUTHER KING BL","WILSON WY",0.00,,Y,A,-,N,,,,,,,,,,Y,1,2,0,3,A,-,01,23153,A,N,D,C,A,A,H,-,A,A,0,,,,,Y,Y,D,22,0,0,0,0,0,0,0,0,0,"- ","- ",37.941909790039062,-121.26790618896484,"SAN JOAQUIN",STOCKTON,-121.26783752441406,37.942100524902344
9256370,2021,2021-07-20,3905,2021-05-22,1548,2835,PAR,6,5,6,3905,0,0,0,,0,,"FRENCH CAMP RD","GARNER LN",107.00,E,N,A,-,N,,,,,,,,,,Y,1,1,2,2,A,-,06,21751,,N,A,C,A,A,H,-,A,D,0,,,,,Y,,D,22,1,0,1,0,0,0,0,0,0,"- ","- ",37.867961883544922,-121.24343109130859,"SAN JOAQUIN",STOCKTON,-121.24269104003906,37.868019104003906
9256399,2021,2023-06-24,3905,2021-05-30,2238,1532,CIV,7,5,6,3905,0,0,0,,0,,"PERSHING AV","HARDING WY",0.00,,Y,A,-,N,,,,,,,,,,Y,1,1,1,2,A,-,01,23153,B,N,D,C,A,A,H,-,C,A,0,,,,,Y,Y,A,07,0,0,1,0,0,0,0,0,0,"- ","- ",37.964328765869141,-121.31320190429688,"SAN JOAQUIN",STOCKTON,-121.31332397460938,37.964168548583984
9266089,2021,2021-06-08,3905,2021-03-20,1944,2894,SEA,6,5,6,3905,0,0,0,,0,,"EL DORADO ST","MCKINLEY AV",130.00,N,N,A,-,N,,,,,,,,,,Y,2,0,1,1,C,-,18,,,N,E,I,A,A,H,-,C,D,0,,,,,Y,,-,"- ",1,0,0,0,0,0,0,0,0,"- ","- ",37.911548614501953,-121.27577972412109,"SAN JOAQUIN",STOCKTON,-121.27582550048828,37.911502838134766
9266128,2021,2021-06-03,3905,2021-04-10,2135,3047,VAL,6,5,6,3905,0,0,0,,0,,"MONTAUBAN AV","HAMMER LN",0.00,,Y,A,-,N,,,,,,,,,,N,2,0,2,4,A,-,01,23153,A,N,D,E,A,A,H,-,C,A,0,,,,,Y,Y,A,01,1,1,0,0,0,0,0,0,0,"- ","- ",38.020938873291016,-121.29017639160156,"SAN JOAQUIN",STOCKTON,-121.28990173339844,38.020858764648438
9266162,2021,2021-06-03,3905,2021-04-16,1755,2680,SEA,5,5,6,3905,0,0,0,,0,,"SAN JOAQUIN ST","CLAY ST",0.00,,Y,A,-,N,,,,,,,,,,N,2,0,1,2,A,-,12,22450,,F,D,C,A,A,H,-,A,A,0,,,,,Y,,A,07,1,0,0,0,0,0,0,0,0,"- ","- ",37.940280914306641,-121.2838134765625,"SAN JOAQUIN",STOCKTON,-121.28369903564453,37.940319061279297
9266175,2021,2021-06-03,3905,2021-04-02,0150,3067,SEA,5,5,6,3905,0,0,0,,0,,"FRENCH CAMP RD","E W S WOODS BL",0.00,,Y,A,-,N,,,,,,,,,,N,2,0,1,2,A,-,03,22350,,F,D,C,A,A,H,-,C,A,0,,,,,Y,,A,01,1,0,0,0,0,0,0,0,0,"- ","- ",37.8973388671875,-121.30342102050781,"SAN JOAQUIN",STOCKTON,-121.30329895019531,37.897182464599609
9266753,2021,2021-06-15,3905,2021-05-02,2226,2915,LAK,7,5,6,3905,0,0,0,,0,,"WILSON WY","FLORA ST",75.00,S,N,A,-,N,,,,,,,,,,N,2,0,1,2,A,-,11,21954,A,N,G,B,E,A,H,-,C,D,0,Y,,,,Y,,N,60,1,0,0,0,1,0,0,0,0,"- ","- ",37.963638305664062,-121.27358245849609,"SAN JOAQUIN",STOCKTON,-121.27367401123047,37.963569641113281
9270345,2021,2021-06-08,3906,2021-05-18,1200,1706,3906,2,5,5,3906,0,0,0,,0,002,"S TRACY BL","CENTRAL AV",155.00,N,N,A,-,N,,,,,,,,,,Y,2,0,1,1,A,-,08,22107,,N,-,I,A,A,H,-,A,D,0,,,,,Y,,-,"- ",1,0,0,0,0,0,0,0,0,"- ","- ",,,"SAN JOAQUIN",TRACY,-121.43477630615234,37.715045928955078
9271455,2021,2021-06-17,3905,2021-05-08,0422,2980,CIV,6,5,6,3905,0,0,0,,0,,"PACIFIC AV","MONTEREY AV",450.00,N,N,A,-,N,,,,,,,,,,Y,2,0,1,1,A,-,03,22350,,N,E,I,A,A,H,-,C,A,0,,,,,Y,,A,01,1,0,0,0,0,0,0,0,0,"- ","- ",37.945491790771484,-121.30451965332031,"SAN JOAQUIN",STOCKTON,-121.30442047119141,37.976982116699219
9274126,2021,2021-06-28,3902,2021-04-13,1333,CD93,,2,5,5,3902,0,0,0,,0,,"INDUSTRIAL WY","BECKMAN RD",472.00,E,N,A,-,N,,,,,,,,,,Y,2,0,2,2,A,-,09,21804,A,N,D,C,A,A,H,-,A,D,0,,,,,Y,,A,07,1,1,0,0,0,0,0,0,0,"- ","- ",,,"SAN JOAQUIN",LODI,-121.25517272949219,38.12548828125
9276042,2021,2021-07-19,3905,2021-06-15,1429,1541,CIV,2,5,6,3905,0,0,0,,0,,"LAFAYETTE ST","EL DORADO ST",6.00,W,N,A,-,N,,,,,,,,,,N,2,0,1,2,A,-,09,21801,A,N,D,G,A,A,H,-,A,A,0,,Y,,,Y,,J,48,1,0,0,0,0,0,1,0,0,"- ","- ",37.949241638183594,-121.29022979736328,"SAN JOAQUIN",STOCKTON,-121.28900909423828,37.949825286865234
9280266,2021,2021-06-28,3902,2021-05-11,1453,58,,2,5,5,3902,0,0,0,,0,,"WEST KETTLEMAN LN","S SCHOOL ST",0.00,,Y,A,-,Y,SJ,10,12,-,-,17.147,I,5,W,Y,2,0,1,2,A,-,11,21954,A,N,G,B,D,A,H,-,A,D,0,Y,,,,Y,,N,60,1,0,0,0,1,0,0,0,0,"- ","- ",,,"SAN JOAQUIN",LODI,-121.27500915527344,38.115665435791016
9284666,2021,2021-08-16,3905,2021-06-06,0212,2985,PAR,7,5,6,3905,0,0,0,,0,,"MARTIN LUTHER KING BL","SIERRA NEVADA ST",0.00,,Y,A,-,N,,,,,,,,,,Y,2,0,1,1,-,-,"- ",,,N,E,I,A,A,H,-,C,A,0,,,,,Y,,A,01,1,0,0,0,0,0,0,0,0,"- ","- ",37.941680908203125,-121.26918029785156,"SAN JOAQUIN",STOCKTON,-121.26914215087891,37.941875457763672
9284699,2021,2021-07-20,3905,2021-05-07,0947,3146,LAK,5,5,6,3905,0,0,0,,0,,"MARCH LN","PERSHING AV",367.00,E,N,A,-,N,,,,,,,,,,Y,2,0,1,1,A,-,01,23152,A,N,E,I,A,A,H,-,A,A,0,,,,,Y,,A,01,1,0,0,0,0,0,0,0,0,"- ","- ",37.989238739013672,-121.13215637207031,"SAN JOAQUIN",STOCKTON,-121.32075500488281,37.989387512207031
9287028,2021,2021-08-09,3902,2021-06-15,1931,G3106,,2,5,5,3902,0,0,0,,0,,"N HAM LN","W LOCUST ST",210.00,N,N,A,-,N,,,,,,,,,,Y,2,0,1,2,A,-,09,21801,A,N,D,C,A,A,H,-,A,D,0,,,Y,,Y,,A,01,1,0,0,0,0,0,0,0,1,"- ","- ",,,"SAN JOAQUIN",LODI,-121.28838348388672,38.137416839599609
9289336,2021,2021-07-19,3905,2021-06-14,1831,1541,PAR,1,5,6,3905,0,0,0,,0,,"MAIN ST","COURT ST",0.00,,Y,A,-,N,,,,,,,,,,Y,2,0,1,2,A,-,09,21802,A,N,D,C,A,A,H,-,A,A,0,,,Y,,Y,,A,01,1,0,0,0,0,0,0,0,1,"- ","- ",37.955059051513672,-121.25975036621094,"SAN JOAQUIN",STOCKTON,-121.25974273681641,37.955242156982422
9289396,2021,2021-07-20,3905,2021-06-12,1851,2987,PAR,6,5,6,3905,0,0,0,,0,,"WILSON WY","HAZELTON AV",0.00,,Y,A,-,N,,,,,,,,,,Y,2,0,1,1,A,-,01,23152,A,N,E,I,A,A,H,-,A,A,0,,,,,Y,Y,A,01,1,0,0,0,0,0,0,0,0,"- ","- ",37.949729919433594,-121.26995086669922,"SAN JOAQUIN",STOCKTON,-121.26994323730469,37.949848175048828
9290836,2021,2021-07-27,3905,2021-05-17,1855,2909,SEA,1,5,6,3905,0,0,0,,0,,"CHARTER WY","FRESNO AV",707.00,W,N,A,-,N,,,,,,,,,,,2,0,3,2,A,-,03,22350,,N,C,C,A,A,H,-,A,A,0,,,,Y,Y,,A,01,3,0,0,0,0,0,0,0,0,"- ","- ",37.933059692382812,-121.31233215332031,"SAN JOAQUIN",STOCKTON,-121.31448364257812,37.9322509765625
9291126,2021,2021-09-11,3905,2021-07-07,2150,2896,BEA,3,5,6,3905,0,0,0,,0,,"WHISTLER WY","WATERBURY DR",567.00,W,N,A,-,N,,,,,,,,,,N,2,0,1,2,A,-,05,21460,A,N,A,G,A,A,H,-,C,B,0,,Y,,,Y,,L,04,1,0,0,0,0,0,1,0,0,"- ","- ",38.047931671142578,-121.33840942382812,"SAN JOAQUIN",STOCKTON,-121.34031677246094,38.048210144042969
9291295,2021,2021-07-14,3905,2021-05-17,1139,2466,CIV,1,5,6,3905,0,0,0,,0,,"MINER AV","AURORA ST",0.00,,Y,A,-,N,,,,,,,,,,N,2,0,1,2,A,-,01,23152,A,N,D,G,A,A,D,G,A,A,0,,Y,,,Y,Y,A,01,1,0,0,0,0,0,1,0,0,"- ","- ",37.95684814453125,-121.28131866455078,"SAN JOAQUIN",STOCKTON,-121.28018951416016,37.957462310791016
9291299,2021,2021-07-15,3905,2021-05-20,1040,3124,SEA,4,5,6,3905,0,0,0,,0,,"CAROLYN WESTON BL","WILLIAM MOSS BL",173.00,W,N,A,-,N,,,,,,,,,,Y,2,0,2,1,A,-,03,22350,,N,E,I,A,A,H,-,A,A,0,,,,,Y,,A,01,1,1,0,0,0,0,0,0,0,"- ","- ",37.909000396728516,-121.32025146484375,"SAN JOAQUIN",STOCKTON,-121.31876373291016,37.908878326416016
9292032,2021,2021-07-22,3905,2021-05-24,1732,2466,PAR,1,5,6,3905,0,0,0,,0,,"ROOSEVELT ST","WILSON WY",0.00,,Y,A,-,N,,,,,,,,,,Y,2,0,4,2,A,-,09,21802,A,N,D,C,A,A,G,H,A,A,0,,,,,Y,,D,22,1,3,0,0,0,0,0,0,0,"- ","- ",37.966678619384766,-121.27570343017578,"SAN JOAQUIN",STOCKTON,-121.27468872070312,37.967327117919922
9294156,2020,2021-08-02,3903,2020-07-18,0511,3768,,6,5,4,3903,0,0,0,,0,,"YOSEMITE AV","RT 99",152.00,W,N,A,-,N,,,,,,,,,,Y,1,1,0,2,A,-,11,21954,A,N,G,B,D,A,H,-,C,A,0,Y,,,,Y,,N,60,0,0,0,1,0,0,0,0,0,"- ",SO,37.797630310058594,-121.19200134277344,"SAN JOAQUIN",MANTECA,-121.19188690185547,37.797481536865234
9298902,2021,2021-08-13,3905,2021-07-15,1753,2915,LAK,4,5,6,3905,0,0,0,,0,,"PACIFIC AV","BENJAMIN HOLT DR",250.00,S,N,A,-,N,,,,,,,,,,,2,0,1,2,A,-,05,21650,1,N,D,G,A,A,H,-,A,D,0,,Y,,,Y,,L,04,1,0,0,0,0,0,1,0,0,"- ","- ",38.011249542236328,-121.32102966308594,"SAN JOAQUIN",STOCKTON,-121.32041931152344,38.010395050048828
9301728,2020,2021-10-14,3905,2020-11-25,1921,2879,SEA,3,5,6,3905,0,0,0,,0,,"MARTIN LUTHER KING BL","LINCOLN ST",148.00,W,N,A,-,N,,,,,,,,,,Y,1,1,0,2,A,-,11,21955,,N,G,B,D,A,H,-,C,A,0,Y,,,,Y,Y,N,60,0,0,0,1,0,0,0,0,0,"- ","- ",37.937461853027344,-121.29447174072266,"SAN JOAQUIN",STOCKTON,-121.29438018798828,37.937477111816406
9301736,2021,2023-06-24,3905,2021-08-03,2152,3038,,2,5,6,3905,0,0,0,,0,,"ROSE MARIE LN","PERSHING AV",0.00,,Y,A,-,N,,,,,,,,,,N,1,1,4,2,A,-,12,21453,A,N,D,C,A,A,H,-,C,A,0,,,,,Y,,A,01,0,1,3,0,0,0,0,0,0,"- ","- ",37.986820220947266,-121.32038879394531,"SAN JOAQUIN",STOCKTON,-121.32080841064453,37.986625671386719
9301806,2021,2021-09-23,3905,2021-04-08,1614,2835,LAK,4,5,6,3905,0,0,0,,0,,"ROSE MARIE LN","CROWN AV",938.00,W,N,A,-,N,,,,,,,,,,Y,1,1,1,2,A,-,09,21804,A,N,D,C,A,A,H,-,A,D,0,,,,,Y,,A,01,0,0,1,0,0,0,0,0,0,"- ","- ",37.986038208007812,-121.32250213623047,"SAN JOAQUIN",STOCKTON,-121.32479095458984,37.985610961914062
9302282,2021,2021-10-21,3900,2021-08-02,0123,151272,MANTE,1,5,2,3920,0,0,0,,0,009,"LATHROP RD","GOLDEN VALLEY PKWY",0.00,,N,A,-,N,,,,,,,,,,N,2,0,1,2,A,-,08,22107,,N,B,C,A,A,H,-,A,A,0,,,Y,,Y,,D,22,1,0,0,0,0,0,0,0,1,"- ","- ",,,"SAN JOAQUIN",LATHROP,-121.29541778564453,37.826217651367188
9302634,2020,2021-08-28,3905,2020-07-17,2001,2915,LAK,5,5,6,3905,0,0,0,,0,,"MARCH LN","QUAIL LAKES DR",0.00,,Y,A,-,N,,,,,,,,,,Y,2,0,3,3,A,-,12,21453,A,N,D,C,F,A,H,-,B,A,0,Y,,,,Y,,A,01,1,1,1,0,1,0,0,0,0,"- ","- ",37.984611511230469,-121.34069061279297,"SAN JOAQUIN",STOCKTON,-121.33998870849609,37.984889984130859
9302637,2021,2021-08-28,3905,2021-07-18,0227,3099,PAR,7,5,6,3905,0,0,0,,0,,"LAFAYETTE ST","WILSON WY",5.00,E,N,A,-,N,,,,,,,,,,,2,0,1,2,A,-,10,21950,A,F,G,B,B,A,H,-,C,A,0,Y,,,,Y,,A,01,1,0,0,0,1,0,0,0,0,"- ","- ",37.952201843261719,-121.27194976806641,"SAN JOAQUIN",STOCKTON,-121.27074432373047,37.952903747558594
9303076,2021,2021-10-16,3906,2021-07-17,0916,918,,6,5,5,3906,0,0,0,,0,003,"SCHULTE RD","LAURIANA LN",0.00,,Y,A,-,N,,,,,,,,,,N,2,0,1,2,D,-,00,,,N,D,G,A,-,H,-,A,A,0,,Y,,,Y,,-,"- ",1,0,0,0,0,0,1,0,0,"- ","- ",,,"SAN JOAQUIN",TRACY,-121.44712829589844,37.728656768798828
9303077,2021,2021-10-16,3906,2021-07-03,0157,1245,3906,6,5,5,3906,0,0,0,,0,005,"N MACARTHUR DR","E GRANT LINE RD",2954.00,S,N,A,-,N,,,,,,,,,,N,2,0,1,1,A,-,03,22350,,N,E,I,A,A,H,-,C,A,0,,,Y,,Y,,C,02,1,0,0,0,0,0,0,0,1,"- ","- ",,,"SAN JOAQUIN",TRACY,-121.40987396240234,37.748802185058594
9320120,2021,2023-06-22,3905,2021-08-10,1442,2835,VAL,2,5,6,3905,0,0,0,,0,,"MONTAUBAN AV","CARIBBEAN CIR",0.00,,Y,A,-,N,,,,,,,,,,Y,1,1,0,2,A,-,09,21802,A,N,D,C,A,A,H,-,A,A,0,,,Y,,Y,,A,07,0,0,0,0,0,0,0,1,0,"- ","- ",38.009941101074219,-121.28987121582031,"SAN JOAQUIN",STOCKTON,-121.28945159912109,38.009998321533203
9320354,2021,2022-02-08,3905,2021-09-10,1036,2835,CIV,5,5,6,3905,0,0,0,,0,,"PERSHING AV","ALPINE AV",120.00,N,N,A,-,N,,,,,,,,,,Y,1,1,0,1,A,-,05,21651,A,N,E,I,A,A,H,-,A,A,0,,,,,Y,,D,22,0,0,0,0,0,0,0,0,0,"- ","- ",37.975608825683594,-121.31723785400391,"SAN JOAQUIN",STOCKTON,-121.31764984130859,37.975791931152344
9320355,2021,2022-02-08,3905,2021-09-19,2157,3047,LAK,7,5,6,3905,0,0,0,,0,,"HAMMER LN","KELLER DR",52.00,E,N,A,-,N,,,,,,,,,,N,1,1,0,2,A,-,11,21954,A,F,G,B,D,A,H,-,C,D,0,Y,,,,Y,,N,60,0,0,0,1,0,0,0,0,0,"- ","- ",38.021228790283203,-121.35652160644531,"SAN JOAQUIN",STOCKTON,-121.35596466064453,38.021263122558594
9320358,2021,2022-02-08,3905,2021-09-23,1009,2015,PAR,4,5,6,3905,0,0,0,,0,,"MARTIN LUTHER KING BL","B ST",421.00,E,N,A,-,N,,,,,,,,,,Y,1,1,0,2,A,-,07,21658,A,N,G,B,E,A,H,-,A,D,0,Y,,,,Y,,A,01,0,0,0,1,0,0,0,0,0,"- ","- ",37.943721771240234,-121.25952911376953,"SAN JOAQUIN",STOCKTON,-121.25816345214844,37.944389343261719
9320379,2021,2022-02-09,3900,2021-12-23,2200,151272,MANTE,4,5,2,3920,0,0,0,,0,,"DOS REIS RD","SAN JOAQUIN RV",53.00,E,N,B,-,N,,,,,,,,,,Y,1,3,1,1,A,-,01,23152,A,N,E,I,A,A,H,-,D,D,0,,,,,Y,Y,A,01,0,1,0,0,0,0,0,0,0,"- ","- ",37.830131530761719,-121.31120300292969,"SAN JOAQUIN",LATHROP,,
9320674,2021,2022-05-05,3906,2021-05-23,0055,1138,,7,5,5,3906,0,0,0,,0,003,"W 11TH","LAMMERS RD",180.00,E,N,A,-,N,,,,,,,,,,Y,1,1,5,3,A,-,01,23152,F,N,C,C,A,A,H,-,C,A,0,,,,,Y,Y,A,01,0,0,5,0,0,0,0,0,0,"- ","- ",,,"SAN JOAQUIN",TRACY,-121.47615051269531,37.739368438720703
9320737,2021,2023-06-24,3906,2021-05-14,1541,1629,3906,5,5,5,3906,0,0,0,,0,002,"W SCHULTE",JORANOLLO,0.00,,Y,A,-,N,,,,,,,,,,Y,1,1,1,2,A,-,01,23152,A,N,D,D,A,A,H,-,A,D,0,,,Y,,Y,Y,C,02,0,1,0,0,0,0,0,1,0,"- ","- ",,,"SAN JOAQUIN",TRACY,-121.41947174072266,37.725109100341797
9320855,2022,2022-07-27,3906,2022-06-21,1635,1629,,2,5,5,3906,0,0,0,,0,007,"W SCHULTE RD","INTERNATIONAL PKWY",171.00,E,N,A,-,N,,,,,,,,,,Y,1,1,1,2,A,-,03,22350,,N,C,E,A,A,H,-,A,A,0,,,,Y,Y,,A,01,1,0,0,0,0,0,0,0,0,"- ","- ",37.721881866455078,-121.53102111816406,"SAN JOAQUIN",TRACY,-121.53110504150391,37.7220458984375
9321108,2021,2022-10-12,3905,2021-10-04,2225,2156,CIV,1,5,6,3905,0,0,0,,0,,"CENTER ST","ACACIA ST",0.00,,Y,A,-,N,,,,,,,,,,Y,1,1,0,2,A,-,12,21453,A,N,D,G,A,A,H,-,C,A,0,,Y,,,Y,,L,04,0,0,0,0,0,1,0,0,0,"- ","- ",37.962409973144531,-121.29366302490234,"SAN JOAQUIN",STOCKTON,-121.29380035400391,37.962394714355469
9321110,2021,2023-06-22,3905,2021-10-30,0808,2835,PAR,6,5,6,3905,0,0,0,,0,,"FILBERT ST","ACACIA ST",74.00,S,N,A,-,N,,,,,,,,,,Y,1,1,2,1,A,-,01,23152,G,N,F,I,A,A,H,-,A,D,0,,,,,Y,Y,A,07,0,2,0,0,0,0,0,0,0,"- ","- ",37.969261169433594,-121.25773620605469,"SAN JOAQUIN",STOCKTON,-121.25787353515625,37.969284057617188
9321112,2021,2022-10-12,3905,2021-11-20,1542,2835,CIV,6,5,6,3905,0,0,0,,0,,"MADISON ST","ROSE ST",0.00,,Y,-,-,N,,,,,,,,,,N,1,1,2,3,A,-,01,23152,F,N,D,C,A,A,H,-,A,A,0,,,,,Y,,A,01,0,0,2,0,0,0,0,0,0,"- ","- ",,,"SAN JOAQUIN",STOCKTON,-121.29694366455078,37.963909149169922
9321119,2021,2023-06-24,3903,2021-12-21,2051,3768,,2,5,4,3903,0,0,0,,0,,"EAST YOSEMITE AV","COMMERCE AV",0.00,,Y,A,-,N,,,,,,,,,,Y,1,1,0,2,A,-,10,21950,A,N,B,B,B,A,A,H,C,A,0,Y,,,Y,Y,Y,G,27,0,0,0,1,0,0,0,0,0,"- ","- ",37.797519683837891,-121.19368743896484,"SAN JOAQUIN",MANTECA,-121.19373321533203,37.797470092773438