CASE_ID,ACCIDENT_YEAR,PROC_DATE,JURIS,COLLISION_DATE,COLLISION_TIME,OFFICER_ID,REPORTING_DISTRICT,DAY_OF_WEEK,CHP_SHIFT,POPULATION,CNTY_CITY_LOC,SPECIAL_COND,BEAT_TYPE,CHP_BEAT_TYPE,CITY_DIVISION_LAPD,CHP_BEAT_CLASS,BEAT_NUMBER,PRIMARY_RD,SECONDARY_RD,DISTANCE,DIRECTION,INTERSECTION,WEATHER_1,WEATHER_2,STATE_HWY_IND,CALTRANS_COUNTY,CALTRANS_DISTRICT,STATE_ROUTE,ROUTE_SUFFIX,POSTMILE_PREFIX,POSTMILE,LOCATION_TYPE,RAMP_INTERSECTION,SIDE_OF_HWY,TOW_AWAY,COLLISION_SEVERITY,NUMBER_KILLED,NUMBER_INJURED,PARTY_COUNT,PRIMARY_COLL_FACTOR,PCF_CODE_OF_VIOL,PCF_VIOL_CATEGORY,PCF_VIOLATION,PCF_VIOL_SUBSECTION,HIT_AND_RUN,TYPE_OF_COLLISION,MVIW,PED_ACTION,ROAD_SURFACE,ROAD_COND_1,ROAD_COND_2,LIGHTING,CONTROL_DEVICE,CHP_ROAD_TYPE,PEDESTRIAN_ACCIDENT,BICYCLE_ACCIDENT,MOTORCYCLE_ACCIDENT,TRUCK_ACCIDENT,NOT_PRIVATE_PROPERTY,ALCOHOL_INVOLVED,STWD_VEHTYPE_AT_FAULT,CHP_VEHTYPE_AT_FAULT,COUNT_SEVERE_INJ,COUNT_VISIBLE_INJ,COUNT_COMPLAINT_PAIN,COUNT_PED_KILLED,COUNT_PED_INJURED,COUNT_BICYCLIST_KILLED,COUNT_BICYCLIST_INJURED,COUNT_MC_KILLED,COUNT_MC_INJURED,PRIMARY_RAMP,SECONDARY_RAMP,LATITUDE,LONGITUDE,COUNTY,CITY,POINT_X,POINT_Y
9326648,2021,2021-10-27,3905,2021-08-02,1400,3001,LAK,1,5,6,3905,0,0,0,,0,,"HAMMER LN","KELLEY DR",0.00,,Y,A,-,N,,,,,,,,,,Y,2,0,1,3,A,-,09,21453,C,N,D,C,A,A,H,-,A,A,0,,,,,Y,,A,01,1,0,0,0,0,0,0,0,0,"- ","- ",38.021228790283203,-121.35652160644531,"SAN JOAQUIN",STOCKTON,-121.35614776611328,38.021274566650391
9326746,2021,2021-10-29,3905,2021-09-09,2320,2987,,4,5,6,3905,0,0,0,,0,,"EIGHT ST","LAGUNA CIR",0.00,,Y,A,-,N,,,,,,,,,,Y,2,0,1,2,A,-,09,21801,A,N,D,C,A,A,H,-,C,D,0,,,Y,,Y,Y,A,01,1,0,0,0,0,0,0,0,1,"- ","- ",37.926769256591797,-121.30706024169922,"SAN JOAQUIN",STOCKTON,-121.30680084228516,37.926628112792969
9327615,2020,2021-09-16,3905,2020-11-16,2250,2626,VAL,1,5,6,3905,0,0,0,,0,,"TAMO SHANTER DR","CASTLE OAKS DR",0.00,,Y,A,-,N,,,,,,,,,,Y,2,0,1,5,A,-,09,21803,A,F,D,C,A,A,H,-,C,D,0,,,,,Y,,A,07,1,0,0,0,0,0,0,0,0,"- ","- ",38.028701782226562,-121.30078887939453,"SAN JOAQUIN",STOCKTON,-121.30055999755859,38.028648376464844
93280594,2024,2024-08-01,9265,2024-06-07,1845,022849,,5,2,9,3900,0,3,5,,2,090,"WOODBRIDGE ROAD",I-5,2526.00,W,N,A,-,N,,,,,,,,,,N,2,0,2,1,A,-,03,22350,,N,E,I,A,A,H,-,A,D,0,,,,,Y,,A,07,1,0,1,0,0,0,0,0,0,"- ","- ",38.163700103759766,-121.40773010253906,"SAN JOAQUIN",UNINCORPORATED,-121.39990997314453,38.160770416259766
9340997,2021,2021-10-14,3905,2021-08-08,1526,2588,LAK,7,5,6,3905,0,0,0,,0,,"PERSHING AV","ROSE MARIE LN",84.00,S,N,A,-,N,,,,,,,,,,N,2,0,1,2,A,-,07,21658,A,N,B,C,A,A,H,-,A,A,0,,,,,Y,,A,07,1,0,0,0,0,0,0,0,0,"- ","- ",37.986820220947266,-121.32038879394531,"SAN JOAQUIN",STOCKTON,-121.32072448730469,37.986400604248047
9342538,2021,2021-10-22,3905,2021-08-02,0214,2772,LAK,1,5,6,3905,0,0,0,,0,,"PERSHING AV","MARCH LN",0.00,,Y,A,-,N,,,,,,,,,,Y,2,0,2,2,A,-,12,21453,A,N,D,C,A,A,H,-,C,A,0,,,,,Y,,A,01,1,0,1,0,0,0,0,0,0,"- ","- ",37.989231109619141,-121.32156372070312,"SAN JOAQUIN",STOCKTON,-121.32196807861328,37.989089965820312
9346612,2021,2021-11-03,3903,2021-09-22,1450,3768,,3,5,4,3903,0,0,0,,0,,"EAST LOUISE AV","PESTANA AV",57.00,E,N,A,-,N,,,,,,,,,,Y,2,0,1,1,A,-,01,23152,A,N,A,I,A,A,H,-,-,D,0,,,,,Y,Y,-,,1,0,0,0,0,0,0,0,0,"- ","- ",37.81201171875,-121.18981170654297,"SAN JOAQUIN",MANTECA,-121.18960571289062,37.812038421630859
9346614,2021,2021-11-03,3903,2021-09-28,0726,3768,,2,5,4,3903,0,0,0,,0,,"W ATHERTON DR","AIRPORT WY",30.00,W,N,A,-,N,,,,,,,,,,Y,2,0,2,2,A,-,00,23104,A,N,D,C,A,A,H,-,A,A,0,,,,,Y,,-,,2,0,0,0,0,0,0,0,0,"- ","- ",37.779220581054688,-121.25215148925781,"SAN JOAQUIN",MANTECA,-121.25225067138672,37.779205322265625
9346624,2021,2021-11-02,3903,2021-09-01,0911,3540,,3,5,4,3903,0,0,0,,0,,"SOUTH UNION RD","W ATHERTON DR",0.00,,Y,A,-,N,,,,,,,,,,N,2,0,1,2,A,-,12,21453,A,N,G,G,A,A,H,-,A,A,0,,Y,,,Y,,L,04,1,0,0,0,0,0,1,0,0,"- ","- ",37.779220581054688,-121.23397064208984,"SAN JOAQUIN",MANTECA,-121.23403930664062,37.779209136962891
9353711,2021,2021-11-09,3905,2021-09-23,0638,3056,BEA,4,5,6,3905,0,0,0,,0,,"THORNTON RD","OTTO DR",0.00,,Y,A,-,N,,,,,,,,,,,2,0,2,2,A,-,07,21658,A,N,B,G,A,A,H,-,A,A,0,,Y,Y,,Y,,L,04,1,0,1,0,0,0,1,0,1,"- ","- ",38.039070129394531,-121.34371948242188,"SAN JOAQUIN",STOCKTON,-121.34393310546875,38.039020538330078
9353715,2021,2021-11-09,3905,2021-09-25,1219,3070,PAR,6,5,6,3905,0,0,0,,0,,"WILSON WY","PARK ST",0.00,,Y,A,-,N,,,,,,,,,,,2,0,1,2,A,-,11,21456,B,N,G,B,B,A,H,-,A,A,0,Y,,,,Y,,N,60,1,0,0,0,1,0,0,0,0,"- ","- ",37.962669372558594,-121.27332305908203,"SAN JOAQUIN",STOCKTON,-121.2734375,37.962791442871094
9354822,2021,2021-11-20,3900,2021-10-10,0227,152782,MANTE,7,5,2,3920,0,0,0,,0,009,"MCKEE BL","TOWNE CENTER DR",90.00,S,N,A,-,N,,,,,,,,,,Y,2,0,1,1,A,-,03,22350,,N,E,I,A,A,H,-,C,D,0,,,,,Y,,A,01,1,0,0,0,0,0,0,0,0,"- ","- ",,,"SAN JOAQUIN",LATHROP,-121.30472564697266,37.804302215576172
9356023,2021,2021-10-29,3906,2021-10-15,0323,1469,97,5,5,5,3906,0,0,0,,0,00S,"MACARTHUR DR","GRANT LINE RD",1976.00,S,N,A,-,N,,,,,,,,,,Y,2,0,1,1,A,-,01,23152,A,N,E,I,A,A,H,-,C,-,0,,,,,Y,Y,A,01,1,0,0,0,0,0,0,0,0,"- ","- ",,,"SAN JOAQUIN",TRACY,-121.41292572021484,37.749519348144531
9356024,2021,2021-10-29,3906,2021-10-15,1744,1596,4187,5,5,5,3906,0,0,0,,0,005,"N TRACY BLVD","GRANT LINE RD",686.00,S,N,A,-,N,,,,,,,,,,Y,2,0,1,1,A,-,00,23125,E,N,E,I,A,A,H,-,A,D,0,,,,,Y,,A,07,1,0,0,0,0,0,0,0,0,"- ","- ",,,"SAN JOAQUIN",TRACY,-121.43502807617188,37.752285003662109
9357256,2021,2021-12-10,3905,2021-10-24,1830,7161,CIV,7,5,6,3905,0,0,0,,0,,"CALIFORNIA ST","FREMONT ST",2.00,N,N,C,G,N,,,,,,,,,,N,2,0,1,2,A,-,10,21950,A,F,G,B,B,B,F,-,C,A,0,Y,,,,Y,,D,22,1,0,0,0,1,0,0,0,0,"- ","- ",37.958030700683594,-121.28706359863281,"SAN JOAQUIN",STOCKTON,-121.28597259521484,37.958614349365234
9361909,2021,2021-11-29,3905,2021-07-30,0913,1315,PAR,5,5,6,3905,0,0,0,,0,,"MYRTLE ST","MYRTLE ST 2293",0.00,,N,A,-,N,,,,,,,,,,Y,2,0,1,1,A,-,08,22100,B,N,E,I,A,A,H,-,A,D,0,,,,,Y,,A,07,1,0,0,0,0,0,0,0,0,"- ","- ",,,"SAN JOAQUIN",STOCKTON,-121.258509,37.958924000000003
9362761,2021,2021-11-30,3902,2021-09-30,1816,CA103,,4,5,5,3902,0,0,0,,0,,"S GUILD AV","AUTO CENTER DR",273.00,N,N,A,-,N,,,,,,,,,,N,2,0,1,1,B,-,22,,,N,F,A,A,A,H,-,A,D,0,,,Y,,Y,,C,02,1,0,0,0,0,0,0,0,1,"- ","- ",,,"SAN JOAQUIN",LODI,-121.24772644042969,38.120380401611328
93768625,2024,2024-08-07,9266,2024-07-29,"635 ",018308,,1,1,9,3900,0,1,1,,2,021,"I-580 W/B","PATTERSON PASS RD",5280.00,W,N,A,-,Y,SJ,,580," "," ",14.527,H,,R,N,2,0,1,2,A,-,03,22350,,N,C,C,A,A,H,-,A,D,0,,,,,Y,,A,07,1,0,0,0,0,0,0,0,0,"- ","- ",37.730239868164062,-121.54701995849609,"SAN JOAQUIN",UNINCORPORATED,-121.54701995849609,37.730239868164062
93768635,2024,2024-08-07,9265,2024-07-23,1226,022407,,2,1,4,3903,0,1,3,,2,025,"SR-120 E/B","MAIN ST",821.00,W,N,A,-,Y,SJ,,120," ",R,5.150,H,,R,Y,2,0,4,5,A,-,03,22350,,N,C,C,A,A,H,-,A,D,0,,,,Y,Y,,F,26,1,0,3,0,0,0,0,0,0,"- ","- ",37.783180236816406,-121.21878814697266,"SAN JOAQUIN",MANTECA,-121.21878814697266,37.783191680908203
93768769,2024,2024-08-07,9266,2024-03-31,"204 ",020279,,7,3,9,3900,0,1,1,,2,021,"I-580 W/B","CORRAL HOLLOW ROAD",545.00,W,N,B,-,Y,SJ,,580," "," ",8.270,H,,R,Y,1,3,2,2,A,-,01,23152,A,N,A,C,A,A,H,-,D,D,0,,,,,Y,Y,A,01,0,1,1,0,0,0,0,0,0,"- ","- ",37.673370361328125,-121.45880889892578,"SAN JOAQUIN",UNINCORPORATED,-121.45879364013672,37.673389434814453
93769211,2024,2024-08-08,9265,2024-07-27,"410 ",022072,,6,3,9,3900,0,2,4,,1,053,"WILSON WAY S/B","STOCKTON DIVERTING CANAL",2112.00,N,N,A,-,N,,,,,,,,,,Y,2,0,1,2,A,-,09,21804,B,N,D,C,A,A,H,-,D,D,0,,,,Y,Y,,A,01,1,0,0,0,0,0,0,0,0,"- ","- ",37.995368957519531,-121.26441955566406,"SAN JOAQUIN",UNINCORPORATED,,
9379478,2021,2022-01-25,3902,2021-08-08,0025,CA103,,7,5,5,3902,0,0,0,,0,,"RT 12","SOUTH CHURCH ST",149.00,E,N,A,-,Y,SJ,10,12,-,-,17.120,H,-,E,N,2,0,1,2,A,-,00,21954,,F,G,B,D,A,H,-,C,D,0,Y,,,,Y,,N,60,1,0,0,0,1,0,0,0,0,"- ","- ",,,"SAN JOAQUIN",LODI,-121.27550506591797,38.115520477294922
9381329,2022,2022-03-14,3906,2022-01-07,0019,1708,,5,5,5,3906,0,0,0,,0,003,"CYPRESS DR","FIREFLY WY",0.00,,Y,C,-,N,,,,,,,,,,Y,2,0,1,1,A,-,03,22350,,N,E,I,A,B,H,-,C,D,0,,,,,Y,,A,01,1,0,0,0,0,0,0,0,0,"- ","- ",,,"SAN JOAQUIN",TRACY,-121.45006561279297,37.734024047851562
9381928,2022,2022-02-01,3906,2022-01-16,1208,1549,,7,5,5,3906,0,0,0,,0,005,"BESSIE AV","CARLTON WY",0.00,,Y,A,-,N,,,,,,,,,,N,2,0,1,2,A,-,12,22450,A,F,D,G,A,A,H,-,A,A,0,,Y,,,Y,,L,04,1,0,0,0,0,0,1,0,0,"- ","- ",,,"SAN JOAQUIN",TRACY,-121.43307495117188,37.746288299560547
9389941,2021,2022-01-07,3902,2021-06-21,2022,MC100,,1,5,5,3902,0,0,0,,0,,"SOUTH MILLS AV","JAMESTOWN DR",63.00,S,N,A,-,N,,,,,,,,,,N,2,0,1,2,A,-,05,21650,,N,D,C,A,A,H,-,B,D,0,,,,,Y,,M,96,1,0,0,0,0,0,0,0,0,"- ","- ",,,"SAN JOAQUIN",LODI,-121.29712677001953,38.105575561523438
9390756,2021,2022-01-21,3903,2021-11-25,1748,3197,,4,5,4,3903,0,0,0,,0,,"MOFFAT BL","SPRECKELS AV",50.00,W,N,A,-,N,,,,,,,,,,N,2,0,2,2,A,-,11,21954,A,N,G,B,E,A,H,-,C,A,0,Y,,,,Y,,N,60,2,0,0,0,1,0,0,0,0,"- ","- ",37.785999298095703,-121.20024871826172,"SAN JOAQUIN",MANTECA,-121.20040893554688,37.786090850830078
9391549,2021,2022-02-03,3902,2021-10-31,0200,WH54,,7,5,5,3902,0,0,0,,0,,"S LEE AV","W VINE ST",133.00,S,N,A,-,N,,,,,,,,,,N,2,0,1,2,A,-,03,22350,,F,G,B,E,A,H,-,C,D,0,Y,,,,Y,Y,A,01,1,0,0,0,1,0,0,0,0,"- ","- ",,,"SAN JOAQUIN",LODI,-121.27783203125,38.122173309326172
9392487,2021,2022-03-14,3903,2021-12-18,2006,4002,,6,5,4,3903,0,0,0,,0,,"WEST YOSEMITE AV","LOCUST AV",103.00,E,N,B,-,N,,,,,,,,,,Y,2,0,1,3,A,-,01,23152,A,N,C,E,A,A,H,-,C,D,0,,,,,Y,Y,A,01,1,0,0,0,0,0,0,0,0,"- ","- ",37.797389984130859,-121.2257080078125,"SAN JOAQUIN",MANTECA,-121.2265625,37.797420501708984
9392488,2021,2022-02-14,3903,2021-12-22,2248,3929,,3,5,4,3903,0,0,0,,0,,"LOUISE AV","MAIN ST",0.00,,Y,C,-,N,,,,,,,,,,Y,2,0,2,2,A,-,09,21453,B,N,D,C,A,B,H,-,C,A,0,,,,,Y,,D,72,1,0,1,0,0,0,0,0,0,"- ","- ",37.811920166015625,-121.217041015625,"SAN JOAQUIN",MANTECA,-121.217041015625,37.811943054199219
94019426,2024,2024-08-09,9265,2024-06-10,2245,022366,,1,3,6,3905,0,1,1,,2,503,"I-5 SOUTHBOUND","EIGHTH STREET",528.00,S,N,A,-,Y,SJ,,5," "," ",24.582,H,,L,N,2,0,1,2,A,-,03,22350,,F,C,C,A,A,H,-,C,D,0,,,,,Y,,D,22,1,0,0,0,0,0,0,0,0,"- ","- ",37.925758361816406,-121.29428863525391,"SAN JOAQUIN",STOCKTON,-121.2943115234375,37.925754547119141
9408561,2022,2022-03-01,3901,2022-01-30,2053,L39,,7,5,2,3901,0,0,0,,0,,"MAIN ST","5TH ST",76.00,W,N,A,-,N,,,,,,,,,,Y,2,0,1,2,A,-,01,23152,A,N,C,E,A,A,H,-,C,D,0,,,Y,,Y,Y,C,02,1,0,0,0,0,0,0,0,1,"- ","- ",37.791961669921875,-120.98903656005859,"SAN JOAQUIN",ESCALON,-120.98907470703125,37.791690826416016
94086988,2023,2024-08-12,9265,2023-10-28,1156,017405,,6,1,9,3900,0,3,5,,2,010,"RIVER RD.","WAGNER RD.",442.00,E,N,A,-,N,,,,,,,,,,N,2,0,1,2,A,-,08,22107,,F,B,G,A,A,H,-,A,D,0,,Y,,,Y,,-,99,1,0,0,0,0,0,1,0,0,"- ","- ",37.761081695556641,-121.08611297607422,"SAN JOAQUIN",UNINCORPORATED,-121.08615112304688,37.761039733886719
9417410,2022,2022-04-04,3903,2022-02-24,1655,3950,,4,5,4,3903,0,0,0,,0,,"S AUSTIN RD","SEDAN AV",189.00,N,N,A,-,N,,,,,,,,,,Y,2,0,1,2,A,-,09,21801,A,N,A,C,A,A,H,-,A,D,0,,,,,Y,,D,22,1,0,0,0,0,0,0,0,0,"- ","- ",37.761219024658203,-121.17900085449219,"SAN JOAQUIN",MANTECA,-121.17900848388672,37.761730194091797
9420685,2022,2022-04-29,3902,2022-01-15,0221,106,SUNSE,6,5,5,3902,0,0,0,,0,001,"LOWER SACRAMENTO RD","TURNER RD",308.00,S,N,A,-,N,,,,,,,,,,Y,2,0,1,1,A,-,01,23152,A,N,E,I,A,A,H,-,C,D,0,,,,,Y,Y,A,01,1,0,0,0,0,0,0,0,0,"- ","- ",38.1456298828125,-121.30653381347656,"SAN JOAQUIN",LODI,-121.3067626953125,38.144779205322266
9420686,2022,2022-04-29,3902,2022-01-19,0757,105,CENTR,3,5,5,3902,0,0,0,,0,002,"STOCKTON ST","LOCUST ST",5.00,S,N,A,-,N,,,,,,,,,,,2,0,1,2,A,-,03,22350,,N,G,B,B,A,H,-,A,A,0,Y,,,,Y,Y,-,"- ",1,0,0,0,1,0,0,0,0,"- ","- ",38.136428833007812,-121.26924896240234,"SAN JOAQUIN",LODI,-121.26921844482422,38.136425018310547
9420689,2022,2022-04-29,3902,2022-01-31,1550,59,SUNSE,1,5,5,3902,0,0,0,,0,001,"LODI AV","ROSE ST",4.00,W,N,B,-,N,,,,,,,,,,,2,0,1,2,A,-,09,21804,A,F,D,G,A,A,H,-,A,A,0,,Y,,,Y,,A,01,1,0,0,0,0,0,1,0,0,"- ","- ",38.129878997802734,-121.28175354003906,"SAN JOAQUIN",LODI,-121.28173065185547,38.130020141601562
9422363,2021,2022-05-02,3902,2021-12-27,1841,105,HERIT,1,5,5,3902,0,0,0,,0,005,"CHEROKEE LN","MAPLE ST",32.00,N,N,B,-,N,,,,,,,,,,N,2,0,1,2,A,-,11,21954,A,N,G,B,E,A,H,-,C,D,0,Y,,,,Y,,N,60,1,0,0,0,1,0,0,0,0,"- ","- ",38.125240325927734,-121.26039886474609,"SAN JOAQUIN",LODI,-121.26058197021484,38.125316619873047
9422364,2021,2022-05-02,3902,2021-12-24,1801,101,SUNSE,5,5,5,3902,0,0,0,,0,003,"CENTURY BL","HAM LN",176.00,W,N,C,-,N,,,,,,,,,,N,2,0,1,2,A,-,01,23152,A,N,C,E,A,B,H,-,C,D,0,,,,,Y,Y,A,01,1,0,0,0,0,0,0,0,0,"- ","- ",38.108200073242188,-121.28803253173828,"SAN JOAQUIN",LODI,-121.28873443603516,38.108268737792969
9423399,2021,2022-03-28,3905,2021-12-26,0001,022364,,7,5,6,3905,0,0,0,,0,,"LINCOLN RD","CARN AV/GREELEY WY",0.00,,Y,A,-,N,,,,,,,,,,Y,2,0,2,1,A,-,01,23152,A,N,E,I,A,A,H,-,C,D,0,,,,,Y,Y,A,07,2,0,0,0,0,0,0,0,0,"- ","- ",38.0135498046875,-121.32701110839844,"SAN JOAQUIN",STOCKTON,-121.32711500000001,38.013765999999997
9428368,2022,2022-04-21,3900,2022-03-29,1839,162733,3900,2,5,2,3920,0,0,0,,0,009,"HARLAN RD","THOMSEN RD",675.00,S,N,A,-,N,,,,,,,,,,Y,2,0,1,2,A,-,09,21804,A,N,D,C,A,A,H,-,A,A,0,,,Y,,Y,,A,07,1,0,0,0,0,0,0,0,1,"- ","- ",,,"SAN JOAQUIN",LATHROP,-121.29301452636719,37.817283630371094
94354877,2024,2024-11-25,9265,2024-07-31,2117,022476,,3,2,9,3900,0,1,1,,2,503,"I-5 S/B","DOWNING AVE",1540.00,S,N,A,-,Y,SJ,,5," ",R,23.369,H,,L,Y,2,0,1,3,A,-,03,22350,,N,C,C,A,A,H,-,D,D,0,,,Y,,Y,,C,02,1,0,0,0,0,0,0,0,1,"- ","- ",37.908851623535156,-121.28827667236328,"SAN JOAQUIN",UNINCORPORATED,-121.28823089599609,37.908863067626953
94358708,2024,2024-08-16,9265,2024-07-30,2120,022366,,2,2,9,3900,0,3,5,,2,030,"MATHEWS ROAD","BRIGHT ROAD",415.00,W,N,A,-,N,,,,,,,,,,N,2,0,1,2,A,-,11,21954,A,N,G,B,E,A,H,-,D,D,0,Y,,,Y,Y,,N,60,1,0,0,0,1,0,0,0,0,"- ","- ",37.882518768310547,-121.29351806640625,"SAN JOAQUIN",UNINCORPORATED,-121.29343414306641,37.882484436035156
94364530,2024,2024-08-21,9265,2024-06-22,2240,023223,,6,3,9,3900,0,3,5,,2,010,"MARIPOSA RD","MUNFORD AVE",0.00,,Y,A,-,N,,,,,,,,,,Y,2,0,2,1,A,-,01,23152,A,N,E,I,A,A,H,-,C,A,0,,,,,Y,Y,A,07,2,0,0,0,0,0,0,0,0,"- ","- ",37.930461883544922,-121.22428894042969,"SAN JOAQUIN",UNINCORPORATED,-121.22434997558594,37.930606842041016
94364989,2024,2024-08-22,9265,2024-08-10,"305 ",022887,,6,3,5,3902,0,1,3,,2,006,"SR-99 S/B","KETTLEMAN LANE",1601.00,N,N,A,-,Y,SJ,,99," "," ",29.809,H,,L,Y,2,0,1,2,A,-,01,23152,A,N,C,2,A,A,H,-,C,D,0,,,,,Y,Y,A,01,1,0,0,0,0,0,0,0,0,"- ","- ",38.120719909667969,-121.25746917724609,"SAN JOAQUIN",LODI,-121.25742340087891,38.120719909667969
94366458,2024,2024-08-22,9266,2024-08-08,1550,021677,,4,2,9,3900,0,1,3,,1,025,SR-33,SR-132,1003.00,S,N,A,-,N,,,,,,,,,,Y,2,0,1,1,A,-,08,22107,,N,F,A,A,A,H,-,A,D,0,,,,,Y,,D,22,1,0,0,0,0,0,0,0,0,"- ","- ",37.640968322753906,-121.29869079589844,"SAN JOAQUIN",UNINCORPORATED,-121.29315948486328,37.635971069335938
94367708,2024,2024-08-23,9265,2024-07-28,1200,016510,,7,1,9,3900,0,1,3,,1,092,SR-12,"MOKELUMNE RIVER",13728.00,E,N,A,-,Y,SJ,,12," ",R,2.760,H,,R,Y,2,0,3,5,A,-,03,22350,,N,C,2,A,A,H,-,A,D,0,,,,Y,Y,,G,25,1,2,0,0,0,0,0,0,0,"- ","- ",38.113300323486328,-121.53369903564453,"SAN JOAQUIN",UNINCORPORATED,-121.53369903564453,38.113296508789062
94368050,2024,2024-08-23,9266,2024-08-08,1850,020279,,4,2,2,3920,0,1,1,,2,024,"I-5 N/B","STEWART RD",1720.00,N,N,A,-,Y,SJ,,5," ",R,14.210,H,,R,Y,2,0,1,2,A,-,07,21658,A,F,B,C,A,A,H,-,A,D,0,,,Y,,Y,,A,01,1,0,0,0,0,0,0,0,1,"- ","- ",37.782451629638672,-121.31040191650391,"SAN JOAQUIN",LATHROP,-121.31047058105469,37.782512664794922
94368260,2024,2024-08-23,9266,2024-08-10,"349 ",022029,,6,3,5,3906,0,1,1,,2,014,"I-205 W/B","CORRAL HOLLOW RD",2376.00,E,N,A,-,Y,SJ,,205," ",R,6.473,H,,L,Y,2,0,1,1,A,-,08,22107,,F,E,I,A,A,H,-,D,D,0,,,,,Y,,A,01,1,0,0,0,0,0,0,0,0,"- ","- ",37.761798858642578,-121.4449462890625,"SAN JOAQUIN",TRACY,-121.44490814208984,37.761734008789062
94373228,2024,2024-08-28,9265,2024-07-22,"500 ",023156,,1,3,9,3900,0,1,3,,1,067,SR-88,"BUENA VISTA RD",10.00,N,N,A,-,Y,SJ,,88," "," ",20.835,H,,R,N,2,0,1,1,A,-,08,22107,,N,E,I,A,A,H,-,D,D,0,,,Y,,Y,,C,02,1,0,0,0,0,0,0,0,1,"- ","- ",38.22113037109375,-121.06410217285156,"SAN JOAQUIN",UNINCORPORATED,-121.06423187255859,38.221176147460938
94379302,2024,2024-09-03,9265,2024-05-14,"310 ",022282,,2,3,6,3905,0,1,1,,2,504,"INTERSTATE 5 SOUTHBOUND","HAMMER LANE",4752.00,N,N,A,-,Y,SJ,,5," "," ",33.610,H,,L,N,1,1,0,2,A,-,05,21202,A,N,C,G,A,A,H,-,D,D,0,,Y,,,Y,,L,04,0,0,0,0,0,1,0,0,0,"- ","- ",38.033950805664062,-121.36517333984375,"SAN JOAQUIN",STOCKTON,-121.36520385742188,38.033939361572266
94379629,2024,2024-09-03,9265,2024-04-28,2015,023185,,7,2,9,3900,0,1,3,,1,092,"STATE ROUTE 12","GUARD RD",33.00,E,N,A,-,Y,SJ,,12," "," ",8.839,H,,R,N,1,1,2,2,A,-,03,22350,,N,B,2,A,A,H,-,A,A,0,,,,,Y,,E,22,2,0,0,0,0,0,0,0,0,"- ","- ",38.116100311279297,-121.42241668701172,"SAN JOAQUIN",UNINCORPORATED,-121.42241668701172,38.116008758544922
94380264,2024,2024-09-03,9266,2024-08-21,1020,022752,,3,1,9,3900,0,1,1,,2,014,"I-205 E/B","ELEVENTH STREET",1290.00,W,N,A,-,Y,SJ,,205," ",R,3.127,H,,R,Y,2,0,2,2,A,-,08,22107,,N,D,C,A,A,H,-,A,D,0,,,,,Y,,A,01,1,0,1,0,0,0,0,0,0,"- ","- ",37.740470886230469,-121.4993896484375,"SAN JOAQUIN",UNINCORPORATED,-121.4993896484375,37.740467071533203
94388590,2024,2024-09-10,9265,2024-05-17,"440 ",022072,,5,3,9,3900,0,1,3,,2,004,"STATE ROUTE 99 SOUTHBOUND","CHEROKEE ROAD",1584.00,S,N,B,-,Y,SJ,,99," "," ",20.584,H,,L,N,1,1,0,2,A,-,00,21960,A,N,G,B,E,A,H,-,C,D,0,Y,,,Y,Y,,N,60,0,0,0,1,0,0,0,0,0,"- ","- ",37.988021850585938,-121.251220703125,"SAN JOAQUIN",UNINCORPORATED,-121.25120544433594,37.988025665283203
94391493,2024,2024-09-12,9265,2024-08-16,2305,022307,,5,3,9,3900,0,3,5,,2,040,"ROBERTS RD","UNDINE ROAD",15.00,S,N,A,-,N,,,,,,,,,,N,2,0,1,1,A,-,08,22107,,F,E,I,A,A,H,-,D,D,0,,,,,Y,,A,01,1,0,0,0,0,0,0,0,0,"- ","- ",37.832530975341797,-121.337890625,"SAN JOAQUIN",UNINCORPORATED,-121.337890625,37.834400177001953
94392455,2024,2024-09-27,9265,2024-08-10,"236 ",022476,,6,3,9,3900,0,1,3,,2,001,"SR-99 S/B","FRENCH CAMP RD",5210.00,S,N,A,-,Y,SJ,,99," "," ",10.500,H,,L,Y,2,0,3,2,A,-,08,22107,,F,C,2,A,A,H,-,D,D,0,,,,,Y,,A,01,1,0,2,0,0,0,0,0,0,"- ","- ",37.845619201660156,-121.21826171875,"SAN JOAQUIN",UNINCORPORATED,-121.21826934814453,37.845619201660156
94394561,2024,2024-09-16,9266,2024-08-31,1935,022773,,6,2,9,3900,0,3,5,,2,001,"LAMMERS ROAD","CORRAL HOLLOW ROAD",15.00,W,N,A,-,N,,,,,,,,,,N,2,0,5,2,A,-,12,22450,A,N,A,C,A,A,H,-,B,A,0,,,,,Y,,A,01,5,0,0,0,0,0,0,0,0,"- ","- ",37.790409088134766,-121.45355987548828,"SAN JOAQUIN",UNINCORPORATED,-121.45351409912109,37.790409088134766
94400435,2024,2024-09-19,9265,2024-05-15,"508 ",021830,,3,3,9,3900,0,1,3,,1,062,"COMSTOCK RD","DUNCAN RD",3562.00,W,N,A,-,N,,,,,,,,,,Y,1,1,0,2,A,-,01,23152,A,N,C,C,A,A,H,-,B,D,0,,,,,Y,Y,D,22,0,0,0,0,0,0,0,0,0,"- ","- ",38.044639587402344,-121.10856628417969,"SAN JOAQUIN",UNINCORPORATED,-121.10851287841797,38.044620513916016