CASE_ID,ACCIDENT_YEAR,PROC_DATE,JURIS,COLLISION_DATE,COLLISION_TIME,OFFICER_ID,REPORTING_DISTRICT,DAY_OF_WEEK,CHP_SHIFT,POPULATION,CNTY_CITY_LOC,SPECIAL_COND,BEAT_TYPE,CHP_BEAT_TYPE,CITY_DIVISION_LAPD,CHP_BEAT_CLASS,BEAT_NUMBER,PRIMARY_RD,SECONDARY_RD,DISTANCE,DIRECTION,INTERSECTION,WEATHER_1,WEATHER_2,STATE_HWY_IND,CALTRANS_COUNTY,CALTRANS_DISTRICT,STATE_ROUTE,ROUTE_SUFFIX,POSTMILE_PREFIX,POSTMILE,LOCATION_TYPE,RAMP_INTERSECTION,SIDE_OF_HWY,TOW_AWAY,COLLISION_SEVERITY,NUMBER_KILLED,NUMBER_INJURED,PARTY_COUNT,PRIMARY_COLL_FACTOR,PCF_CODE_OF_VIOL,PCF_VIOL_CATEGORY,PCF_VIOLATION,PCF_VIOL_SUBSECTION,HIT_AND_RUN,TYPE_OF_COLLISION,MVIW,PED_ACTION,ROAD_SURFACE,ROAD_COND_1,ROAD_COND_2,LIGHTING,CONTROL_DEVICE,CHP_ROAD_TYPE,PEDESTRIAN_ACCIDENT,BICYCLE_ACCIDENT,MOTORCYCLE_ACCIDENT,TRUCK_ACCIDENT,NOT_PRIVATE_PROPERTY,ALCOHOL_INVOLVED,STWD_VEHTYPE_AT_FAULT,CHP_VEHTYPE_AT_FAULT,COUNT_SEVERE_INJ,COUNT_VISIBLE_INJ,COUNT_COMPLAINT_PAIN,COUNT_PED_KILLED,COUNT_PED_INJURED,COUNT_BICYCLIST_KILLED,COUNT_BICYCLIST_INJURED,COUNT_MC_KILLED,COUNT_MC_INJURED,PRIMARY_RAMP,SECONDARY_RAMP,LATITUDE,LONGITUDE,COUNTY,CITY,POINT_X,POINT_Y
94402440,2024,2024-09-20,9265,2024-05-28,1612,021519,,2,2,9,3900,0,1,3,,1,092,"STATE ROUTE 12","GUARD ROAD",1037.00,W,N,A,-,Y,SJ,,12," "," ",8.629,H,,R,Y,1,1,2,3,A,-,05,21460,,N,A,C,A,A,H,-,A,D,0,,,,,Y,Y,A,01,1,0,1,0,0,0,0,0,0,"- ","- ",38.116058349609375,-121.42624664306641,"SAN JOAQUIN",UNINCORPORATED,-121.42625427246094,38.116073608398438
94407698,2024,2024-10-10,9266,2024-09-13,"555 ",019865,,5,3,9,3900,0,2,4,,1,023,"S BIRD RD","W. LINNE RD",800.00,N,N,A,-,N,,,,,,,,,,Y,1,1,0,2,A,-,05,21651,B,N,A,C,A,A,H,-,D,D,0,,,,Y,Y,,A,01,0,0,0,0,0,0,0,0,0,"- ","- ",37.698501586914062,-121.36154174804688,"SAN JOAQUIN",UNINCORPORATED,-121.36125946044922,37.698394775390625
94409351,2024,2024-09-26,9265,2024-06-28,1708,016639,,5,2,9,3900,0,1,3,,1,013,"STATE ROUTE 4","GILLIS RD",0.00,,Y,A,-,Y,SJ,,4," "," ",21.633,H,,R,Y,1,1,0,2,A,-,05,21752,D,N,D,C,A,A,H,-,A,D,0,,,Y,Y,Y,,C,02,0,0,0,0,0,0,0,1,0,"- ","- ",37.949161529541016,-121.20185089111328,"SAN JOAQUIN",UNINCORPORATED,-121.20185852050781,37.949180603027344
9440989,2022,2022-05-09,3902,2022-02-01,1857,91,SUNSE,2,5,5,3902,0,0,0,,0,22-691,"LOWER SACRAMENTO RD","LODI AV",29.00,N,N,A,-,N,,,,,,,,,,Y,2,0,2,2,A,-,01,23153,A,N,C,C,A,A,H,-,C,D,0,,,,,Y,Y,A,01,1,0,1,0,0,0,0,0,0,"- ","- ",38.130088806152344,-121.30666351318359,"SAN JOAQUIN",LODI,-121.30678558349609,38.130138397216797
94419369,2024,2024-10-04,9265,2024-09-14,1855,023277,,6,2,9,3900,0,3,5,,2,090,SR-12,"I-5 S/B TO SR-12",0.00,,Y,A,-,Y,SJ,,12," "," ",10.016,H,,R,Y,2,0,1,2,A,-,12,21453,A,N,D,C,A,A,H,-,B,A,0,,,,Y,Y,,A,07,1,0,0,0,0,0,0,0,0,"- ","- ",38.116119384765625,-121.40077209472656,"SAN JOAQUIN",UNINCORPORATED,-121.40077209472656,38.115936279296875
94425356,2024,2024-10-09,9265,2024-09-23,1715,017439,,1,2,9,3900,0,3,5,,2,020,"EL DORADO ST.  NB","MATHEWS RD.",920.00,N,N,A,-,N,,,,,,,,,,N,2,0,1,1,A,-,08,22107,,N,F,A,A,A,H,-,A,D,0,,Y,,,Y,,M,91,1,0,0,0,0,0,1,0,0,"- ","- ",37.888439178466797,-121.27629089355469,"SAN JOAQUIN",UNINCORPORATED,-121.2763671875,37.884346008300781
94431705,2024,2024-10-15,9266,2024-10-03,1959,019091,,4,2,9,3900,0,1,1,,2,021,"I-580 W/B","S. CHRISMAN RD",1015.00,E,N,A,-,Y,SJ,,580," "," ",3.826,H,,R,Y,2,0,1,2,A,-,05,21651,B,N,D,C,A,A,H,-,C,D,0,,,,Y,Y,,G,25,1,0,0,0,0,0,0,0,0,"- ","- ",37.634540557861328,-121.39469146728516,"SAN JOAQUIN",UNINCORPORATED,-121.39469909667969,37.634529113769531
94438494,2024,2024-10-21,9265,2024-09-13,1958,022706,,5,2,6,3905,0,1,1,,2,503,"I-5 S/B","EIGHTH STREET",436.00,S,N,A,-,Y,SJ,,5," "," ",24.561,H,,L,Y,2,0,3,2,A,-,03,22350,,F,C,2,A,A,H,-,C,D,0,,,,,Y,,-,99,1,0,2,0,0,0,0,0,0,"- ","- ",37.925449371337891,-121.29422760009766,"SAN JOAQUIN",STOCKTON,-121.29420471191406,37.925457000732422
94441950,2024,2024-10-23,9265,2024-10-13,1902,023174,,7,2,9,3900,0,3,5,,2,010,"99 FRONTAGE ROAD","SUNNY RD",1013.00,S,N,A,-,N,,,,,,,,,,N,2,0,1,2,A,-,03,22350,,N,H,J,A,A,H,-,D,D,0,,,,,Y,,A,07,1,0,0,0,0,0,0,0,0,"- ","- ",37.896389007568359,-121.2200927734375,"SAN JOAQUIN",UNINCORPORATED,,
94447417,2024,2024-10-28,9265,2024-02-22,1022,022356,,4,1,6,3905,0,1,3,,1,042,"STATE ROUTE 4 EASTBOUND TO                    STAT","STATE ROUTE 99 SOUTHBOUND",350.00,W,N,A,-,Y,SJ,,4," ",R,19.351,H,,R,Y,1,1,0,2,A,-,03,22350,,N,F,0,A,A,H,-,A,A,0,,,Y,,Y,,C,02,0,0,0,0,0,0,0,1,0,"- ","- ",37.961029052734375,-121.24317169189453,"SAN JOAQUIN",STOCKTON,-121.24317169189453,37.961029052734375
94448671,2024,2024-10-29,9265,2024-05-19,1805,023195,,7,2,9,3900,0,2,4,,1,093,"ARMSTRONG RD","PEARSON RD",89.00,E,N,A,-,N,,,,,,,,,,Y,1,1,0,2,A,-,01,23152,A,N,D,5,A,A,H,-,A,A,0,,,,,Y,Y,A,01,0,0,0,0,0,0,0,0,0,"- ","- ",38.086578369140625,-121.27490997314453,"SAN JOAQUIN",UNINCORPORATED,-121.27494049072266,38.086551666259766
94449777,2024,2024-10-29,9266,2024-10-16,"505 ",021822,,3,3,9,3900,0,1,1,,2,021,"I-580 E/B","PATTERSON PASS ROAD",3802.00,E,N,A,-,Y,SJ,,580," "," ",12.819,H,,R,Y,2,0,1,1,A,-,08,22107,,N,E,I,A,A,H,-,D,D,0,,,,,Y,,A,01,1,0,0,0,0,0,0,0,0,"- ","- ",37.713279724121094,-121.52488708496094,"SAN JOAQUIN",UNINCORPORATED,-121.52483367919922,37.713340759277344
94453505,2024,2024-11-01,9265,2024-09-26,2115,022476,,4,2,6,3905,0,1,1,,2,503,"I-5 S/B","FRENCH CAMP RD",3400.00,N,N,A,-,Y,SJ,,5," ",R,23.181,H,,L,Y,2,0,2,3,A,-,03,22350,,N,C,C,A,A,H,-,D,D,0,,,,,Y,,A,01,2,0,0,0,0,0,0,0,0,"- ","- ",37.906230926513672,-121.28729248046875,"SAN JOAQUIN",STOCKTON,-121.28726959228516,37.906234741210938
94457316,2024,2024-11-04,9265,2024-09-18,2155,023098,,3,2,9,3900,0,3,5,,2,070,"BENJAMIN HOLT DR","PERSHING AVE",0.00,,Y,A,-,N,,,,,,,,,,Y,2,0,2,5,A,-,12,21453,A,N,D,2,A,A,H,-,C,A,0,,,,,Y,,A,01,1,0,1,0,0,0,0,0,0,"- ","- ",38.008571624755859,-121.32927703857422,"SAN JOAQUIN",UNINCORPORATED,-121.32926177978516,38.008583068847656
94459688,2024,2024-11-06,9265,2024-07-22,"850 ",023185,,1,1,9,3900,0,2,4,,1,015,"ESCALON BELLOTA RD","MILTON RD",0.00,,Y,A,-,N,,,,,,,,,,Y,1,1,0,2,A,-,03,22350,,N,D,C,A,A,H,-,A,A,0,,,Y,Y,Y,,C,02,0,0,0,0,0,0,0,1,0,"- ","- ",37.987949371337891,-120.99993133544922,"SAN JOAQUIN",UNINCORPORATED,-120.99990844726562,37.988029479980469
94460681,2024,2024-11-06,9265,2024-10-27,"612 ",022407,,7,1,9,3900,0,1,1,,2,502,"I-5 N/B","MATHEWS RD",3600.00,S,N,A,-,Y,SJ,,5," ",R,20.734,H,,R,N,2,0,1,2,A,-,08,22107,,N,B,C,A,A,H,-,D,D,0,,,,Y,Y,,A,01,1,0,0,0,0,0,0,0,0,"- ","- ",37.871818542480469,-121.27758026123047,"SAN JOAQUIN",UNINCORPORATED,-121.27754211425781,37.871818542480469
94470259,2024,2024-11-15,9265,2024-11-01,1954,022887,,5,2,9,3900,0,2,4,,1,082,"COUNTRY CLUB BLVD","FRANKLIN AVE",86.00,E,N,C,-,N,,,,,,,,,,N,2,0,1,2,A,-,03,22350,,F,G,B,D,B,H,-,C,D,0,Y,,,,Y,,-,99,1,0,0,0,1,0,0,0,0,"- ","- ",37.966171264648438,-121.32842254638672,"SAN JOAQUIN",UNINCORPORATED,-121.32891082763672,37.966007232666016
94472475,2024,2024-11-18,9266,2024-04-19,"759 ",022773,,5,1,9,3900,0,2,4,,1,023,"CHRISMAN ROAD","BATES ROAD",211.00,S,N,A,-,N,,,,,,,,,,N,1,1,0,2,A,-,12,22451,B,N,H,F,A,A,H,-,A,A,0,,,,,Y,,A,07,0,0,0,0,0,0,0,0,0,"- ","- ",37.704360961914062,-121.39808654785156,"SAN JOAQUIN",UNINCORPORATED,-121.39810943603516,37.704399108886719
94472736,2024,2024-11-18,9265,2024-10-24,"818 ",022798,,4,1,6,3905,0,1,1,,2,503,"I-5 S/B","MARCH LN",850.00,S,N,A,-,Y,SJ,,5," "," ",29.843,H,,L,Y,2,0,1,2,A,-,07,21658,A,N,B,2,A,A,H,-,A,D,0,,,,,Y,,-,"- ",1,0,0,0,0,0,0,0,0,"- ","- ",37.9822998046875,-121.34271240234375,"SAN JOAQUIN",STOCKTON,-121.34273529052734,37.982292175292969
94473731,2024,2024-12-06,9265,2024-11-06,1640,019182,,3,2,9,3900,0,3,5,,2,010,"FRENCH CAMP RD","MURPHY RD",0.00,,Y,A,-,N,,,,,,,,,,N,2,0,2,2,A,-,04,21703,,N,D,C,A,A,H,-,A,D,0,,,,,Y,,D,22,1,0,1,0,0,0,0,0,0,"- ","- ",37.80548095703125,-121.10713195800781,"SAN JOAQUIN",UNINCORPORATED,-121.10743713378906,37.805633544921875
94476583,2024,2024-11-20,9265,2024-05-12,"303 ",021830,,7,3,5,3902,0,1,3,,2,006,"KETTLEMAN LN TO STATE ROUTE 99 N/B","KETTLEMAN LN",474.00,N,N,A,-,Y,SJ,,99," "," ",29.580,H,,R,N,1,1,0,1,A,-,01,23152,F,N,E,I,A,A,H,-,D,D,0,,,,,Y,Y,A,01,0,0,0,0,0,0,0,0,0,"- ","- ",38.117378234863281,-121.25718688964844,"SAN JOAQUIN",LODI,-121.25751495361328,38.117424011230469
94477406,2024,2024-11-20,9265,2024-11-10,1806,023174,,7,2,4,3903,0,1,3,,2,025,"SR-120 E/B","MAIN ST",2623.00,E,N,A,-,Y,SJ,,120," ",R,5.814,H,,R,Y,2,0,1,3,A,-,03,22350,,N,C,C,A,A,H,-,C,D,0,,,,,Y,,A,01,1,0,0,0,0,0,0,0,0,"- ","- ",37.783180236816406,-121.20667266845703,"SAN JOAQUIN",MANTECA,-121.20667266845703,37.783210754394531
94478797,2024,2024-11-21,9266,2024-11-12,1640,019865,,2,2,9,3900,0,2,4,,1,012,"TRACY BLVD.","GRIMES RD.",4000.00,N,N,A,-,N,,,,,,,,,,Y,2,0,3,2,A,-,05,21460,A,N,A,C,A,A,H,-,A,D,0,,,,,Y,,A,01,2,0,1,0,0,0,0,0,0,"- ","- ",37.8331298828125,-121.45052337646484,"SAN JOAQUIN",UNINCORPORATED,-121.45023345947266,37.828533172607422
94479699,2024,2024-11-22,9265,2024-11-09,1830,023098,,6,2,9,3900,0,1,3,,1,063,"CLEMENTS RD",SR-12,0.00,,Y,A,-,N,,,,,,,,,,Y,2,0,2,2,A,-,12,22450,A,N,D,C,A,A,H,-,D,A,0,,,,,Y,,A,01,1,0,1,0,0,0,0,0,0,"- ","- ",38.193649291992188,-121.0784912109375,"SAN JOAQUIN",UNINCORPORATED,-121.07843780517578,38.193649291992188
94479716,2024,2024-11-22,9265,2024-11-12,1246,021519,,2,1,9,3900,0,1,3,,1,041,"SR-4 W/B","BACON ISLAND ROAD",1530.00,W,N,A,-,Y,SJ,,4," "," ",7.922,H,,L,Y,2,0,1,1,A,-,03,22350,,N,E,I,A,A,H,-,A,D,0,,,,,Y,,A,01,1,0,0,0,0,0,0,0,0,"- ","- ",37.919258117675781,-121.43977355957031,"SAN JOAQUIN",UNINCORPORATED,-121.43983459472656,37.919319152832031
94480861,2024,2024-11-22,9265,2024-11-14,"30  ",023185,,4,3,9,3900,0,3,5,,2,060,SR-26,"PODESTA LN",881.00,W,N,A,-,Y,SJ,,26," "," ",13.669,H,,R,Y,2,0,1,1,A,-,01,23152,A,N,E,I,A,A,H,-,D,D,0,,,,,Y,Y,A,07,1,0,0,0,0,0,0,0,0,"- ","- ",38.039970397949219,-121.03547668457031,"SAN JOAQUIN",UNINCORPORATED,-121.03547668457031,38.039962768554688
94482100,2024,2024-11-25,9265,2024-11-15,2015,022042,,5,2,9,3900,0,1,3,,2,006,"SR-99 N/B","JAHANT RD",1420.00,S,N,A,-,Y,SJ,,99," "," ",35.322,H,,R,Y,2,0,1,1,A,-,08,22107,,N,E,8,A,A,H,-,D,D,0,,,,,Y,,A,07,1,0,0,0,0,0,0,0,0,"- ","- ",38.200019836425781,-121.26280212402344,"SAN JOAQUIN",UNINCORPORATED,-121.26284027099609,38.200019836425781
94483246,2024,2024-11-25,9266,2024-09-08,2500,020599,,7,4,9,3900,0,1,3,,1,026,"SR-132 E/B","CHRISMAN ROAD",2112.00,E,N,A,-,Y,SJ,,132," "," ",0.654,H,,R,Y,1,1,0,1,A,-,01,23152,A,N,E,8,A,A,H,-,D,D,0,,,,,Y,Y,A,01,0,0,0,0,0,0,0,0,0,"- ","- ",37.638130187988281,-121.39015197753906,"SAN JOAQUIN",UNINCORPORATED,-121.39014434814453,37.638191223144531
94483675,2024,2024-11-26,9265,2024-04-13,2038,020071,,6,2,9,3900,0,1,3,,1,016,"STATE ROUTE 120","STEINEGUL RD",72.00,E,N,B,-,Y,SJ,,120," "," ",19.203,H,,R,N,1,1,0,2,A,-,11,21954,A,N,G,B,E,B,H,-,D,A,0,Y,,,,Y,,N,60,0,0,0,1,0,0,0,0,0,"- ","- ",37.793968200683594,-120.95961761474609,"SAN JOAQUIN",UNINCORPORATED,-120.95961761474609,37.793991088867188
94490282,2024,2024-12-03,9265,2024-07-01,"2   ",023277,,1,3,5,3902,0,1,3,,2,006,"STATE ROUTE 99 NORTHBOUND","TURNER RD",870.00,S,N,A,-,Y,SJ,,99," "," ",31.395,H,,R,Y,1,1,1,1,A,-,01,23152,A,N,E,I,A,A,H,-,D,D,0,,,,,Y,Y,A,01,1,0,0,0,0,0,0,0,0,"- ","- ",38.14337158203125,-121.26051330566406,"SAN JOAQUIN",LODI,-121.26054382324219,38.143360137939453
94491838,2024,2024-12-04,9265,2024-11-25,1106,020785,,1,1,9,3900,0,2,4,,1,093,"LOWER SACRAMENTO RD.","JAHANT RD.",0.00,,Y,C,-,N,,,,,,,,,,Y,2,0,2,2,A,-,03,22350,,M,C,C,A,B,H,-,A,D,0,,,,,Y,,A,07,1,1,0,0,0,0,0,0,0,"- ","- ",38.203678131103516,-121.29528045654297,"SAN JOAQUIN",UNINCORPORATED,-121.29531860351562,38.203704833984375
94497031,2024,2024-12-13,9265,2024-11-18,1724,021519,,1,2,6,3905,0,1,1,,2,503,"I-5 S/B","CHARTER WAY",1250.00,S,N,A,-,Y,SJ,,5," "," ",25.069,H,,L,Y,2,0,1,4,A,-,07,21658,A,N,B,C,A,A,H,-,C,D,0,,,,,Y,,A,07,1,0,0,0,0,0,0,0,0,"- ","- ",37.932540893554688,-121.29676818847656,"SAN JOAQUIN",STOCKTON,-121.29676818847656,37.932540893554688
94497293,2024,2024-12-13,9265,2024-06-16,1203,021364,,7,1,9,3900,0,3,5,,2,030,"MANTHEY ROAD","BOWMAN ROAD",0.00,,Y,A,-,N,,,,,,,,,,Y,1,1,2,2,A,-,01,23152,G,N,D,C,A,A,H,-,A,D,0,,,,,Y,Y,A,01,0,0,2,0,0,0,0,0,0,"- ","- ",37.865730285644531,-121.27974700927734,"SAN JOAQUIN",UNINCORPORATED,-121.27973175048828,37.865734100341797
94497569,2024,2024-12-13,9265,2024-11-24,1445,022365,,7,2,9,3900,0,1,3,,2,006,"SR-99 S/B","LIBERTY ROAD",1320.00,N,N,A,-,Y,SJ,,99," "," ",38.485,H,,L,Y,2,0,1,1,A,-,08,22107,,N,E,I,A,A,H,-,A,D,0,,,,,Y,,A,07,1,0,0,0,0,0,0,0,0,"- ","- ",38.241809844970703,-121.28575897216797,"SAN JOAQUIN",UNINCORPORATED,-121.28572082519531,38.241825103759766
94498306,2024,2024-12-13,9265,2024-11-28,1440,016382,,4,2,9,3900,0,2,4,,1,024,"22525 S. AIRPORT WAY","NILE AVENUE",1139.00,S,N,A,-,N,,,,,,,,,,N,2,0,2,1,A,-,01,23152,F,N,E,I,A,A,H,-,A,D,0,,,Y,,Y,,C,02,1,0,1,0,0,0,0,0,2,"- ","- ",37.751979827880859,-121.25341033935547,"SAN JOAQUIN",UNINCORPORATED,-121.25205230712891,37.751972198486328
94499310,2024,2024-12-13,9265,2024-11-26,1537,020785,,2,2,9,3900,0,2,4,,1,091,"EIGHT MILE ROAD","LOWER SACRAMENTO ROAD",1043.00,E,N,A,-,N,,,,,,,,,,Y,2,0,1,2,A,-,03,22350,,N,C,C,A,A,H,-,A,D,0,,,Y,,Y,,C,02,1,0,0,0,0,0,0,0,1,"- ","- ",38.057609558105469,-121.30687713623047,"SAN JOAQUIN",UNINCORPORATED,-121.31057739257812,38.057609558105469
94499720,2024,2024-12-13,9265,2024-11-28,"630 ",022499,,4,1,9,3900,0,2,4,,1,091,"DAVIS RD","EIGHT MILE RD",739.00,N,N,A,-,N,,,,,,,,,,N,2,0,1,1,A,-,08,22107,,N,E,I,A,A,H,-,A,D,0,,Y,,,Y,,M,91,1,0,0,0,0,0,1,0,0,"- ","- ",38.059730529785156,-121.33338165283203,"SAN JOAQUIN",UNINCORPORATED,-121.33335113525391,38.057598114013672
94503353,2024,2024-12-13,9265,2024-08-10,"202 ",022798,,6,3,9,3900,0,3,5,,2,020,"SEDAN AVE","ALICE RD",525.00,E,N,A,-,N,,,,,,,,,,Y,1,1,0,1,A,-,01,23152,A,N,E,I,A,A,H,-,D,D,0,,,,,Y,Y,A,07,0,0,0,0,0,0,0,0,0,"- ","- ",37.757518768310547,-121.19548034667969,"SAN JOAQUIN",UNINCORPORATED,-121.19548034667969,37.757553100585938
94503383,2024,2024-12-13,9265,2024-09-20,"307 ",022499,,5,3,9,3900,0,2,4,,1,014,"JACK TONE ROAD","DUCK CREEK BRIDGE",485.00,N,N,A,-,N,,,,,,,,,,Y,1,1,0,2,A,-,01,23152,G,N,C,C,A,A,H,-,D,D,0,,,,Y,Y,Y,A,01,0,0,0,0,0,0,0,0,0,"- ","- ",37.956401824951172,-121.14833831787109,"SAN JOAQUIN",UNINCORPORATED,,
94505565,2024,2024-12-16,9265,2024-12-10,1220,016510,,2,1,9,3900,0,1,1,,2,504,"I-5 N/B","MARCH LN",2112.00,N,N,A,-,Y,SJ,,5," "," ",30.430,H,,R,N,2,0,1,1,C,-,18,,,N,B,I,A,A,H,-,A,D,0,,,,,Y,,-,"- ",1,0,0,0,0,0,0,0,0,"- ","- ",37.990509033203125,-121.34577941894531,"SAN JOAQUIN",UNINCORPORATED,-121.34562683105469,37.990547180175781
94507116,2024,2024-12-17,9266,2024-12-09,1415,019865,,1,2,9,3900,0,1,1,,2,021,"I-580 W/B TO CHRISTMAN RD","CHRISMAN RD",100.00,E,N,A,-,Y,,,,,,,,,,Y,2,0,1,2,A,-,03,22350,,N,C,2,A,A,H,-,A,D,0,,,,,Y,,A,01,1,0,0,0,0,0,0,0,0,"- ","- ",37.636539459228516,-121.39716339111328,"SAN JOAQUIN",UNINCORPORATED,-121.39734649658203,37.636066436767578
94513733,2024,2024-12-23,9265,2024-12-07,2332,023277,,6,3,9,3900,0,1,3,,1,092,SR-12,"RAY ROAD",240.00,W,N,B,-,N,,,,,,,,,,N,2,0,1,2,A,-,08,22107,,F,G,B,E,A,H,-,D,D,0,Y,,,,Y,,-,99,1,0,0,0,1,0,0,0,0,"- ","- ",38.116218566894531,-121.37162017822266,"SAN JOAQUIN",UNINCORPORATED,-121.37155151367188,38.116130828857422
94515774,2024,2024-12-24,9265,2024-12-12,1215,024206,,4,1,9,3900,0,3,5,,2,010,"SOUTH ESCALON BELLOTA ROAD","CARTER ROAD",400.00,S,N,A,-,N,,,,,,,,,,Y,2,0,1,1,A,-,08,22107,,N,E,8,A,A,H,-,A,D,0,,,,,Y,,A,07,1,0,0,0,0,0,0,0,0,"- ","- ",37.885261535644531,-120.99990081787109,"SAN JOAQUIN",UNINCORPORATED,-120.99983215332031,37.885303497314453
94520691,2024,2024-12-30,9266,2024-08-19,1620,018628,,1,2,9,3900,0,1,3,,1,026,SR-132,"KOSTER ROAD",3168.00,E,N,A,-,Y,SJ,,132," "," ",4.842,H,,R,Y,1,1,1,3,A,-,06,21751,,N,A,C,A,A,H,-,A,D,0,,,,,Y,,A,01,1,0,0,0,0,0,0,0,0,"- ","- ",37.638031005859375,-121.3138427734375,"SAN JOAQUIN",UNINCORPORATED,-121.3138427734375,37.638015747070312
94521510,2024,2024-12-31,9265,2024-12-18,1955,022042,,3,2,9,3900,0,3,5,,2,060,"COMSTOCK RD","WALNUT DR",2000.00,N,N,B,-,N,,,,,,,,,,Y,2,0,2,1,A,-,03,22350,,N,E,I,A,A,H,-,D,D,0,,,,,Y,,A,01,2,0,0,0,0,0,0,0,0,"- ","- ",38.045581817626953,-121.05497741699219,"SAN JOAQUIN",UNINCORPORATED,,
94525008,2024,2025-01-03,9265,2024-12-22,"535 ",020785,,7,3,9,3900,0,1,3,,2,006,"SR-99 S/B","ACAMPO RD.",180.00,S,N,C,-,Y,SJ,,99," "," ",33.552,H,,L,Y,2,0,1,1,A,-,01,23152,A,N,E,8,A,B,H,-,D,D,0,,,,,Y,Y,D,22,1,0,0,0,0,0,0,0,0,"- ","- ",38.174388885498047,-121.26236724853516,"SAN JOAQUIN",UNINCORPORATED,-121.26242065429688,38.174388885498047
94526989,2024,2025-01-06,9265,2024-12-25,1541,022798,,3,2,9,3900,0,3,5,,2,060,"CLEMENTS RD","BRANDT RD",0.00,,Y,B,-,N,,,,,,,,,,Y,2,0,2,2,A,-,12,22450,A,N,D,C,A,A,H,-,A,A,0,,,,,Y,,A,01,1,0,1,0,0,0,0,0,0,"- ","- ",38.147998809814453,-121.07781982421875,"SAN JOAQUIN",UNINCORPORATED,-121.07780456542969,38.148021697998047
94527095,2024,2025-01-06,9265,2024-07-17,"554 ",020313,,3,3,9,3900,0,3,5,,2,010,"SANTA FE ROAD","HALL ROAD",2232.00,S,N,A,-,N,,,,,,,,,,N,1,1,0,3,A,-,03,22350,,N,C,G,A,A,H,-,B,D,0,,Y,,,Y,,D,22,0,0,0,0,0,1,0,0,0,"- ","- ",37.752651214599609,-120.94463348388672,"SAN JOAQUIN",UNINCORPORATED,-120.94715118408203,37.758369445800781
94527335,2024,2025-01-06,9265,2024-09-16,"611 ",017439,,1,1,9,3900,0,3,5,,2,010,"CARROLTON ROAD","LONE TREE ROAD",0.00,,Y,A,-,N,,,,,,,,,,N,1,1,1,2,A,-,12,22450,A,N,D,2,A,A,H,-,D,A,0,,,,,Y,,D,22,1,0,0,0,0,0,0,0,0,"- ","- ",37.827320098876953,-121.0714111328125,"SAN JOAQUIN",UNINCORPORATED,-121.07138824462891,37.827304840087891
94530411,2024,2025-01-08,9266,2024-10-05,2500,023624,,6,4,9,3900,0,1,3,,1,011,SR-4,"MIDDLE RIVER",5861.00,W,N,A,-,Y,SJ,,4," "," ",3.326,H,,R,N,1,1,0,2,A,-,08,22107,,F,G,B,E,A,H,-,C,D,0,Y,,,,Y,Y,A,01,0,0,0,1,0,0,0,0,0,"- ","- ",37.890941619873047,-121.51003265380859,"SAN JOAQUIN",UNINCORPORATED,-121.51002502441406,37.890926361083984
94543973,2024,2025-01-21,9265,2024-12-28,1232,024206,,6,1,9,3900,0,1,3,,2,006,"SR-99 SOUTHBOUND","WOODBRIDGE ROAD",3960.00,N,N,A,-,Y,SJ,,99," "," ",33.294,H,,L,Y,2,0,2,2,A,-,08,22107,,N,B,D,A,A,H,-,A,D,0,,,,,Y,,A,01,1,1,0,0,0,0,0,0,0,"- ","- ",38.170658111572266,-121.26229858398438,"SAN JOAQUIN",UNINCORPORATED,-121.26227569580078,38.170661926269531
94547654,2024,2025-01-23,9265,2024-12-31,1640,024228,,2,2,9,3900,0,1,1,,2,503,"INTERSTATE 5 S/B TO FRENCH CAMP ROAD","FRENCH CAMP ROAD",667.00,N,N,A,-,Y,,,,,,,,,,Y,2,0,1,1,A,-,01,23152,A,N,E,8,A,A,H,-,B,D,0,,,,,Y,Y,A,01,1,0,0,0,0,0,0,0,0,"- ","- ",37.899078369140625,-121.28518676757812,"SAN JOAQUIN",UNINCORPORATED,-121.28459930419922,37.8988037109375
94548583,2025,2025-01-24,9266,2025-01-11,"20  ",022773,,6,3,9,3900,0,2,4,,1,016,"ELEVENTH STREET","GRANT LINE ROAD",0.00,,Y,A,-,N,,,,,,,,,,N,2,0,1,1,A,-,01,23152,A,N,E,8,A,A,H,-,C,D,0,,,,,Y,Y,A,01,1,0,0,0,0,0,0,0,0,"- ","- ",37.753261566162109,-121.35159301757812,"SAN JOAQUIN",UNINCORPORATED,-121.35210418701172,37.753135681152344