CASE_ID,ACCIDENT_YEAR,PROC_DATE,JURIS,COLLISION_DATE,COLLISION_TIME,OFFICER_ID,REPORTING_DISTRICT,DAY_OF_WEEK,CHP_SHIFT,POPULATION,CNTY_CITY_LOC,SPECIAL_COND,BEAT_TYPE,CHP_BEAT_TYPE,CITY_DIVISION_LAPD,CHP_BEAT_CLASS,BEAT_NUMBER,PRIMARY_RD,SECONDARY_RD,DISTANCE,DIRECTION,INTERSECTION,WEATHER_1,WEATHER_2,STATE_HWY_IND,CALTRANS_COUNTY,CALTRANS_DISTRICT,STATE_ROUTE,ROUTE_SUFFIX,POSTMILE_PREFIX,POSTMILE,LOCATION_TYPE,RAMP_INTERSECTION,SIDE_OF_HWY,TOW_AWAY,COLLISION_SEVERITY,NUMBER_KILLED,NUMBER_INJURED,PARTY_COUNT,PRIMARY_COLL_FACTOR,PCF_CODE_OF_VIOL,PCF_VIOL_CATEGORY,PCF_VIOLATION,PCF_VIOL_SUBSECTION,HIT_AND_RUN,TYPE_OF_COLLISION,MVIW,PED_ACTION,ROAD_SURFACE,ROAD_COND_1,ROAD_COND_2,LIGHTING,CONTROL_DEVICE,CHP_ROAD_TYPE,PEDESTRIAN_ACCIDENT,BICYCLE_ACCIDENT,MOTORCYCLE_ACCIDENT,TRUCK_ACCIDENT,NOT_PRIVATE_PROPERTY,ALCOHOL_INVOLVED,STWD_VEHTYPE_AT_FAULT,CHP_VEHTYPE_AT_FAULT,COUNT_SEVERE_INJ,COUNT_VISIBLE_INJ,COUNT_COMPLAINT_PAIN,COUNT_PED_KILLED,COUNT_PED_INJURED,COUNT_BICYCLIST_KILLED,COUNT_BICYCLIST_INJURED,COUNT_MC_KILLED,COUNT_MC_INJURED,PRIMARY_RAMP,SECONDARY_RAMP,LATITUDE,LONGITUDE,COUNTY,CITY,POINT_X,POINT_Y
94554115,2024,2025-01-29,9265,2024-09-01,1525,022365,,7,2,9,3900,0,1,3,,2,004,"STATE ROUTE 99 SOUTHBOUND","CHEROKEE ROAD",2222.00,N,N,A,-,Y,SJ,,99," "," ",21.302,H,,L,Y,1,1,1,1,A,-,08,22107,,N,F,8,A,A,H,-,A,D,0,,,,,Y,,A,07,0,0,1,0,0,0,0,0,0,"- ","- ",37.997928619384766,-121.25524139404297,"SAN JOAQUIN",UNINCORPORATED,-121.25514221191406,37.997955322265625
94554295,2024,2025-01-29,9265,2024-06-01,2251,022849,,6,3,9,3900,0,3,5,,2,010,"FRENCH CAMP ROAD","PRESCOTT ROAD",930.00,W,N,A,-,N,,,,,,,,,,Y,1,3,0,2,A,-,01,23152,F,N,A,C,A,A,H,-,D,D,0,,,,,Y,Y,A,07,0,0,0,0,0,0,0,0,0,"- ","- ",37.840591430664062,-121.16986846923828,"SAN JOAQUIN",UNINCORPORATED,-121.16984558105469,37.840534210205078
94562295,2025,2025-02-03,9265,2025-01-20,"532 ",021519,,1,3,9,3900,0,3,5,,2,010,"LONE TREE ROAD","STEINEGUL ROAD",0.00,,Y,E,-,N,,,,,,,,,,Y,2,0,1,2,A,-,12,22450,A,N,D,C,A,B,H,-,D,A,0,,,,,Y,,A,07,1,0,0,0,0,0,0,0,0,"- ","- ",37.827598571777344,-120.96090698242188,"SAN JOAQUIN",UNINCORPORATED,-120.96090698242188,37.827613830566406
94562498,2025,2025-02-03,9265,2025-01-23,2005,023202,,4,2,9,3900,0,3,5,,2,010,"SR-99 E FRONTAGE RD","OLIVE AVE",3221.00,N,N,A,-,N,,,,,,,,,,N,2,0,1,2,C,-,18,,,N,G,B,E,A,H,-,D,D,0,Y,,,,Y,,-,"- ",1,0,0,0,1,0,0,0,0,"- ","- ",37.765838623046875,-121.16535186767578,"SAN JOAQUIN",UNINCORPORATED,,
9456391,2022,2022-06-17,3902,2022-03-27,2141,43,,7,5,5,3902,0,0,0,,0,002,"VICTOR RD","HOUSTON LN",713.00,E,N,A,-,N,,,,,,,,,,Y,2,0,1,1,A,-,03,22350,,N,E,I,A,A,D,-,C,A,0,,,Y,,Y,,C,02,1,0,0,0,0,0,0,0,1,"- ","- ",38.167098999023438,-121.25952911376953,"SAN JOAQUIN",LODI,-121.25716400146484,38.137588500976562
94565028,2024,2025-02-04,9265,2024-12-03,2200,023223,,2,3,9,3900,0,3,5,,2,020,"AIRPORT WAY","DIVISION ROAD",2640.00,S,N,B,-,N,,,,,,,,,,Y,1,1,0,1,A,-,01,23152,G,N,E,8,A,A,H,-,D,D,0,,,,,Y,Y,A,01,0,0,0,0,0,0,0,0,0,"- ","- ",37.681228637695312,-121.25405883789062,"SAN JOAQUIN",UNINCORPORATED,-121.25357818603516,37.681850433349609
94567613,2024,2025-02-06,9265,2024-12-27,2134,022476,,5,2,9,3900,0,2,4,,1,074,"W. BENJAMIN HOLT DR","PLYMOUTH RD",1100.00,E,N,A,-,N,,,,,,,,,,Y,2,0,2,3,A,-,01,23152,A,N,C,E,A,A,H,-,C,D,0,,,,,Y,Y,A,01,2,0,0,0,0,0,0,0,0,"- ","- ",38.005058288574219,-121.34587097167969,"SAN JOAQUIN",UNINCORPORATED,-121.34602355957031,38.005115509033203
94569800,2024,2025-02-07,9265,2024-12-20,1320,024209,,5,1,9,3900,0,1,3,,1,063,SR-12,"CORD RD",4710.00,E,N,B,-,Y,SJ,,12," "," ",26.744,H,,R,Y,2,0,1,1,A,-,08,22107,,N,E,8,A,A,H,-,A,D,0,,,,,Y,,A,01,1,0,0,0,0,0,0,0,0,"- ","- ",38.202838897705078,-121.00347900390625,"SAN JOAQUIN",UNINCORPORATED,-121.00350189208984,38.202915191650391
94569985,2024,2025-02-07,9265,2024-07-27,2034,022072,,6,2,9,3900,0,1,3,,2,004,"STATE ROUTE 99 SOUTHBOUND","WILSON WAY ONRAMP TO STATE ROUT 99 NORTHBOUND O/C",70.00,S,N,A,-,Y,SJ,,99," "," ",21.652,H,,L,Y,1,1,0,2,A,-,01,23152,A,N,C,C,A,A,H,-,C,D,0,,,Y,,Y,Y,C,02,0,0,0,0,0,0,0,1,0,"- ","- ",38.002830505371094,-121.25740814208984,"SAN JOAQUIN",UNINCORPORATED,-121.25736999511719,38.002845764160156
94570136,2025,2025-02-07,9265,2025-02-01,"255 ",022042,,6,3,9,3900,0,3,5,,2,050,"NEWTON RD","STEVENSON AVE",10.00,S,N,B,-,N,,,,,,,,,,Y,2,0,1,1,A,-,08,22107,,N,E,8,A,A,H,-,C,D,0,,,,,Y,,A,01,1,0,0,0,0,0,0,0,0,"- ","- ",37.997039794921875,-121.25877380371094,"SAN JOAQUIN",UNINCORPORATED,-121.25879669189453,37.997272491455078
94571309,2025,2025-02-10,9265,2025-01-29,1907,023202,,3,2,9,3900,0,3,5,,2,020,"SR-99 W FRONTAGE RD","BRUNSWICK RD",880.00,S,N,A,-,N,,,,,,,,,,N,2,0,1,2,D,-,00,,,N,A,G,A,A,H,-,D,D,0,,Y,,,Y,,-,"- ",1,0,0,0,0,0,1,0,0,"- ","- ",37.833328247070312,-121.21790313720703,"SAN JOAQUIN",UNINCORPORATED,,
94572369,2025,2025-02-10,9265,2025-01-24,1820,022887,,5,2,9,3900,0,1,3,,1,062,"SR-88 (WATERLOO ROAD)","PICCOLI ROAD",0.00,,Y,A,-,N,,,,,,,,,,N,2,0,1,3,A,-,11,21954,A,N,G,B,E,A,H,-,D,D,0,Y,,,,Y,,N,60,1,0,0,0,1,0,0,0,0,"- ","- ",37.986671447753906,-121.24691772460938,"SAN JOAQUIN",UNINCORPORATED,-121.24691009521484,37.986679077148438
94572451,2025,2025-02-10,9265,2025-01-31,"430 ",024228,,5,3,9,3900,0,1,1,,2,502,"I-5 S/B","ROTH ROAD",2307.00,S,N,A,-,Y,SJ,,5," ",R,19.153,H,,L,Y,2,0,1,2,A,-,03,22350,,N,C,C,A,A,H,-,D,D,0,,,,Y,Y,,A,07,1,0,0,0,0,0,0,0,0,"- ","- ",37.849269866943359,-121.2838134765625,"SAN JOAQUIN",UNINCORPORATED,-121.28376007080078,37.849262237548828
94572480,2024,2025-02-10,9265,2024-08-26,1940,023612,,1,2,9,3900,0,1,3,,2,006,"PELTIER ROAD","JACK TONE ROAD",1246.00,E,N,A,-,N,,,,,,,,,,Y,1,1,0,2,A,-,01,23152,A,N,C,2,A,A,H,-,B,D,0,,,Y,,Y,Y,C,02,0,0,0,0,0,0,0,1,0,"- ","- ",38.190620422363281,-121.15619659423828,"SAN JOAQUIN",UNINCORPORATED,-121.14745330810547,38.190792083740234
94577063,2025,2025-02-12,9265,2025-01-22,"255 ",021830,,3,3,9,3900,0,1,3,,1,063,"STATE ROUTE 88 (SR-88)","COLLIER RD",455.00,S,N,A,-,N,,,,,,,,,,N,2,0,2,1,A,-,08,22107,,N,E,J,A,A,H,-,D,D,0,,,,,Y,,A,01,1,1,0,0,0,0,0,0,0,"- ","- ",38.212150573730469,-121.06874847412109,"SAN JOAQUIN",UNINCORPORATED,-121.06863403320312,38.212497711181641
9457833,2022,2022-06-21,3906,2022-05-28,0300,1783,,6,5,5,3906,0,0,0,,0,007,"INTERNATIONAL PKWY N","PROMONTORY PKWY",0.00,,Y,A,-,N,,,,,,,,,,Y,2,0,2,1,A,-,00,21659,,N,E,I,A,A,H,-,C,A,0,,,,,Y,,A,01,1,1,0,0,0,0,0,0,0,"- ","- ",37.733779907226562,-121.53132629394531,"SAN JOAQUIN",TRACY,-121.53147125244141,37.733146667480469
94582269,2025,2025-02-18,9265,2025-02-04,1946,023195,,2,2,9,3900,0,1,1,,2,504,"I-5 S/B","BENJAMIN HOLT DR",3780.00,N,N,C,-,Y,SJ,,5," "," ",32.191,H,,L,Y,2,0,1,2,A,-,08,22107,,N,B,2,A,B,H,-,C,D,0,,,,Y,Y,,A,07,1,0,0,0,0,0,0,0,0,"- ","- ",38.014728546142578,-121.35578918457031,"SAN JOAQUIN",UNINCORPORATED,-121.35576629638672,38.014739990234375
94583946,2024,2025-02-19,9265,2024-09-22,2200,022282,,7,3,9,3900,0,1,1,,2,503,"INTERSTATE 5 SOUTHBOUND","CARLTON AVENUE",491.00,S,N,A,-,Y,SJ,,5," "," ",27.570,H,,L,N,1,1,0,2,A,-,11,21954,A,N,G,B,E,A,H,-,C,D,0,Y,,,Y,Y,,N,60,0,0,0,1,0,0,0,0,0,"- ","- ",37.956008911132812,-121.32315063476562,"SAN JOAQUIN",UNINCORPORATED,-121.32315063476562,37.956039428710938
94584933,2025,2025-02-20,9265,2025-01-31,2050,023202,,5,2,2,3920,0,1,1,,2,502,"I-5 N/B","ROTH RD",125.00,S,N,A,-,Y,SJ,,5," ",R,19.567,H,,R,Y,2,0,3,2,A,-,08,22107,,F,B,2,A,A,H,-,D,D,0,,,,,Y,,A,01,2,1,0,0,0,0,0,0,0,"- ","- ",37.855140686035156,-121.28201293945312,"SAN JOAQUIN",LATHROP,-121.28199768066406,37.855136871337891
94589421,2024,2025-02-25,9265,2024-04-13,2207,023223,,6,3,4,3903,0,1,3,,2,025,"STATE ROUTE 120 WESTBOUND","MOFFAT BLVD",200.00,W,N,B,-,Y,SJ,,120," ",R,6.385,H,,L,Y,1,4,3,1,A,-,01,23152,A,N,E,8,A,B,H,-,D,D,0,,,,,Y,Y,A,08,3,0,0,0,0,0,0,0,0,"- ","- ",37.783489227294922,-121.19622802734375,"SAN JOAQUIN",MANTECA,-121.19622802734375,37.783538818359375
94590906,2024,2025-02-26,9265,2024-12-22,2340,021830,,7,3,5,3902,0,1,3,,2,004,"STATE ROUTE 99 SOUTHBOUND","ARMSTRONG RD",1302.00,N,N,B,-,Y,SJ,,99," "," ",27.753,H,,L,N,1,1,0,2,A,-,11,21954,A,N,G,B,E,B,H,-,D,D,0,Y,,,,Y,Y,N,60,0,0,0,1,0,0,0,0,0,"- ","- ",38.091049194335938,-121.26013946533203,"SAN JOAQUIN",LODI,-121.26016998291016,38.091049194335938
9459240,2022,2022-06-14,3902,2022-05-14,1825,31,SUNSE,6,5,5,3902,0,0,0,,0,001,"CALIFORNIA ST","LOCUST ST",17.00,S,N,A,-,N,,,,,,,,,,Y,2,0,2,2,A,-,12,22450,A,N,D,C,A,A,H,-,A,A,0,,,,,Y,,A,01,1,0,1,0,0,0,0,0,0,"- ","- ",38.136798858642578,-121.28057098388672,"SAN JOAQUIN",LODI,-121.28057098388672,38.136814117431641
9459279,2022,2022-06-16,3902,2022-04-03,0057,75,,7,5,5,3902,0,0,0,,0,002,"LOCUST ST","CRESCENT AV",46.00,E,N,A,-,N,,,,,,,,,,,2,0,1,3,A,-,01,23153,A,F,C,E,A,A,H,-,C,D,0,,,,,Y,Y,A,01,1,0,0,0,0,0,0,0,0,"- ","- ",38.136810302734375,-121.28318023681641,"SAN JOAQUIN",LODI,-121.28299713134766,38.136848449707031
94593259,2025,2025-02-28,9265,2025-02-14,2030,024206,,5,2,9,3900,0,1,3,,2,006,"SR-99 E FRONTAGE ROAD","PELTIER ROAD",500.00,S,N,A,-,N,,,,,,,,,,Y,2,0,1,2,A,-,01,23152,A,N,C,4,A,A,H,-,D,D,0,,,,,Y,Y,D,22,1,0,0,0,0,0,0,0,0,"- ","- ",38.188030242919922,-121.26219177246094,"SAN JOAQUIN",UNINCORPORATED,,
94593275,2025,2025-03-03,9265,2025-01-31,2247,024228,,5,3,6,3905,0,1,1,,2,504,"I-5 S/B TO HAMMER LN","HAMMER LANE",680.00,N,N,B,-,Y,SJ,,5," "," ",32.864,H,,L,Y,2,0,1,2,A,-,03,22350,,F,C,C,A,B,H,-,D,D,0,,,,Y,Y,,D,22,1,0,0,0,0,0,0,0,0,"- ","- ",38.023799896240234,-121.36042022705078,"SAN JOAQUIN",STOCKTON,-121.36023712158203,38.023849487304688
94597342,2025,2025-03-05,9265,2025-02-20,"556 ",024252,,4,3,9,3900,0,1,3,,2,006,"SR-99 S/B","LIBERTY RD",4013.00,N,N,A,-,Y,SJ,,99," "," ",38.580,H,,L,Y,2,0,1,2,A,-,07,21658,A,M,B,2,A,A,H,-,D,D,0,,,,,Y,Y,-,99,1,0,0,0,0,0,0,0,0,"- ","- ",38.243110656738281,-121.28630828857422,"SAN JOAQUIN",UNINCORPORATED,-121.28649139404297,38.243038177490234
94598778,2025,2025-03-12,9266,2025-02-24,"220 ",021822,,1,3,9,3900,0,1,1,,1,015,"I-205 E/B","I-5 S/B",2112.00,W,N,A,-,Y,SJ,,205," ",R,12.308,H,,R,Y,2,0,5,2,A,-,08,22107,,M,C,C,A,A,H,-,D,D,0,,,,Y,Y,,A,01,1,4,0,0,0,0,0,0,0,"- ","- ",37.766349792480469,-121.33873748779297,"SAN JOAQUIN",UNINCORPORATED,-121.33873748779297,37.766353607177734
94600001,2025,2025-03-18,9265,2025-02-14,1645,020313,,5,2,9,3900,0,3,5,,2,060,"WAGNER LANE","DUNCAN ROAD",800.00,W,N,A,-,N,,,,,,,,,,N,2,0,1,1,A,-,03,22350,,N,E,I,A,A,H,-,A,D,0,,,Y,,Y,,C,06,1,0,0,0,0,0,0,0,1,"- ","- ",37.990688323974609,-121.09787750244141,"SAN JOAQUIN",UNINCORPORATED,-121.09778594970703,37.990692138671875
9460094,2022,2022-06-24,3902,2022-01-12,1352,105,SUNSE,3,5,5,3902,0,0,0,,0,001,"LOCKEFORD ST","CALIFORNIA ST",11.00,W,N,A,-,N,,,,,,,,,,N,2,0,1,2,A,-,05,21650,1,N,D,G,A,A,H,-,A,D,0,,Y,,,Y,,L,04,1,0,0,0,0,0,1,0,0,"- ","- ",38.1380615234375,-121.28048706054688,"SAN JOAQUIN",LODI,-121.28052520751953,38.138130187988281
94607421,2025,2025-06-12,9265,2025-02-22,1230,022366,,6,1,9,3900,0,1,3,,1,067,SR-88,"BLOSSOM COURT",0.00,,Y,A,-,Y,SJ,,88," "," ",13.248,H,,R,Y,2,0,2,2,A,-,09,21802,A,N,D,C,A,A,H,-,A,A,0,,,Y,,Y,,A,07,1,1,0,0,0,0,0,0,1,"- ","- ",38.152359008789062,-121.15657806396484,"SAN JOAQUIN",UNINCORPORATED,-121.15642547607422,38.152320861816406
94608545,2024,2025-03-18,9265,2024-11-17,1742,023736,,7,2,9,3900,0,3,5,,2,030,"SOUTH B STREET","10TH STREET",107.00,N,N,A,-,N,,,,,,,,,,N,1,1,0,2,A,-,03,22350,,N,G,B,D,A,H,-,C,D,0,Y,,,,Y,,A,07,0,0,0,1,0,0,0,0,0,"- ","- ",37.932258605957031,-121.25473785400391,"SAN JOAQUIN",UNINCORPORATED,-121.25472259521484,37.93218994140625
94609828,2024,2025-03-18,9265,2024-10-15,1255,017439,,2,1,4,3903,0,1,3,,2,025,"STATE ROUTE 120 EASTBOUND","MAIN STREET",350.00,W,N,A,-,Y,SJ,,120," ",R,5.238,H,,R,Y,1,1,10,8,A,-,03,22350,,N,C,C,A,A,H,-,A,D,0,,,,Y,Y,,G,25,3,7,0,0,0,0,0,0,0,"- ","- ",37.783199310302734,-121.21719360351562,"SAN JOAQUIN",MANTECA,-121.21719360351562,37.783203125
94610287,2025,2025-03-18,9265,2025-03-09,1654,022798,,7,2,9,3900,0,3,5,,2,060,"GNEKOW DR","SR-99 E FRONTAGE RD",865.00,E,N,A,-,N,,,,,,,,,,N,2,0,1,1,A,-,08,22107,,N,F,A,A,A,H,-,A,D,0,,,,,Y,Y,M,96,1,0,0,0,0,0,0,0,0,"- ","- ",38.026180267333984,-121.25485229492188,"SAN JOAQUIN",UNINCORPORATED,,
94610805,2025,2025-03-19,9265,2025-03-07,1506,024252,,5,2,6,3905,0,1,1,,2,503,"I-5 N/B","PERSHING AVE",1142.00,S,N,A,-,Y,SJ,,5," "," ",26.760,H,,R,Y,2,0,1,2,A,-,01,23152,A,N,B,2,A,A,H,-,A,D,0,,,,,Y,Y,A,01,1,0,0,0,0,0,0,0,0,"- ","- ",37.953338623046875,-121.30877685546875,"SAN JOAQUIN",STOCKTON,-121.30884552001953,37.953254699707031
94610950,2025,2025-03-19,9265,2025-03-11,1512,022798,,2,2,9,3900,0,2,4,,1,082,"COUNTRY CLUB DRIVE","GRANGE AVE",0.00,,Y,A,-,N,,,,,,,,,,Y,2,0,1,1,C,-,18,,,N,E,I,A,A,H,-,A,A,0,,,,,Y,,-,"- ",1,0,0,0,0,0,0,0,0,"- ","- ",37.968521118164062,-121.31926727294922,"SAN JOAQUIN",UNINCORPORATED,-121.31931304931641,37.968406677246094
94612747,2025,2025-03-21,9265,2025-03-11,2323,023572,,2,3,9,3900,0,1,3,,2,001,"SR-99 S/B",SR-120,932.00,S,N,A,-,Y,SJ,,99," "," ",6.002,H,,L,Y,2,0,2,4,A,-,03,22350,,N,C,C,A,A,D,-,C,D,0,,,,Y,Y,,G,25,2,0,0,0,0,0,0,0,0,"- ","- ",37.787921905517578,-121.18898773193359,"SAN JOAQUIN",UNINCORPORATED,-121.18894195556641,37.787929534912109
94612831,2025,2025-06-19,9265,2025-03-12,1626,024252,,3,2,9,3900,0,3,5,,2,030,"SR-99 W FRONTAGE RD","LOOMIS RD",90.00,S,N,C,-,N,,,,,,,,,,Y,2,0,2,2,A,-,03,22350,,N,A,C,A,B,H,-,A,D,0,,,,,Y,,A,01,1,1,0,0,0,0,0,0,0,"- ","- ",37.931190490722656,-121.23394775390625,"SAN JOAQUIN",UNINCORPORATED,,
94613688,2025,2025-03-24,9266,2025-03-08,1810,022792,,6,2,9,3900,0,2,4,,1,016,"ELEVENTH STREET","GRANT LINE ROAD",245.00,E,N,A,-,N,,,,,,,,,,N,2,0,1,1,A,-,03,22350,,N,F,A,A,A,H,-,C,D,0,,,Y,,Y,,C,02,1,0,0,0,0,0,0,0,1,"- ","- ",37.753829956054688,-121.35104370117188,"SAN JOAQUIN",UNINCORPORATED,-121.35210418701172,37.753135681152344
94637851,2025,2025-04-04,9265,2025-03-12,1630,016382,,3,2,9,3900,0,1,3,,1,092,"SR-12 E/B","TERMINOUS DR",1233.00,W,N,B,C,Y,SJ,,12," ",M,4.868,H,,R,Y,2,0,1,3,A,-,05,21460,A,N,A,C,A,B,H,-,A,D,0,,,,,Y,,A,07,1,0,0,0,0,0,0,0,0,"- ","- ",38.115211486816406,-121.49514007568359,"SAN JOAQUIN",UNINCORPORATED,-121.49514007568359,38.115184783935547
94640223,2024,2025-04-07,9265,2024-10-05,1015,016382,,6,1,9,3900,0,1,3,,1,061,"STATE ROUTE 26","SHELLEY ROAD",1014.00,E,N,A,-,Y,SJ,,26," "," ",19.226,H,,R,Y,1,1,2,2,A,-,08,22107,,N,A,2,A,A,H,-,A,D,0,,,,,Y,,A,01,1,0,1,0,0,0,0,0,0,"- ","- ",38.084781646728516,-120.96016693115234,"SAN JOAQUIN",UNINCORPORATED,-120.96015930175781,38.084758758544922
94640957,2025,2025-04-08,9265,2025-03-17,1650,024262,,1,2,9,3900,0,3,5,,2,010,"CLARK RD","S 99 FRONTAGE ROAD",510.00,E,N,A,-,N,,,,,,,,,,Y,2,0,2,1,A,-,08,22107,,N,F,8,A,A,H,-,A,D,0,,,,,Y,,A,01,1,1,0,0,0,0,0,0,0,"- ","- ",37.919559478759766,-121.22648620605469,"SAN JOAQUIN",UNINCORPORATED,-121.22882843017578,37.919521331787109
9464338,2022,2022-08-30,3904,2022-04-03,2500,P076,2,7,5,3,3904,0,0,0,,0,00A,"1580 SPRING CREEK DR","MILGEO AV",2360.00,E,N,A,-,N,,,,,,,,,,N,1,2,0,1,A,-,01,23152,F,N,E,I,A,A,G,-,D,D,0,,,,,Y,Y,A,01,0,0,0,0,0,0,0,0,0,"- ","- ",37.745109558105469,-121.1097412109375,"SAN JOAQUIN",RIPON,-121.10689544677734,37.746410369873047
9464340,2022,2022-08-30,3903,2022-05-03,0905,2295,,2,5,4,3903,0,0,0,,0,,"MOFFAT BL","E WOODWARD AV E",0.00,,Y,A,-,N,,,,,,,,,,Y,1,1,1,2,A,-,03,22350,,N,A,C,A,A,H,-,A,D,0,,,,,Y,,A,01,1,0,0,0,0,0,0,0,0,"- ","- ",,,"SAN JOAQUIN",MANTECA,-121.18328857421875,37.77587890625
94646558,2025,2025-04-11,9266,2025-03-21,1735,022955,,5,2,9,3900,0,1,3,,1,011,SR-4,"OLD RIVER BRIDGE",949.00,E,N,A,-,Y,SJ,,4," "," ",0.247,H,,R,Y,2,0,4,2,A,-,03,22350,,N,C,C,A,A,H,-,A,D,0,,,,,Y,,A,01,1,1,2,0,0,0,0,0,0,"- ","- ",37.890029907226562,-121.56636047363281,"SAN JOAQUIN",UNINCORPORATED,-121.56636047363281,37.889995574951172
94648255,2025,2025-04-14,9265,2025-03-30,1407,024320,,7,2,9,3900,0,3,5,,2,020,"FRENCH CAMP RD","UNION RD",470.00,W,N,A,-,Y,,,,,,,,,,Y,2,0,1,2,A,-,01,23152,A,N,D,C,A,A,H,-,A,D,0,,,,,Y,Y,A,01,1,0,0,0,0,0,0,0,0,"- ","- ",37.866020202636719,-121.23889923095703,"SAN JOAQUIN",UNINCORPORATED,-121.23883056640625,37.865955352783203
94652470,2025,2025-04-16,9265,2025-04-07,1128,024262,,1,1,4,3903,0,1,3,,2,025,"SR-120 E/B","VAN RYN AVENUE",41.00,E,N,B,-,Y,SJ,,120," ",R,6.160,H,,R,Y,2,0,1,3,A,-,03,22350,,N,C,2,A,A,H,-,A,D,0,,,,Y,Y,,G,25,1,0,0,0,0,0,0,0,0,"- ","- ",37.783180236816406,-121.20037078857422,"SAN JOAQUIN",MANTECA,-121.20037078857422,37.783206939697266
94654148,2025,2025-04-18,9265,2025-04-06,"345 ",022042,,7,3,9,3900,0,2,4,,1,053,"WILSON WAY","ALPINE ROAD",0.00,,Y,A,-,N,,,,,,,,,,Y,2,0,1,1,A,-,01,23152,A,N,E,I,A,A,H,-,C,A,0,,,,,Y,Y,A,01,1,0,0,0,0,0,0,0,0,"- ","- ",37.987689971923828,-121.26899719238281,"SAN JOAQUIN",UNINCORPORATED,-121.26876831054688,37.987812042236328
94660324,2025,2025-08-21,9265,2025-04-13,2100,024262,,7,2,9,3900,0,3,5,,2,060,"TULLY RD","SARGENT ROAD",1408.00,S,N,A,-,N,,,,,,,,,,Y,2,0,1,1,A,-,08,22107,,N,E,8,A,A,H,-,D,D,0,,,,,Y,,A,07,1,0,0,0,0,0,0,0,0,"- ","- ",38.128429412841797,-121.13329315185547,"SAN JOAQUIN",UNINCORPORATED,-121.13322448730469,38.127872467041016
94662611,2024,2025-04-24,9265,2024-10-20,1900,023277,,7,2,9,3900,0,1,1,,2,502,"INTERSTATE 5 SOUTHBOUND","FRENCH CAMP ROAD",460.00,S,N,A,-,Y,SJ,,5," ",R,22.415,H,,L,Y,1,1,2,3,A,-,01,23152,A,N,F,2,A,A,H,-,C,D,0,,,,,Y,Y,A,07,0,1,1,0,0,0,0,0,0,"- ","- ",37.895790100097656,-121.28350830078125,"SAN JOAQUIN",UNINCORPORATED,-121.28350067138672,37.895790100097656
94663353,2025,2025-04-24,9265,2025-04-15,"532 ",021519,,2,3,9,3900,0,2,4,,1,015,"COPPEROPOLIS ROAD","DUNCAN ROAD",2740.00,W,N,A,-,N,,,,,,,,,,Y,2,0,1,2,A,-,09,21804,A,F,D,C,A,A,H,-,D,D,0,,,,,Y,,M,46,1,0,0,0,0,0,0,0,0,"- ","- ",37.971981048583984,-121.10421752929688,"SAN JOAQUIN",UNINCORPORATED,-121.10415649414062,37.971977233886719
94664553,2025,2025-04-25,9266,2025-04-13,"136 ",022029,,7,3,9,3900,0,1,1,,2,024,"I-5 N/B",SR-33,3274.00,N,N,A,-,Y,SJ,,5," "," ",7.089,H,,R,Y,2,0,2,1,A,-,01,23152,A,N,F,A,A,A,H,-,D,D,0,,,,,Y,Y,A,07,1,1,0,0,0,0,0,0,0,"- ","- ",37.690620422363281,-121.34317779541016,"SAN JOAQUIN",UNINCORPORATED,-121.34313201904297,37.690620422363281
94670342,2024,2025-04-30,9265,2024-12-09,2342,020071,,1,3,2,3920,0,1,1,,2,502,"INTERSTATE 5 SOUTHBOUND","LOUISE AVE",2290.00,S,N,A,-,Y,SJ,,5," ",R,16.043,H,,L,N,1,1,0,1,A,-,01,23152,G,N,F,0,A,A,H,-,D,D,0,,,,,Y,Y,A,01,0,0,0,0,0,0,0,0,0,"- ","- ",37.805679321289062,-121.29804992675781,"SAN JOAQUIN",LATHROP,-121.29796600341797,37.805660247802734
94687544,2025,2025-05-14,9265,2025-04-25,"931 ",024417,,5,1,9,3900,0,1,3,,1,062,"SR-88 W/B","CLEMENTS RD",100.00,E,N,A,-,Y,SJ,,88," "," ",18.532,H,,L,Y,2,0,1,1,A,-,01,23152,G,N,E,8,A,A,H,-,A,D,0,,,,,Y,Y,D,22,1,0,0,0,0,0,0,0,0,"- ","- ",38.193771362304688,-121.07846069335938,"SAN JOAQUIN",UNINCORPORATED,-121.07841491699219,38.193683624267578
94689464,2025,2025-05-16,9265,2025-05-04,1116,020785,,7,1,9,3900,0,1,3,,1,063,"VICTOR RD.",SR-88,121.00,W,N,A,-,Y,SJ,,12," ",L,23.253,H,,R,Y,2,0,1,2,A,-,05,21460,A,N,A,C,A,A,H,-,A,A,0,,,Y,,Y,,C,02,1,0,0,0,0,0,0,0,1,"- ","- ",38.138729095458984,-121.16294097900391,"SAN JOAQUIN",UNINCORPORATED,-121.16294097900391,38.138721466064453