CASE_ID,ACCIDENT_YEAR,PROC_DATE,JURIS,COLLISION_DATE,COLLISION_TIME,OFFICER_ID,REPORTING_DISTRICT,DAY_OF_WEEK,CHP_SHIFT,POPULATION,CNTY_CITY_LOC,SPECIAL_COND,BEAT_TYPE,CHP_BEAT_TYPE,CITY_DIVISION_LAPD,CHP_BEAT_CLASS,BEAT_NUMBER,PRIMARY_RD,SECONDARY_RD,DISTANCE,DIRECTION,INTERSECTION,WEATHER_1,WEATHER_2,STATE_HWY_IND,CALTRANS_COUNTY,CALTRANS_DISTRICT,STATE_ROUTE,ROUTE_SUFFIX,POSTMILE_PREFIX,POSTMILE,LOCATION_TYPE,RAMP_INTERSECTION,SIDE_OF_HWY,TOW_AWAY,COLLISION_SEVERITY,NUMBER_KILLED,NUMBER_INJURED,PARTY_COUNT,PRIMARY_COLL_FACTOR,PCF_CODE_OF_VIOL,PCF_VIOL_CATEGORY,PCF_VIOLATION,PCF_VIOL_SUBSECTION,HIT_AND_RUN,TYPE_OF_COLLISION,MVIW,PED_ACTION,ROAD_SURFACE,ROAD_COND_1,ROAD_COND_2,LIGHTING,CONTROL_DEVICE,CHP_ROAD_TYPE,PEDESTRIAN_ACCIDENT,BICYCLE_ACCIDENT,MOTORCYCLE_ACCIDENT,TRUCK_ACCIDENT,NOT_PRIVATE_PROPERTY,ALCOHOL_INVOLVED,STWD_VEHTYPE_AT_FAULT,CHP_VEHTYPE_AT_FAULT,COUNT_SEVERE_INJ,COUNT_VISIBLE_INJ,COUNT_COMPLAINT_PAIN,COUNT_PED_KILLED,COUNT_PED_INJURED,COUNT_BICYCLIST_KILLED,COUNT_BICYCLIST_INJURED,COUNT_MC_KILLED,COUNT_MC_INJURED,PRIMARY_RAMP,SECONDARY_RAMP,LATITUDE,LONGITUDE,COUNTY,CITY,POINT_X,POINT_Y
94694427,2025,2025-05-20,9252,2025-05-07,1505,023239,,3,2,9,3900,0,1,S,,2,904,"SR-99 S/B","99 FRONTAGE RD",762.00,N,N,A,-,Y,SJ,,99," "," ",22.053,H,,L,N,2,0,3,2,A,-,08,22107,,N,C,C,A,A,H,-,A,D,0,,,,,Y,,A,01,2,1,0,0,0,0,0,0,0,"- ","- ",38.008590698242188,-121.25814819335938,"SAN JOAQUIN",UNINCORPORATED,-121.25807952880859,38.008590698242188
94697719,2025,2025-05-22,9265,2025-05-09,1511,022798,,5,2,9,3900,0,1,3,,2,003,"SR-99 S/B","GOLDEN GATE AVE",30.00,S,N,A,-,Y,SJ,,99," "," ",17.470,H,,L,Y,2,0,1,2,A,-,07,21658,A,F,B,C,A,A,H,-,A,D,0,,,,,Y,,-,99,1,0,0,0,0,0,0,0,0,"- ","- ",37.944309234619141,-121.23548126220703,"SAN JOAQUIN",UNINCORPORATED,-121.23545074462891,37.944313049316406
94699089,2024,2025-05-23,9266,2024-10-17,1520,021677,,4,2,9,3900,0,2,4,,1,012,"TRACY BOULEVARD","CLIFTON COURT ROAD",370.00,S,N,A,-,N,,,,,,,,,,Y,1,2,1,2,A,-,05,21460,,N,A,C,A,A,H,-,A,D,0,,,,,Y,,A,07,0,0,1,0,0,0,0,0,0,"- ","- ",37.832180023193359,-121.45036315917969,"SAN JOAQUIN",UNINCORPORATED,-121.45269775390625,37.841407775878906
94699238,2025,2025-05-23,9265,2025-05-09,"637 ",024417,,5,1,6,3905,0,1,3,,1,042,"SR-4 E/B TO SR-99 S/B","MAIN STREET",1900.00,S,N,A,-,Y,SJ,,99," "," ",18.522,H,,L,Y,2,0,1,2,A,-,08,22107,,N,B,E,A,A,H,-,A,D,0,,,,Y,Y,,A,07,1,0,0,0,0,0,0,0,0,"- ","- ",37.959499359130859,-121.24150085449219,"SAN JOAQUIN",STOCKTON,-121.2412109375,37.959556579589844
94701238,2025,2025-05-27,9265,2025-05-02,1043,024290,,5,1,9,3900,0,3,5,,2,020,"EL DORADO ST","MATHEWS RD",0.00,,Y,A,-,N,,,,,,,,,,Y,2,0,2,2,A,-,01,23152,A,N,D,C,A,A,H,-,C,A,0,,,,,Y,Y,A,07,1,0,1,0,0,0,0,0,0,"- ","- ",37.881801605224609,-121.27633666992188,"SAN JOAQUIN",UNINCORPORATED,-121.27622985839844,37.881820678710938
94701247,2025,2025-05-27,9265,2025-05-05,1814,024262,,1,2,9,3900,0,3,5,,2,010,"E RIVER ROAD","SUTLIFF RD",445.00,E,N,A,-,N,,,,,,,,,,Y,2,0,1,2,A,-,04,21703,,N,C,C,A,A,H,-,A,D,0,,,Y,,Y,,C,02,1,0,0,0,0,0,0,0,1,"- ","- ",37.769191741943359,-120.93499755859375,"SAN JOAQUIN",UNINCORPORATED,-120.93508148193359,37.769203186035156
94710016,2025,2025-06-02,9265,2025-05-11,1650,024209,,7,2,9,3900,0,3,5,,2,080,"OXFORD WAY","MISSION RD",50.00,E,N,A,-,N,,,,,,,,,,Y,2,0,2,3,A,-,01,23152,A,N,A,4,A,A,H,-,A,D,0,,,,,Y,Y,A,01,1,1,0,0,0,0,0,0,0,"- ","- ",37.969020843505859,-121.32286834716797,"SAN JOAQUIN",UNINCORPORATED,-121.32368469238281,37.968769073486328
94711521,2025,2025-06-03,9265,2025-03-01,1859,023195,,6,2,9,3900,0,2,4,,1,093,"THORNTON ROAD","EIGHT MILE ROAD",1270.00,N,N,B,-,N,,,,,,,,,,N,1,1,0,2,A,-,17,21200,,N,D,G,A,A,H,-,D,D,0,,Y,,,Y,Y,L,04,0,0,0,0,0,1,0,0,0,"- ","- ",38.061260223388672,-121.35192108154297,"SAN JOAQUIN",UNINCORPORATED,-121.35182952880859,38.057659149169922
94715307,2025,2025-06-06,9265,2025-05-30,"220 ",023364,,5,3,9,3900,0,1,3,,2,003,"SR-99 N/B","ARCH RD",1814.00,S,N,A,-,Y,SJ,,99," "," ",14.259,H,,R,Y,2,0,2,1,A,-,01,23152,A,N,E,8,A,A,H,-,C,D,0,,,,,Y,Y,A,07,1,1,0,0,0,0,0,0,0,"- ","- ",37.899990081787109,-121.22078704833984,"SAN JOAQUIN",UNINCORPORATED,-121.22084808349609,37.899974822998047
94720611,2025,2025-06-10,9265,2025-06-02,1709,021644,,1,2,9,3900,0,2,4,,1,051,"EAST MAIN ST","S GERTRUDE AVE",0.00,,Y,A,-,N,,,,,,,,,,N,2,0,1,2,A,-,10,21950,A,N,G,B,B,A,H,-,A,A,0,Y,,,,Y,,A,01,1,0,0,0,1,0,0,0,0,"- ","- ",37.954410552978516,-121.23238372802734,"SAN JOAQUIN",UNINCORPORATED,-121.2322998046875,37.954456329345703
94722405,2025,2025-06-12,9265,2025-05-29,1336,024396,,4,1,9,3900,0,1,3,,2,004,"HARNEY LANE","HURD ROAD",160.00,E,N,A,-,N,,,,,,,,,,Y,2,0,6,3,A,-,08,22107,,N,B,2,A,A,H,-,A,D,0,,,,,Y,,A,01,2,2,2,0,0,0,0,0,0,"- ","- ",38.101470947265625,-121.25453186035156,"SAN JOAQUIN",UNINCORPORATED,-121.25449371337891,38.101497650146484
94724111,2025,2025-06-12,9265,2025-06-05,"458 ",022499,,4,3,9,3900,0,3,5,,2,050,"MAIN ST","GILLIS RD",707.00,E,N,A,-,N,,,,,,,,,,Y,2,0,1,2,A,-,09,21804,A,N,D,2,A,A,H,-,D,D,0,,,Y,,Y,,A,07,1,0,0,0,0,0,0,0,1,"- ","- ",37.96160888671875,-121.20459747314453,"SAN JOAQUIN",UNINCORPORATED,-121.20465087890625,37.961582183837891
94726562,2025,2025-06-16,9265,2025-06-04,"815 ",020513,,3,1,9,3900,0,2,4,,1,072,"PERSHING AVE","MEADOW AVE",0.00,,Y,A,-,N,,,,,,,,,,N,2,0,1,2,A,-,09,21802,A,N,D,D,A,A,H,-,A,A,0,,,,,Y,,A,01,1,0,0,0,0,0,0,0,0,"- ","- ",38.016170501708984,-121.33009338378906,"SAN JOAQUIN",UNINCORPORATED,-121.32991027832031,38.016178131103516
94729554,2025,2025-06-17,9265,2025-05-26,1745,016359,,1,2,9,3900,0,3,5,,2,010,"FRENCH CAMP RD","SR-99 N/B",1750.00,E,N,A,-,N,,,,,,,,,,Y,2,0,2,3,A,-,03,22350,,F,C,C,A,A,H,-,A,D,0,,,,,Y,,-,99,2,0,0,0,0,0,0,0,0,"- ","- ",37.857780456542969,-121.21177673339844,"SAN JOAQUIN",UNINCORPORATED,-121.21292877197266,37.858192443847656
94730699,2024,2025-06-18,9265,2024-12-02,2307,022282,,1,3,6,3905,0,1,3,,1,042,"STATE ROUTE 4 WESTBOUND","AIRPORT WAY",150.00,W,N,A,-,Y,SJ,,4," ",R,17.542,H,,L,N,1,1,0,2,A,-,11,21954,A,F,G,B,E,A,H,-,C,D,0,Y,,,,Y,,N,60,0,0,0,1,0,0,0,0,0,"- ","- ",37.952949523925781,-121.27417755126953,"SAN JOAQUIN",STOCKTON,-121.27417755126953,37.952949523925781
94730744,2025,2025-06-18,9265,2025-06-14,"155 ",022706,,6,3,9,3900,0,1,1,,2,504,"I-5 N/B","EIGHT MILE RD",9610.00,S,N,A,-,Y,SJ,,5," "," ",33.477,H,,R,N,2,0,1,1,A,-,01,23152,A,N,B,I,A,A,D,-,C,A,0,,,Y,,Y,Y,C,02,1,0,0,0,0,0,0,0,1,"- ","- ",38.032279968261719,-121.36399841308594,"SAN JOAQUIN",UNINCORPORATED,-121.36402893066406,38.032272338867188
94735697,2025,2025-06-23,9266,2025-06-12,"535 ",020279,,4,3,5,3906,0,1,1,,2,021,"I-580 W/B","CORRAL HOLLOW RD",5280.00,W,N,A,-,Y,SJ,,580," "," ",9.229,H,,R,Y,2,0,3,3,A,-,03,22350,,N,C,C,A,A,H,-,A,D,0,,,,,Y,,A,01,1,1,1,0,0,0,0,0,0,"- ","- ",37.681861877441406,-121.47283172607422,"SAN JOAQUIN",TRACY,-121.47281646728516,37.681877136230469
94736391,2025,2025-06-23,9265,2025-06-16,"200 ",023736,,1,3,9,3900,0,1,3,,2,006,"STATE ROUTE 99 NORTHBOUND","KETTLEMAN LANE",2599.00,N,N,A,-,Y,SJ,,99," "," ",30.002,H,,R,Y,2,0,2,1,A,-,01,23153,A,N,E,8,A,A,H,-,D,D,0,,,,,Y,Y,A,08,1,1,0,0,0,0,0,0,0,"- ","- ",38.123481750488281,-121.25717926025391,"SAN JOAQUIN",UNINCORPORATED,-121.25724029541016,38.123477935791016
94737402,2025,2025-06-24,9265,2025-06-10,"951 ",017439,,2,1,9,3900,0,1,3,,1,013,"SR-4 (FARMINGTON ROAD)","GILLIS RD",0.00,,Y,A,-,Y,SJ,,4," "," ",21.625,H,,R,N,2,0,1,2,A,-,03,22350,,F,B,C,A,A,H,-,A,D,0,,,Y,,Y,,C,02,1,0,0,0,0,0,0,0,1,"- ","- ",37.949131011962891,-121.20200347900391,"SAN JOAQUIN",UNINCORPORATED,-121.20200347900391,37.949142456054688
94737582,2025,2025-06-24,9266,2025-06-14,"35  ",022955,,6,3,9,3900,0,2,4,,2,010,"HOWARD RD","S WING LEVEE ROAD",2799.00,S,N,A,-,N,,,,,,,,,,Y,2,0,2,2,A,-,05,21460,A,N,A,C,A,A,H,-,D,D,0,,,,,Y,,A,07,1,1,0,0,0,0,0,0,0,"- ","- ",37.869468688964844,-121.40097045898438,"SAN JOAQUIN",UNINCORPORATED,-121.38398742675781,37.877048492431641
94737852,2025,2025-06-24,9265,2025-06-21,"612 ",022365,,6,1,9,3900,0,1,3,,2,004,"STATE ROUTE 99","ARMSTRONG ROAD",5280.00,S,N,A,-,Y,SJ,,99," "," ",26.498,H,,R,Y,2,0,1,1,A,-,01,23152,A,N,E,I,A,A,H,-,A,D,0,,,,,Y,Y,A,07,1,0,0,0,0,0,0,0,0,"- ","- ",38.072940826416016,-121.25984191894531,"SAN JOAQUIN",UNINCORPORATED,-121.25969696044922,38.072940826416016
94739840,2025,2025-06-25,9266,2025-06-12,2333,022955,,4,3,9,3900,0,1,1,,2,024,"I-5 S/B TO ELEVENTH ST","I-205 E/B",2805.00,S,N,A,-,Y,SJ,,5," ",R,12.085,H,,L,Y,2,0,1,1,A,-,01,23152,A,N,E,I,A,A,H,-,C,D,0,,,Y,,Y,Y,C,02,1,0,0,0,0,0,0,0,1,"- ","- ",37.761928558349609,-121.33950042724609,"SAN JOAQUIN",UNINCORPORATED,-121.33942413330078,37.761867523193359
94754119,2025,2025-07-08,9265,2025-01-02,1728,022499,,4,2,9,3900,0,2,4,,1,091,"METTLER ROAD","HAM LANE",1147.00,W,N,A,-,N,,,,,,,,,,N,1,1,1,3,A,-,03,22350,,N,G,B,E,A,H,-,D,D,0,Y,,,,Y,,D,22,1,0,0,1,1,0,0,0,0,"- ","- ",38.075599670410156,-121.29142761230469,"SAN JOAQUIN",UNINCORPORATED,-121.29136657714844,38.075611114501953
94755419,2025,2025-07-09,9265,2025-06-30,1525,021519,,1,2,9,3900,0,2,4,,1,074,"BENJAMIN HOLT DRIVE","ALEXANDRIA PLACE",62.00,E,N,A,-,N,,,,,,,,,,Y,2,0,1,2,A,-,01,23152,A,N,B,C,A,A,H,-,A,D,0,,,Y,,Y,Y,C,02,1,0,0,0,0,0,0,0,1,"- ","- ",38.005870819091797,-121.33851623535156,"SAN JOAQUIN",UNINCORPORATED,-121.33857727050781,38.005802154541016
9481107,2022,2022-08-04,3902,2022-05-12,0325,54,HERIT,4,5,5,3902,0,0,0,,0,002,"LOCKEFORD ST","STOCKTON ST",158.00,W,N,A,-,N,,,,,,,,,,N,2,0,1,1,A,-,01,23152,,N,E,I,A,A,H,-,C,D,0,,,,,Y,Y,A,01,1,0,0,0,0,0,0,0,0,"- ","- ",38.137908935546875,-121.26911163330078,"SAN JOAQUIN",LODI,-121.26966857910156,38.13787841796875
94814460,2025,2025-08-22,9265,2025-03-09,2150,022282,,7,2,9,3900,0,3,5,,2,030,"HOWARD RD","WOLFE RD",1131.00,W,N,A,-,N,,,,,,,,,,Y,1,1,1,1,A,-,08,22107,,N,E,I,A,A,H,-,D,D,0,,,,,Y,,A,01,0,0,1,0,0,0,0,0,0,"- ","- ",37.877361297607422,-121.30653381347656,"SAN JOAQUIN",UNINCORPORATED,-121.30556488037109,37.877555847167969
94818544,2025,2025-08-26,9265,2025-05-09,"18  ",022706,,5,3,9,3900,0,2,4,,1,053,"WILSON WAY","BELVEDERE AVE",15.00,S,N,A,-,N,,,,,,,,,,N,1,1,0,2,A,-,03,22350,,F,G,B,E,A,H,-,C,D,0,Y,,,,Y,Y,D,22,0,0,0,1,0,0,0,0,0,"- ","- ",37.986671447753906,-121.26947021484375,"SAN JOAQUIN",UNINCORPORATED,-121.26939392089844,37.986721038818359
94818650,2025,2025-08-26,9265,2025-06-30,"827 ",024262,,1,1,9,3900,0,1,3,,2,001,"STATE ROUTE 99 SOUTHBOUND TO LATHROP ROAD","E. LATHROP ROAD",430.00,N,N,A,-,Y,,,,,,,,,,Y,1,1,0,2,A,-,08,22107,,N,C,E,A,A,H,-,A,D,0,,,,Y,Y,,F,26,0,0,0,0,0,0,0,0,0,"- ","- ",37.827930450439453,-121.21888732910156,"SAN JOAQUIN",UNINCORPORATED,-121.21746063232422,37.827831268310547
94818700,2025,2025-08-26,9265,2025-04-13,"615 ",024206,,7,1,6,3905,0,1,1,,2,503,"INTERSTATE 5 NORTHBOUND","DOWNING AVENUE",2376.00,S,N,A,-,Y,SJ,,5," ",R,23.213,H,,R,Y,1,1,0,1,A,-,01,23152,A,N,E,I,A,A,H,-,B,D,0,,,,,Y,Y,A,07,0,0,0,0,0,0,0,0,0,"- ","- ",37.906700134277344,-121.28703308105469,"SAN JOAQUIN",STOCKTON,-121.28709411621094,37.906684875488281
9481960,2022,2022-08-12,3903,2022-05-14,2007,5508,,6,5,4,3903,0,0,0,,0,,"S AUSTIN RD","EAST YOSEMITE AV",2920.00,S,N,A,-,N,,,,,,,,,,N,2,0,1,2,A,-,11,21954,A,N,G,B,D,A,H,-,B,D,0,Y,,,Y,Y,,N,60,1,0,0,0,1,0,0,0,0,"- ","- ",37.789928436279297,-121.17964935302734,"SAN JOAQUIN",MANTECA,-121.17961883544922,37.789554595947266
9482196,2022,2022-08-23,3903,2022-06-27,0537,5624,,1,5,4,3903,0,0,0,,0,,"WEST LOUISE AV","DEVONSHIRE AV",495.00,W,N,A,-,N,,,,,,,,,,Y,2,0,1,1,C,-,18,,,N,E,I,A,A,H,-,A,D,0,,,,,Y,,-,"- ",1,0,0,0,0,0,0,0,0,"- ","- ",37.811920166015625,-121.23847961425781,"SAN JOAQUIN",MANTECA,-121.24022674560547,37.811935424804688
9482210,2022,2022-08-24,3903,2022-05-31,2257,5535,,2,5,4,3903,0,0,0,,0,,"MOFFAT BL","S AUSTIN RD S",0.00,,Y,A,-,N,,,,,,,,,,Y,2,0,3,2,A,-,01,23153,B,N,A,C,A,A,H,-,C,A,0,,,,,Y,Y,A,01,1,2,0,0,0,0,0,0,0,"- ","- ",37.77349853515625,-121.17925262451172,"SAN JOAQUIN",MANTECA,-121.17926025390625,37.773521423339844
9482216,2022,2022-08-15,3903,2022-05-16,1216,3540,,1,5,4,3903,0,0,0,,0,,"GRAN PRIX AV","WEST YOSEMITE AV",307.00,S,N,A,-,N,,,,,,,,,,Y,2,0,1,1,A,-,03,22350,,N,F,J,A,-,H,-,A,D,0,,,Y,,Y,,C,02,1,0,0,0,0,0,0,0,1,"- ","- ",37.797290802001953,-121.23813629150391,"SAN JOAQUIN",MANTECA,-121.23813629150391,37.796527862548828
9484355,2022,2022-08-31,3903,2022-04-20,0746,3540,,3,5,4,3903,0,0,0,,0,,"W LATHROP","REDWOOD AV",718.00,W,N,A,-,N,,,,,,,,,,Y,2,0,2,3,A,-,03,22350,,N,G,B,B,A,H,-,A,A,0,Y,,,,Y,,-,,2,0,0,0,2,0,0,0,0,"- ","- ",37.826438903808594,-121.22676086425781,"SAN JOAQUIN",MANTECA,-121.22671508789062,37.826438903808594
9484361,2022,2022-08-31,3903,2022-04-05,1526,3950,,2,5,4,3903,0,0,0,,0,,"E ATHERTON DR","SOUTH MAIN ST",1308.00,E,N,A,-,N,,,,,,,,,,Y,2,0,1,1,A,-,03,22350,,N,E,I,A,A,H,-,A,D,0,,,,,Y,,A,01,1,0,0,0,0,0,0,0,0,"- ","- ",37.779251098632812,-121.21578979492188,"SAN JOAQUIN",MANTECA,-121.21123504638672,37.779273986816406
9484368,2022,2022-08-26,3903,2022-03-23,1143,3768,,3,5,4,3903,0,0,0,,0,,"WEST ALAMEDA ST","ACACIA AV",162.00,E,N,A,-,N,,,,,,,,,,Y,2,0,1,2,A,-,03,22350,,N,C,E,A,A,H,-,A,D,0,,,,,Y,,A,07,1,0,0,0,0,0,0,0,0,"- ","- ",37.804710388183594,-121.22083282470703,"SAN JOAQUIN",MANTECA,-121.22085571289062,37.804668426513672
9484370,2022,2022-08-26,3903,2022-03-17,1859,3769,,4,5,4,3903,0,0,0,,0,,"E WOODWARD AV","S WELLINGTON AV",0.00,,Y,F,-,N,,,,,,,,,,Y,2,0,1,2,A,-,09,21801,A,N,D,C,A,A,H,-,B,D,0,,,Y,,Y,,A,01,1,0,0,0,0,0,0,0,1,"- ","- ",37.775741577148438,-121.20420074462891,"SAN JOAQUIN",MANTECA,-121.20420074462891,37.775737762451172
9486134,2022,2022-10-17,3903,2022-07-30,1321,5546,,6,5,4,3903,0,0,0,,0,,"BELLA LAGO WY","W WOODWARD AV",0.00,,Y,A,-,N,,,,,,,,,,Y,2,0,1,2,-,-,"- ",,,N,D,C,A,A,H,-,A,D,0,,,Y,,Y,,-,"- ",1,0,0,0,0,0,0,0,1,"- ","- ",37.775341033935547,-121.28350067138672,"SAN JOAQUIN",MANTECA,-121.28353118896484,37.775348663330078
9486855,2022,2022-09-15,3901,2022-07-20,0709,L36,,3,5,2,3901,0,0,0,,0,,"MCHENRY AV","WEISS WY",212.00,N,N,A,-,N,,,,,,,,,,N,2,0,1,1,A,-,16,24002,A,N,E,I,A,A,H,-,A,D,0,,,Y,,Y,,C,02,1,0,0,0,0,0,0,0,1,"- ","- ",37.795680999755859,-120.99658966064453,"SAN JOAQUIN",ESCALON,-120.99668121337891,37.796287536621094
9486859,2022,2022-09-15,3901,2022-07-20,0754,L12,,3,5,2,3901,0,0,0,,0,,"FARINELLI PKWY NORTH","CHELESTINA LN",200.00,E,N,A,-,N,,,,,,,,,,N,2,0,1,2,A,-,21,22106,,N,G,B,F,A,H,-,A,D,0,Y,,,,Y,,A,07,1,0,0,0,1,0,0,0,0,"- ","- ",,,"SAN JOAQUIN",ESCALON,-121.01232147216797,37.796024322509766
9487660,2022,2022-10-04,3906,2022-09-23,2334,1719,,5,5,5,3906,0,0,0,,0,002,"CENTRAL AV","TRACY BL",15.00,E,N,A,-,N,,,,,,,,,,N,2,0,1,2,A,-,17,21209,A,F,G,B,E,A,H,-,C,A,0,Y,,,,Y,,A,01,1,0,0,0,1,0,0,0,0,"- ","- ",,,"SAN JOAQUIN",TRACY,-121.43473052978516,37.714618682861328
9487945,2022,2022-10-20,3906,2022-09-24,1532,1094,,6,5,5,3906,0,0,0,,0,004,"CORRAL HOLLOW RD","GRANT LINE",0.00,,Y,A,-,N,,,,,,,,,,Y,2,0,1,4,A,-,12,21453,A,N,A,C,A,A,H,-,A,A,0,,,,Y,Y,,F,21,1,0,0,0,0,0,0,0,0,"- ","- ",,,"SAN JOAQUIN",TRACY,-121.45332336425781,37.754047393798828
9498876,2022,2022-11-07,3903,2022-09-30,0406,1741,,5,5,4,3903,0,0,0,,0,,"NORTH UNION RD","CLEARWATER CREEK BL",0.00,,-,A,-,N,,,,,,,,,,N,2,0,2,1,C,-,18,,,N,H,A,A,A,H,-,C,A,0,,,,,Y,,-,"- ",2,0,0,0,0,0,0,0,0,"- ","- ",,,"SAN JOAQUIN",MANTECA,-121.23603820800781,37.831699371337891
9509153,2022,2022-12-14,3906,2022-11-14,1555,1094,,1,5,5,3906,0,0,0,,0,004,"TRACY BL","EATON AV",4.00,S,N,A,-,N,,,,,,,,,,Y,2,0,1,2,A,-,10,21950,A,N,G,G,A,A,H,-,A,A,0,,Y,,,Y,,A,01,1,0,0,0,0,0,1,0,0,"- ","- ",,,"SAN JOAQUIN",TRACY,-121.43498992919922,37.743297576904297
9509752,2022,2023-01-18,3902,2022-07-30,1730,102,SUNSE,6,5,5,3902,0,0,0,,0,001,"TURNER RD","LOWER SACRAMENTO RD",0.00,,Y,A,-,N,,,,,,,,,,Y,2,0,1,3,A,-,12,21453,A,F,D,G,A,A,H,-,A,A,0,,Y,,,Y,,D,22,1,0,0,0,0,0,1,0,0,"- ","- ",38.145591735839844,-121.30258178710938,"SAN JOAQUIN",LODI,-121.30666351318359,38.145618438720703
9511331,2022,2022-12-12,3902,2022-08-15,0736,93,SUNSE,1,5,5,3902,0,0,0,,0,001,"LODI AV","CRESCENT AV",0.00,,Y,A,-,N,,,,,,,,,,Y,2,0,1,2,A,-,09,21801,A,N,D,C,A,A,H,-,A,A,0,,,,,Y,,A,01,1,0,0,0,0,0,0,0,0,"- ","- ",38.129989624023438,-121.28301239013672,"SAN JOAQUIN",LODI,-121.28305816650391,38.130020141601562
9513457,2022,2022-11-29,3901,2022-09-29,2050,L42,,4,5,2,3901,0,0,0,,0,,"RT 120","BRENNAN RD",0.00,,Y,A,-,Y,SJ,10,120,-,-,15.860,I,5,W,Y,2,0,2,2,A,-,01,23153,A,N,D,C,A,A,H,-,C,A,0,,,,,Y,Y,A,01,1,1,0,0,0,0,0,0,0,"- ","- ",37.798549652099609,-121.01496887207031,"SAN JOAQUIN",ESCALON,-121.01502990722656,37.798538208007812
9515153,2022,2022-11-30,3901,2022-10-07,1305,L28,,5,5,2,3901,0,0,0,,0,,"YOSEMITE AV","MITCHELL AV",0.00,,Y,A,-,N,,,,,,,,,,Y,2,0,1,2,A,-,12,22450,,N,D,C,A,A,H,-,A,D,0,,,,,Y,,D,72,1,0,0,0,0,0,0,0,0,"- ","- ",37.798538208007812,-120.98982238769531,"SAN JOAQUIN",ESCALON,-120.98761749267578,37.798263549804688
9520369,2022,2023-02-07,3904,2022-11-26,2038,P107,1,6,5,3,3904,0,0,0,,0,00A,"E RIVER RD","N RIPON RD",0.00,,Y,A,-,N,,,,,,,,,,Y,1,1,0,1,A,-,01,23152,A,N,E,I,A,A,H,-,C,A,0,,,Y,,Y,Y,C,02,0,0,0,0,0,0,0,1,0,"- ","- ",37.761341094970703,-121.1380615234375,"SAN JOAQUIN",RIPON,-121.12465667724609,37.761085510253906
9520618,2022,2023-06-20,3905,2022-02-09,1411,2429,CIV,3,5,6,3905,0,0,0,,0,,"PERSHING AV","MICHIGAN AV",0.00,,Y,A,-,N,,,,,,,,,,N,1,1,0,1,A,-,00,23103,A,N,E,I,A,A,H,-,A,A,0,,,,,Y,,A,01,0,0,0,0,0,0,0,0,0,"- ","- ",37.972549438476562,-121.31609344482422,"SAN JOAQUIN",STOCKTON,-121.31635284423828,37.972358703613281
9520621,2022,2023-06-20,3905,2022-12-09,1857,2133,SEA,5,5,6,3905,0,0,0,,0,,"LINCOLN ST","SCOTTS AV",129.00,S,N,A,-,N,,,,,,,,,,N,1,1,0,1,A,-,03,22350,,N,E,I,A,A,H,-,C,A,0,,,,,Y,,A,01,0,0,0,0,0,0,0,0,0,"- ","- ",37.944511413574219,-121.29579162597656,"SAN JOAQUIN",STOCKTON,-121.29563140869141,37.944122314453125
9520769,2022,2023-07-27,3902,2022-07-30,2350,93,HERIT,6,5,5,3902,0,0,0,,0,004,"HARNEY LN","STOCKTON ST",0.00,,Y,A,-,N,,,,,,,,,,Y,1,1,0,2,A,-,01,23152,A,N,D,C,A,A,H,-,C,A,0,,,Y,,Y,Y,C,02,0,0,0,0,0,0,0,1,0,"- ","- ",38.101291656494141,-121.26950836181641,"SAN JOAQUIN",LODI,-121.26955413818359,38.101291656494141
9521093,2022,2022-10-31,3903,2022-09-27,0932,2151,,2,5,4,3903,0,0,0,,0,,"WEST LOUISE AV","VILLA TICINO DR",0.00,,Y,A,-,N,,,,,,,,,,Y,2,0,1,2,A,-,12,21457,A,N,A,C,A,A,H,-,A,A,0,,,Y,,Y,,C,02,1,0,0,0,0,0,0,0,1,"- ","- ",,,"SAN JOAQUIN",MANTECA,-121.25934600830078,37.811916351318359
9521382,2022,2023-01-23,3903,2022-09-04,1932,4002,,7,5,4,3903,0,0,0,,0,,"N GRANT AV","EAST YOSEMITE AV",287.00,N,N,A,-,N,,,,,,,,,,Y,2,0,1,3,-,-,"- ",,A,N,A,C,A,A,H,-,C,D,0,,,Y,,Y,Y,C,02,1,0,0,0,0,0,0,0,1,"- ","- ",37.797981262207031,-121.21530914306641,"SAN JOAQUIN",MANTECA,-121.21524047851562,37.798206329345703
9529118,2022,2022-11-17,3901,2022-09-09,0304,L15,,5,5,2,3901,0,0,0,,0,,"MCHENRY AV","CATHERINE WY",0.00,S,N,A,-,N,,,,,,,,,,Y,2,0,1,1,A,-,08,22107,,N,E,I,A,A,H,-,C,D,0,,,,,Y,,A,01,1,0,0,0,0,0,0,0,0,"- ","- ",37.785720825195312,-120.99635314941406,"SAN JOAQUIN",ESCALON,-120.99636077880859,37.785697937011719
9529883,2022,2022-12-12,3902,2022-08-13,2022,31,SUNSE,6,5,5,3902,0,0,0,,0,003,"WEST KETTLEMAN LN","TIENDA DR",46.00,W,N,A,-,Y,SJ,10,12,-,-,15.350,H,-,E,N,2,0,2,2,A,-,03,22350,,N,C,C,A,A,H,-,C,A,0,,,,,Y,,A,07,1,0,1,0,0,0,0,0,0,"- ","- ",,,"SAN JOAQUIN",LODI,-121.30300140380859,38.115428924560547