CASE_ID,ACCIDENT_YEAR,PROC_DATE,JURIS,COLLISION_DATE,COLLISION_TIME,OFFICER_ID,REPORTING_DISTRICT,DAY_OF_WEEK,CHP_SHIFT,POPULATION,CNTY_CITY_LOC,SPECIAL_COND,BEAT_TYPE,CHP_BEAT_TYPE,CITY_DIVISION_LAPD,CHP_BEAT_CLASS,BEAT_NUMBER,PRIMARY_RD,SECONDARY_RD,DISTANCE,DIRECTION,INTERSECTION,WEATHER_1,WEATHER_2,STATE_HWY_IND,CALTRANS_COUNTY,CALTRANS_DISTRICT,STATE_ROUTE,ROUTE_SUFFIX,POSTMILE_PREFIX,POSTMILE,LOCATION_TYPE,RAMP_INTERSECTION,SIDE_OF_HWY,TOW_AWAY,COLLISION_SEVERITY,NUMBER_KILLED,NUMBER_INJURED,PARTY_COUNT,PRIMARY_COLL_FACTOR,PCF_CODE_OF_VIOL,PCF_VIOL_CATEGORY,PCF_VIOLATION,PCF_VIOL_SUBSECTION,HIT_AND_RUN,TYPE_OF_COLLISION,MVIW,PED_ACTION,ROAD_SURFACE,ROAD_COND_1,ROAD_COND_2,LIGHTING,CONTROL_DEVICE,CHP_ROAD_TYPE,PEDESTRIAN_ACCIDENT,BICYCLE_ACCIDENT,MOTORCYCLE_ACCIDENT,TRUCK_ACCIDENT,NOT_PRIVATE_PROPERTY,ALCOHOL_INVOLVED,STWD_VEHTYPE_AT_FAULT,CHP_VEHTYPE_AT_FAULT,COUNT_SEVERE_INJ,COUNT_VISIBLE_INJ,COUNT_COMPLAINT_PAIN,COUNT_PED_KILLED,COUNT_PED_INJURED,COUNT_BICYCLIST_KILLED,COUNT_BICYCLIST_INJURED,COUNT_MC_KILLED,COUNT_MC_INJURED,PRIMARY_RAMP,SECONDARY_RAMP,LATITUDE,LONGITUDE,COUNTY,CITY,POINT_X,POINT_Y
9529895,2022,2022-12-12,3902,2022-09-16,0902,41,HERIT,5,5,5,3902,0,0,0,,0,002,"VICTOR RD","GUILD AV",0.00,,Y,A,-,Y,SJ,10,12,-,-,18.610,I,5,E,Y,2,0,2,2,A,-,09,21801,A,N,A,C,A,A,H,-,A,D,0,,,,,Y,,A,01,1,0,1,0,0,0,0,0,0,"- ","- ",38.137310028076172,-121.24786376953125,"SAN JOAQUIN",LODI,-121.24794769287109,38.137683868408203
9535521,2022,2023-06-29,3902,2022-12-22,2026,35,HERIT,4,5,5,3902,0,0,0,,0,004,"HARNEY LN","REYNOLDS RANCH PKWY",23.00,E,N,C,-,N,,,,,,,,,,Y,2,0,1,2,A,-,01,23152,A,N,A,C,A,B,H,-,C,D,0,,,,,Y,Y,D,22,1,0,0,0,0,0,0,0,0,"- ","- ",38.10137939453125,-121.26648712158203,"SAN JOAQUIN",LODI,-121.26641845703125,38.101333618164062
9535541,2022,2023-02-14,3902,2022-11-26,1023,41,HERIT,6,5,5,3902,0,0,0,,0,004,"ALMOND DR","COVENTRY WY",0.00,,Y,A,-,N,,,,,,,,,,N,2,0,2,3,A,-,09,21801,A,N,D,C,A,A,H,-,A,D,0,,,,,Y,,I,09,1,0,1,0,0,0,0,0,0,"- ","- ",38.111019134521484,-121.26529693603516,"SAN JOAQUIN",LODI,-121.26509094238281,38.111248016357422
9535598,2022,2023-02-14,3902,2022-12-24,1303,109,CENTR,6,5,5,3902,0,0,0,,0,004,"WASHINGTON ST","ACACIA ST",44.00,S,N,A,-,N,,,,,,,,,,N,2,0,1,2,A,-,05,21650,,N,A,C,A,A,H,-,A,D,0,,,,,Y,,M,94,1,0,0,0,0,0,0,0,0,"- ","- ",38.117630004882812,-121.26731872558594,"SAN JOAQUIN",LODI,-121.26735687255859,38.117477416992188
9535824,2022,2023-03-01,3906,2022-12-06,1328,1266,MSC,2,5,5,3906,0,0,0,,0,003,"N CORRAL HOLLOW RD","BYRON RD",0.00,,Y,A,-,N,,,,,,,,,,N,2,0,5,4,A,-,08,22107,,N,D,C,A,A,H,-,A,A,0,,,,,Y,,A,01,1,0,4,0,0,0,0,0,0,"- ","- ",,,"SAN JOAQUIN",TRACY,-121.45323181152344,37.741771697998047
9535865,2022,2023-02-14,3902,2022-10-04,1929,112,SUNSE,2,5,5,3902,0,0,0,,0,004,"CHEROKEE LN","ALMOND DR",310.00,S,N,A,-,N,,,,,,,,,,,2,0,1,2,A,-,05,21650,1,F,A,G,A,A,H,-,D,D,0,,Y,,,Y,,L,04,1,0,0,0,0,0,1,0,0,"- ","- ",38.1114501953125,-121.26032257080078,"SAN JOAQUIN",LODI,-121.26039886474609,38.110599517822266
9536568,2022,2023-02-01,3906,2022-12-03,1259,1803,,6,5,5,3906,0,0,0,,0,004,"TRACY BL","VALLERAND RD",0.00,,Y,B,C,N,,,,,,,,,,Y,2,0,2,2,A,-,12,21453,A,N,D,C,A,B,H,-,A,A,0,,,,,Y,,-,,1,0,1,0,0,0,0,0,0,"- ","- ",,,"SAN JOAQUIN",TRACY,-121.43505096435547,37.750282287597656
9542494,2022,2023-02-02,3906,2022-12-18,0049,1687,,7,5,5,3906,0,0,0,,0,001,"MOUNT OSO AV","SOUTH CENTRAL AV",0.00,,Y,A,-,N,,,,,,,,,,Y,2,0,1,1,A,-,01,23152,A,N,E,I,A,A,H,-,C,D,0,,,,,Y,Y,A,01,1,0,0,0,0,0,0,0,0,"- ","- ",,,"SAN JOAQUIN",TRACY,-121.42616271972656,37.72662353515625
9550110,2023,2023-03-15,3902,2023-01-09,"444 ",31,SUNSE,1,5,5,3902,0,0,0,,0,001,"LODI AV","ROSE GATE DR",13.00,W,N,C,-,N,,,,,,,,,,Y,2,0,1,1,A,-,01,23152,A,N,E,I,A,B,H,-,C,A,0,,,,Y,Y,Y,F,86,1,0,0,0,0,0,0,0,0,"- ","- ",38.130168914794922,-121.31214904785156,"SAN JOAQUIN",LODI,-121.312255859375,38.130157470703125
9550501,2022,2023-03-14,3902,2022-11-26,1459,109,HERIT,6,5,5,3902,0,0,0,,0,004,"ROCKY LN","REYNOLDS RANCH PKWY",0.00,,Y,A,-,N,,,,,,,,,,Y,2,0,1,2,A,-,01,23152,A,N,C,C,A,A,H,-,A,A,0,,,,,Y,Y,A,01,1,0,0,0,0,0,0,0,0,"- ","- ",38.099411010742188,-121.26644897460938,"SAN JOAQUIN",LODI,-121.26650238037109,38.099437713623047
9559239,2023,2023-03-20,3906,2023-03-04,1445,1780,,6,5,5,3906,0,0,0,,0,003,"PARKSIDE DR","GLACIER ST",126.00,E,N,A,-,N,,,,,,,,,,Y,2,0,1,2,A,-,08,22107,,N,C,E,A,A,H,-,A,D,0,,,Y,,Y,,C,02,1,0,0,0,0,0,0,0,1,"- ","- ",,,"SAN JOAQUIN",TRACY,-121.44813537597656,37.721721649169922
9567926,2023,2023-06-07,3903,2023-02-09,2325,5820,,4,5,4,3903,0,0,0,,0,,"SOUTH MAIN ST","E WOODWARD AV E",0.00,,Y,A,-,N,,,,,,,,,,Y,2,0,1,2,A,-,03,22350,,N,D,C,A,A,H,-,D,D,0,,,,,Y,,A,01,1,0,0,0,0,0,0,0,0,"- ","- ",37.775699615478516,-121.21573638916016,"SAN JOAQUIN",MANTECA,-121.21572875976562,37.775699615478516
9567927,2023,2023-06-08,3903,2023-02-12,2219,5829,,7,5,4,3903,0,0,0,,0,,"DANIELS ST","S AIRPORT WY S",0.00,,Y,A,-,N,,,,,,,,,,,2,0,1,2,A,-,03,22350,,F,G,B,B,A,H,-,C,A,0,Y,,,,Y,Y,A,01,1,0,0,0,1,0,0,0,0,"- ","- ",37.786411285400391,-121.25009918212891,"SAN JOAQUIN",MANTECA,-121.25221252441406,37.786518096923828
9567930,2023,2023-06-06,3903,2023-02-18,"520 ",5624,,6,5,4,3903,0,0,0,,0,,"NORTH MAIN ST","MOFFAT BL",0.00,,Y,-,-,N,,,,,,,,,,N,2,0,2,2,A,-,11,21453,D,N,G,B,B,A,H,-,C,A,0,Y,,Y,,Y,,N,60,1,1,0,0,1,0,0,0,1,"- ","- ",,,"SAN JOAQUIN",MANTECA,-121.21627807617188,37.795581817626953
9579196,2023,2023-05-25,3906,2023-05-06,"238 ",1574,,6,5,5,3906,0,0,0,,0,003,"SYCAMORE PKWY","DOVE DR",194.00,N,N,A,-,N,,,,,,,,,,Y,2,0,1,1,A,-,03,22350,,N,E,J,A,B,H,-,C,D,0,,,,,Y,,A,01,1,0,0,0,0,0,0,0,0,"- ","- ",,,"SAN JOAQUIN",TRACY,-121.43968200683594,37.715755462646484
9581140,2023,2023-06-23,3902,2023-04-23,1815,113,HERIT,7,5,5,3902,0,0,0,,0,002,"CALAVERAS ST","MURRAY ST",30.00,S,N,A,-,N,,,,,,,,,,Y,2,0,1,2,A,-,03,22350,,N,F,A,A,A,H,-,A,D,0,,,Y,,Y,,C,02,1,0,0,0,0,0,0,0,1,"- ","- ",38.140529632568359,-121.26495361328125,"SAN JOAQUIN",LODI,-121.26499938964844,38.140518188476562
9582458,2023,2023-06-09,3903,2023-03-07,1217,2295,,2,5,4,3903,0,0,0,,0,,"FISHBACK RD","WAWONA ST",0.00,,Y,A,-,N,,,,,,,,,,N,2,0,1,2,A,-,09,21802,A,N,D,D,A,A,H,-,A,D,0,,,,,Y,,D,22,1,0,0,0,0,0,0,0,0,"- ","- ",37.7901611328125,-121.24790954589844,"SAN JOAQUIN",MANTECA,-121.24790191650391,37.79010009765625
9582532,2023,2023-06-02,3903,2023-03-13,2040,5535,,1,5,4,3903,0,0,0,,0,,"MOFFAT BL","WOODWARD AV",0.00,,Y,B,-,N,,,,,,,,,,N,2,0,1,2,D,-,00,,,F,D,C,A,A,H,-,D,D,0,,,,,Y,,-,"- ",1,0,0,0,0,0,0,0,0,"- ","- ",37.77593994140625,-121.18357086181641,"SAN JOAQUIN",MANTECA,-121.18328857421875,37.77587890625
9582533,2023,2023-06-02,3903,2023-03-05,1801,5829,,7,5,4,3903,0,0,0,,0,,"LATHROP RD","MADISON GROVE DR",0.00,,Y,A,-,N,,,,,,,,,,N,2,0,1,2,A,-,00,21805,A,N,D,C,A,A,H,-,B,D,0,,,,,Y,Y,A,01,1,0,0,0,0,0,0,0,0,"- ","- ",37.826469421386719,-121.24136352539062,"SAN JOAQUIN",MANTECA,-121.24147033691406,37.826450347900391
9583024,2023,2023-06-09,3902,2023-04-20,1702,54,CENTR,4,5,5,3902,0,0,0,,0,005,"TOKAY ST","PLEASANT AV",0.00,,Y,A,-,N,,,,,,,,,,N,2,0,1,2,A,-,12,22450,,N,D,G,A,A,H,-,A,A,0,,Y,,,Y,,L,04,1,0,0,0,0,0,1,0,0,"- ","- ",38.12628173828125,-121.27694702148438,"SAN JOAQUIN",LODI,-121.27696228027344,38.126350402832031
9583761,2023,2023-08-11,3902,2023-04-30,2200,54,HERIT,7,5,5,3902,0,0,0,,0,004,"KETTLEMAN LN","CENTRAL AV",0.00,,Y,A,-,Y,SJ,10,12,-,-,17.700,I,5,E,N,2,0,1,2,A,-,11,21456,A,F,G,B,B,A,H,-,C,A,0,Y,,,,Y,,N,60,1,0,0,0,1,0,0,0,0,"- ","- ",38.11614990234375,-121.26500701904297,"SAN JOAQUIN",LODI,-121.2650146484375,38.116058349609375
9583777,2023,2023-08-11,3903,2023-05-28,1752,5859,,7,5,4,3903,0,0,0,,0,,"DANIELS ST","MILO CANDINI DR",178.00,W,N,A,-,N,,,,,,,,,,Y,2,0,1,1,A,-,03,22350,,N,E,I,A,A,H,-,A,D,0,,,,,Y,,A,01,1,0,0,0,0,0,0,0,0,"- ","- ",37.786411285400391,-121.25701904296875,"SAN JOAQUIN",MANTECA,-121.25752258300781,37.786338806152344
9598554,2023,2023-07-27,3906,2023-06-30,"447 ",1574,,5,5,5,3906,0,0,0,,0,003,"LAURIANA LN","W SCHULTE RD",54.00,W,N,A,-,N,,,,,,,,,,Y,2,0,1,2,A,-,03,22350,,N,C,C,A,A,H,-,C,A,0,,,,,Y,,A,01,1,0,0,0,0,0,0,0,0,"- ","- ",,,"SAN JOAQUIN",TRACY,-121.44712829589844,37.728660583496094
9598555,2023,2023-07-24,3906,2023-06-30,1806,1710,,5,5,5,3906,0,0,0,,0,001,"4TH ST","WINDELER AV",0.00,,Y,A,-,N,,,,,,,,,,N,2,0,1,2,A,-,11,21954,A,N,G,B,D,A,H,-,A,D,0,Y,,,,Y,,N,60,1,0,0,0,1,0,0,0,0,"- ","- ",,,"SAN JOAQUIN",TRACY,,
9605788,2023,2023-08-07,3902,2023-06-19,"746 ",71,HERIT,1,5,5,3902,0,0,0,,0,002,"TURNER RD","PLEASANT AV",84.00,E,N,A,-,N,,,,,,,,,,Y,2,0,1,2,A,-,03,22350,,N,C,E,A,A,H,-,A,D,0,,,Y,,Y,,C,02,1,0,0,0,0,0,0,0,1,"- ","- ",,,"SAN JOAQUIN",LODI,-121.27608489990234,38.14569091796875
9611590,2023,2023-08-24,3903,2023-06-28,"851 ",3768,,3,5,4,3903,0,0,0,,0,,"MARGUERITE AV","LOUISE AV",0.00,,Y,A,-,N,,,,,,,,,,Y,2,0,2,2,A,-,09,21802,A,N,D,D,A,A,H,-,A,A,0,,,,,Y,,D,22,1,0,1,0,0,0,0,0,0,"- ","- ",37.811679840087891,-121.24266052246094,"SAN JOAQUIN",MANTECA,-121.24270629882812,37.811943054199219
9624002,2023,2025-06-25,3902,2023-05-08,"102 ",100,SUNSE,1,5,5,3902,0,0,0,,0,001,"ELM ST","EVERGREEN DR",77.00,W,N,A,-,N,,,,,,,,,,Y,1,2,0,1,A,-,03,22350,,N,E,I,A,A,H,-,C,A,0,,,,,Y,,A,01,0,0,0,0,0,0,0,0,0,"- ","- ",38.136989593505859,-121.31159973144531,"SAN JOAQUIN",LODI,-121.31163787841797,38.136940002441406
9624073,2022,2023-10-17,3905,2022-09-04,1006,2718,LAK,7,5,6,3905,0,0,0,,0,,"PERSHING AV","VENETIAN DR",0.00,,Y,A,-,N,,,,,,,,,,Y,2,0,5,2,C,-,18,,,N,D,C,A,A,H,-,A,A,0,,,,,Y,,-,"- ",2,3,0,0,0,0,0,0,0,"- ","- ",37.9964599609375,-121.32418060302734,"SAN JOAQUIN",STOCKTON,-121.32466125488281,37.996261596679688
9624787,2023,2023-09-19,3903,2023-07-27,1019,3768,,4,5,4,3903,0,0,0,,0,,"DEL WEBB BL","UNION RD",0.00,,Y,A,-,N,,,,,,,,,,N,2,0,1,2,A,-,05,21202,A,N,D,G,A,A,H,-,A,A,0,,Y,,,Y,,L,04,1,0,0,0,0,0,1,0,0,"- ","- ",37.831729888916016,-121.23606872558594,"SAN JOAQUIN",MANTECA,-121.23619842529297,37.831699371337891
9640124,2023,2025-06-25,3902,2023-10-29,"103 ",11,SUNSE,7,5,5,3902,0,0,0,,0,001,"TURNER RD","MILLS AV",187.00,W,N,A,-,N,,,,,,,,,,Y,1,1,0,1,A,-,03,22350,,N,E,I,A,A,G,-,C,D,0,,,Y,,Y,Y,C,02,0,0,0,0,0,0,0,1,0,"- ","- ",38.145221710205078,-121.29765319824219,"SAN JOAQUIN",LODI,-121.29819488525391,38.145408630371094
9640656,2023,2024-07-16,3905,2023-11-05,1148,7192,SEA,7,5,6,3905,0,0,0,,0,,"CHURCH ST","STOCKTON ST",487.00,E,N,B,-,N,,,,,,,,,,Y,1,1,0,2,A,-,03,22350,,F,G,B,E,A,H,-,A,A,0,Y,,,,Y,,A,01,0,0,0,1,0,0,0,0,0,"- ","- ",37.945079803466797,-121.30307006835938,"SAN JOAQUIN",STOCKTON,-121.30010223388672,37.945838928222656
9640763,2024,2024-08-27,3905,2024-01-07,"332 ",2660,LAK,7,5,6,3905,0,0,0,,0,,"PERSHING AV","BROOKSIDE RD",0.00,,Y,A,-,N,,,,,,,,,,Y,1,1,3,1,A,-,01,23153,B,N,E,I,A,A,H,-,C,A,0,,,,,Y,Y,A,01,1,2,0,0,0,0,0,0,0,"- ","- ",37.982189178466797,-121.31861877441406,"SAN JOAQUIN",STOCKTON,-121.31897735595703,37.981990814208984
9640817,2023,2024-07-30,3905,2023-12-29,1938,2785,SEA,5,5,6,3905,0,0,0,,0,,"MANTHEY RD","WILLIAM MOSS BL",2780.00,S,N,C,-,N,,,,,,,,,,Y,1,1,0,1,A,-,03,22350,,N,E,I,A,B,H,-,E,D,0,,,,,Y,Y,A,01,0,0,0,0,0,0,0,0,0,"- ","- ",37.9068603515625,-121.29161834716797,"SAN JOAQUIN",STOCKTON,-121.28578186035156,37.900505065917969
9646819,2023,2024-01-16,3902,2023-11-04,2043,125,SUNSE,6,5,5,3902,0,0,0,,0,003,"CENTURY BL","HAM LN",3.00,E,N,A,-,N,,,,,,,,,,N,2,0,1,2,A,-,10,21950,A,N,G,B,B,A,H,-,C,A,0,Y,,,,Y,,A,01,1,0,0,0,1,0,0,0,0,"- ","- ",38.108169555664062,-121.28827667236328,"SAN JOAQUIN",LODI,-121.28810882568359,38.108268737792969
9646823,2023,2024-01-16,3902,2023-11-18,"714 ",104,SUNSE,6,5,5,3902,0,0,0,,0,003,"HARNEY LN","HUTCHINS ST",0.00,,Y,B,C,N,,,,,,,,,,Y,2,0,2,2,A,-,12,21453,A,N,D,C,A,B,H,-,A,A,0,,,,,Y,,A,07,2,0,0,0,0,0,0,0,0,"- ","- ",38.101058959960938,-121.27876281738281,"SAN JOAQUIN",LODI,-121.27886199951172,38.100959777832031
9648145,2023,2023-12-30,3902,2023-09-01,1601,59,SUNSE,5,5,5,3902,0,0,0,,0,001,"ELM ST","RUTLEDGE DR",147.00,W,N,A,-,N,,,,,,,,,,,2,0,1,2,A,-,03,22350,,N,E,I,A,A,H,-,A,D,0,,Y,,Y,Y,,L,04,1,0,0,0,0,0,1,0,0,"- ","- ",38.136600494384766,-121.30416107177734,"SAN JOAQUIN",LODI,-121.30466461181641,38.136737823486328
9650688,2023,2024-01-23,3903,2023-11-01,2216,6031,,3,5,4,3903,0,0,0,,0,,"INTERMODAL WY",TACTICAL,0.00,,Y,A,-,N,,,,,,,,,,Y,2,0,2,2,A,-,03,22350,,N,-,C,A,A,H,-,C,B,0,,,Y,,Y,,C,02,2,0,0,0,0,0,0,0,2,"- ","- ",37.836921691894531,-121.25885772705078,"SAN JOAQUIN",MANTECA,-121.25930786132812,37.844188690185547
9668736,2024,2024-04-10,3903,2024-02-03,1353,5542,,6,5,4,3903,0,0,0,,0,,"MAIN ST","BIRCHWOOD ST",70.00,S,N,A,-,N,,,,,,,,,,,2,0,1,2,A,-,08,22107,,F,C,G,A,A,H,-,A,D,0,,Y,,,Y,Y,L,04,1,0,0,0,0,0,1,0,0,"- ","- ",,,"SAN JOAQUIN",MANTECA,-121.21743774414062,37.823009490966797
9676360,2023,2024-03-11,3902,2023-12-12,1551,111,SUNSE,2,5,5,3902,0,0,0,,0,003,"MILLS AV","CENTURY BL",9.00,S,N,A,-,N,,,,,,,,,,N,2,0,1,2,A,-,10,21950,A,F,G,B,B,A,H,-,A,A,0,Y,,,,Y,,A,01,1,0,0,0,1,0,0,0,0,"- ","- ",38.108261108398438,-121.29741668701172,"SAN JOAQUIN",LODI,-121.29719543457031,38.108253479003906
9682757,2023,2024-06-04,3903,2023-11-19,1714,3768,,7,5,4,3903,0,0,0,,0,,"UNION RD","YOSEMITE AV",147.00,N,N,A,-,N,,,,,,,,,,N,2,0,6,6,A,-,01,23153,A,N,E,I,A,A,H,-,B,A,0,,,,,Y,Y,A,01,2,2,2,0,0,0,0,0,0,"- ","- ",,,"SAN JOAQUIN",MANTECA,-121.23490905761719,37.797409057617188
9711122,2024,2024-08-19,3901,2024-07-20,1542,L49,,6,5,2,3901,0,0,0,,0,,"MAIN ST","VINE AV",0.00,,Y,A,-,N,,,,,,,,,,Y,2,0,1,2,A,-,00,23103,,N,D,C,A,A,H,-,A,D,0,,,Y,,Y,,C,02,1,0,0,0,0,0,0,0,1,"- ","- ",,,"SAN JOAQUIN",ESCALON,-120.98646545410156,37.789352416992188
9729256,2024,2024-09-06,3903,2024-07-02,1911,3769,,2,5,4,3903,0,0,0,,0,,"SPRECKELS AV","PHOENIX DR",0.00,,Y,A,-,N,,,,,,,,,,Y,2,0,1,2,A,-,09,21804,A,F,E,I,A,A,H,-,B,A,0,,,Y,,Y,,-,,1,0,0,0,0,0,0,0,1,"- ","- ",37.793430328369141,-121.19754791259766,"SAN JOAQUIN",MANTECA,-121.19754791259766,37.79345703125
9729899,2024,2024-09-20,3901,2024-08-01,1437,L13,,4,5,2,3901,0,0,0,,0,,"MCHENRY AV","ULLREY AV",0.00,,Y,A,-,N,,,,,,,,,,Y,2,0,2,3,A,-,08,22107,,N,D,C,A,A,H,-,A,A,0,,,,Y,Y,,G,85,1,1,0,0,0,0,0,0,0,"- ","- ",37.787479400634766,-120.99640655517578,"SAN JOAQUIN",ESCALON,-120.99642944335938,37.787437438964844
9730724,2024,2024-11-15,3903,2024-07-20,1236,6100,,6,5,4,3903,0,0,0,,0,,"CROM ST","ZURICH DR",340.00,W,N,A,-,N,,,,,,,,,,N,2,0,1,2,A,-,03,22350,,N,B,C,A,A,H,-,A,D,0,,,Y,,Y,,C,02,1,0,0,0,0,0,0,0,1,"- ","- ",,,"SAN JOAQUIN",MANTECA,-121.24968719482422,37.804664611816406
9730902,2024,2025-02-27,3901,2024-08-08,1552,L46,,4,5,2,3901,0,0,0,,0,,"BRENNAN AV","RT 120",0.00,,Y,A,-,Y,SJ,10,120,-,-,15.860,I,5,W,Y,2,0,1,3,A,-,08,22107,,N,D,C,A,A,H,-,A,D,0,,,,,Y,,A,01,1,0,0,0,0,0,0,0,0,"- ","- ",,,"SAN JOAQUIN",ESCALON,-121.01502990722656,37.798538208007812
9740227,2024,2024-10-17,3904,2024-09-24,2349,P118,1,2,5,3,3904,0,0,0,,0,00A,"JACKTONE RD","COLONY RD",190.00,W,N,A,-,N,,,,,,,,,,Y,2,0,1,1,-,-,"- ",,,N,E,J,A,A,H,-,C,D,0,,,,,Y,,A,01,1,0,0,0,0,0,0,0,0,"- ","- ",37.755638122558594,-121.14170074462891,"SAN JOAQUIN",RIPON,-121.14253997802734,37.754909515380859
9751299,2024,2025-01-14,3905,2024-01-22,"813 ",2785,,1,5,6,3905,0,0,0,,0,,"FRENCH CAMP RD","SMALL RD",1180.00,E,N,C,-,N,,,,,,,,,,N,1,1,0,2,A,-,05,21650,,F,-,G,A,B,H,-,D,D,0,,Y,,,Y,,L,04,0,0,0,0,0,1,0,0,0,"- ","- ",37.869251251220703,-121.24935150146484,"SAN JOAQUIN",STOCKTON,-121.24364471435547,37.868446350097656
9752851,2024,2024-11-14,3904,2024-10-07,1744,P118,3,1,5,3,3904,0,0,0,,0,00B,"CANAL BL","AMETHYST DR",5111.00,E,N,A,-,N,,,,,,,,,,N,2,0,2,1,A,-,08,22107,,N,E,I,A,A,H,-,A,D,0,,,Y,,Y,,C,02,1,1,0,0,0,0,0,0,2,"- ","- ",37.746891021728516,-121.13661956787109,"SAN JOAQUIN",RIPON,-121.13578796386719,37.746631622314453
9753055,2024,2024-11-18,3903,2024-09-16,"626 ",3540,,1,5,4,3903,0,0,0,,0,,"YOSEMITE AV","SHERMAN AV",144.00,W,N,B,-,N,,,,,,,,,,N,2,0,1,2,A,-,11,21954,A,N,G,B,D,A,H,-,B,D,0,Y,,,,Y,,N,60,1,0,0,0,1,0,0,0,0,"- ","- ",37.797489166259766,-121.2127685546875,"SAN JOAQUIN",MANTECA,-121.21324920654297,37.797409057617188
9753060,2024,2024-11-18,3903,2024-09-14,1200,3558,,6,5,4,3903,0,0,0,,0,,"CRESTWOOD AV","CAPSTONE WY",0.00,,Y,A,-,N,,,,,,,,,,N,2,0,1,2,A,-,09,21804,A,N,D,C,A,A,H,-,A,D,0,,,Y,,Y,,A,01,1,0,0,0,0,0,0,0,1,"- ","- ",37.821819305419922,-121.22064208984375,"SAN JOAQUIN",MANTECA,-121.22068023681641,37.821842193603516
9755036,2024,2024-12-11,3903,2024-10-19,1343,3558,,6,5,4,3903,0,0,0,,0,,"YOSEMITE AV","PACIFIC AV",0.00,,Y,A,-,N,,,,,,,,,,Y,2,0,2,2,A,-,09,21802,A,N,D,C,A,A,H,-,A,A,0,,,Y,,Y,,A,01,1,1,0,0,0,0,0,0,1,"- ","- ",,,"SAN JOAQUIN",MANTECA,-121.24050140380859,37.79736328125
9763837,2024,2025-01-22,3903,2024-12-17,1744,4000,,2,5,4,3903,0,0,0,,0,,"AIRPORT WY","PEREGRINE ST",130.00,S,N,B,-,N,,,,,,,,,,Y,2,0,1,3,A,-,17,24250,,N,A,E,A,A,H,-,D,D,0,,,Y,,Y,,C,02,1,0,0,0,0,0,0,0,1,"- ","- ",,,"SAN JOAQUIN",MANTECA,-121.25215911865234,37.777462005615234
9764782,2024,2025-02-13,3901,2024-12-23,"958 ",L45,,1,5,2,3901,0,0,0,,0,,"ROOSEVELT AV","MCHENRY AV",0.00,,Y,A,-,N,,,,,,,,,,N,2,0,1,2,A,-,08,22107,,N,G,B,B,A,H,-,A,D,0,Y,,,,Y,,D,22,1,0,0,0,1,0,0,0,0,"- ","- ",37.793510437011719,-120.99656677246094,"SAN JOAQUIN",ESCALON,-120.99658966064453,37.793483734130859
9764982,2025,2025-02-20,3901,2025-01-27,2136,L44,,1,5,2,3901,0,0,0,,0,,"CAMPBELL AV","YOSEMITE AV",0.00,,Y,A,-,N,,,,,,,,,,Y,2,0,1,1,A,-,03,22349,B,N,E,I,A,A,H,-,C,D,0,,,,,Y,,A,01,1,0,0,0,0,0,0,0,0,"- ","- ",37.794338226318359,-120.99658966064453,"SAN JOAQUIN",ESCALON,-120.97846221923828,37.79876708984375
9774223,2024,2025-01-16,3905,2024-02-19,1545,022407,,1,5,6,3905,0,0,0,,0,,"DOWNS ST","PERSHING AV",158.00,E,N,B,-,N,,,,,,,,,,N,2,0,1,2,A,-,08,22107,,N,B,C,A,A,H,-,A,D,0,,,Y,,Y,,C,02,1,0,0,0,0,0,0,0,1,"- ","- ",33.983428955078125,-121.328857421875,"SAN JOAQUIN",STOCKTON,-121.31895446777344,37.983428955078125
9786122,2024,2025-04-29,3905,2024-07-05,2000,2845,SEA,5,5,6,3905,0,0,0,,0,,"CALIFORNIA ST","SPRUCE ST",0.00,,Y,A,-,N,,,,,,,,,,Y,1,1,0,1,A,-,03,22350,,N,E,I,A,A,H,-,B,D,0,,,,,Y,,A,01,0,0,0,0,0,0,0,0,0,"- ","- ",,,"SAN JOAQUIN",STOCKTON,-121.27823638916016,37.930534362792969
9786244,2024,2025-05-14,3903,2024-08-01,"935 ",3540,,4,5,4,3903,0,0,0,,0,,"MAIN ST","LATHROP RD",80.00,E,N,A,-,Y,SJ,10,99,-,-,9.426,R,4,S,Y,1,1,0,1,-,-,"- ",,,N,E,I,A,A,H,-,A,A,0,,,,,Y,,-,"- ",0,0,0,0,0,0,0,0,0,"- ","- ",37.826419830322266,-121.21877288818359,"SAN JOAQUIN",MANTECA,-121.21756744384766,37.830158233642578
9786363,2024,2025-07-14,3905,2024-08-25,"745 ",2785,LAK,7,5,6,3905,0,0,0,,0,,"EL DORADO ST","MAYFAIR AV",101.00,S,N,A,-,N,,,,,,,,,,Y,1,1,5,1,A,-,03,22350,,N,E,I,A,A,H,-,A,D,0,,,,,Y,,A,07,3,0,2,0,0,0,0,0,0,"- ","- ",38.005199432373047,-121.30819702148438,"SAN JOAQUIN",STOCKTON,-121.30758666992188,38.004783630371094
9786370,2024,2025-07-14,3905,2024-10-24,1828,2747,LAK,4,5,6,3905,0,0,0,,0,,"PACIFIC AV","YOKUTS AV",200.00,S,N,A,-,N,,,,,,,,,,N,1,1,0,4,A,-,00,23103,A,F,G,B,F,A,H,-,B,A,0,Y,,,,Y,,A,07,0,0,0,1,0,0,0,0,0,"- ","- ",37.996200561523438,-121.31546020507812,"SAN JOAQUIN",STOCKTON,-121.31451416015625,37.996116638183594